INSERT INTO Countries (id, alpha2code) VALUES (1, 'AF');
INSERT INTO Countries (id, alpha2code) VALUES (2, 'AL');
INSERT INTO Countries (id, alpha2code) VALUES (3, 'DZ');
INSERT INTO Countries (id, alpha2code) VALUES (4, 'AS');
INSERT INTO Countries (id, alpha2code) VALUES (5, 'AD');
INSERT INTO Countries (id, alpha2code) VALUES (6, 'AO');
INSERT INTO Countries (id, alpha2code) VALUES (7, 'AI');
INSERT INTO Countries (id, alpha2code) VALUES (8, 'AQ');
INSERT INTO Countries (id, alpha2code) VALUES (9, 'AG');
INSERT INTO Countries (id, alpha2code) VALUES (10, 'AR');
INSERT INTO Countries (id, alpha2code) VALUES (11, 'AM');
INSERT INTO Countries (id, alpha2code) VALUES (12, 'AW');
INSERT INTO Countries (id, alpha2code) VALUES (13, 'AU');
INSERT INTO Countries (id, alpha2code) VALUES (14, 'AT');
INSERT INTO Countries (id, alpha2code) VALUES (15, 'AZ');
INSERT INTO Countries (id, alpha2code) VALUES (16, 'BS');
INSERT INTO Countries (id, alpha2code) VALUES (17, 'BH');
INSERT INTO Countries (id, alpha2code) VALUES (18, 'BD');
INSERT INTO Countries (id, alpha2code) VALUES (19, 'BB');
INSERT INTO Countries (id, alpha2code) VALUES (20, 'BY');
INSERT INTO Countries (id, alpha2code) VALUES (21, 'BE');
INSERT INTO Countries (id, alpha2code) VALUES (22, 'BZ');
INSERT INTO Countries (id, alpha2code) VALUES (23, 'BJ');
INSERT INTO Countries (id, alpha2code) VALUES (24, 'BM');
INSERT INTO Countries (id, alpha2code) VALUES (25, 'BT');
INSERT INTO Countries (id, alpha2code) VALUES (26, 'BA');
INSERT INTO Countries (id, alpha2code) VALUES (27, 'BW');
INSERT INTO Countries (id, alpha2code) VALUES (28, 'BV');
INSERT INTO Countries (id, alpha2code) VALUES (29, 'BR');
INSERT INTO Countries (id, alpha2code) VALUES (30, 'IO');
INSERT INTO Countries (id, alpha2code) VALUES (31, 'BN');
INSERT INTO Countries (id, alpha2code) VALUES (32, 'BG');
INSERT INTO Countries (id, alpha2code) VALUES (33, 'BF');
INSERT INTO Countries (id, alpha2code) VALUES (34, 'BI');
INSERT INTO Countries (id, alpha2code) VALUES (35, 'KH');
INSERT INTO Countries (id, alpha2code) VALUES (36, 'CM');
INSERT INTO Countries (id, alpha2code) VALUES (37, 'CA');
INSERT INTO Countries (id, alpha2code) VALUES (38, 'CV');
INSERT INTO Countries (id, alpha2code) VALUES (39, 'KY');
INSERT INTO Countries (id, alpha2code) VALUES (40, 'CF');
INSERT INTO Countries (id, alpha2code) VALUES (41, 'TD');
INSERT INTO Countries (id, alpha2code) VALUES (42, 'CL');
INSERT INTO Countries (id, alpha2code) VALUES (43, 'CN');
INSERT INTO Countries (id, alpha2code) VALUES (44, 'CX');
INSERT INTO Countries (id, alpha2code) VALUES (45, 'CC');
INSERT INTO Countries (id, alpha2code) VALUES (46, 'CO');
INSERT INTO Countries (id, alpha2code) VALUES (47, 'KM');
INSERT INTO Countries (id, alpha2code) VALUES (48, 'CG');
INSERT INTO Countries (id, alpha2code) VALUES (49, 'CK');
INSERT INTO Countries (id, alpha2code) VALUES (50, 'CR');
INSERT INTO Countries (id, alpha2code) VALUES (51, 'HR');
INSERT INTO Countries (id, alpha2code) VALUES (52, 'CU');
INSERT INTO Countries (id, alpha2code) VALUES (53, 'CY');
INSERT INTO Countries (id, alpha2code) VALUES (54, 'CZ');
INSERT INTO Countries (id, alpha2code) VALUES (55, 'DK');
INSERT INTO Countries (id, alpha2code) VALUES (56, 'DJ');
INSERT INTO Countries (id, alpha2code) VALUES (57, 'DM');
INSERT INTO Countries (id, alpha2code) VALUES (58, 'DO');
INSERT INTO Countries (id, alpha2code) VALUES (59, 'EC');
INSERT INTO Countries (id, alpha2code) VALUES (60, 'EG');
INSERT INTO Countries (id, alpha2code) VALUES (61, 'SV');
INSERT INTO Countries (id, alpha2code) VALUES (62, 'GQ');
INSERT INTO Countries (id, alpha2code) VALUES (63, 'ER');
INSERT INTO Countries (id, alpha2code) VALUES (64, 'EE');
INSERT INTO Countries (id, alpha2code) VALUES (65, 'ET');
INSERT INTO Countries (id, alpha2code) VALUES (66, 'FK');
INSERT INTO Countries (id, alpha2code) VALUES (67, 'FO');
INSERT INTO Countries (id, alpha2code) VALUES (68, 'FJ');
INSERT INTO Countries (id, alpha2code) VALUES (69, 'FI');
INSERT INTO Countries (id, alpha2code) VALUES (70, 'FR');
INSERT INTO Countries (id, alpha2code) VALUES (71, 'GF');
INSERT INTO Countries (id, alpha2code) VALUES (72, 'PF');
INSERT INTO Countries (id, alpha2code) VALUES (73, 'TF');
INSERT INTO Countries (id, alpha2code) VALUES (74, 'GA');
INSERT INTO Countries (id, alpha2code) VALUES (75, 'GM');
INSERT INTO Countries (id, alpha2code) VALUES (76, 'GE');
INSERT INTO Countries (id, alpha2code) VALUES (77, 'DE');
INSERT INTO Countries (id, alpha2code) VALUES (78, 'GH');
INSERT INTO Countries (id, alpha2code) VALUES (79, 'GI');
INSERT INTO Countries (id, alpha2code) VALUES (80, 'GR');
INSERT INTO Countries (id, alpha2code) VALUES (81, 'GL');
INSERT INTO Countries (id, alpha2code) VALUES (82, 'GD');
INSERT INTO Countries (id, alpha2code) VALUES (83, 'GP');
INSERT INTO Countries (id, alpha2code) VALUES (84, 'GU');
INSERT INTO Countries (id, alpha2code) VALUES (85, 'GT');
INSERT INTO Countries (id, alpha2code) VALUES (86, 'GG');
INSERT INTO Countries (id, alpha2code) VALUES (87, 'GN');
INSERT INTO Countries (id, alpha2code) VALUES (88, 'GW');
INSERT INTO Countries (id, alpha2code) VALUES (89, 'GY');
INSERT INTO Countries (id, alpha2code) VALUES (90, 'HT');
INSERT INTO Countries (id, alpha2code) VALUES (91, 'HM');
INSERT INTO Countries (id, alpha2code) VALUES (92, 'VA');
INSERT INTO Countries (id, alpha2code) VALUES (93, 'HN');
INSERT INTO Countries (id, alpha2code) VALUES (94, 'HK');
INSERT INTO Countries (id, alpha2code) VALUES (95, 'HU');
INSERT INTO Countries (id, alpha2code) VALUES (96, 'IS');
INSERT INTO Countries (id, alpha2code) VALUES (97, 'IN');
INSERT INTO Countries (id, alpha2code) VALUES (98, 'ID');
INSERT INTO Countries (id, alpha2code) VALUES (99, 'IR');
INSERT INTO Countries (id, alpha2code) VALUES (100, 'IQ');
INSERT INTO Countries (id, alpha2code) VALUES (101, 'IE');
INSERT INTO Countries (id, alpha2code) VALUES (102, 'IM');
INSERT INTO Countries (id, alpha2code) VALUES (103, 'IL');
INSERT INTO Countries (id, alpha2code) VALUES (104, 'IT');
INSERT INTO Countries (id, alpha2code) VALUES (105, 'JM');
INSERT INTO Countries (id, alpha2code) VALUES (106, 'JP');
INSERT INTO Countries (id, alpha2code) VALUES (107, 'JE');
INSERT INTO Countries (id, alpha2code) VALUES (108, 'JO');
INSERT INTO Countries (id, alpha2code) VALUES (109, 'KZ');
INSERT INTO Countries (id, alpha2code) VALUES (110, 'KE');
INSERT INTO Countries (id, alpha2code) VALUES (111, 'KI');
INSERT INTO Countries (id, alpha2code) VALUES (112, 'KW');
INSERT INTO Countries (id, alpha2code) VALUES (113, 'KG');
INSERT INTO Countries (id, alpha2code) VALUES (114, 'LA');
INSERT INTO Countries (id, alpha2code) VALUES (115, 'LV');
INSERT INTO Countries (id, alpha2code) VALUES (116, 'LB');
INSERT INTO Countries (id, alpha2code) VALUES (117, 'LS');
INSERT INTO Countries (id, alpha2code) VALUES (118, 'LR');
INSERT INTO Countries (id, alpha2code) VALUES (119, 'LY');
INSERT INTO Countries (id, alpha2code) VALUES (120, 'LI');
INSERT INTO Countries (id, alpha2code) VALUES (121, 'LT');
INSERT INTO Countries (id, alpha2code) VALUES (122, 'LU');
INSERT INTO Countries (id, alpha2code) VALUES (123, 'MO');
INSERT INTO Countries (id, alpha2code) VALUES (124, 'MG');
INSERT INTO Countries (id, alpha2code) VALUES (125, 'MW');
INSERT INTO Countries (id, alpha2code) VALUES (126, 'MY');
INSERT INTO Countries (id, alpha2code) VALUES (127, 'MV');
INSERT INTO Countries (id, alpha2code) VALUES (128, 'ML');
INSERT INTO Countries (id, alpha2code) VALUES (129, 'MT');
INSERT INTO Countries (id, alpha2code) VALUES (130, 'MH');
INSERT INTO Countries (id, alpha2code) VALUES (131, 'MQ');
INSERT INTO Countries (id, alpha2code) VALUES (132, 'MR');
INSERT INTO Countries (id, alpha2code) VALUES (133, 'MU');
INSERT INTO Countries (id, alpha2code) VALUES (134, 'YT');
INSERT INTO Countries (id, alpha2code) VALUES (135, 'MX');
INSERT INTO Countries (id, alpha2code) VALUES (136, 'MC');
INSERT INTO Countries (id, alpha2code) VALUES (137, 'MN');
INSERT INTO Countries (id, alpha2code) VALUES (138, 'ME');
INSERT INTO Countries (id, alpha2code) VALUES (139, 'MS');
INSERT INTO Countries (id, alpha2code) VALUES (140, 'MA');
INSERT INTO Countries (id, alpha2code) VALUES (141, 'MZ');
INSERT INTO Countries (id, alpha2code) VALUES (142, 'MM');
INSERT INTO Countries (id, alpha2code) VALUES (143, 'NA');
INSERT INTO Countries (id, alpha2code) VALUES (144, 'NR');
INSERT INTO Countries (id, alpha2code) VALUES (145, 'NP');
INSERT INTO Countries (id, alpha2code) VALUES (146, 'NL');
INSERT INTO Countries (id, alpha2code) VALUES (147, 'NC');
INSERT INTO Countries (id, alpha2code) VALUES (148, 'NZ');
INSERT INTO Countries (id, alpha2code) VALUES (149, 'NI');
INSERT INTO Countries (id, alpha2code) VALUES (150, 'NE');
INSERT INTO Countries (id, alpha2code) VALUES (151, 'NG');
INSERT INTO Countries (id, alpha2code) VALUES (152, 'NU');
INSERT INTO Countries (id, alpha2code) VALUES (153, 'NF');
INSERT INTO Countries (id, alpha2code) VALUES (154, 'MP');
INSERT INTO Countries (id, alpha2code) VALUES (155, 'NO');
INSERT INTO Countries (id, alpha2code) VALUES (156, 'OM');
INSERT INTO Countries (id, alpha2code) VALUES (157, 'PK');
INSERT INTO Countries (id, alpha2code) VALUES (158, 'PW');
INSERT INTO Countries (id, alpha2code) VALUES (159, 'PA');
INSERT INTO Countries (id, alpha2code) VALUES (160, 'PG');
INSERT INTO Countries (id, alpha2code) VALUES (161, 'PY');
INSERT INTO Countries (id, alpha2code) VALUES (162, 'PE');
INSERT INTO Countries (id, alpha2code) VALUES (163, 'PH');
INSERT INTO Countries (id, alpha2code) VALUES (164, 'PN');
INSERT INTO Countries (id, alpha2code) VALUES (165, 'PL');
INSERT INTO Countries (id, alpha2code) VALUES (166, 'PT');
INSERT INTO Countries (id, alpha2code) VALUES (167, 'PR');
INSERT INTO Countries (id, alpha2code) VALUES (168, 'QA');
INSERT INTO Countries (id, alpha2code) VALUES (169, 'RO');
INSERT INTO Countries (id, alpha2code) VALUES (170, 'RU');
INSERT INTO Countries (id, alpha2code) VALUES (171, 'RW');
INSERT INTO Countries (id, alpha2code) VALUES (172, 'KN');
INSERT INTO Countries (id, alpha2code) VALUES (173, 'LC');
INSERT INTO Countries (id, alpha2code) VALUES (174, 'MF');
INSERT INTO Countries (id, alpha2code) VALUES (175, 'PM');
INSERT INTO Countries (id, alpha2code) VALUES (176, 'VC');
INSERT INTO Countries (id, alpha2code) VALUES (177, 'WS');
INSERT INTO Countries (id, alpha2code) VALUES (178, 'SM');
INSERT INTO Countries (id, alpha2code) VALUES (179, 'ST');
INSERT INTO Countries (id, alpha2code) VALUES (180, 'SA');
INSERT INTO Countries (id, alpha2code) VALUES (181, 'SN');
INSERT INTO Countries (id, alpha2code) VALUES (182, 'RS');
INSERT INTO Countries (id, alpha2code) VALUES (183, 'SC');
INSERT INTO Countries (id, alpha2code) VALUES (184, 'SL');
INSERT INTO Countries (id, alpha2code) VALUES (185, 'SG');
INSERT INTO Countries (id, alpha2code) VALUES (186, 'SX');
INSERT INTO Countries (id, alpha2code) VALUES (187, 'SK');
INSERT INTO Countries (id, alpha2code) VALUES (188, 'SI');
INSERT INTO Countries (id, alpha2code) VALUES (189, 'SB');
INSERT INTO Countries (id, alpha2code) VALUES (190, 'SO');
INSERT INTO Countries (id, alpha2code) VALUES (191, 'ZA');
INSERT INTO Countries (id, alpha2code) VALUES (192, 'GS');
INSERT INTO Countries (id, alpha2code) VALUES (193, 'SS');
INSERT INTO Countries (id, alpha2code) VALUES (194, 'ES');
INSERT INTO Countries (id, alpha2code) VALUES (195, 'LK');
INSERT INTO Countries (id, alpha2code) VALUES (196, 'PS');
INSERT INTO Countries (id, alpha2code) VALUES (197, 'SD');
INSERT INTO Countries (id, alpha2code) VALUES (198, 'SR');
INSERT INTO Countries (id, alpha2code) VALUES (199, 'SJ'); 
INSERT INTO Countries (id, alpha2code) VALUES (200, 'SZ'); 
INSERT INTO Countries (id, alpha2code) VALUES (201, 'SE');
INSERT INTO Countries (id, alpha2code) VALUES (202, 'CH');
INSERT INTO Countries (id, alpha2code) VALUES (203, 'SY');
INSERT INTO Countries (id, alpha2code) VALUES (204, 'TW');
INSERT INTO Countries (id, alpha2code) VALUES (205, 'TJ');
INSERT INTO Countries (id, alpha2code) VALUES (206, 'TZ'); 
INSERT INTO Countries (id, alpha2code) VALUES (207, 'TH');
INSERT INTO Countries (id, alpha2code) VALUES (208, 'TL');
INSERT INTO Countries (id, alpha2code) VALUES (209, 'MK'); 
INSERT INTO Countries (id, alpha2code) VALUES (210, 'TG');
INSERT INTO Countries (id, alpha2code) VALUES (211, 'TK');
INSERT INTO Countries (id, alpha2code) VALUES (212, 'TO');
INSERT INTO Countries (id, alpha2code) VALUES (213, 'TT');
INSERT INTO Countries (id, alpha2code) VALUES (214, 'TN');
INSERT INTO Countries (id, alpha2code) VALUES (215, 'TR');
INSERT INTO Countries (id, alpha2code) VALUES (216, 'TM');
INSERT INTO Countries (id, alpha2code) VALUES (217, 'TC');
INSERT INTO Countries (id, alpha2code) VALUES (218, 'TV');
INSERT INTO Countries (id, alpha2code) VALUES (219, 'UG');
INSERT INTO Countries (id, alpha2code) VALUES (220, 'UA');
INSERT INTO Countries (id, alpha2code) VALUES (221, 'AE');
INSERT INTO Countries (id, alpha2code) VALUES (222, 'GB');
INSERT INTO Countries (id, alpha2code) VALUES (223, 'US');
INSERT INTO Countries (id, alpha2code) VALUES (224, 'UM');
INSERT INTO Countries (id, alpha2code) VALUES (225, 'UY');
INSERT INTO Countries (id, alpha2code) VALUES (226, 'UZ');
INSERT INTO Countries (id, alpha2code) VALUES (227, 'VU');
INSERT INTO Countries (id, alpha2code) VALUES (228, 'VE'); 
INSERT INTO Countries (id, alpha2code) VALUES (229, 'VN');
INSERT INTO Countries (id, alpha2code) VALUES (230, 'VG');
INSERT INTO Countries (id, alpha2code) VALUES (231, 'VI');
INSERT INTO Countries (id, alpha2code) VALUES (232, 'WF');
INSERT INTO Countries (id, alpha2code) VALUES (233, 'EH');
INSERT INTO Countries (id, alpha2code) VALUES (234, 'YE');
INSERT INTO Countries (id, alpha2code) VALUES (235, 'ZM');
INSERT INTO Countries (id, alpha2code) VALUES (236, 'ZW');



INSERT INTO CountryTranslations (country, language, name) VALUES (1, 'EN_UK', 'Afghanistan');
INSERT INTO CountryTranslations (country, language, name) VALUES (2, 'EN_UK', 'Albania');
INSERT INTO CountryTranslations (country, language, name) VALUES (3, 'EN_UK', 'Algeria');
INSERT INTO CountryTranslations (country, language, name) VALUES (4, 'EN_UK', 'American Samoa');
INSERT INTO CountryTranslations (country, language, name) VALUES (5, 'EN_UK', 'Andorra');
INSERT INTO CountryTranslations (country, language, name) VALUES (6, 'EN_UK', 'Angola');
INSERT INTO CountryTranslations (country, language, name) VALUES (7, 'EN_UK', 'Anguilla');
INSERT INTO CountryTranslations (country, language, name) VALUES (8, 'EN_UK', 'Antarctica');
INSERT INTO CountryTranslations (country, language, name) VALUES (9, 'EN_UK', 'Antigua and Barbuda');
INSERT INTO CountryTranslations (country, language, name) VALUES (10, 'EN_UK', 'Argentina');
INSERT INTO CountryTranslations (country, language, name) VALUES (11, 'EN_UK', 'Armenia');
INSERT INTO CountryTranslations (country, language, name) VALUES (12, 'EN_UK', 'Aruba');
INSERT INTO CountryTranslations (country, language, name) VALUES (13, 'EN_UK', 'Australia');
INSERT INTO CountryTranslations (country, language, name) VALUES (14, 'EN_UK', 'Austria');
INSERT INTO CountryTranslations (country, language, name) VALUES (15, 'EN_UK', 'Azerbaijan');
INSERT INTO CountryTranslations (country, language, name) VALUES (16, 'EN_UK', 'Bahamas');
INSERT INTO CountryTranslations (country, language, name) VALUES (17, 'EN_UK', 'Bahrain');
INSERT INTO CountryTranslations (country, language, name) VALUES (18, 'EN_UK', 'Bangladesh');
INSERT INTO CountryTranslations (country, language, name) VALUES (19, 'EN_UK', 'Barbados');
INSERT INTO CountryTranslations (country, language, name) VALUES (20, 'EN_UK', 'Belarus');
INSERT INTO CountryTranslations (country, language, name) VALUES (21, 'EN_UK', 'Belgium');
INSERT INTO CountryTranslations (country, language, name) VALUES (22, 'EN_UK', 'Belize');
INSERT INTO CountryTranslations (country, language, name) VALUES (23, 'EN_UK', 'Benin');
INSERT INTO CountryTranslations (country, language, name) VALUES (24, 'EN_UK', 'Bermuda');
INSERT INTO CountryTranslations (country, language, name) VALUES (25, 'EN_UK', 'Bhutan');
INSERT INTO CountryTranslations (country, language, name) VALUES (26, 'EN_UK', 'Bosnia and Herzegovina');
INSERT INTO CountryTranslations (country, language, name) VALUES (27, 'EN_UK', 'Botswana');
INSERT INTO CountryTranslations (country, language, name) VALUES (28, 'EN_UK', 'Bouvet Island');
INSERT INTO CountryTranslations (country, language, name) VALUES (29, 'EN_UK', 'Brazil');
INSERT INTO CountryTranslations (country, language, name) VALUES (30, 'EN_UK', 'British Indian Ocean Territory');
INSERT INTO CountryTranslations (country, language, name) VALUES (31, 'EN_UK', 'Brunei Darussalam');
INSERT INTO CountryTranslations (country, language, name) VALUES (32, 'EN_UK', 'Bulgaria');
INSERT INTO CountryTranslations (country, language, name) VALUES (33, 'EN_UK', 'Burkina Faso');
INSERT INTO CountryTranslations (country, language, name) VALUES (34, 'EN_UK', 'Burundi');
INSERT INTO CountryTranslations (country, language, name) VALUES (35, 'EN_UK', 'Cambodia');
INSERT INTO CountryTranslations (country, language, name) VALUES (36, 'EN_UK', 'Cameroon');
INSERT INTO CountryTranslations (country, language, name) VALUES (37, 'EN_UK', 'Canada');
INSERT INTO CountryTranslations (country, language, name) VALUES (38, 'EN_UK', 'Cape Verde');
INSERT INTO CountryTranslations (country, language, name) VALUES (39, 'EN_UK', 'Cayman Islands');
INSERT INTO CountryTranslations (country, language, name) VALUES (40, 'EN_UK', 'Central African Republic');
INSERT INTO CountryTranslations (country, language, name) VALUES (41, 'EN_UK', 'Chad');
INSERT INTO CountryTranslations (country, language, name) VALUES (42, 'EN_UK', 'Chile');
INSERT INTO CountryTranslations (country, language, name) VALUES (43, 'EN_UK', 'China');
INSERT INTO CountryTranslations (country, language, name) VALUES (44, 'EN_UK', 'Christmas Island');
INSERT INTO CountryTranslations (country, language, name) VALUES (45, 'EN_UK', 'Cocos (Keeling) Islands');
INSERT INTO CountryTranslations (country, language, name) VALUES (46, 'EN_UK', 'Colombia');
INSERT INTO CountryTranslations (country, language, name) VALUES (47, 'EN_UK', 'Comoros');
INSERT INTO CountryTranslations (country, language, name) VALUES (48, 'EN_UK', 'Congo');
INSERT INTO CountryTranslations (country, language, name) VALUES (49, 'EN_UK', 'Cook Islands');
INSERT INTO CountryTranslations (country, language, name) VALUES (50, 'EN_UK', 'Costa Rica');
INSERT INTO CountryTranslations (country, language, name) VALUES (51, 'EN_UK', 'Croatia');
INSERT INTO CountryTranslations (country, language, name) VALUES (52, 'EN_UK', 'Cuba');
INSERT INTO CountryTranslations (country, language, name) VALUES (53, 'EN_UK', 'Cyprus');
INSERT INTO CountryTranslations (country, language, name) VALUES (54, 'EN_UK', 'Czech Republic');
INSERT INTO CountryTranslations (country, language, name) VALUES (55, 'EN_UK', 'Denmark');
INSERT INTO CountryTranslations (country, language, name) VALUES (56, 'EN_UK', 'Djibouti');
INSERT INTO CountryTranslations (country, language, name) VALUES (57, 'EN_UK', 'Dominica');
INSERT INTO CountryTranslations (country, language, name) VALUES (58, 'EN_UK', 'Dominican Republic');
INSERT INTO CountryTranslations (country, language, name) VALUES (59, 'EN_UK', 'Ecuador');
INSERT INTO CountryTranslations (country, language, name) VALUES (60, 'EN_UK', 'Egypt');
INSERT INTO CountryTranslations (country, language, name) VALUES (61, 'EN_UK', 'El Salvador');
INSERT INTO CountryTranslations (country, language, name) VALUES (62, 'EN_UK', 'Equatorial Guinea');
INSERT INTO CountryTranslations (country, language, name) VALUES (63, 'EN_UK', 'Eritrea');
INSERT INTO CountryTranslations (country, language, name) VALUES (64, 'EN_UK', 'Estonia');
INSERT INTO CountryTranslations (country, language, name) VALUES (65, 'EN_UK', 'Ethiopia');
INSERT INTO CountryTranslations (country, language, name) VALUES (66, 'EN_UK', 'Falkland Islands (Malvinas)');
INSERT INTO CountryTranslations (country, language, name) VALUES (67, 'EN_UK', 'Faroe Islands');
INSERT INTO CountryTranslations (country, language, name) VALUES (68, 'EN_UK', 'Fiji');
INSERT INTO CountryTranslations (country, language, name) VALUES (69, 'EN_UK', 'Finland');
INSERT INTO CountryTranslations (country, language, name) VALUES (70, 'EN_UK', 'France');
INSERT INTO CountryTranslations (country, language, name) VALUES (71, 'EN_UK', 'French Guiana');
INSERT INTO CountryTranslations (country, language, name) VALUES (72, 'EN_UK', 'French Polynesia');
INSERT INTO CountryTranslations (country, language, name) VALUES (73, 'EN_UK', 'French Southern Territories');
INSERT INTO CountryTranslations (country, language, name) VALUES (74, 'EN_UK', 'Gabon');
INSERT INTO CountryTranslations (country, language, name) VALUES (75, 'EN_UK', 'Gambia');
INSERT INTO CountryTranslations (country, language, name) VALUES (76, 'EN_UK', 'Georgia');
INSERT INTO CountryTranslations (country, language, name) VALUES (77, 'EN_UK', 'Germany');
INSERT INTO CountryTranslations (country, language, name) VALUES (78, 'EN_UK', 'Ghana');
INSERT INTO CountryTranslations (country, language, name) VALUES (79, 'EN_UK', 'Gibraltar');
INSERT INTO CountryTranslations (country, language, name) VALUES (80, 'EN_UK', 'Greece');
INSERT INTO CountryTranslations (country, language, name) VALUES (81, 'EN_UK', 'Greenland');
INSERT INTO CountryTranslations (country, language, name) VALUES (82, 'EN_UK', 'Grenada');
INSERT INTO CountryTranslations (country, language, name) VALUES (83, 'EN_UK', 'Guadeloupe');
INSERT INTO CountryTranslations (country, language, name) VALUES (84, 'EN_UK', 'Guam');
INSERT INTO CountryTranslations (country, language, name) VALUES (85, 'EN_UK', 'Guatemala');
INSERT INTO CountryTranslations (country, language, name) VALUES (86, 'EN_UK', 'Guernsey');
INSERT INTO CountryTranslations (country, language, name) VALUES (87, 'EN_UK', 'Guinea');
INSERT INTO CountryTranslations (country, language, name) VALUES (88, 'EN_UK', 'Guinea-Bissau');
INSERT INTO CountryTranslations (country, language, name) VALUES (89, 'EN_UK', 'Guyana');
INSERT INTO CountryTranslations (country, language, name) VALUES (90, 'EN_UK', 'Haiti');
INSERT INTO CountryTranslations (country, language, name) VALUES (91, 'EN_UK', 'Heard Island and McDonald Islands');
INSERT INTO CountryTranslations (country, language, name) VALUES (92, 'EN_UK', 'Holy See (Vatican City State)');
INSERT INTO CountryTranslations (country, language, name) VALUES (93, 'EN_UK', 'Honduras');
INSERT INTO CountryTranslations (country, language, name) VALUES (94, 'EN_UK', 'Hong Kong');
INSERT INTO CountryTranslations (country, language, name) VALUES (95, 'EN_UK', 'Hungary');
INSERT INTO CountryTranslations (country, language, name) VALUES (96, 'EN_UK', 'Iceland');
INSERT INTO CountryTranslations (country, language, name) VALUES (97, 'EN_UK', 'India');
INSERT INTO CountryTranslations (country, language, name) VALUES (98, 'EN_UK', 'Indonesia');
INSERT INTO CountryTranslations (country, language, name) VALUES (99, 'EN_UK', 'Iran');
INSERT INTO CountryTranslations (country, language, name) VALUES (100, 'EN_UK', 'Iraq');
INSERT INTO CountryTranslations (country, language, name) VALUES (101, 'EN_UK', 'Ireland');
INSERT INTO CountryTranslations (country, language, name) VALUES (102, 'EN_UK', 'Isle of Man');
INSERT INTO CountryTranslations (country, language, name) VALUES (103, 'EN_UK', 'Israel');
INSERT INTO CountryTranslations (country, language, name) VALUES (104, 'EN_UK', 'Italy');
INSERT INTO CountryTranslations (country, language, name) VALUES (105, 'EN_UK', 'Jamaica');
INSERT INTO CountryTranslations (country, language, name) VALUES (106, 'EN_UK', 'Japan');
INSERT INTO CountryTranslations (country, language, name) VALUES (107, 'EN_UK', 'Jersey');
INSERT INTO CountryTranslations (country, language, name) VALUES (108, 'EN_UK', 'Jordan');
INSERT INTO CountryTranslations (country, language, name) VALUES (109, 'EN_UK', 'Kazakhstan');
INSERT INTO CountryTranslations (country, language, name) VALUES (110, 'EN_UK', 'Kenya');
INSERT INTO CountryTranslations (country, language, name) VALUES (111, 'EN_UK', 'Kiribati');
INSERT INTO CountryTranslations (country, language, name) VALUES (112, 'EN_UK', 'Kuwait');
INSERT INTO CountryTranslations (country, language, name) VALUES (113, 'EN_UK', 'Kyrgyzstan');
INSERT INTO CountryTranslations (country, language, name) VALUES (114, 'EN_UK', 'Lao Peoples Democratic Republic');
INSERT INTO CountryTranslations (country, language, name) VALUES (115, 'EN_UK', 'Latvia');
INSERT INTO CountryTranslations (country, language, name) VALUES (116, 'EN_UK', 'Lebanon');
INSERT INTO CountryTranslations (country, language, name) VALUES (117, 'EN_UK', 'Lesotho');
INSERT INTO CountryTranslations (country, language, name) VALUES (118, 'EN_UK', 'Liberia');
INSERT INTO CountryTranslations (country, language, name) VALUES (119, 'EN_UK', 'Libya');
INSERT INTO CountryTranslations (country, language, name) VALUES (120, 'EN_UK', 'Liechtenstein');
INSERT INTO CountryTranslations (country, language, name) VALUES (121, 'EN_UK', 'Lithuania');
INSERT INTO CountryTranslations (country, language, name) VALUES (122, 'EN_UK', 'Luxembourg');
INSERT INTO CountryTranslations (country, language, name) VALUES (123, 'EN_UK', 'Macao');
INSERT INTO CountryTranslations (country, language, name) VALUES (124, 'EN_UK', 'Madagascar');
INSERT INTO CountryTranslations (country, language, name) VALUES (125, 'EN_UK', 'Malawi');
INSERT INTO CountryTranslations (country, language, name) VALUES (126, 'EN_UK', 'Malaysia');
INSERT INTO CountryTranslations (country, language, name) VALUES (127, 'EN_UK', 'Maldives');
INSERT INTO CountryTranslations (country, language, name) VALUES (128, 'EN_UK', 'Mali');
INSERT INTO CountryTranslations (country, language, name) VALUES (129, 'EN_UK', 'Malta');
INSERT INTO CountryTranslations (country, language, name) VALUES (130, 'EN_UK', 'Marshall Islands');
INSERT INTO CountryTranslations (country, language, name) VALUES (131, 'EN_UK', 'Martinique');
INSERT INTO CountryTranslations (country, language, name) VALUES (132, 'EN_UK', 'Mauritania');
INSERT INTO CountryTranslations (country, language, name) VALUES (133, 'EN_UK', 'Mauritius');
INSERT INTO CountryTranslations (country, language, name) VALUES (134, 'EN_UK', 'Mayotte');
INSERT INTO CountryTranslations (country, language, name) VALUES (135, 'EN_UK', 'Mexico');
INSERT INTO CountryTranslations (country, language, name) VALUES (136, 'EN_UK', 'Monaco');
INSERT INTO CountryTranslations (country, language, name) VALUES (137, 'EN_UK', 'Mongolia');
INSERT INTO CountryTranslations (country, language, name) VALUES (138, 'EN_UK', 'Montenegro');
INSERT INTO CountryTranslations (country, language, name) VALUES (139, 'EN_UK', 'Montserrat');
INSERT INTO CountryTranslations (country, language, name) VALUES (140, 'EN_UK', 'Morocco');
INSERT INTO CountryTranslations (country, language, name) VALUES (141, 'EN_UK', 'Mozambique');
INSERT INTO CountryTranslations (country, language, name) VALUES (142, 'EN_UK', 'Myanmar');
INSERT INTO CountryTranslations (country, language, name) VALUES (143, 'EN_UK', 'Namibia');
INSERT INTO CountryTranslations (country, language, name) VALUES (144, 'EN_UK', 'Nauru');
INSERT INTO CountryTranslations (country, language, name) VALUES (145, 'EN_UK', 'Nepal');
INSERT INTO CountryTranslations (country, language, name) VALUES (146, 'EN_UK', 'Netherlands');
INSERT INTO CountryTranslations (country, language, name) VALUES (147, 'EN_UK', 'New Caledonia');
INSERT INTO CountryTranslations (country, language, name) VALUES (148, 'EN_UK', 'New Zealand');
INSERT INTO CountryTranslations (country, language, name) VALUES (149, 'EN_UK', 'Nicaragua');
INSERT INTO CountryTranslations (country, language, name) VALUES (150, 'EN_UK', 'Niger');
INSERT INTO CountryTranslations (country, language, name) VALUES (151, 'EN_UK', 'Nigeria');
INSERT INTO CountryTranslations (country, language, name) VALUES (152, 'EN_UK', 'Niue');
INSERT INTO CountryTranslations (country, language, name) VALUES (153, 'EN_UK', 'Norfolk Island');
INSERT INTO CountryTranslations (country, language, name) VALUES (154, 'EN_UK', 'Northern Mariana Islands');
INSERT INTO CountryTranslations (country, language, name) VALUES (155, 'EN_UK', 'Norway');
INSERT INTO CountryTranslations (country, language, name) VALUES (156, 'EN_UK', 'Oman');
INSERT INTO CountryTranslations (country, language, name) VALUES (157, 'EN_UK', 'Pakistan');
INSERT INTO CountryTranslations (country, language, name) VALUES (158, 'EN_UK', 'Palau');
INSERT INTO CountryTranslations (country, language, name) VALUES (159, 'EN_UK', 'Panama');
INSERT INTO CountryTranslations (country, language, name) VALUES (160, 'EN_UK', 'Papua New Guinea');
INSERT INTO CountryTranslations (country, language, name) VALUES (161, 'EN_UK', 'Paraguay');
INSERT INTO CountryTranslations (country, language, name) VALUES (162, 'EN_UK', 'Peru');
INSERT INTO CountryTranslations (country, language, name) VALUES (163, 'EN_UK', 'Philippines');
INSERT INTO CountryTranslations (country, language, name) VALUES (164, 'EN_UK', 'Pitcairn');
INSERT INTO CountryTranslations (country, language, name) VALUES (165, 'EN_UK', 'Poland');
INSERT INTO CountryTranslations (country, language, name) VALUES (166, 'EN_UK', 'Portugal');
INSERT INTO CountryTranslations (country, language, name) VALUES (167, 'EN_UK', 'Puerto Rico');
INSERT INTO CountryTranslations (country, language, name) VALUES (168, 'EN_UK', 'Qatar');
INSERT INTO CountryTranslations (country, language, name) VALUES (169, 'EN_UK', 'Romania');
INSERT INTO CountryTranslations (country, language, name) VALUES (170, 'EN_UK', 'Russian Federation');
INSERT INTO CountryTranslations (country, language, name) VALUES (171, 'EN_UK', 'Rwanda');
INSERT INTO CountryTranslations (country, language, name) VALUES (172, 'EN_UK', 'Saint Kitts and Nevis');
INSERT INTO CountryTranslations (country, language, name) VALUES (173, 'EN_UK', 'Saint Lucia');
INSERT INTO CountryTranslations (country, language, name) VALUES (174, 'EN_UK', 'Saint Martin (French part)');
INSERT INTO CountryTranslations (country, language, name) VALUES (175, 'EN_UK', 'Saint Pierre and Miquelon');
INSERT INTO CountryTranslations (country, language, name) VALUES (176, 'EN_UK', 'Saint Vincent and the Grenadines');
INSERT INTO CountryTranslations (country, language, name) VALUES (177, 'EN_UK', 'Samoa');
INSERT INTO CountryTranslations (country, language, name) VALUES (178, 'EN_UK', 'San Marino');
INSERT INTO CountryTranslations (country, language, name) VALUES (179, 'EN_UK', 'Sao Tome and Principe');
INSERT INTO CountryTranslations (country, language, name) VALUES (180, 'EN_UK', 'Saudi Arabia');
INSERT INTO CountryTranslations (country, language, name) VALUES (181, 'EN_UK', 'Senegal');
INSERT INTO CountryTranslations (country, language, name) VALUES (182, 'EN_UK', 'Serbia');
INSERT INTO CountryTranslations (country, language, name) VALUES (183, 'EN_UK', 'Seychelles');
INSERT INTO CountryTranslations (country, language, name) VALUES (184, 'EN_UK', 'Sierra Leone');
INSERT INTO CountryTranslations (country, language, name) VALUES (185, 'EN_UK', 'Singapore');
INSERT INTO CountryTranslations (country, language, name) VALUES (186, 'EN_UK', 'Sint Maarten (Dutch part)');
INSERT INTO CountryTranslations (country, language, name) VALUES (187, 'EN_UK', 'Slovakia');
INSERT INTO CountryTranslations (country, language, name) VALUES (188, 'EN_UK', 'Slovenia');
INSERT INTO CountryTranslations (country, language, name) VALUES (189, 'EN_UK', 'Solomon Islands');
INSERT INTO CountryTranslations (country, language, name) VALUES (190, 'EN_UK', 'Somalia');
INSERT INTO CountryTranslations (country, language, name) VALUES (191, 'EN_UK', 'South Africa');
INSERT INTO CountryTranslations (country, language, name) VALUES (192, 'EN_UK', 'South Georgia and the South Sandwich Islands');
INSERT INTO CountryTranslations (country, language, name) VALUES (193, 'EN_UK', 'South Sudan');
INSERT INTO CountryTranslations (country, language, name) VALUES (194, 'EN_UK', 'Spain');
INSERT INTO CountryTranslations (country, language, name) VALUES (195, 'EN_UK', 'Sri Lanka');
INSERT INTO CountryTranslations (country, language, name) VALUES (196, 'EN_UK', 'Palestine');
INSERT INTO CountryTranslations (country, language, name) VALUES (197, 'EN_UK', 'Sudan');
INSERT INTO CountryTranslations (country, language, name) VALUES (198, 'EN_UK', 'Suriname');
INSERT INTO CountryTranslations (country, language, name) VALUES (199, 'EN_UK', 'Svalbard and Jan Mayen');
INSERT INTO CountryTranslations (country, language, name) VALUES (200, 'EN_UK', 'Swaziland');
INSERT INTO CountryTranslations (country, language, name) VALUES (201, 'EN_UK', 'Sweden');
INSERT INTO CountryTranslations (country, language, name) VALUES (202, 'EN_UK', 'Switzerland');
INSERT INTO CountryTranslations (country, language, name) VALUES (203, 'EN_UK', 'Syrian Arab Republic');
INSERT INTO CountryTranslations (country, language, name) VALUES (204, 'EN_UK', 'Taiwan');
INSERT INTO CountryTranslations (country, language, name) VALUES (205, 'EN_UK', 'Tajikistan');
INSERT INTO CountryTranslations (country, language, name) VALUES (206, 'EN_UK', 'Tanzania');
INSERT INTO CountryTranslations (country, language, name) VALUES (207, 'EN_UK', 'Thailand');
INSERT INTO CountryTranslations (country, language, name) VALUES (208, 'EN_UK', 'North Macedonia');
INSERT INTO CountryTranslations (country, language, name) VALUES (209, 'EN_UK', 'Timor-Leste');
INSERT INTO CountryTranslations (country, language, name) VALUES (210, 'EN_UK', 'Togo');
INSERT INTO CountryTranslations (country, language, name) VALUES (211, 'EN_UK', 'Tonga');
INSERT INTO CountryTranslations (country, language, name) VALUES (212, 'EN_UK', 'Tokelau');
INSERT INTO CountryTranslations (country, language, name) VALUES (213, 'EN_UK', 'Trinidad and Tobago');
INSERT INTO CountryTranslations (country, language, name) VALUES (214, 'EN_UK', 'Tunisia');
INSERT INTO CountryTranslations (country, language, name) VALUES (215, 'EN_UK', 'Turkey');
INSERT INTO CountryTranslations (country, language, name) VALUES (216, 'EN_UK', 'Turkmenistan');
INSERT INTO CountryTranslations (country, language, name) VALUES (217, 'EN_UK', 'Tuvalu');
INSERT INTO CountryTranslations (country, language, name) VALUES (218, 'EN_UK', 'Uganda');
INSERT INTO CountryTranslations (country, language, name) VALUES (219, 'EN_UK', 'Ukraine');
INSERT INTO CountryTranslations (country, language, name) VALUES (220, 'EN_UK', 'United Arab Emirates');
INSERT INTO CountryTranslations (country, language, name) VALUES (221, 'EN_UK', 'United Kingdom of Great Britain and Northern Ireland');
INSERT INTO CountryTranslations (country, language, name) VALUES (222, 'EN_UK', 'United Republic of Tanzania');
INSERT INTO CountryTranslations (country, language, name) VALUES (223, 'EN_UK', 'United States Minor Outlying Islands');
INSERT INTO CountryTranslations (country, language, name) VALUES (224, 'EN_UK', 'United States of America');
INSERT INTO CountryTranslations (country, language, name) VALUES (225, 'EN_UK', 'Uruguay');
INSERT INTO CountryTranslations (country, language, name) VALUES (226, 'EN_UK', 'Uzbekistan');
INSERT INTO CountryTranslations (country, language, name) VALUES (227, 'EN_UK', 'Vanuatu');
INSERT INTO CountryTranslations (country, language, name) VALUES (228, 'EN_UK', 'Venezuela');
INSERT INTO CountryTranslations (country, language, name) VALUES (229, 'EN_UK', 'Viet Nam');
INSERT INTO CountryTranslations (country, language, name) VALUES (230, 'EN_UK', 'Virgin Islands (British)');
INSERT INTO CountryTranslations (country, language, name) VALUES (231, 'EN_UK', 'Virgin Islands (U.S.)');
INSERT INTO CountryTranslations (country, language, name) VALUES (232, 'EN_UK', 'Wallis and Futuna');
INSERT INTO CountryTranslations (country, language, name) VALUES (233, 'EN_UK', 'Western Sahara');
INSERT INTO CountryTranslations (country, language, name) VALUES (234, 'EN_UK', 'Yemen');
INSERT INTO CountryTranslations (country, language, name) VALUES (235, 'EN_UK', 'Zambia');
INSERT INTO CountryTranslations (country, language, name) VALUES (236, 'EN_UK', 'Zimbabwe');
                                                                  
INSERT INTO CountryTranslations (country, language, name) VALUES (1, 'PT_PT', 'Afeganistão');
INSERT INTO CountryTranslations (country, language, name) VALUES (2, 'PT_PT', 'Albânia');
INSERT INTO CountryTranslations (country, language, name) VALUES (3, 'PT_PT', 'Argélia');
INSERT INTO CountryTranslations (country, language, name) VALUES (4, 'PT_PT', 'Samoa Americana');
INSERT INTO CountryTranslations (country, language, name) VALUES (5, 'PT_PT', 'Andorra');
INSERT INTO CountryTranslations (country, language, name) VALUES (6, 'PT_PT', 'Angola');
INSERT INTO CountryTranslations (country, language, name) VALUES (7, 'PT_PT', 'Anguilla');
INSERT INTO CountryTranslations (country, language, name) VALUES (8, 'PT_PT', 'Antárctida');
INSERT INTO CountryTranslations (country, language, name) VALUES (9, 'PT_PT', 'Antígua e Barbuda');
INSERT INTO CountryTranslations (country, language, name) VALUES (10, 'PT_PT', 'Argentina');
INSERT INTO CountryTranslations (country, language, name) VALUES (11, 'PT_PT', 'Arménia');
INSERT INTO CountryTranslations (country, language, name) VALUES (12, 'PT_PT', 'Aruba');
INSERT INTO CountryTranslations (country, language, name) VALUES (13, 'PT_PT', 'Austrália');
INSERT INTO CountryTranslations (country, language, name) VALUES (14, 'PT_PT', 'Áustria');
INSERT INTO CountryTranslations (country, language, name) VALUES (15, 'PT_PT', 'Azerbaijão');
INSERT INTO CountryTranslations (country, language, name) VALUES (16, 'PT_PT', 'Bahamas');
INSERT INTO CountryTranslations (country, language, name) VALUES (17, 'PT_PT', 'Bahrein');
INSERT INTO CountryTranslations (country, language, name) VALUES (18, 'PT_PT', 'Bangladesh');
INSERT INTO CountryTranslations (country, language, name) VALUES (19, 'PT_PT', 'Barbados');
INSERT INTO CountryTranslations (country, language, name) VALUES (20, 'PT_PT', 'Bielorrússia');
INSERT INTO CountryTranslations (country, language, name) VALUES (21, 'PT_PT', 'Bélgica');
INSERT INTO CountryTranslations (country, language, name) VALUES (22, 'PT_PT', 'Belize');
INSERT INTO CountryTranslations (country, language, name) VALUES (23, 'PT_PT', 'Benin');
INSERT INTO CountryTranslations (country, language, name) VALUES (24, 'PT_PT', 'Bermudas');
INSERT INTO CountryTranslations (country, language, name) VALUES (25, 'PT_PT', 'Butão');
INSERT INTO CountryTranslations (country, language, name) VALUES (26, 'PT_PT', 'Bósnia e Herzegovina');
INSERT INTO CountryTranslations (country, language, name) VALUES (27, 'PT_PT', 'Botsuana');
INSERT INTO CountryTranslations (country, language, name) VALUES (28, 'PT_PT', 'Ilha Bouvet');
INSERT INTO CountryTranslations (country, language, name) VALUES (29, 'PT_PT', 'Brasil');
INSERT INTO CountryTranslations (country, language, name) VALUES (30, 'PT_PT', 'Território Britânico do Oceano Índico');
INSERT INTO CountryTranslations (country, language, name) VALUES (31, 'PT_PT', 'Brunei Darussalam');
INSERT INTO CountryTranslations (country, language, name) VALUES (32, 'PT_PT', 'Bulgária');
INSERT INTO CountryTranslations (country, language, name) VALUES (33, 'PT_PT', 'Burquina Faso');
INSERT INTO CountryTranslations (country, language, name) VALUES (34, 'PT_PT', 'Burundi');
INSERT INTO CountryTranslations (country, language, name) VALUES (35, 'PT_PT', 'Camboja');
INSERT INTO CountryTranslations (country, language, name) VALUES (36, 'PT_PT', 'Camarões');
INSERT INTO CountryTranslations (country, language, name) VALUES (37, 'PT_PT', 'Canadá');
INSERT INTO CountryTranslations (country, language, name) VALUES (38, 'PT_PT', 'Cabo Verde');
INSERT INTO CountryTranslations (country, language, name) VALUES (39, 'PT_PT', 'Ilhas Caimão');
INSERT INTO CountryTranslations (country, language, name) VALUES (40, 'PT_PT', 'República Centro-Africana');
INSERT INTO CountryTranslations (country, language, name) VALUES (41, 'PT_PT', 'Chade');
INSERT INTO CountryTranslations (country, language, name) VALUES (42, 'PT_PT', 'Chile');
INSERT INTO CountryTranslations (country, language, name) VALUES (43, 'PT_PT', 'China');
INSERT INTO CountryTranslations (country, language, name) VALUES (44, 'PT_PT', 'Ilha do Natal');
INSERT INTO CountryTranslations (country, language, name) VALUES (45, 'PT_PT', 'Ilhas Cocos (Keeling)');
INSERT INTO CountryTranslations (country, language, name) VALUES (46, 'PT_PT', 'Colômbia');
INSERT INTO CountryTranslations (country, language, name) VALUES (47, 'PT_PT', 'Comores');
INSERT INTO CountryTranslations (country, language, name) VALUES (48, 'PT_PT', 'Congo');
INSERT INTO CountryTranslations (country, language, name) VALUES (49, 'PT_PT', 'Ilhas Cook');
INSERT INTO CountryTranslations (country, language, name) VALUES (50, 'PT_PT', 'Costa Rica');
INSERT INTO CountryTranslations (country, language, name) VALUES (51, 'PT_PT', 'Croácia');
INSERT INTO CountryTranslations (country, language, name) VALUES (52, 'PT_PT', 'Cuba');
INSERT INTO CountryTranslations (country, language, name) VALUES (53, 'PT_PT', 'Chipre');
INSERT INTO CountryTranslations (country, language, name) VALUES (54, 'PT_PT', 'República Checa');
INSERT INTO CountryTranslations (country, language, name) VALUES (55, 'PT_PT', 'Dinamarca');
INSERT INTO CountryTranslations (country, language, name) VALUES (56, 'PT_PT', 'Djibuti');
INSERT INTO CountryTranslations (country, language, name) VALUES (57, 'PT_PT', 'Dominica');
INSERT INTO CountryTranslations (country, language, name) VALUES (58, 'PT_PT', 'República Dominicana');
INSERT INTO CountryTranslations (country, language, name) VALUES (59, 'PT_PT', 'Equador');
INSERT INTO CountryTranslations (country, language, name) VALUES (60, 'PT_PT', 'Egito');
INSERT INTO CountryTranslations (country, language, name) VALUES (61, 'PT_PT', 'El Salvador');
INSERT INTO CountryTranslations (country, language, name) VALUES (62, 'PT_PT', 'Guiné Equatorial');
INSERT INTO CountryTranslations (country, language, name) VALUES (63, 'PT_PT', 'Eritreia');
INSERT INTO CountryTranslations (country, language, name) VALUES (64, 'PT_PT', 'Estónia');
INSERT INTO CountryTranslations (country, language, name) VALUES (65, 'PT_PT', 'Etiópia');
INSERT INTO CountryTranslations (country, language, name) VALUES (66, 'PT_PT', 'Ilhas Falkland');
INSERT INTO CountryTranslations (country, language, name) VALUES (67, 'PT_PT', 'Ilhas Faroé');
INSERT INTO CountryTranslations (country, language, name) VALUES (68, 'PT_PT', 'Fiji');
INSERT INTO CountryTranslations (country, language, name) VALUES (69, 'PT_PT', 'Finlândia');
INSERT INTO CountryTranslations (country, language, name) VALUES (70, 'PT_PT', 'França');
INSERT INTO CountryTranslations (country, language, name) VALUES (71, 'PT_PT', 'Guiana Francesa');
INSERT INTO CountryTranslations (country, language, name) VALUES (72, 'PT_PT', 'Polinésia Francesa');
INSERT INTO CountryTranslations (country, language, name) VALUES (73, 'PT_PT', 'Territórios Austrais e Antárcticos Franceses');
INSERT INTO CountryTranslations (country, language, name) VALUES (74, 'PT_PT', 'Gabão');
INSERT INTO CountryTranslations (country, language, name) VALUES (75, 'PT_PT', 'Gâmbia');
INSERT INTO CountryTranslations (country, language, name) VALUES (76, 'PT_PT', 'Geórgia');
INSERT INTO CountryTranslations (country, language, name) VALUES (77, 'PT_PT', 'Alemanha');
INSERT INTO CountryTranslations (country, language, name) VALUES (78, 'PT_PT', 'Gana');
INSERT INTO CountryTranslations (country, language, name) VALUES (79, 'PT_PT', 'Gibraltar');
INSERT INTO CountryTranslations (country, language, name) VALUES (80, 'PT_PT', 'Grécia');
INSERT INTO CountryTranslations (country, language, name) VALUES (81, 'PT_PT', 'Gronelândia');
INSERT INTO CountryTranslations (country, language, name) VALUES (82, 'PT_PT', 'Granada');
INSERT INTO CountryTranslations (country, language, name) VALUES (83, 'PT_PT', 'Guadalupe');
INSERT INTO CountryTranslations (country, language, name) VALUES (84, 'PT_PT', 'Guam');
INSERT INTO CountryTranslations (country, language, name) VALUES (85, 'PT_PT', 'Guatemala');
INSERT INTO CountryTranslations (country, language, name) VALUES (86, 'PT_PT', 'Guernsey');
INSERT INTO CountryTranslations (country, language, name) VALUES (87, 'PT_PT', 'Guiné');
INSERT INTO CountryTranslations (country, language, name) VALUES (88, 'PT_PT', 'Guiné-Bissau');
INSERT INTO CountryTranslations (country, language, name) VALUES (89, 'PT_PT', 'Guiana');
INSERT INTO CountryTranslations (country, language, name) VALUES (90, 'PT_PT', 'Haiti');
INSERT INTO CountryTranslations (country, language, name) VALUES (91, 'PT_PT', 'Ilha Heard e Ilhas McDonald');
INSERT INTO CountryTranslations (country, language, name) VALUES (92, 'PT_PT', 'Santa Sé (Cidade do Vaticano)');
INSERT INTO CountryTranslations (country, language, name) VALUES (93, 'PT_PT', 'Honduras');
INSERT INTO CountryTranslations (country, language, name) VALUES (94, 'PT_PT', 'Hong Kong');
INSERT INTO CountryTranslations (country, language, name) VALUES (95, 'PT_PT', 'Hungria');
INSERT INTO CountryTranslations (country, language, name) VALUES (96, 'PT_PT', 'Islândia');
INSERT INTO CountryTranslations (country, language, name) VALUES (97, 'PT_PT', 'Índia');
INSERT INTO CountryTranslations (country, language, name) VALUES (98, 'PT_PT', 'Indonésia');
INSERT INTO CountryTranslations (country, language, name) VALUES (99, 'PT_PT', 'Irão');
INSERT INTO CountryTranslations (country, language, name) VALUES (100, 'PT_PT', 'Iraque');
INSERT INTO CountryTranslations (country, language, name) VALUES (101, 'PT_PT', 'Irlanda');
INSERT INTO CountryTranslations (country, language, name) VALUES (102, 'PT_PT', 'Ilha de Man');
INSERT INTO CountryTranslations (country, language, name) VALUES (103, 'PT_PT', 'Israel');
INSERT INTO CountryTranslations (country, language, name) VALUES (104, 'PT_PT', 'Itália');
INSERT INTO CountryTranslations (country, language, name) VALUES (105, 'PT_PT', 'Jamaica');
INSERT INTO CountryTranslations (country, language, name) VALUES (106, 'PT_PT', 'Japão');
INSERT INTO CountryTranslations (country, language, name) VALUES (107, 'PT_PT', 'Jersey');
INSERT INTO CountryTranslations (country, language, name) VALUES (108, 'PT_PT', 'Jordánia');
INSERT INTO CountryTranslations (country, language, name) VALUES (109, 'PT_PT', 'Cazaquistão');
INSERT INTO CountryTranslations (country, language, name) VALUES (110, 'PT_PT', 'Quénia');
INSERT INTO CountryTranslations (country, language, name) VALUES (111, 'PT_PT', 'Kiribati');
INSERT INTO CountryTranslations (country, language, name) VALUES (112, 'PT_PT', 'Kuwait');
INSERT INTO CountryTranslations (country, language, name) VALUES (113, 'PT_PT', 'Quirguistão');
INSERT INTO CountryTranslations (country, language, name) VALUES (114, 'PT_PT', 'República Democrática Popular do Laos');
INSERT INTO CountryTranslations (country, language, name) VALUES (115, 'PT_PT', 'Letónia');
INSERT INTO CountryTranslations (country, language, name) VALUES (116, 'PT_PT', 'Líbano');
INSERT INTO CountryTranslations (country, language, name) VALUES (117, 'PT_PT', 'Lesoto');
INSERT INTO CountryTranslations (country, language, name) VALUES (118, 'PT_PT', 'Libéria');
INSERT INTO CountryTranslations (country, language, name) VALUES (119, 'PT_PT', 'Líbia');
INSERT INTO CountryTranslations (country, language, name) VALUES (120, 'PT_PT', 'Liechtenstein');
INSERT INTO CountryTranslations (country, language, name) VALUES (121, 'PT_PT', 'Lituânia');
INSERT INTO CountryTranslations (country, language, name) VALUES (122, 'PT_PT', 'Luxemburgo');
INSERT INTO CountryTranslations (country, language, name) VALUES (123, 'PT_PT', 'Macau');
INSERT INTO CountryTranslations (country, language, name) VALUES (124, 'PT_PT', 'Madagáscar');
INSERT INTO CountryTranslations (country, language, name) VALUES (125, 'PT_PT', 'Malaui');
INSERT INTO CountryTranslations (country, language, name) VALUES (126, 'PT_PT', 'Malásia');
INSERT INTO CountryTranslations (country, language, name) VALUES (127, 'PT_PT', 'Maldivas');
INSERT INTO CountryTranslations (country, language, name) VALUES (128, 'PT_PT', 'Mali');
INSERT INTO CountryTranslations (country, language, name) VALUES (129, 'PT_PT', 'Malta');
INSERT INTO CountryTranslations (country, language, name) VALUES (130, 'PT_PT', 'Ilhas Marshall');
INSERT INTO CountryTranslations (country, language, name) VALUES (131, 'PT_PT', 'Martinica');
INSERT INTO CountryTranslations (country, language, name) VALUES (132, 'PT_PT', 'Mauritânia');
INSERT INTO CountryTranslations (country, language, name) VALUES (133, 'PT_PT', 'Maurícia');
INSERT INTO CountryTranslations (country, language, name) VALUES (134, 'PT_PT', 'Mayotte');
INSERT INTO CountryTranslations (country, language, name) VALUES (135, 'PT_PT', 'México');
INSERT INTO CountryTranslations (country, language, name) VALUES (136, 'PT_PT', 'Mónaco');
INSERT INTO CountryTranslations (country, language, name) VALUES (137, 'PT_PT', 'Mongólia');
INSERT INTO CountryTranslations (country, language, name) VALUES (138, 'PT_PT', 'Montenegro');
INSERT INTO CountryTranslations (country, language, name) VALUES (139, 'PT_PT', 'Montserrat');
INSERT INTO CountryTranslations (country, language, name) VALUES (140, 'PT_PT', 'Marrocos');
INSERT INTO CountryTranslations (country, language, name) VALUES (141, 'PT_PT', 'Moçambique');
INSERT INTO CountryTranslations (country, language, name) VALUES (142, 'PT_PT', 'Myanmar');
INSERT INTO CountryTranslations (country, language, name) VALUES (143, 'PT_PT', 'Namíbia');
INSERT INTO CountryTranslations (country, language, name) VALUES (144, 'PT_PT', 'Nauru');
INSERT INTO CountryTranslations (country, language, name) VALUES (145, 'PT_PT', 'Nepal');
INSERT INTO CountryTranslations (country, language, name) VALUES (146, 'PT_PT', 'Holanda');
INSERT INTO CountryTranslations (country, language, name) VALUES (147, 'PT_PT', 'Nova Caledónia');
INSERT INTO CountryTranslations (country, language, name) VALUES (148, 'PT_PT', 'Nova Zelândia');
INSERT INTO CountryTranslations (country, language, name) VALUES (149, 'PT_PT', 'Nicarágua');
INSERT INTO CountryTranslations (country, language, name) VALUES (150, 'PT_PT', 'Níger');
INSERT INTO CountryTranslations (country, language, name) VALUES (151, 'PT_PT', 'Nigéria');
INSERT INTO CountryTranslations (country, language, name) VALUES (152, 'PT_PT', 'Niue');
INSERT INTO CountryTranslations (country, language, name) VALUES (153, 'PT_PT', 'Ilha Norfolk');
INSERT INTO CountryTranslations (country, language, name) VALUES (154, 'PT_PT', 'Ilhas Marianas do Norte');
INSERT INTO CountryTranslations (country, language, name) VALUES (155, 'PT_PT', 'Noruega');
INSERT INTO CountryTranslations (country, language, name) VALUES (156, 'PT_PT', 'Omã');
INSERT INTO CountryTranslations (country, language, name) VALUES (157, 'PT_PT', 'Paquistão');
INSERT INTO CountryTranslations (country, language, name) VALUES (158, 'PT_PT', 'Palau');
INSERT INTO CountryTranslations (country, language, name) VALUES (159, 'PT_PT', 'Panamá');
INSERT INTO CountryTranslations (country, language, name) VALUES (160, 'PT_PT', 'Papua Nova Guiné');
INSERT INTO CountryTranslations (country, language, name) VALUES (161, 'PT_PT', 'Paraguai');
INSERT INTO CountryTranslations (country, language, name) VALUES (162, 'PT_PT', 'Peru');
INSERT INTO CountryTranslations (country, language, name) VALUES (163, 'PT_PT', 'Filipinas');
INSERT INTO CountryTranslations (country, language, name) VALUES (164, 'PT_PT', 'Ilhas Pitcairn');
INSERT INTO CountryTranslations (country, language, name) VALUES (165, 'PT_PT', 'Polónia');
INSERT INTO CountryTranslations (country, language, name) VALUES (166, 'PT_PT', 'Portugal');
INSERT INTO CountryTranslations (country, language, name) VALUES (167, 'PT_PT', 'Porto Rico');
INSERT INTO CountryTranslations (country, language, name) VALUES (168, 'PT_PT', 'Catar');
INSERT INTO CountryTranslations (country, language, name) VALUES (169, 'PT_PT', 'Roménia');
INSERT INTO CountryTranslations (country, language, name) VALUES (170, 'PT_PT', 'Federação Russa');
INSERT INTO CountryTranslations (country, language, name) VALUES (171, 'PT_PT', 'Ruanda');
INSERT INTO CountryTranslations (country, language, name) VALUES (172, 'PT_PT', 'São Cristóvão e Nevis');
INSERT INTO CountryTranslations (country, language, name) VALUES (173, 'PT_PT', 'Santa Lúcia');
INSERT INTO CountryTranslations (country, language, name) VALUES (174, 'PT_PT', 'São Martinho (França)');
INSERT INTO CountryTranslations (country, language, name) VALUES (175, 'PT_PT', 'São Pedro e Miquelão');
INSERT INTO CountryTranslations (country, language, name) VALUES (176, 'PT_PT', 'São Vicente e Granadinas');
INSERT INTO CountryTranslations (country, language, name) VALUES (177, 'PT_PT', 'Samoa');
INSERT INTO CountryTranslations (country, language, name) VALUES (178, 'PT_PT', 'San Marino');
INSERT INTO CountryTranslations (country, language, name) VALUES (179, 'PT_PT', 'São Tomé e Príncipe');
INSERT INTO CountryTranslations (country, language, name) VALUES (180, 'PT_PT', 'Arábia Saudita');
INSERT INTO CountryTranslations (country, language, name) VALUES (181, 'PT_PT', 'Senegal');
INSERT INTO CountryTranslations (country, language, name) VALUES (182, 'PT_PT', 'Sérvia');
INSERT INTO CountryTranslations (country, language, name) VALUES (183, 'PT_PT', 'Ilhas Seychelles');
INSERT INTO CountryTranslations (country, language, name) VALUES (184, 'PT_PT', 'Serra Leoa');
INSERT INTO CountryTranslations (country, language, name) VALUES (185, 'PT_PT', 'Singapura');
INSERT INTO CountryTranslations (country, language, name) VALUES (186, 'PT_PT', 'Sint Maarten (Holanda)');
INSERT INTO CountryTranslations (country, language, name) VALUES (187, 'PT_PT', 'Eslováquia');
INSERT INTO CountryTranslations (country, language, name) VALUES (188, 'PT_PT', 'Eslovénia');
INSERT INTO CountryTranslations (country, language, name) VALUES (189, 'PT_PT', 'Ilhas Salomão');
INSERT INTO CountryTranslations (country, language, name) VALUES (190, 'PT_PT', 'Somália');
INSERT INTO CountryTranslations (country, language, name) VALUES (191, 'PT_PT', 'África do Sul');
INSERT INTO CountryTranslations (country, language, name) VALUES (192, 'PT_PT', 'Ilhas Geórgia do Sul e Sandwich do Sul');
INSERT INTO CountryTranslations (country, language, name) VALUES (193, 'PT_PT', 'Sudão do Sul');
INSERT INTO CountryTranslations (country, language, name) VALUES (194, 'PT_PT', 'Espanha');
INSERT INTO CountryTranslations (country, language, name) VALUES (195, 'PT_PT', 'Sri Lanka');
INSERT INTO CountryTranslations (country, language, name) VALUES (196, 'PT_PT', 'Palestina');
INSERT INTO CountryTranslations (country, language, name) VALUES (197, 'PT_PT', 'Sudão');
INSERT INTO CountryTranslations (country, language, name) VALUES (198, 'PT_PT', 'Suriname');
INSERT INTO CountryTranslations (country, language, name) VALUES (199, 'PT_PT', 'Svalbard e Jan Mayen');
INSERT INTO CountryTranslations (country, language, name) VALUES (200, 'PT_PT', 'Swazilândia');
INSERT INTO CountryTranslations (country, language, name) VALUES (201, 'PT_PT', 'Suécia');
INSERT INTO CountryTranslations (country, language, name) VALUES (202, 'PT_PT', 'Suíça');
INSERT INTO CountryTranslations (country, language, name) VALUES (203, 'PT_PT', 'Síria');
INSERT INTO CountryTranslations (country, language, name) VALUES (204, 'PT_PT', 'Taiwan');
INSERT INTO CountryTranslations (country, language, name) VALUES (205, 'PT_PT', 'Tajiquistão');
INSERT INTO CountryTranslations (country, language, name) VALUES (206, 'PT_PT', 'Tanzânia');
INSERT INTO CountryTranslations (country, language, name) VALUES (207, 'PT_PT', 'Tailândia');
INSERT INTO CountryTranslations (country, language, name) VALUES (208, 'PT_PT', 'Macedónia do Norte');
INSERT INTO CountryTranslations (country, language, name) VALUES (209, 'PT_PT', 'Timor-Leste');
INSERT INTO CountryTranslations (country, language, name) VALUES (210, 'PT_PT', 'Togo');
INSERT INTO CountryTranslations (country, language, name) VALUES (211, 'PT_PT', 'Tonga');
INSERT INTO CountryTranslations (country, language, name) VALUES (212, 'PT_PT', 'Toquelau');
INSERT INTO CountryTranslations (country, language, name) VALUES (213, 'PT_PT', 'Trindade e Tobago');
INSERT INTO CountryTranslations (country, language, name) VALUES (214, 'PT_PT', 'Tunísia');
INSERT INTO CountryTranslations (country, language, name) VALUES (215, 'PT_PT', 'Turquia');
INSERT INTO CountryTranslations (country, language, name) VALUES (216, 'PT_PT', 'Turquemenistão');
INSERT INTO CountryTranslations (country, language, name) VALUES (217, 'PT_PT', 'Tuvalu');
INSERT INTO CountryTranslations (country, language, name) VALUES (218, 'PT_PT', 'Uganda');
INSERT INTO CountryTranslations (country, language, name) VALUES (219, 'PT_PT', 'Ucrânia');
INSERT INTO CountryTranslations (country, language, name) VALUES (220, 'PT_PT', 'Emirados Árabes Unidos');
INSERT INTO CountryTranslations (country, language, name) VALUES (221, 'PT_PT', 'Reino Unido da Grã-Bretanha e Irlanda do Norte');
INSERT INTO CountryTranslations (country, language, name) VALUES (222, 'PT_PT', 'República Unida da Tanzânia');
INSERT INTO CountryTranslations (country, language, name) VALUES (223, 'PT_PT', 'Ilhas Menores Distantes dos Estados Unidos');
INSERT INTO CountryTranslations (country, language, name) VALUES (224, 'PT_PT', 'Estados Unidos da América');
INSERT INTO CountryTranslations (country, language, name) VALUES (225, 'PT_PT', 'Uruguai');
INSERT INTO CountryTranslations (country, language, name) VALUES (226, 'PT_PT', 'Uzbequistão');
INSERT INTO CountryTranslations (country, language, name) VALUES (227, 'PT_PT', 'Vanuatu');
INSERT INTO CountryTranslations (country, language, name) VALUES (228, 'PT_PT', 'Venezuela');
INSERT INTO CountryTranslations (country, language, name) VALUES (229, 'PT_PT', 'Vietname');
INSERT INTO CountryTranslations (country, language, name) VALUES (230, 'PT_PT', 'Ilhas Virgens Britânicas');
INSERT INTO CountryTranslations (country, language, name) VALUES (231, 'PT_PT', 'Ilhas Virgens Americanas');
INSERT INTO CountryTranslations (country, language, name) VALUES (232, 'PT_PT', 'Wallis e Futuna');
INSERT INTO CountryTranslations (country, language, name) VALUES (233, 'PT_PT', 'Saara Ocidental');
INSERT INTO CountryTranslations (country, language, name) VALUES (234, 'PT_PT', 'Iémen');
INSERT INTO CountryTranslations (country, language, name) VALUES (235, 'PT_PT', 'Zâmbia');
INSERT INTO CountryTranslations (country, language, name) VALUES (236, 'PT_PT', 'Zimbabwe');


INSERT INTO Schools (id, name, country) VALUES (1, 'Universidade do Porto' , 166);
INSERT INTO Schools (id, name, country) VALUES (2, 'Universidade de Coimbra' , 166);
INSERT INTO Schools (id, name, country) VALUES (3, 'Instituto Superior Técnico' , 166);
INSERT INTO Schools (id, name, country) VALUES (4, 'Universidade de Aveiro' , 166);
INSERT INTO Schools (id, name, country) VALUES (5, 'Universidade do Minho' , 166);
                                                                  

INSERT INTO KnowledgeAreas(id, image) VALUES (1 ,'http://www.images.com/ka_software_requirements');
INSERT INTO KnowledgeAreas(id, image) VALUES (2 ,'http://www.images.com/ka_software_design');
INSERT INTO KnowledgeAreas(id, image) VALUES (3 ,'http://www.images.com/ka_software_construction');
INSERT INTO KnowledgeAreas(id, image) VALUES (4 ,'http://www.images.com/ka_software_testing');
INSERT INTO KnowledgeAreas(id, image) VALUES (5 ,'http://www.images.com/ka_software_maintenance');
INSERT INTO KnowledgeAreas(id, image) VALUES (6 ,'http://www.images.com/ka_software_config_management');
INSERT INTO KnowledgeAreas(id, image) VALUES (7 ,'http://www.images.com/ka_software_engineering_management');
INSERT INTO KnowledgeAreas(id, image) VALUES (8 ,'http://www.images.com/ka_software_engineering_process');
INSERT INTO KnowledgeAreas(id, image) VALUES (9 ,'http://www.images.com/ka_software_models_methods');
INSERT INTO KnowledgeAreas(id, image) VALUES (10,'http://www.images.com/ka_software_quality');
INSERT INTO KnowledgeAreas(id, image) VALUES (11,'http://www.images.com/ka_software_engineering_professional_practice');
INSERT INTO KnowledgeAreas(id, image) VALUES (12,'http://www.images.com/ka_software_economics');
INSERT INTO KnowledgeAreas(id, image) VALUES (13,'http://www.images.com/ka_computing_foundations');
INSERT INTO KnowledgeAreas(id, image) VALUES (14,'http://www.images.com/ka_mathematical_foundations');
INSERT INTO KnowledgeAreas(id, image) VALUES (15,'http://www.images.com/ka_engineering_foundations');
INSERT INTO KnowledgeAreas(id, image) VALUES (16,'http://www.images.com/ka_other');
     
-- Portuguese
INSERT INTO KnowledgeAreaTranslations(knowledgeArea, language, name, description) VALUES (1 , 'PT_PT', 'Requisitos de Software', 'A AC “Requisitos de Software” trata do levantamento, análise, especificação e validação dos requisitos bem como a gestão dos mesmos durante todo o ciclo de vida de um produto de software.\n\nOs requisitos de software são definidos genericamente como:\na) o conjunto de condições/necessidades que o software deve satisfazer de modo a atingir um determinado objectivo;\nb) as restrições à sua concepção e funcionamento.\n\nOs tópicos desta AC detalham a maneira sistemática como a Engenharia de Software deve tratar os Requisitos. Todos os conceitos que esta área engloba são usados no Processo do Ciclo de Vida do Software chamado “Análise de Requisitos de Software” que, apesar de ser frequentemente associado ao período inicial do desenvolvimento de software é uma actividade que se prolonga ao longo do ciclo de vida de um produto de software.');
INSERT INTO KnowledgeAreaTranslations(knowledgeArea, language, name, description) VALUES (2 , 'PT_PT', 'Desenho de Software','A AC “Desenho de Software” é o processo de definir a arquitectura, os componentes, interfaces e outras características do software assim como o resultado desse mesmo processo.\n\nComo parte do ciclo de vida do software é um processo no qual os requisitos são analisados de modo a produzir uma descrição da estrutura interna do software que servirá de base à sua construção. O resultado deste processo descreve a Arquitectura do Software, ou seja, como o software é decomposto e organizado em componentes e as interfaces entre esses componentes.\n\nDurante o processo de Desenho, os engenheiros produzem vários modelos que formam uma espécie de planta (ou diagrama) da solução a ser implementada. Modelos estes que podem ser avaliados de modo a verificar se efectivamente respondem aos requisitos do produto.\n\nApesar da similaridade do termo, Software Design não se refere apenas à construção dos componentes gráficos do software, sendo essa actividade apenas uma pequena subparte da muito mais abrangente AC Desenho de Software.'); 
INSERT INTO KnowledgeAreaTranslations(knowledgeArea, language, name, description) VALUES (3 , 'PT_PT', 'Construção de Software', 'A Construção de Software refere-se à criação detalhada de software através de uma combinação de codificação (também conhecido como programação), verificação, teste e debugging. Por outras palavras, esta AC detalha o conjunto de habilidades que um engenheiro deve possuir de modo a efectivamente construir metodicamente artefactos de software.\n\nA Construção de Software tem uma forte ligação com o Desenho de Software e com o Teste de Software, já que a construção, enquanto processo utiliza como fonte os artefactos resultantes do processo de Desenho e alimenta o processo de Teste.');
INSERT INTO KnowledgeAreaTranslations(knowledgeArea, language, name, description) VALUES (4 , 'PT_PT', 'Teste de Software', 'O Teste de Software consiste no conjunto de conhecimentos que o engenheiro de software deve dominar para executar testes ao software.\n\nEnquanto actividade, o Teste consiste na verificação dinâmica que um programa providencia os comportamentos esperados para um conjunto finito de casos de teste adequadamente escolhidos a partir do domínio de execuções tipicamente infinito.');
INSERT INTO KnowledgeAreaTranslations(knowledgeArea, language, name, description) VALUES (5 , 'PT_PT', 'Manutenção de Software', 'A Manutenção de Software é o conjunto das actividades necessárias para providenciar um suporte eficaz do software. Isto pressupõe uma modificação sistemática do software após a sua entrega/publicação de modo a corrigir falhas, melhorar o seu desempenho ou mesmo alterações/incrementos de funcionalidade.\n\nA Manutenção tem ganho um relevo crescente agora que as empresas tentam retirar o máximo do seu investimento em software ao prolongar a vida útil dos seus produtos de software.');
INSERT INTO KnowledgeAreaTranslations(knowledgeArea, language, name, description) VALUES (6 , 'PT_PT', 'Gestão de Configurações de Software', 'A Gestão de Configurações de Software é a tarefa de identificar as configurações de um software em pontos distintos no tempo com o objectivo de controlar sistematicamente as mudanças no mesmo ao longo do seu ciclo de vida.\n\nCom a utilização de ferramentas como controlos de versões e baselines (conjunto fixo de configurações num determinado ponto no tempo) é assim possível por um lado, em caso de problemas, determinar o que foi alterado e por quem e por fim e corrigir, e por outro, em caso de estabilidade do software, replicar a sua configuração controladamente.');
INSERT INTO KnowledgeAreaTranslations(knowledgeArea, language, name, description) VALUES (7 , 'PT_PT', 'Gestão de Engenharia de Software' , 'A Gestão de Engenharia de Software a aplicação de actividades de gestão (como planeamento, coordenação, medição, monitorização, controlo e reporte) com a finalidade de garantir que os produtos e serviços de software são entregues eficazmente, eficientemente e para o benefício dos stakeholders.\n\nA gestão de projectos de software engloba um conjunto de habilidades com impacto decisivo na sua concretização sistematizada.\n\nEntre os diferentes aspectos que um engenheiro tem que gerir num projecto de software encontram-se a aplicação de normas específicas da organização a que pertence, a gestão de recursos humanos (seja a nível de contratações, treino, progressão de carreiras), gestão de comunicação com uma equipa e gestão de custos.');
INSERT INTO KnowledgeAreaTranslations(knowledgeArea, language, name, description) VALUES (8 , 'PT_PT', 'Processo de Engenharia de Software', 'O Processo de Engenharia de Software é a AC que concerne sobre as actividades de trabalho cumpridas por um engenheiro de software com a finalidade de desenvolver, manter e operar software.\nExemplos destas actividades são requisitos, desenho, construção, teste e gestão de configurações, entre outos.\n\nOs processos de software são especificados com vários objectivos tais como: a facilitação da compreensão humana, comunicação e coordenação; auxiliar a gestão de projectos de software; medir e melhorar a qualidade do software duma maneira eficiente; suportar a melhoria do processo e providenciar uma base para o suporte automático da execução do processo.');
INSERT INTO KnowledgeAreaTranslations(knowledgeArea, language, name, description) VALUES (9 , 'PT_PT', 'Modelos e Métodos de Engenharia de Software', 'Modelos e Métodos de Engenharia de Software são ferramentas que impõem estrutura na engenharia de software com o objectivo de tornar essa actividade sistemática, repetível e no geral mais propensa ao sucesso.\n\nOs modelos providenciam uma abordagem à solução de problemas, uma notação e procedimentos para a análise e construção de software ao passo que os métodos providenciam uma abordagem à especificação, desenho, construção, teste e verificação sistemáticas do software e seus produtos de trabalho.');
INSERT INTO KnowledgeAreaTranslations(knowledgeArea, language, name, description) VALUES (10, 'PT_PT', 'Qualidade de Software', 'A Qualidade de Software é a capacidade de um produto de software satisfazer as necessidades enunciadas ou implicadas sob determinadas condições, assim como, até onde o produto de software responde aos requisitos estabelecidos – a qualidade depende assim de o quão precisamente os requisitos estabelecidos representam as necessidades, desejos e expectativas dos stakeholders.Por poucas palavras, a Qualidade do software é o reflexo de quão bem um produto de software responde aos requisitos do mesmo produto.');
INSERT INTO KnowledgeAreaTranslations(knowledgeArea, language, name, description) VALUES (11, 'PT_PT', 'Prática Profissional de Engenharia de Software', 'A Prática Profissional de Engenharia de Software diz respeito ao conhecimento, habilidades e atitudes que um engenheiro de software deve possuir para praticar a engenharia de software duma forma profissional, responsável e ética.\n\nDevido ao impacto cada vez mais generalizado que o software tem na vida das pessoas, os engenheiros têm que possuir um conjunto de características profissionais e pessoais que lhe permita desenvolver a sua actividade duma forma constantemente criteriosa resultando na criação de software com características conhecidas e de confiança.\n\nA prática profissional significa assim um modo de conduzir um serviço com a finalidade de atingir um certo standard ou critério em, não só o processo de executar o serviço como no produto final desse mesmo serviço.');
INSERT INTO KnowledgeAreaTranslations(knowledgeArea, language, name, description) VALUES (12, 'PT_PT', 'Economia de Engenharia de Software', 'A Economia de Engenharia de Software trata da tomada de decisões relacionadas com a Engenharia de Software num contexto de negócio. Isto advém do relacionamento directo entre o sucesso de um produto ou serviço de software e uma boa gestão de negócios.\n\nA Economia é o estudo do valor, custos, recursos e o relacionamento entre eles sob um determinado contexto.Também na disciplina de Engenharia de Software, tanto as actividades com o software resultante têm atributos económicos (têm custos, exigem recursos e têm valor).\n\nA economia em engenharia de software providencia então uma maneira de estudar os atributos do software e os seus processos de forma a relacioná-los sistematicamente com medidas económicas com a finalidade de tomar melhores decisões sobre os mesmos.');
INSERT INTO KnowledgeAreaTranslations(knowledgeArea, language, name, description) VALUES (13, 'PT_PT', 'Fundações de Computação' , 'A AC Fundações de Computação debruça-se sobre o ambiente de desenvolvimento e de operação no qual o software evolui e é executado – o computador. Isto ocorre pelo simples facto de o software não existir no vácuo nem poder ser executado sem o recurso a um computador – este juntamente com os seus componentes são o núcleo do ambiente onde o software corre.\n\nA disciplina de Engenharia de Software assenta sobre a Ciência da Computação e como tal, a sua importância é absolutamente inestimável e fulcral para o seu corpo de conhecimento. A um engenheiro de software é necessário conhecimentos sobre o computador: o seu hardware, software, tipos de computadores, paradigmas de programação, redes de computadores, compiladores, bases de dados, etc.');
INSERT INTO KnowledgeAreaTranslations(knowledgeArea, language, name, description) VALUES (14, 'PT_PT', 'Fundações de Matemática', 'A AC Fundações de Matemática advém da ligação intrínseca entre as disciplinas de Engenhara e Matemática. Na Engenharia de Software no entanto, esta ligação existe mais a um nível da essência da lógica e raciocínio e não tanto de aritmética (sobre os números).\n\nA Matemática é uma disciplina sobre o estudo formal dos sistemas. A sua intervenção a nível da engenharia de software tem uma influência directa nas técnicas de identificação de um conjunto de regras para o raciocínio no contexto de sistemas em estudo. As suas vertentes de linguagem e lógica são também importantes de modo descrever provas matemáticas sobre certos problemas e desenvolver uma solução algorítmica para os mesmos.');
INSERT INTO KnowledgeAreaTranslations(knowledgeArea, language, name, description) VALUES (15, 'PT_PT', 'Fundações de Engenharia', 'As Fundações da Engenharia é uma AC que advém do facto da Engenharia de Software ser uma disciplina de Engenharia. Tal como mencionado anteriormente, uma engenharia é definida como “a aplicação de uma abordagem sistemática, disciplinada e quantificável a estruturas, máquinas, produtos, sistemas ou processos.\n\nÉ a diferença entre este enunciado e uma outra abordagem mais empírica que permite reconhecer a Engenharia de Software como uma engenharia de plena legitimidade.Como tal, esta AC aborda os aspectos que se aplicam à engenharia de software e outras disciplinas de engenharia, tais como medição, técnicas experimentais ou análise estatística.');
INSERT INTO KnowledgeAreaTranslations(knowledgeArea, language, name, description) VALUES (16, 'PT_PT', 'Outra', 'Nenhuma Área do Conhecimento de Engenharia de Software');
                   
-- English                                                                               
INSERT INTO KnowledgeAreaTranslations(knowledgeArea, language, name, description) VALUES (1 , 'EN_UK', 'Software Requirements', 'Software Requirements Engineering (SRE) deals with the elicitation, analysis, specification, and validation of requirements, as well as their management throughout the software product lifecycle.
Software requirements are generically defined as:
a) The set of conditions/needs that the software must satisfy in order to achieve a specific objective;
b) The constraints on its design and operation.
The topics in this KA detail the systematic way in which Software Engineering should deal with Requirements. All the concepts that this area encompasses are used in the Software Life Cycle Process called "Software Requirements Analysis" which, although often associated with the early period of software development, is an activity that extends throughout the life cycle of a software product.');

INSERT INTO KnowledgeAreaTranslations(knowledgeArea, language, name, description) VALUES (2 , 'EN_UK', 'Software Design','Software Design is the process of defining the architecture, components, interfaces, and other characteristics of software, as well as the result of that process.
As part of the software life cycle, it is a process in which requirements are analyzed to produce a description of the internal structure of the software that will serve as the basis for its construction. The result of this process describes the Software Architecture, i.e., how the software is decomposed and organized into components and the interfaces between those components.
During the Design process, engineers produce various models that form a kind of blueprint (or diagram) of the solution to be implemented. These models can be evaluated to verify that they effectively meet the product requirements.
Despite the similarity of the term, Software Design does not refer only to the construction of the graphical components of the software, this activity being only a small subpart of the much more comprehensive KA Software Design.');

INSERT INTO KnowledgeAreaTranslations(knowledgeArea, language, name, description) VALUES (3 , 'EN_UK', 'Software Construction', 'Software Construction refers to the detailed creation of software through a combination of coding (also known as programming), verification, testing, and debugging. In other words, this KA details the set of skills that an engineer must possess in order to effectively and methodically build software artifacts.
Software Construction is strongly linked to Software Design and Software Testing, since the construction, as a process, uses the artifacts resulting from the Design process and feeds the Testing process.');

INSERT INTO KnowledgeAreaTranslations(knowledgeArea, language, name, description) VALUES (4 , 'EN_UK', 'Software Testing', 'Software Testing consists of the set of knowledge that a software engineer must master to perform software testing.
As an activity, Testing consists of the dynamic verification that a program provides the expected behaviors for a finite set of test cases appropriately chosen from the domain of typically infinite executions.');

INSERT INTO KnowledgeAreaTranslations(knowledgeArea, language, name, description) VALUES (5 , 'EN_UK', 'Software Maintenance', 'Software Maintenance is the set of activities necessary to provide effective software support. This presupposes a systematic modification of the software after its delivery/publication in order to correct errors, improve its performance or even changes/increments of functionality.
Maintenance has become increasingly important now that companies are trying to get the most out of their software investment by extending the life of their software products.');

INSERT INTO KnowledgeAreaTranslations(knowledgeArea, language, name, description) VALUES (6 , 'EN_UK', 'Software Configuration Management', 'Software Configuration Management is the task of identifying the configurations of a software at distinct points in time with the aim of systematically controlling changes to it throughout its life cycle.
With the use of tools such as version control and baselines (fixed set of configurations at a certain point in time), it is thus possible, on the one hand, in case of problems, to determine what was changed and by whom and finally to correct, and on the other hand, in case of software stability, to replicate its configuration in a controlled manner.');

INSERT INTO KnowledgeAreaTranslations(knowledgeArea, language, name, description) VALUES (7 , 'EN_UK', 'Software Engineering Management', 'Software Engineering Management is the application of management activities (such as planning, coordination, measurement, monitoring, control, and reporting) with the purpose of ensuring that software products and services are delivered effectively, efficiently, and for the benefit of stakeholders.
Software project management encompasses a set of skills with a decisive impact on its systematic implementation.
Among the different aspects that an engineer has to manage in a software project are the application of specific standards of the organization to which he belongs, human resources management (whether at the level of hiring, training, career progression), communication management with a team and cost management.');

INSERT INTO KnowledgeAreaTranslations(knowledgeArea, language, name, description) VALUES (8 , 'EN_UK', 'Software Engineering Process', 'The Software Engineering Process is the KA that concerns the work activities performed by a software engineer for the purpose of developing, maintaining, and operating software.
Examples of these activities are requirements, design, construction, testing, and configuration management, among others.
Software processes are specified with various objectives such as: facilitating human understanding, communication, and coordination; assisting in the management of software projects; measuring and improving software quality in an efficient manner; supporting process improvement and providing a basis for automatic support of process execution.');

INSERT INTO KnowledgeAreaTranslations(knowledgeArea, language, name, description) VALUES (9 , 'EN_UK', 'Software Engineering Methods and Models', 'Software Engineering Models and Methods are tools that impose structure on software engineering with the aim of making this activity systematic, repeatable, and generally more likely to be successful.');

INSERT INTO KnowledgeAreaTranslations(knowledgeArea, language, name, description) VALUES (10, 'EN_UK', 'Software Quality', 'Software Quality is the capability of a software product to satisfy the stated or implied needs under specified conditions, as well as the extent to which the software product meets the established requirements – the quality thus depends on how precisely the established requirements represent the needs, desires and expectations of the stakeholders.
In short, Software Quality is the reflection of how well a software product meets the requirements of the same product.');

INSERT INTO KnowledgeAreaTranslations(knowledgeArea, language, name, description) VALUES (11, 'EN_UK', 'Software Engineering Professional Practice', 'The Professional Practice of Software Engineering refers to the knowledge, skills and attitudes that a software engineer must possess in order to practice software engineering in a professional, responsible and ethical manner.
Due to the increasingly widespread impact that software has on people''s lives, engineers must possess a set of professional and personal characteristics that allow them to carry out their activity in a consistently conscientious manner, resulting in the creation of software with known and reliable characteristics.
Professional practice thus means a way of conducting a service with the aim of achieving a certain standard or criterion, not only in the process of carrying out the service but also in the final product of that same service.');

INSERT INTO KnowledgeAreaTranslations(knowledgeArea, language, name, description) VALUES (12, 'EN_UK', 'Software Engineering Economics', 'Software Engineering Economics deals with decision-making related to Software Engineering in a business context. This arises from the direct relationship between the success of a software product or service and good business management.
Economics is the study of value, costs, resources and the relationship between them under a given context. In the discipline of Software Engineering as well, both the activities and the resulting software have economic attributes (they have costs, require resources and have value).
Software engineering economics then provides a way to study the attributes of software and its processes in order to systematically relate them to economic measures with the aim of making better decisions about them.');

INSERT INTO KnowledgeAreaTranslations(knowledgeArea, language, name, description) VALUES (13, 'EN_UK', 'Computing Foundations', 'The Knowledge Area Computing Foundations deals with the development and operational environment in which software evolves and is executed - the computer. This occurs for the simple fact that software does not exist in a vacuum nor can it be executed without recourse to a computer - this together with its components are the core of the environment where the software runs.
The discipline of Software Engineering is based on Computer Science and as such, its importance is absolutely invaluable and crucial for its body of knowledge. A software engineer needs knowledge about the computer: its hardware, software, types of computers, programming paradigms, computer networks, compilers, databases, etc.');

INSERT INTO KnowledgeAreaTranslations(knowledgeArea, language, name, description) VALUES (14, 'EN_UK', 'Mathematical Foundations', 'The Mathematical Foundations KA stems from the intrinsic link between the disciplines of Engineering and Mathematics. In Software Engineering, however, this connection exists more at the level of the essence of logic and reasoning and not so much arithmetic (about numbers).
Mathematics is a discipline concerned with the formal study of systems. Its intervention at the level of software engineering has a direct influence on techniques for identifying a set of rules for reasoning in the context of systems under study. Its strands of language and logic are also important for describing mathematical proofs about certain problems and developing an algorithmic solution for them.');

INSERT INTO KnowledgeAreaTranslations(knowledgeArea, language, name, description) VALUES (15, 'EN_UK', 'Engineering Foundations', 'Engineering Foundations is a KA that arises from the fact that Software Engineering is an Engineering discipline. As mentioned earlier, engineering is defined as "the application of a systematic, disciplined and quantifiable approach to structures, machines, products, systems or processes."
It is the difference between this statement and another more empirical approach that allows Software Engineering to be recognized as a fully legitimate engineering discipline. As such, this KA addresses the aspects that apply to software engineering and other engineering disciplines, such as measurement, experimental techniques, or statistical analysis.');

INSERT INTO KnowledgeAreaTranslations(knowledgeArea, language, name, description) VALUES (16, 'EN_UK', 'Other', 'No Software Engineering Knowledge Area');

INSERT INTO Topics(id,knowledgeArea) VALUES (1 , 1); 
INSERT INTO Topics(id,knowledgeArea) VALUES (2 , 1); 
INSERT INTO Topics(id,knowledgeArea) VALUES (3 , 1); 
INSERT INTO Topics(id,knowledgeArea) VALUES (4 , 1); 
INSERT INTO Topics(id,knowledgeArea) VALUES (5 , 1); 
INSERT INTO Topics(id,knowledgeArea) VALUES (6 , 1); 
INSERT INTO Topics(id,knowledgeArea) VALUES (7 , 1); 

INSERT INTO Topics(id,knowledgeArea) VALUES (8 , 2); 
INSERT INTO Topics(id,knowledgeArea) VALUES (9 , 2); 
INSERT INTO Topics(id,knowledgeArea) VALUES (10, 2);  
INSERT INTO Topics(id,knowledgeArea) VALUES (11, 2); 
INSERT INTO Topics(id,knowledgeArea) VALUES (12, 2);
INSERT INTO Topics(id,knowledgeArea) VALUES (13, 2); 
INSERT INTO Topics(id,knowledgeArea) VALUES (14, 2);
INSERT INTO Topics(id,knowledgeArea) VALUES (15, 2);
                                                  
INSERT INTO Topics(id,knowledgeArea) VALUES (16, 3);
INSERT INTO Topics(id,knowledgeArea) VALUES (17, 3);
INSERT INTO Topics(id,knowledgeArea) VALUES (18, 3);
INSERT INTO Topics(id,knowledgeArea) VALUES (19, 3);
INSERT INTO Topics(id,knowledgeArea) VALUES (20, 3);

INSERT INTO Topics(id,knowledgeArea) VALUES (21, 4);
INSERT INTO Topics(id,knowledgeArea) VALUES (22, 4);
INSERT INTO Topics(id,knowledgeArea) VALUES (23, 4);
INSERT INTO Topics(id,knowledgeArea) VALUES (24, 4);
INSERT INTO Topics(id,knowledgeArea) VALUES (25, 4);
INSERT INTO Topics(id,knowledgeArea) VALUES (26, 4);

INSERT INTO Topics(id,knowledgeArea) VALUES (27, 5);
INSERT INTO Topics(id,knowledgeArea) VALUES (28, 5);
INSERT INTO Topics(id,knowledgeArea) VALUES (29, 5);
INSERT INTO Topics(id,knowledgeArea) VALUES (30, 5);
INSERT INTO Topics(id,knowledgeArea) VALUES (31, 5);

INSERT INTO Topics(id,knowledgeArea) VALUES (32, 6);
INSERT INTO Topics(id,knowledgeArea) VALUES (33, 6);
INSERT INTO Topics(id,knowledgeArea) VALUES (34, 6);
INSERT INTO Topics(id,knowledgeArea) VALUES (35, 6);
INSERT INTO Topics(id,knowledgeArea) VALUES (36, 6);
INSERT INTO Topics(id,knowledgeArea) VALUES (37, 6);
INSERT INTO Topics(id,knowledgeArea) VALUES (38, 6);

INSERT INTO Topics(id,knowledgeArea) VALUES (39, 7);
INSERT INTO Topics(id,knowledgeArea) VALUES (40, 7);
INSERT INTO Topics(id,knowledgeArea) VALUES (41, 7);
INSERT INTO Topics(id,knowledgeArea) VALUES (42, 7);
INSERT INTO Topics(id,knowledgeArea) VALUES (43, 7);
INSERT INTO Topics(id,knowledgeArea) VALUES (44, 7);
INSERT INTO Topics(id,knowledgeArea) VALUES (45, 7);

INSERT INTO Topics(id,knowledgeArea) VALUES (46, 8);
INSERT INTO Topics(id,knowledgeArea) VALUES (47, 8);
INSERT INTO Topics(id,knowledgeArea) VALUES (48, 8);
INSERT INTO Topics(id,knowledgeArea) VALUES (49, 8);
INSERT INTO Topics(id,knowledgeArea) VALUES (50, 8);

INSERT INTO Topics(id,knowledgeArea) VALUES (51, 9);
INSERT INTO Topics(id,knowledgeArea) VALUES (52, 9);
INSERT INTO Topics(id,knowledgeArea) VALUES (53, 9);
INSERT INTO Topics(id,knowledgeArea) VALUES (54, 9);

INSERT INTO Topics(id,knowledgeArea) VALUES (55, 10);
INSERT INTO Topics(id,knowledgeArea) VALUES (56, 10);
INSERT INTO Topics(id,knowledgeArea) VALUES (57, 10);
INSERT INTO Topics(id,knowledgeArea) VALUES (58, 10);

INSERT INTO Topics(id,knowledgeArea) VALUES (59, 11);
INSERT INTO Topics(id,knowledgeArea) VALUES (60, 11);
INSERT INTO Topics(id,knowledgeArea) VALUES (61, 11);

INSERT INTO Topics(id,knowledgeArea) VALUES (62, 12);
INSERT INTO Topics(id,knowledgeArea) VALUES (63, 12);
INSERT INTO Topics(id,knowledgeArea) VALUES (64, 12);
INSERT INTO Topics(id,knowledgeArea) VALUES (65, 12);
INSERT INTO Topics(id,knowledgeArea) VALUES (66, 12);

INSERT INTO Topics(id,knowledgeArea) VALUES (67, 13);
INSERT INTO Topics(id,knowledgeArea) VALUES (68, 13);
INSERT INTO Topics(id,knowledgeArea) VALUES (69, 13);
INSERT INTO Topics(id,knowledgeArea) VALUES (70, 13);
INSERT INTO Topics(id,knowledgeArea) VALUES (71, 13);
INSERT INTO Topics(id,knowledgeArea) VALUES (72, 13);
INSERT INTO Topics(id,knowledgeArea) VALUES (73, 13);
INSERT INTO Topics(id,knowledgeArea) VALUES (74, 13);
INSERT INTO Topics(id,knowledgeArea) VALUES (75, 13);
INSERT INTO Topics(id,knowledgeArea) VALUES (76, 13);
INSERT INTO Topics(id,knowledgeArea) VALUES (77, 13);
INSERT INTO Topics(id,knowledgeArea) VALUES (78, 13);
INSERT INTO Topics(id,knowledgeArea) VALUES (79, 13);
INSERT INTO Topics(id,knowledgeArea) VALUES (80, 13);
INSERT INTO Topics(id,knowledgeArea) VALUES (81, 13);
INSERT INTO Topics(id,knowledgeArea) VALUES (82, 13);
INSERT INTO Topics(id,knowledgeArea) VALUES (83, 13);

INSERT INTO Topics(id,knowledgeArea) VALUES (84, 14);
INSERT INTO Topics(id,knowledgeArea) VALUES (85, 14);
INSERT INTO Topics(id,knowledgeArea) VALUES (86, 14);
INSERT INTO Topics(id,knowledgeArea) VALUES (87, 14);
INSERT INTO Topics(id,knowledgeArea) VALUES (88, 14);
INSERT INTO Topics(id,knowledgeArea) VALUES (89, 14);
INSERT INTO Topics(id,knowledgeArea) VALUES (90, 14);
INSERT INTO Topics(id,knowledgeArea) VALUES (91, 14);
INSERT INTO Topics(id,knowledgeArea) VALUES (92, 14);
INSERT INTO Topics(id,knowledgeArea) VALUES (93, 14);
INSERT INTO Topics(id,knowledgeArea) VALUES (94, 14);

INSERT INTO Topics(id,knowledgeArea) VALUES (95 , 15);
INSERT INTO Topics(id,knowledgeArea) VALUES (96 , 15);
INSERT INTO Topics(id,knowledgeArea) VALUES (97 , 15);
INSERT INTO Topics(id,knowledgeArea) VALUES (98 , 15);
INSERT INTO Topics(id,knowledgeArea) VALUES (99 , 15);
INSERT INTO Topics(id,knowledgeArea) VALUES (100, 15);
INSERT INTO Topics(id,knowledgeArea) VALUES (101, 15);

INSERT INTO Topics(id,knowledgeArea) VALUES (102, 16);

INSERT INTO TopicTranslations(topic, language, name, description) VALUES (1 ,'PT_PT', 'Fundamentos de Requisitos de Software', 'Sobre a defininição do que é um requisito;\n\na diferença entre um requisito do produto e um requisito do processo;\n\na diferença entre requisitos funcionais e não-funcionais;\n\nrequisitos inter-dependentes;\n\ncomo classificar quantitativamente requisitos;\n\ndiferença entre requisitos de sistema e de software.' );
INSERT INTO TopicTranslations(topic, language, name, description) VALUES (2 ,'PT_PT', 'Processo de Requisitos', 'Sobre a natureza contínua do processo de requisitos e a sua natureza moldável ao contexto do projecto ou organização;\n\nos diferentes actores do processos (frequentemente conhecidos como “stakeholders”);\n\ncomo gerir um processo de requisitos e como avaliar a sua qualidade e ainda como o melhorar.');
INSERT INTO TopicTranslations(topic, language, name, description) VALUES (3 ,'PT_PT', 'Levantamento de Requisitos', 'Sobre a origem dos requisitos (como Conhecimento próprio do Domínio, stakeholders, regras do negócio, etc.) e as técnicas para os coleccionar eficazmente (tais como entrevistas, cenários, protótipos, reuniões, etc.).');
INSERT INTO TopicTranslations(topic, language, name, description) VALUES (4 ,'PT_PT', 'Análise de Requisitos', 'Sobre como classificar requisitos quanto ao seu tipo, importância, estabilidade ou extensão;\n\nmodelação conceptual (tal como “Use Cases”, modelos de dados, modelos de estados, etc.).');
INSERT INTO TopicTranslations(topic, language, name, description) VALUES (5 ,'PT_PT', 'Especificação de Requisitos', 'Sobre a produção de um conjunto de documentos sobre os requisitos que possa ser sistematicamente revisto, avaliado e aprovado. Estes documentos são: a Definição do Sistema, Especificação dos Requisitos do Sistema e Especificação dos Requisitos do Software (derivados dos requisitos do sistema).');
INSERT INTO TopicTranslations(topic, language, name, description) VALUES (6 ,'PT_PT', 'Validação de Requisitos', 'Sobre as técnicas de validação dos requisitos levantados, tais como: Revisão por terceiros (“peer-review”), prototipagem, validação de modelos e testes de aceitação.');
INSERT INTO TopicTranslations(topic, language, name, description) VALUES (7 ,'PT_PT', 'Considerações Práticas', 'Sobre as particularidades práticas dos requisitos;\n\na natureza iterativa do processo de requisitos;\n\na gestão de alterações dos requisitos (como um todo ou em apenas alguns dos seus atributos);\n\nrastreamento de requisitos;\n\nmedição do peso dos requisitos na eventualidade de alteração do produto.');

INSERT INTO TopicTranslations(topic, language, name, description) VALUES (8 ,'PT_PT', 'Fundamentos de Desenho de Software',  'Sobre os conceitos gerais de desenho (como objectivo, restrições, alternativas, contexto etc.);\n\no processo de desenho (diferença entre desenho arquitectural e detalhado);\n\nos principios do desenho de software (como abstracção, acoplamento, coesão, decomposição, modularização, encapsulamento, separação de interface e implementação, suficiência, completividade, etc.).'); 
INSERT INTO TopicTranslations(topic, language, name, description) VALUES (9 ,'PT_PT', 'Problemas-chave no Desenho de Software', 'Sobre os problemas típicos no desenho de software como concorrência: controlo de eventos;\n\npersistência de dados;\n\ndistribuição de componentes e comunicação entre si;\n\ntratamento de erros e tolerância a falhas;\n\ninteracção e apresentação;\n\nsegurança.'); 
INSERT INTO TopicTranslations(topic, language, name, description) VALUES (10,'PT_PT', 'Estrutura e Arquitectura de Software', 'Sobre os modos de organizar o software a vários níveis de abstracção desde a macro-arquitectura até ao desenho detalhado do código;\n\nos diferentes estilos de arquitectura tais como construção por camadas, sistemas distribuídos (Cliente-Servidor, Three-Tiers, Broker), sistemas interactivos (Model-View-Controller, Presentation-Abstraction-Control), sistemas adaptáveis (microkernel ou reflexão) e outros;\n\nDesign Patterns (como “builder”, “factory”, “adapter”; “bridge”, “iterator”, “strategy”, etc.);\n\no cariz decisório do processo de design;\n\nfamilías de programas e “frameworks” de software.'); 
INSERT INTO TopicTranslations(topic, language, name, description) VALUES (11,'PT_PT', 'Desenho de Interface com o Utilizador', 'Sobre a eficaz comunicação com o utilizador do software;\n\nprincípios base de UI (facilidade de aprendizagem, familiaridade, consistência, surpresa mínima, diversidade de utilização, etc.);\n\nlidar com problemas comuns (interacção com utilizador e  apresentação de informação);\n\nas modalidades típicas de interacção (pergunta-resposta, manipulação directa, selecção em menus, formulários, linguagens de comandos, linguagem natural);\n\ncomo apresentar a informação (número de cores, mudanças de cores, “colour-coding”, visualização para pessoas com necessidades especiais);\n\no processo de design de UI (análise de utilização, prototipagem de software, avaliação da interface com o utilizador desenvolvida);\n\nadaptar a UI para localização e internacionalização;\n\nmetáforas e modelos conceptuais (tal como utilização de ícones reconhecidos universalmente para diversas acções comuns, tal como usar uma roldana para representar as definições).'); 
INSERT INTO TopicTranslations(topic, language, name, description) VALUES (12,'PT_PT', 'Análise de Qualidade e Avaliação', 'Sobre os atributos de qualidade do desenho (tais como portabilidade, testabilidade, robustez, performance, segurança, reutilizável, etc.);\n\ntécnicas de avaliação de qualidade (como revista de design por terceiros, análise estática formal – com modelos matemáticos -  ou informal, simulação ou prototipagem);\n\nmedidas de software para o seu tamanho, estrutura ou qualidade.'); 
INSERT INTO TopicTranslations(topic, language, name, description) VALUES (13,'PT_PT', 'Notações de Desenho de Software', 'Sobre a representação do desenho em diferentes artefactos universalmente compreendidos;\n\ndescrições de estrutura (diagramas de classe e objectos, diagramas de componentes, “class responsability cards”, diagramas de Entidade-Relacionamento, linguagens de descrição de interfaces, etc.);\n\ndescrições de comportamentos e dinâmicas entre componentes (diagramas de actividade, diagramas de comunicação, diagramas de fluxo de dados, tabelas e diagramas de decisão, diagramas de sequência, diagramas de transição de estados, pseudo-código, etc.).'); 
INSERT INTO TopicTranslations(topic, language, name, description) VALUES (14,'PT_PT', 'Estratégias e Métodos de Desenho de Software', 'Sobre como desenhar um sistema num ou mais paradigmas bem definidos, como Orientado a Funções, Orientado a Objectos, Centrado em Estruturas de Dados e Centrado em Componentes;\n\nas estratégias gerais de desenho como “divide-and-conquer”, “top-down”, “bottom-up”, etc.'); 
INSERT INTO TopicTranslations(topic, language, name, description) VALUES (15,'PT_PT', 'Ferramentas de Desenho de Software','Sobre ferramentas de ajuda à criação de artefactos do desenho de software, tipicamente também software, que consiga, por exemplo, criar modelos e diagramas ou possibilite uma análise de qualidade de modelos.'); 
                                                                
INSERT INTO TopicTranslations(topic, language, name, description) VALUES (16,'PT_PT', 'Fundamentos de Construção de Software', 'Sobre os conceitos fundamentais da construção de software, que são: Minimização de Complexidade, Antecipação de Mudanças, Construção para Verificação, Reutilização e Standards de Construção (relativo às convenções das linguagens de programação usadas, tal como nomenclatura de variáveis ou identação, etc.).' ); 
INSERT INTO TopicTranslations(topic, language, name, description) VALUES (17,'PT_PT', 'Gestão de Construção', 'Sobre como gerir um processo de construção através de Modelos de Ciclo de Vida (como as metodologias lineares estilo Waterfall ou iterativas tipo Agile);\n\no planeamento da construção (qual a ordem de actividades num processo de construção – isto é altamente dependente de que Modelo de construção é usado);\n\ncomo medir o que é criado (estatísticas sobre código, calendarização, esforço – novamente diferentes medidas dependem do Modelo escolhido, e.g. esforço é uma medida típica da metodologia scrum).' );
INSERT INTO TopicTranslations(topic, language, name, description) VALUES (18,'PT_PT', 'Considerações Práticas', 'Sobre o cariz predominantemente prático da construção;\n\na necessidade de fazer ajustamentos ou modificações de pequena escala ao Desenho durante a construção;\n\nas linguagens necessárias para construir software - como linguagens de configuração, linguagens de scripting, linguagens de programação, linguagens visuais, etc.;\n\nas características da codificação em si (construções semânticas, estruturas de controlo, tratamento de erros, organização do código em classes, modos de documentação do código, etc.);\n\ntestes de construção (testes unitários e testes de integração);\n\ntécnicas de construção para reutilização por terceiros (tais como estruturação de bibliotecas, utilização de padrões de desenho conhecidos);\n\nreutilização de software pré-existente (recurso a bibliotecas, repositórios públicos, etc.);\n\nqualidade na construção (testes de código, debugging, assertions, programação defensiva, code reviews, etc.);\n\nintegração do código num sistema (phase integration e incremental).' );
INSERT INTO TopicTranslations(topic, language, name, description) VALUES (19,'PT_PT', 'Tecnologias de Construção', 'Sobre como desenhar e usar APIs;\n\nproblemas típicos de paradigmas orientados aos objectos (como polimorfismo e reflexão);\n\ntipos parametrizados e genéricos;\n\nassertions, programação por interfaces e programação defensiva;\n\ntratamento de erros;\n\nmodelos executáveis (criação de um programa compilando um modelo executável de uma linguagem de modelação);\n\nprogramação baseada em estados e baseada em tabelas;\n\nconfiguração em runtime e internacionalização;\n\nprocessamento de gramáticas de linguagens;\n\nprimitivas de concorrência (semáforos, mutexes, monitores, etc.);\n\nmiddleware (software que providencia serviços entre a camada do SO e a camada aplicacional);\n\nprogramação para sistemas distribuídos;\n\nconstrução de sistemas heterogéneos (como Processadores de Sinais Digitais ou Sistemas Embebidos);\n\nanálise de performance e tuning (escolhas de arquitecturas, estruturas de dados ou selecção de algoritmos);\n\nstandards de plataformas (por exemplo J2EE vs J2SE);\n\ntest-driven development.' );
INSERT INTO TopicTranslations(topic, language, name, description) VALUES (20,'PT_PT', 'Ferramentas de Construção de Software', 'Sobre todo o tipo de ferramentas (tipicamente também software) que ajudam à construção de software tais como IDEs (ambientes de desenvolvimento integrado como Eclipse, Netbeans, Visual Studio, etc);\n\nconstrutores de Interfaces Gráficas (actualmente também parte de IDEs modernos);\n\nferramentas de Testes Unitários e ainda ferramentas de profiling de código, análise de performance e slicing.' );

INSERT INTO TopicTranslations(topic, language, name, description) VALUES (21,'PT_PT', 'Fundamentos do Teste de Software','Sobre os conceitos fundamentais de teste;\n\ndistinção entre falta, falha, erro e defeito;\n\nescolha de casos de teste;\n\neficácia e objectivos do teste;\n\nteste para descoberta de defeitos;\n\nlimites teóricos e práticos dos testes;\n\ncenários de teste impraticáveis e o relacionamento do teste com as outras actividades do ciclo de vida do software.' );
INSERT INTO TopicTranslations(topic, language, name, description) VALUES (22,'PT_PT', 'Níveis de Teste', 'Sobre os diferentes níveis a que um software pode ser testado;\n\nquanto ao alvo do teste (testes unitários vs testes de integração vs testes do sistema);\n\nquanto ao objectivo do teste (testes de aceitação,  testes de instalação, testes alfa e beta;\n\ntestes de confiabilidade, testes de regressão, testes de performance, testes de segurança, testes de stress, testes back-to-back, testes de recuperação, testes de interface, testes de configuração e testes de usabilidade).' );
INSERT INTO TopicTranslations(topic, language, name, description) VALUES (23,'PT_PT', 'Técnicas de Teste' , 'Sobre as diferentes técnicas usadas para encontrar o maior número de falhas possíveis;\n\ntécnicas baseadas na Intuição do Engenheiro (ad hoc e testes exploratórios);\n\ntécnicas baseadas no domínio do input (particionamento equivalente, teste combinatório, teste de valores-limite, testes aleatórios);\n\ntécnicas baseadas em código (testes baseados nos fluxos de controlo do código, testes do fluxo de dados);\n\ntécnicas baseadas nas falhas (error guessing, testes de mutação);\n\ntécnicas baseadas no uso (teste ao típico perfil operacional, heurísticas de observação do utilizador);\n\ntécnicas baseadas em modelos (tabelas de decisão, máquinas de estado;\n\nespecificações formais, modelos de workflow);\n\ntécnicas baseadas na natureza da aplicação (aplicação web vs aplicação mobile, etc.);\n\ncombinação das técnicas descritas.');
INSERT INTO TopicTranslations(topic, language, name, description) VALUES (24,'PT_PT', 'Métricas Relacionadas com o Teste', 'Sobre as diferentes métricas usadas para avaliar a qualidade dos testes;\n\nmétricas de avaliação do programa (métricas de tamanho, falhas típicas para esse tipo de software, densidade das falhas, avaliação da confiabilidade, modelos de crescimento da confiabilidade);\n\nmétricas de avaliação dos testes realizados (cobertura total de testes, introdução de falhas, resultados das mutações).' );
INSERT INTO TopicTranslations(topic, language, name, description) VALUES (25,'PT_PT', 'Processo de Teste' , 'Sobre a forma de organizar as actividades, estratégias e técnicas de teste num processo controlado;\n\nconsiderações práticas (criação de guias de teste, organizadores do processo, criação de documentação de testes, test-driven development, criação de uma equipa de testes independente ou interna, estivativas de esforço e teste, definição de terminação de um testes, reutilização de testes e utilização de um padrão de testes);\n\nactividades de teste ( planeamento de teste, geração de casos de teste, desenvolvimento de ambientes de treino, execução sistemática de testes, avaliação do resultado dos mesmos, registo dos resultados ao longo do tempo, rastreamento de defeitos).');
INSERT INTO TopicTranslations(topic, language, name, description) VALUES (26,'PT_PT', 'Ferramentas de Teste de Software' , 'Sobre as ferramentas, tipicamente também software, que servem de auxilio à escolha realização e avaliação de testes.' );

INSERT INTO TopicTranslations(topic, language, name, description) VALUES (27,'PT_PT', 'Fundamentos da Manutenção de Software','Sobre os conceitos básicos, terminologia e definições de manutenção de software;\n\no papel específico de um engenheiro responsável por manutenção de software;\n\nas necessidades de manutenção (corrigir falhas, melhorar o desenho do software, adaptar a novos ambientes, etc.);\n\ncustos de manutenção do software;\n\nevolução do software como uma das finalidades de manutenção;\n\nas diferentes categorias de manutenção (correctiva, adaptativa, perfectiva e preventiva).' );
INSERT INTO TopicTranslations(topic, language, name, description) VALUES (28,'PT_PT', 'Problemas-chave da Manutenção de Software', 'Sobre os principais problemas que um responsável pela manutenção de software enfrenta tais como questões técnicas (compreensão limitada do software em questão, testes a um sistema em manutenção, análise de impacto da manutenção proposta, grau de modificabilidade de um sistema em produção);\n\nquestões relacionadas com a gestão do processo de manutenção (alinhar o processo de manutenção de um software com os objectivos da organização responsável, gerir e motivar responsáveis pela manutenção, outsourcing de manutenção);\n\nestimativas de custo de manutenção;\n\nmétricas de manutenção.' );
INSERT INTO TopicTranslations(topic, language, name, description) VALUES (29,'PT_PT', 'Processo de Manutenção', 'Sobre um ciclo de vida de uma fase de manutenção (analisar problemas, implementar as modificações, aprovar, descontinuar o produto, migrar, etc.);\n\nas actividades exclusivas de um engenheiro responsável pela manutenção (análise do estado do software, tarefas de suporte, planeamento da manutenção em termos de prazos e âmbito da manutenção, gestão da configuração do software em manutenção, garantir a qualidade do software em manutenção).');
INSERT INTO TopicTranslations(topic, language, name, description) VALUES (30,'PT_PT', 'Técnicas de Manutenção', 'Sobre as técnicas utilizadas para manter e/ou actualizar um software com sucesso;\n\ncompreensão do código do software;\n\ntécnicas de alteração sistemática do software (como refactoring);\n\ntécnicas de engenharia reversa de um software;\n\ntécnicas de migração de software;\n\ntécnicas e políticas de descontinuação de software.' );
INSERT INTO TopicTranslations(topic, language, name, description) VALUES (31,'PT_PT', 'Ferramentas de Manutenção de Software', 'Sobre as ferramentas que auxiliam à manutenção de software, tais como ferramentas de corte (slicing) de software (que isolam as partes a modificar), analisadores estáticos e dinâmicos de código;\n\nanalisadores de fluxos de dados e de dependências e ainda ferramentas de auxílio à engenharia reversa.');

INSERT INTO TopicTranslations(topic, language, name, description) VALUES (32,'PT_PT', 'Gestão do processo de Gestão de Configurações', 'Sobre como organizar uma gestão de configurações;\n\nquais as restrições impostas ao processo;\n\nsobre o planeamento típico de um processo de gestão de configurações (quem é o responsável, qual a calendarização do projecto, quais as ferramentas a ser usadas, que configurações providenciar a terceiros, as interacções potenciais entre o software a ser controlado e externos);\n\ndocumentação das configurações e sua gestão e utilização do mesmo como guidelines numa organização;\n\ngarantia da aplicação correcta da configurações da organização seja através da aplicação de métricas, ferramentas próprias ou simples auditorias.' );
INSERT INTO TopicTranslations(topic, language, name, description) VALUES (33,'PT_PT', 'Identificação de Configurações de Software', 'obre a identificação das entidades a serem sujeitas a controlo de configurações, quais os relacionamentos entre si, como definir o seu versionamento, regras de criação de uma baseline, políticas de integração de um item de software (um ficheiro, código-fonte, recursos visuais, etc) no controlo de configurações;\n\nutilização e gestão de software libraries.' );
INSERT INTO TopicTranslations(topic, language, name, description) VALUES (34,'PT_PT', 'Controlo de Configurações de Software', 'Sobre o controlo do fluxo normal de um processo de gestão de alterações na configuração do software, como requisição de alteração (vulgo change request), avaliação e aceitação/rejeição da alteração proposta;\n\nimplementação da alteração e seu rastreamento e por fim autorizações de desvio (da funcionalidade a alterar) ou renúncia (idem).');
INSERT INTO TopicTranslations(topic, language, name, description) VALUES (35,'PT_PT', 'Registo de Estado da Configuração de Software', 'Sobre o registo e relato da evolução do estado das configurações de software ao longo do tempo;\n\ncomo capturar o estado de itens de software a cada momento e como reportá-los à organização.');
INSERT INTO TopicTranslations(topic, language, name, description) VALUES (36,'PT_PT', 'Auditoria de Configurações de Software', 'Sobre o processo de escrutinar as configurações de software de modo a garantir que o seu funcionamento está alinhado com os requisitos especificado (como um todo ou a nível de determinada baseline), a arquitectura/desenho planeada e se está alinhado com a documentação.' );
INSERT INTO TopicTranslations(topic, language, name, description) VALUES (37,'PT_PT', 'Gestão de Lançamento e Entrega de Software', 'Sobre como organizar a entrega de uma ou mais versões de software;\n\ncomo executar um processo de build de software (empacotamento, distribuição de diferentes versões em simultâneo, diferentes ambientes de produção;\n\na entrega de um produto de software completo (quanto efectuar a entrega com base no estado do software, quais os restantes artefactos entregáveis – como documentação e notas de entrega).' );
INSERT INTO TopicTranslations(topic, language, name, description) VALUES (38,'PT_PT', 'Ferramentas de Gestão de Configurações de Software', 'Sobre os tipos de ferramentas utilizados para suportarem a eficaz gestão de configurações, tais como ferramentas de controlo de versões, ferramentas de build, ferramentas de suporte a problemas de clientes, ferramentas de controlo de workspaces para equipas de desenvolvimento, ferramentas de issue-tracking, etc.' );

INSERT INTO TopicTranslations(topic, language, name, description) VALUES (39,'PT_PT', 'Inicialização e Definição de Âmbito', 'Sobre como determinar e negociar requisitos de software;\n\nanálise de viabilidade (avaliação da capacidade de realizar os requisitos com base em todas as restrições a que está sujeito - como custos, tecnologias, recursos humanos, políticas, etc.);\n\nprocessos de revisão de requisitos (quais as regras acordadas com stakeholders para fazer eventuais alterações aos requisitos).');
INSERT INTO TopicTranslations(topic, language, name, description) VALUES (40,'PT_PT', 'Planeamento do Projecto de Software', 'Sobre como planear um projecto de software;\n\nqual o modelo de ciclo de vida de software a usar (tal como cascata, espiral ou métodos ágeis) e que ferramentas a usar para garantir a sua aplicação;\n\nescolha dos artefactos entregáveis (documentação, software instalável, etc.);\n\nestimação de custos, esforço e temporização;\n\nalocação de recursos humanos a tarefas;\n\ngestão de risco (identificação, análise de impacto, prioritização de factores de risco, desenvolvimento de estratégias de atenuação de risco, etc.);\n\ngestão da qualidade (definição de métricas de qualidade, garantir a aplicação de controlo de qualidade durante o projecto).');
INSERT INTO TopicTranslations(topic, language, name, description) VALUES (41,'PT_PT', 'Execução do Projecto de Software', 'Sobre a aplicação do planeamento ao desenvolvimento do projecto;\n\naplicação dos termos contratados com o receptor do software (o cliente);\n\naplicação das medições e métricas planeadas;\n\nmonitorizar e adaptar os planos consoante a evolução do projecto e em alguns casos abandonar o mesmo;\n\norganização e desenvolvimento de relatórios sobre o progresso.');
INSERT INTO TopicTranslations(topic, language, name, description) VALUES (42,'PT_PT', 'Revisão e Avaliação', 'Sobre o acompanhamento e avaliação periódica do projecto quanto aos objectivos e satisfação do cliente;\n\ndeterminar a satisfação do cliente quanto aos requisitos;\n\navaliação e revisão da performance dos métodos, ferramentas e recursos aplicados no projecto.');
INSERT INTO TopicTranslations(topic, language, name, description) VALUES (43,'PT_PT', 'Término do Projecto', 'Sobre a finalização do projecto na sua totalidade ou numa milestone;\n\ndeterminar a âmbito de “término” quer a nível total ou parcial (e.g. um número pré-acordado de requisitos implementados pode ser um término de fase assim como todos os requisitos acordados e a respectiva documentação pode ser o término total);\n\nas actividades de término de projecto (como o arquivamento de documentação, por quanto tempo manter documentação, actualização de estados de projecto, elaborar documentos de “Lições aprendidas”, etc.).');
INSERT INTO TopicTranslations(topic, language, name, description) VALUES (44,'PT_PT', 'Medições de Engenharia de Software', 'Sobre a aplicação de medições ao nível do projecto, processos e produtos de trabalho;\n\nestabelecimento e incentivo de medições (quais as medições, qual o âmbito, aplicação das medições pelas equipas, etc.);\n\nplaneamento de processos de medições;\n\naplicação de medições nos processos com todos os dados relevantes coleccionados e documentação das mesmas;\n\navaliação das medições e aplicação de correcções ou melhoramentos se necessário.');
INSERT INTO TopicTranslations(topic, language, name, description) VALUES (45,'PT_PT', 'Ferramentas de Gestão de Engenharia de Software', 'Sobre as ferramentas usadas para auxílio à gestão de um projecto de software (planeamento e acompanhamento do estado de projecto, ferramentas de gestão de risco, ferramentas de comunicação e ferramentas de medição). Estas são também tipicamente software.' );

INSERT INTO TopicTranslations(topic, language, name, description) VALUES (46,'PT_PT', 'Definição de Processo de Software', 'Sobre a definição daquilo que é um processo de software e o que o compõe;\n\ninputs requeridos, actividades de trabalho transformativas e os outputs gerados;\n\ndecomposição do processo em unidades de trabalho;\n\ncargos e competências;\n\ntécnicas, ferramentas e notações;\n\ngestão de processos de software, a sua eficiência para um projecto e os impactos que advenham da sua troca por outro.'  );
INSERT INTO TopicTranslations(topic, language, name, description) VALUES (47,'PT_PT', 'Ciclos de Vida de Software', 'Sobre as diferentes categorias de modelos de ciclos de vida do desenvolvimento de software;\n\ncategorias de processos de software, tais com processos primários (para desenvolvimento, operação e manutenção de software), processos de suporte (para gestão das configurações, controlo de qualidade, verificação e validação), processos organizacionais (treino, gestão de infra-estruturas, gestão de portefolio, etc.), processos inter-projectos (transversais a vários projectos);\n\nmodelos de ciclo de vida do software (modelos preditivos ou lineares como o modelo cascata vs modelos iterativos como o modelo espirar vs modelos ágeis de desenvolvimento como scrum);\n\nadaptação de processos de software existentes às necessidades do projecto, organização ou desenvolvimentos tecnológicos.' );
INSERT INTO TopicTranslations(topic, language, name, description) VALUES (48,'PT_PT', 'Avaliação e Melhoramento de Processos de Software', 'Sobre o acompanhamento do desempenho dos processos e a sua potencial alteração de modo a melhor responderem às necessidades específicas do projecto ou organização;\n\nos diferentes modelos e métodos (qualitativos que são sujeitos ao julgamento especializado ou quantitativos que são realizados com base em métricas);\n\nmodelos de melhoria iterativa de processos (como por exemplo o Plan-Do-Check-Act);\n\nsistemas de avaliação e pontuação de processos.');
INSERT INTO TopicTranslations(topic, language, name, description) VALUES (49,'PT_PT', 'Medidas para Processos de Software', 'Sobre as diferentes medidas e técnicas de medição usadas para os processos de software;\n\nmedidas de determinação da eficiência de um processo (como medidas de esforço, horas-homem, dias-homem, custos monetários do processo ou fase de processo) ou do produto em si;\n\na qualidade das medidas a usar para processos e produtos;\n\nrecurso a software com modelos de análise de processos que permitem testar vários parâmetros dos processos usados e determinar possíveis pontos de melhoria;\n\ntécnicas de medição de processos quantitativas (medição directa de número de defeitos, horas-homem, entre outras e respectiva análise por métodos estatísticos) e técnicas qualitativas (como questionários ou entrevistas).');
INSERT INTO TopicTranslations(topic, language, name, description) VALUES (50,'PT_PT', 'Ferramentas de Processos de Engenharia de Software', 'Sobre todo o tipo de ferramentas relacionadas com os processos de software, com por exemplo diagramas de BPMN, folhas de cálculo, diagramas de UML ou até software de gestão de projectos.');

INSERT INTO TopicTranslations(topic, language, name, description) VALUES (51,'PT_PT', 'Modelação', 'Sobre os princípios gerais de modelação de software, sendo estes “Modelar o essencial”, “Providenciar uma perspectiva sobre o problema” e “Permitir a comunicação eficaz”;\n\nas propriedades de modelos (completude, consistência e exactidão) e expressão de modelos (conceito de entidade e relacionamento e os seus significados de acordo como tipo de modelo);\n\na sintaxe e a semântica das linguagens de modelação (textuais ou gráficas);\n\nos conceitos de pré-condição, pós-condição e invariantes.');
INSERT INTO TopicTranslations(topic, language, name, description) VALUES (52,'PT_PT', 'Tipos de Modelos', 'Sobre os diferentes tipos de modelos usados para software;\n\nmodelos de informação (que identificam e definem um conjunto de conceitos, propriedades, relacionamentos e restrições em entidades de dados);\n\nmodelos comportamentais (identificam e definem as funções do software a ser modelado, os exemplos comuns são máquinas de estado, modelos de controlo de fluxo e modelos de fluxos de dados);\n\nmodelos estruturais (definem a composição lógica ou física das suas diferentes partes, exemplos disso são os diagramas de classe, de objectos e de packages).');
INSERT INTO TopicTranslations(topic, language, name, description) VALUES (53,'PT_PT', 'Análise de Modelos', 'Sobre as técnicas de inspecção crítica de modelos pelo engenheiro;\n\nanálise de completude;\n\nanálise de consistência;\n\nanálise de exactidão;\n\nrastreamento entre requisitos, modelos e funcionalidade implementada;\n\nanálise de interacção entre modelos e funcionalidade.');
INSERT INTO TopicTranslations(topic, language, name, description) VALUES (54,'PT_PT', 'Métodos de Engenharia de Software', 'Sobre as abordagens organizadas e sistemáticas ao desenvolvimento de software para um computador alvo;\n\nMétodos Heurísticos, que são baseados na experiência e largamente praticados pela indústria (tais como métodos de Análise Estruturada que tratam o software como um conjunto hierárquico de funções, métodos de Modelação de Dados que se focam na forma e relacionamento dos dados para organizações cujo princial activo é precisamente os dados e por fim Métodos Orientados aos Objectos, cujo software é um conjunto de objectos que representam o mundo real, encapsulam dados e têm comportamento);\n\nMétodos Formais que utilizam uma notação matemática rigorosa que permite definir, refinar, derivar e verficar software;\n\nMétodos de Prototipagem cuja finalidade é desenvolver uma pequena parte ou parte incompleta do software (normalmente a menos bem compreendida) de modo a poder refiná-la com recurso a input crítico do protótipo;\n\nMétodos Ágeis de desenvolvimento, caracterizados por desenvolvimentos iterativos curtos com alta participação de elementos da equipa (métodos como Extreme Programming, scrum ou Cristal Clear).' );
                                                                            
INSERT INTO TopicTranslations(topic, language, name, description) VALUES (55,'PT_PT', 'Fundamentos da Qualidade de Software', 'Sobre os princípios gerais do que define qualidade para os stakeholders;\n\na instalação de uma cultura e uma ética de trabalho orientada à qualidade;\n\no valor de desenvolver software de qualidade e o impacto que isso tem  nos custos do mesmo;\n\ncaracterísticas e modelos de qualidade a nível de processos e do produto em si;\n\ntécnicas de melhoramento de qualidade (como Plan-Do-Check-Act, kaizen ou Quality Function Deployment);\n\nconceitos de software para sistemas críticos e o impacto que a qualidade tem nestes sistemas.');
INSERT INTO TopicTranslations(topic, language, name, description) VALUES (56,'PT_PT', 'Processos de Gestão de Qualidade de Software', 'Sobre os processos que asseguram que produtos de software, serviços e modelos de ciclo de vida respondem aos objectivos  organizacionais de qualidade e satisfação de stakeholders;\n\na garantia de qualidade de software (vulgo Quality Assurance);\n\nverificação e validação da qualidade;\n\nrevisão e auditoria de processos e produtos de software.');
INSERT INTO TopicTranslations(topic, language, name, description) VALUES (57,'PT_PT', 'Considerações Práticas', 'Sobre os problemas práticos que têm um impacto na qualidade do software: o modo como os requisitos influenciam a gestão da qualidade, tais como o tipo de segurança do sistema, o ambiente físico, o orçamento do projecto, o grau de dependência do mesmo (software crítico implica um processo de qualidade elevado);\n\nos diferentes tipos de defeitos do software (erro computacional, erro humano, defeito, falta e falha);\n\nas técnicas de gestão da qualidade do software, como técnicas estáticas (análise de código-fonte, análise de design, métodos formais, etc.), técnicas dinâmicas (execução de código, simulação, debugging), teste de software executado por individuos fora da equipa de desenvolvimento para verificar a conformidade do software à sua especificação;\n\nmedição da qualidade do software (com recurso a métricas de qualidade, análise estatística, análise de tendência, etc.) com a finalidade de ter uma vista geral sobre a qualidade do produto e sobre as partes problemáticas do mesmo.' );
INSERT INTO TopicTranslations(topic, language, name, description) VALUES (58,'PT_PT', 'Ferramentas de Qualidade de Software', 'Sobre as ferramentas de auxílio aos processos de qualidade de software, tais como ferramentas de análise estática de sintaxe e semântica de código (tal como compiladores, Java Mission Control, etc) e ferramentas de análise dinâmica de código (como debuggers).' );
                                                                           
INSERT INTO TopicTranslations(topic, language, name, description) VALUES (59,'PT_PT', 'Profissionalismo', 'Sobre a aderência do engenheiro a códigos de ética, conduta profissional e práticas standard estabelecidas pela sua comunidade profissional;\n\nacreditação, certificação e licenciamento;\n\ncódigos de ética e conduta profissional definidos pela sua comunidade profissional (como o código de ética da ACM e IEEE);\n\nas sociedades profissionais e a sua função (por exemplo a IEEE ou a Ordem dos Engenheiros);\n\nos Standards de Engenharia de Software (por exemplo os múltiplos standards da IEEE para Engenharia de Software);\n\no impacto económico do software;\n\nos variados tipos de contratos de trabalho e características;\n\nas questões legais (como marcas registadas, propriedade intelectual, uso justo, cibercrime, direitos de cópia);\n\na criação de documentação e os seus trâmites;\n\nnegociações (de requisitos, funcionalidades, contratos, etc.).');
INSERT INTO TopicTranslations(topic, language, name, description) VALUES (60,'PT_PT', 'Dinâmica de Grupo e Psicologia', 'Sobre as questões relacionadas com trabalho em equipa e diferentes grupos de individuos como clientes ou colaboradores;\n\nquestões relacionadas com trabalho em grupo (honestidades intelectual, admissão de ignorância, admissão de erros, adaptabilidade);\n\nos factores que afectam a cognição pessoal (volume de dados, complexidade de problemas, incapacidade de exprimir os problemas, incapacidade de consultar com outros, etc.);\n\ncomo lidar com problemas complexos (trabalho em equipa, decomposição de problemas, etc.);\n\ncomo interagir com stakeholders;\n\nlidar com incerteza e ambiguidade nos problemas de desenvolvimento;\n\nlidar com problemas de multiculturalismo de equipas ou clientes.');
INSERT INTO TopicTranslations(topic, language, name, description) VALUES (61,'PT_PT', 'Habilidades de Comunicação', 'Sobre as capacidades de comunicação orais e de escrita do engenheiro;\n\nleitura de material técnico, compreensão e resumo;\n\nhabilidades de escrita de documentos relevantes aos processos de software (requisitos, documentação de software, contratos, etc.);\n\ncomunicação eficaz com equipas ou grupos;\n\nhabilidades de criar e executar apresentações (de ideias, de produtos, pitches, etc.).');

INSERT INTO TopicTranslations(topic, language, name, description) VALUES (62,'PT_PT', 'Fundamentos de Economia', 'Sobre os conceitos base de Economia;\n\nfinanças e contabilidade;\n\ncontrolo de custos;\n\ncash flow;\n\nprocessos de tomada de decisões (orientada à Economia);\n\nconceito de valorização;\n\ninflação e depreciação;\n\ntaxação (impostos);\n\nvalor temporal do dinheiro (a oscilação do valor do dinheiro ao longo do tempo);\n\neficiência económica;\n\neficácia;\n\ndefinição de produtividade.' );
INSERT INTO TopicTranslations(topic, language, name, description) VALUES (63,'PT_PT', 'Economia de Ciclos de Vida', 'Sobre os conceitos económicos aplicados à actividade do software ao longo do seu ciclo de vida;\n\nconceitos de produto, projecto, programa, portefolio, ciclo de vida de um produto, ciclo de vida de um projecto, propostas e tipos de propostas;\n\ndecisões de investimento;\n\nhorizonte de planeamento (sobre os custos económicos relacionados com investimentos num determinado prazo, como o tempo de vida de um produto de sotware e o seu impacto económico numa empresa);\n\nconceito de preço e estabelecimento de políticas de preços;\n\nconceito de custo e gestão de custos;\n\nmedição de performance económica;\n\ngestão do valor ganho (técnica económica que permite um controlo eficaz de custos comparando o valor já criado com o orçamento projectado e com o custo calendarizado até esse momento);\n\ndecisões de terminação de um produto baseadas em economia;\n\ndecisões de troca (troca de um software antiquado por um novo em vez de o manter) ou descontinuação (de um produto ou de actividade como um todo).');
INSERT INTO TopicTranslations(topic, language, name, description) VALUES (64,'PT_PT', 'Risco e Incerteza', 'Sobre os conceitos de objectivo económico, estimativas e planeamento;\n\ntécnicas de estimação (como analogias, estimação por partes, métodos estatísticos, etc.);\n\nreagir a incerteza (como utilizar estimativas de diversos âmbitos, adiar decisões finais, etc.);\n\ntécnicas de prioritização;\n\ntécnicas de tomada decisões sob risco (como árvores de decisão, análise de Monte Carlo, etc.);\n\ntécnicas de tomada de decisões sob incerteza (como Regra de Laplace, Regra de Hurwicz, etc.).');
INSERT INTO TopicTranslations(topic, language, name, description) VALUES (65,'PT_PT', 'Métodos de Análise Económica', 'Sobre os diferentes métodos de análise ecónomica aplicáveis dependendo do tipo de organização, finalidade ou objectivos do software: análise de decisão de organizações com fins lucrativos;\n\nmínimo rácio de retorno aceitável (critério de escolha de investimentos baseado num retorno percentual mínimo);\n\nretorno de investimento (rácio entre o valor ganho relativamente ao investido);\n\nretorno do capital aplicado;\n\nanálise custo-benefício;\n\nanálise custo-efectividade;\n\nanálise de break-even (igualdade entre custos e rendimentos);\n\ncaso de negócio (apresentação estruturada e consolidada sobre uma proposta de negócio a partir de diferentes perspectivas de decisão como custos, benefícios, risco, etc.);\n\navaliação a multiplos atributos (a nível de outras propriedades que não simplesmente dinheiro);\n\nanálise de optimização.');
INSERT INTO TopicTranslations(topic, language, name, description) VALUES (66,'PT_PT', 'Considerações Práticas', 'O princípio do “Suficientemente Bom” (quando o custo de adicionar uma nova funcionalidade - ou investir em algo não essencial - não pode ser medido este princípio é um indicador de quando o estado desta funcionalidade é suficientemente boa para ser entregue);\n\nmercados sem fricção (sempre que existem entraves a uma competição perfeita, sejam custos de transporte, estabelecimentos, proteccionismo e, particularmente no software, não-neutralidade de internet ou limitação de venda de aplicações em lojas especificas);\n\necossistemas (quando as qualidades ou atributos de um produto são melhoradas devido à existência de terceiros que de alguma forma interagem com  produto, como por exemplo, uma aplicação que é integrada ou configurada à medida por uma empresa externa);\n\noffshoring (o desenvolvimento de uma actividade económica fora do território de operação da organização por razões de custos ou de défices de qualidade) e outsourcing (a execução de tarefas para uma organização por uma entidade externa quando essas actividades poderiam ser feitas pela organização).');
                                                                           
INSERT INTO TopicTranslations(topic, language, name, description) VALUES (67,'PT_PT', 'Técnicas de Resolução de Problemas', 'Sobre a definição de resolução de problemas;\n\nformulação de problemas reais;\n\nanálises de problemas;\n\ndesenhar uma estratégia de procura de soluções;\n\nresolução de problemas com recurso a programas de computadores.' );
INSERT INTO TopicTranslations(topic, language, name, description) VALUES (68,'PT_PT', 'Abstracção' ,'Sobre os conceitos inerentes à abstracção - genericamente definida como “o processo e o resultado da generalização através da redução da informação a um conceito, um problema ou um fenómeno observável de modo a permitir o foco no panorâma geral;\n\nos níveis de abstracção;\n\nconceito de encapsulamento;\n\nhierarquia de abstracções.');
INSERT INTO TopicTranslations(topic, language, name, description) VALUES (69,'PT_PT', 'Fundamentos de Programação' ,'Sobre os conceitos-base de programação – a criação de programas de computador com recurso a código;\n\no processo de programação (desenho, escrita, teste, debug e manutenção);\n\nas características dos diferentes paradigmas de programação (não-estruturada, estruturada, procedimental, imperativa, orientada aos objectos, funcional, orientada aos aspectos, etc).');
INSERT INTO TopicTranslations(topic, language, name, description) VALUES (70,'PT_PT', 'Bases de Linguagens de Programação' ,'Sobre as linguagens em que é possível escrever código com a finalidade de criar programas para um computador;\n\na sintaxe e semântica de uma linguagem;\n\nlinguagens de baixo nível, linguagens de alto nível;\n\ndiferenças entre linguagens declarativas e imperativas.');
INSERT INTO TopicTranslations(topic, language, name, description) VALUES (71,'PT_PT', 'Técnicas e Ferramentas de Debugging' ,'Sobre o processo de encontrar e corrigir problemas no software escrito;\n\nos diferentes tipos de erros (de sintaxe, erros lógicos, erros de dados, etc.);\n\ntécnicas de debugging (um passo de cada vez, recurso a breakpoints, recurso a pontos de observação, etc.);\n\nferramentas de debugging (como debuggers ou ferramentas de análise de código estático).');
INSERT INTO TopicTranslations(topic, language, name, description) VALUES (72,'PT_PT', 'Estruturas e Representação de Dados' ,'Sobre a organização e formas de expressão de dados para uso por programas;\n\ntipos de estruturas de dados (listas, filas, pilhas, tabelas, tabelas de hash, etc.);\n\nas diferentes operações em diferentes estruturas de dados (CRUD – create,read,update e delete, operações de encontro de elementos, travessia, ordenação).');
INSERT INTO TopicTranslations(topic, language, name, description) VALUES (73,'PT_PT', 'Algoritmos e Complexidade' ,'Sobre a escrita organizada de programas em algoritmos – uma estratégia definida numa série de passos com vista à resolução de um problema;\n\nos atributos de algoritmos (modularidade, funcionalidade, robustez, simplicidade, etc.);\n\nanálise de algoritmos (análise do pior caso, análise do caso médio, notação Big-O,etc.);\n\nestratégias de design de algoritmos (força-bruta, divide and conquer, algoritmos gulosos, programação dinâmica, etc.);\n\nestratégias de análise de algoritmos (contagem de passos, análise assimptótica, análise probabilística, etc.).');
INSERT INTO TopicTranslations(topic, language, name, description) VALUES (74,'PT_PT', 'Conceitos Básicos de um Sistema' ,'Sobre a definição de um sistema;\n\nas propriedades de um sistema;\n\npropriedades emergentes de um sistema;\n\nengenharia de sistemas e bases sobre um sistema de computadores.');
INSERT INTO TopicTranslations(topic, language, name, description) VALUES (75,'PT_PT', 'Organização de um Computador' ,'Sobre os quatro níveis em que se divide a organização de um computador (as macro-arquitecturas, micro-arquitecturas, circuitos lógicos e dispositivos);\n\nsistemas digitais (baseados em sinais e código binário);\n\nlógica digital (as operações sobre números binários como AND, OR, etc.);\n\na expressão de dados binários num computador;\n\na unidade de processamento central e o seu funcionamento (CPU);\n\na organização de memória;\n\no funcionamento de dispositivos de I/O.');
INSERT INTO TopicTranslations(topic, language, name, description) VALUES (76,'PT_PT', 'Bases de Compiladores','Sobre o que é um compilador;\n\nas diferenças entre compiladores e interpretadores;\n\no processo de compilação.' );
INSERT INTO TopicTranslations(topic, language, name, description) VALUES (77,'PT_PT', 'Bases de Sistemas Operativos' ,'Sobre os conceitos de um sistemas operativo;\n\nas tarefas de um sistemas operativo;\n\nos diferentes tipos de sistemas operativos (batch, sistemas em time-sharing, sistemas em tempo real, sistemas operativos distribuídos, sistemas embebidos, sistema operativo de servidor, sistema operativo móvel, sistema operativo de computador pessoal, etc.).');
INSERT INTO TopicTranslations(topic, language, name, description) VALUES (78,'PT_PT', 'Bases de Dados e Gestão de Dados' ,'Sobre os conceitos de uma base de dados;\n\nentidade e esquema;\n\nos diferentes sistemas de gestão de bases de dados (Oracle, MS SQL Server, Postgre, etc.);\n\nlinguagem de interpelação de bases de dados – como SQL – as suas características e como a usar;\n\norganização e manipulação de um sistema de gestão de bases de dados;\n\nmineração de dados (a descoberta de padrões e relações pouco óbvias entre os dados).');
INSERT INTO TopicTranslations(topic, language, name, description) VALUES (79,'PT_PT', 'Bases de Comunicação em Redes', 'Sobre os diferentes tipos de redes (rede pessoal, rede local, wide area network, internet, etc.);\n\nos conceitos básicos de redes (os seus componentes e as diferentes funções destes);\n\nos protocolos e standards de redes (pilha OSI e seus componentes como TCP/IP, UDP, Bluetooth, etc.);\n\na Internet;\n\na Internet das Coisas;\n\nredes virtuais privadas (vulgo VPN).');
INSERT INTO TopicTranslations(topic, language, name, description) VALUES (80,'PT_PT', 'Computação Paralela e Distribuída' , 'Sobre os conceitos básicos sobre o que é computação paralela e computação distribuída;\n\nas diferenças entre estes dois paradigmas;\n\nmodelos de computação paralela (memória partilhada, passagem de mensagens, etc.);\n\nos principais problemas na computação distribuída.');
INSERT INTO TopicTranslations(topic, language, name, description) VALUES (81,'PT_PT', 'Factores Básicos de Utilização Humana' , 'Sobre os problemas típicos que advêm da utilização de software pelos utilizadores humanos;\n\nconsiderações sobre o I/O (como mostrar o output a utilizadores, qual o formato mais adequado, qual a maneira mais agradável de apresentar, etc.);\n\nmensagens de erro (como explicar claramente o que aconteceu e como resolver, qual o tipo de linguagem, etc.);\n\nrobustez de software (como o software tolera o uso incorrecto por pessoas, como recuperar de maneira a não desincentivar o uso por pessoas, etc.).');
INSERT INTO TopicTranslations(topic, language, name, description) VALUES (82,'PT_PT', 'Factores Básicos de Desenvolvimento por Humanos' , 'Sobre os problemas comuns que advêm de o software ser construído e mantido por humanos e como a sua escrita afecta estas actividades;\n\ncomo estruturar o código para facilitar compreensão;\n\ncomo escrever comentários que facilitem o trabalho dos responsáveis presentes e futuros do software.');
INSERT INTO TopicTranslations(topic, language, name, description) VALUES (83,'PT_PT', 'Desenvolvimento e Manutenção Segura' , 'Sobre as práticas e regras seguidas com a finalidade de tornar o software mais seguro em todas as suas fases, quer a nível de requisitos, como construção e teste.');
                                                                           
INSERT INTO TopicTranslations(topic, language, name, description) VALUES (84,'PT_PT','Conjuntos, Relacionamentos e Funções' ,'Sobre os conceitos matemáticos e lógicos sobre os conjuntos (colecção de elementos), as suas propriedades e as suas operações (intesecção, união, produto cartesiano, etc.);\n\nsobre relacionamentos (associações entre dois conjuntos de informação);\n\nsobre funções matemáticas (uma relação de comportamento conhecido que exprime o mapeamento entre elementos de domínios).' );
INSERT INTO TopicTranslations(topic, language, name, description) VALUES (85,'PT_PT','Lógica Básica' , 'Sobre a lógica proposicional, a sua terminologia e leis (variáveis Booleanas, operações booleanas, Leis de Identidade, Leis Distributivas, Leis de De Morgan, etc.): a lógica de Predicados, as suas propriedades, terminologia e leis.');
INSERT INTO TopicTranslations(topic, language, name, description) VALUES (86,'PT_PT','Técnicas de Prova' ,'Sobre os argumentos que estabelecem rigorosamente a verdade de uma afirmação;\n\nos métodos de prova de um teorema (provas por contradição, provas por indução, etc.).' );
INSERT INTO TopicTranslations(topic, language, name, description) VALUES (87,'PT_PT','Bases da Contagem' ,'Sobre as acções que permitem encontrar o número de elementos num conjunto finito de elementos e suas regras (regra da soma, regra do produto, etc.) e princípios;\n\nprincípio da inclusão-exclusão;\n\ndefinição de recursividade, aleatoriedade, probabilidade, permutação e combinação.' );
INSERT INTO TopicTranslations(topic, language, name, description) VALUES (88,'PT_PT','Grafos e Árvores' , 'Sobre os diferentes tipos de grafos (grafos direccionados, grafos não-direccionados, etc.), a sua terminologia (vértices, nós, peso, arestas, etc.) e operações (travessia, conexões, etc.);\n\nos diferentes tipos de árvores, as suas propriedades e operações (travessias, adições, etc.).' );
INSERT INTO TopicTranslations(topic, language, name, description) VALUES (89,'PT_PT','Probabilidade Discreta' ,'Sobre a descrição matemática da aleatoriedade a sua terminologia, propriedades e operações.' );
INSERT INTO TopicTranslations(topic, language, name, description) VALUES (90,'PT_PT','Máquinas de Estado Finitas' , 'Sobre as máquinas de estados finitos (a abstracção matemática composta por um número finito de estados e as transições entre estes), a sua terminologia e operações.');
INSERT INTO TopicTranslations(topic, language, name, description) VALUES (91,'PT_PT','Gramáticas' , 'Sobre as gramáticas de linguagens formais, a sua terminologia (vocabulário, frase, terminais, símbolo, etc.);\n\nos tipos de gramáticas existentes (gramática livre de contexto, gramática sensível ao contexto, etc.).');
INSERT INTO TopicTranslations(topic, language, name, description) VALUES (92,'PT_PT','Precisão numérica, exactidão e erros' , 'Sobre os problemas que recorrem na representação de números;\n\no carácter finito da precisão de representação de números num computador;\n\ntécnicas de arredondamentos;\n\nalgarismos significativos;\n\ntipos de erros (relativos, absolutos).');
INSERT INTO TopicTranslations(topic, language, name, description) VALUES (93,'PT_PT','Teoria dos Números' ,'Sobre os números;\n\nos tipos de números (inteiro, racional, real, complexo, imaginário etc.);\n\nterminologia e operações (divisão, mod, módulo);\n\nos números primos, a sua utilidade a sua aplicação (como criptografia).' );
INSERT INTO TopicTranslations(topic, language, name, description) VALUES (94,'PT_PT','Estruturas Algébricas' ,'Sobre as estruturas algébricas (definidas como conjuntos sujeitos a algumas operações e que satisfaçam um número de axiomas);\n\nsobre grupos, as suas propriedades (associação, identidade, fecho, etc.) e tipos (monóide, subgrupo);\n\nanéis (um conjunto com duas operações binárias - normalmente adição e multiplicação - onde cada operação combina dois elementos para formar um terceiro).' );
                                                                           
INSERT INTO TopicTranslations(topic, language, name, description) VALUES (95 ,'PT_PT','Métodos Empíricos e Técnicas Experimentais' ,'Sobre como propôr soluções ou modelos de solução e realizar experiências para resolver problemas;\n\ncriação de experiências controladas (formular hipóteses, criar pré-condições, observar variáveis, relacionamento entre resultados, etc.);\n\nestudo observacional com recurso a contextualização;\n\nestudo retrospectivo, também conhecido como estudo histórico (análise de  dados históricos com a finalidade de encontrar relacionamentos entre dados e prever eventos futuros.' );
INSERT INTO TopicTranslations(topic, language, name, description) VALUES (96 ,'PT_PT','Análise Estatística' ,'Sobre a capacidade de atingir resultados generalizaveis através do estudo de uma população limitada de amostras de resultados prévios (i.e. com recurso a estatística);\n\nos conceitos estatísticos de amostra, população, unidade de análise, variável aleatória, evento, distribuição de variáveis, estimação, tipos de estimativas, propriedades de estimadores e testes de hipóteses estatísticas;\n\ncorrelação e regressão.' );
INSERT INTO TopicTranslations(topic, language, name, description) VALUES (97 ,'PT_PT','Medição' ,'Sobre a problemática da medição no software e as suas diferenças fundamentais para outros atributos de medição mais simples;\n\nos conceitos de níveis (ou escalas) de medição (nominal, ordinal, intervalar e por rácios);\n\nmedidas directas versus medidas indirectas;\n\nconfiabilidade e validade de uma medida;\n\navaliação de confiabilidade de medidas.' );
INSERT INTO TopicTranslations(topic, language, name, description) VALUES (98 ,'PT_PT','Desenho de Engenharia' ,'Sobre os desafios que a elaboração de uma solução estruturada para um problema de engenharia representam para o engenheiro, sendo que o desenho neste caso não tem nada que ver com o seu conceito tradicional - a representação gráfica - mas sim com o planeamento ou arquitectura de uma solução para um problema, o seu processo e as suas fases (definição de um problema, obtenção de informação pertinente, geração de múltiplas soluções, análise e selecção de uma solução, implementação da solução).' );
INSERT INTO TopicTranslations(topic, language, name, description) VALUES (99 ,'PT_PT','Modelação, Simulação e Prototipagem' ,'Sobre os conceitos e técnicas de modelação (o processo de representação de parte ou totalidade de um sistema recorrendo a abstracções) e os seus diferentes tipos (icónico, analógico e simbólico);\n\no conceito de simulação (condução de experiências em modelos com a finalidade de melhorar a compreensão sobre o mesmo) e a sua construção;\n\no conceito de protótipo (uma representação inicial, parcial ou incompleta de um sistema) e a sua utilização.' );
INSERT INTO TopicTranslations(topic, language, name, description) VALUES (100,'PT_PT','Standards' ,'Sobre o conceito de standard (requisito, especificação, guia ou característica que deve ser observado por engenheiros de modo que produtos, processos e materiais tem níveis aceitáveis de qualidade);\n\nos diferentes tipos de standards existentes;\n\na conformidade mensurável com standards;\n\nas diferentes entidades que produzem standards internacionais de engenharia.' );
INSERT INTO TopicTranslations(topic, language, name, description) VALUES (101,'PT_PT','Análise de Causa' ,'Sobre o processo de investigação e identificação de como e porque aconteceu um evento indesejável e sua causa de raíz (i.e. o que deu origem ao evento);\n\nas principais técnicas para conduzir este tipo de análise (métodos de revisão, diagramas de estado presente vs estado desejável, revisão por terceiros, árvores de falha, etc.);\n\nas ferramentas de auxílio à análise (diagramas de causa-efeito, histogramas, diagramas de Pareto, etc.).' );

INSERT INTO TopicTranslations(topic, language, name, description) VALUES (102,'PT_PT','Nenhuma das Áreas do Conhecimento', 'Para qualquer tópico do programa que não encaixa em qualquer das Áreas do Conhecimento.' );

-- English 
INSERT INTO TopicTranslations(topic, language, name, description) VALUES (1, 'EN_UK', 'Software Requirements Fundamentals', 'Covers the definition of a software requirement; the difference between a product requirement and a process requirement; the difference between functional and non-functional requirements; interdependent requirements; how to classify requirements quantitatively; and the difference between system and software requirements.');
INSERT INTO TopicTranslations(topic, language, name, description) VALUES (2, 'EN_UK', 'Requirements Process', 'Covers the continuous nature of the requirements process and its adaptability to the context of the project or organization; the different actors in the process (often known as stakeholders); how to manage a requirements process and how to assess and improve its quality.');
INSERT INTO TopicTranslations(topic, language, name, description) VALUES (3, 'EN_UK', 'Requirements Elicitation', 'Covers the sources of requirements (such as domain knowledge, stakeholders, business rules, etc.) and the techniques for collecting them effectively (such as interviews, scenarios, prototypes, meetings, etc.).');
INSERT INTO TopicTranslations(topic, language, name, description) VALUES (4, 'EN_UK', 'Requirements Analysis', 'Covers how to classify requirements according to their type, importance, stability, or scope; and conceptual modeling (such as use cases, data models, state models, etc.).');
INSERT INTO TopicTranslations(topic, language, name, description) VALUES (5, 'EN_UK', 'Requirements Specification', 'Covers the production of a set of documents on the requirements that can be systematically reviewed, evaluated, and approved. These documents are: the System Definition, the System Requirements Specification, and the Software Requirements Specification (derived from the system requirements).');
INSERT INTO TopicTranslations(topic, language, name, description) VALUES (6, 'EN_UK', 'Requirements Validation', 'Covers the techniques for validating the requirements gathered, such as: peer review, prototyping, model validation, and acceptance testing.');
INSERT INTO TopicTranslations(topic, language, name, description) VALUES (7, 'EN_UK', 'Practical Considerations', 'Covers the practical aspects of requirements; the iterative nature of the requirements process; the management of requirements changes (as a whole or in only some of their attributes); requirements traceability; and measurement of the weight of requirements in the event of a product change.');

INSERT INTO TopicTranslations(topic, language, name, description) VALUES (8, 'EN_UK', 'Software Design Fundamentals', 'Covers the general concepts of design (such as objective, constraints, alternatives, context, etc.); the design process (difference between architectural and detailed design); and the principles of software design (such as abstraction, coupling, cohesion, decomposition, modularization, encapsulation, separation of interface and implementation, sufficiency, completeness, etc.).');
INSERT INTO TopicTranslations(topic, language, name, description) VALUES (9, 'EN_UK', 'Key Issues in Software Design', 'Covers typical problems in software design such as concurrency: event control; data persistence; distribution of components and communication between them; error handling and fault tolerance; interaction and presentation; and security.');
INSERT INTO TopicTranslations(topic, language, name, description) VALUES (10, 'EN_UK', 'Software Structure and Architecture', 'Covers the ways to organize software at various levels of abstraction from macro-architecture to detailed code design; the different architectural styles such as layered construction, distributed systems (Client-Server, Three-Tiers, Broker), interactive systems (Model-View-Controller, Presentation-Abstraction-Control), adaptable systems (microkernel or reflection), and others; Design Patterns (such as builder, factory, adapter; bridge, iterator, strategy, etc.); the decision-making aspect of the design process; and software program families and frameworks.');
INSERT INTO TopicTranslations(topic, language, name, description) VALUES (11, 'EN_UK', 'User Interface Design', 'Covers effective communication with the software user; basic UI principles (ease of learning, familiarity, consistency, minimal surprise, diversity of use, etc.); dealing with common problems (user interaction and information presentation); typical interaction modes (question-and-answer, direct manipulation, menu selection, forms, command languages, natural language); how to present information (number of colors, color changes, color coding, visualization for people with special needs); the UI design process (user analysis, software prototyping, evaluation of the developed user interface); adapting the UI for localization and internationalization; and metaphors and conceptual models (such as using universally recognized icons for various common actions, such as using a scroll wheel to represent settings).');
INSERT INTO TopicTranslations(topic, language, name, description) VALUES (12, 'EN_UK', 'Quality Analysis and Evaluation', 'Covers the quality attributes of design (such as portability, testability, robustness, performance, security, reusability, etc.); quality assessment techniques (such as third-party design review, formal static analysis - with mathematical models - or informal, simulation or prototyping); and software metrics for its size, structure, or quality.');
INSERT INTO TopicTranslations(topic, language, name, description) VALUES (13, 'EN_UK', 'Software Design Notations', 'Covers the representation of design in different universally understood artifacts; structure descriptions (class and object diagrams, component diagrams, class responsibility cards, entity-relationship diagrams, interface description languages, etc.); and descriptions of behaviors and dynamics between components (activity diagrams, communication diagrams, data flow diagrams, decision tables and diagrams, sequence diagrams, state transition diagrams, pseudocode, etc.).');
INSERT INTO TopicTranslations(topic, language, name, description) VALUES (14, 'EN_UK', 'Software Design Strategies and Methods', 'Covers how to design a system in one or more well-defined paradigms, such as Functional, Object-Oriented, Data-Structure-Centric, and Component-Centric; and general design strategies such as divide-and-conquer, top-down, bottom-up, etc.');
INSERT INTO TopicTranslations(topic, language, name, description) VALUES (15, 'EN_UK', 'Software Design Tools', 'Covers tools that help create software design artifacts, typically software itself, which can, for example, create models and diagrams or enable quality analysis of models.');

INSERT INTO TopicTranslations(topic, language, name, description) VALUES (16, 'EN_UK', 'Software Construction Fundamentals', 'Covers the fundamental concepts of software construction, which are: Minimization of Complexity, Anticipation of Changes, Construction for Verification, Reuse, and Construction Standards (relating to the conventions of the programming languages used, such as variable naming or indentation, etc.).');
INSERT INTO TopicTranslations(topic, language, name, description) VALUES (17, 'EN_UK', 'Construction Management', 'Covers how to manage a construction process through Life Cycle Models (such as linear Waterfall methodologies or iterative Agile types); construction planning (the order of activities in a construction process - this is highly dependent on the construction model used); and how to measure what is created (statistics on code, scheduling, effort - again, different measures depend on the model chosen, e.g. effort is a typical measure of the scrum methodology).');
INSERT INTO TopicTranslations(topic, language, name, description) VALUES (18, 'EN_UK', 'Practical Considerations', 'Covers the predominantly practical nature of construction; the need to make small-scale adjustments or modifications to the Design during construction; the languages needed to build software - such as configuration languages, scripting languages, programming languages, visual languages, etc.; the characteristics of coding itself (semantic constructs, control structures, error handling, organization of code into classes, ways of documenting code, etc.); construction tests (unit tests and integration tests); construction techniques for reuse by others (such as structuring libraries, using known design patterns); reuse of pre-existing software (use of libraries, public repositories, etc.); quality in construction (code testing, debugging, assertions, defensive programming, code reviews, etc.); and integration of code into a system (phase integration and incremental).');
INSERT INTO TopicTranslations(topic, language, name, description) VALUES (19, 'EN_UK', 'Construction Technologies', 'Covers how to design and use APIs; typical problems of object-oriented paradigms (such as polymorphism and reflection); parameterized and generic types; assertions, interface programming, and defensive programming; error handling; executable models (creating a program by compiling an executable model of a modeling language); state-based and table-based programming; runtime configuration and internationalization; language grammar processing; concurrency primitives (semaphores, mutexes, monitors, etc.); middleware (software that provides services between the OS layer and the application layer); programming for distributed systems; construction of heterogeneous systems (such as Digital Signal Processors or Embedded Systems); performance analysis and tuning (choices of architectures, data structures, or algorithm selection); platform standards (e.g. J2EE vs J2SE); and test-driven development.');
INSERT INTO TopicTranslations(topic, language, name, description) VALUES (20, 'EN_UK', 'Software Construction Tools', 'Covers all kinds of tools (typically also software) that help with software construction, such as IDEs (integrated development environments such as Eclipse, Netbeans, Visual Studio, etc.); GUI builders (now also part of modern IDEs); unit testing tools, and also code profiling tools, performance analysis tools, and slicing tools.');

INSERT INTO TopicTranslations(topic, language, name, description) VALUES (21, 'EN_UK', 'Software Testing Fundamentals', 'Covers the fundamental concepts of testing; the distinction between fault, failure, error, and defect; test case selection; test effectiveness and objectives; testing for defect discovery; theoretical and practical limits of testing; impractical test scenarios; and the relationship of testing to other software lifecycle activities.');
INSERT INTO TopicTranslations(topic, language, name, description) VALUES (22, 'EN_UK', 'Testing Levels', 'Covers the different levels at which software can be tested; by test target (unit testing vs integration testing vs system testing); by test objective (acceptance testing, installation testing, alpha and beta testing; reliability testing, regression testing, performance testing, security testing, stress testing, back-to-back testing, recovery testing, interface testing, configuration testing, and usability testing).');
INSERT INTO TopicTranslations(topic, language, name, description) VALUES (23, 'EN_UK', 'Testing Techniques', 'Covers the different techniques used to find the largest number of possible failures; techniques based on the Engineer''s Intuition (ad hoc and exploratory testing); techniques based on the input domain (equivalent partitioning, combinatorial testing, boundary value testing, random testing); techniques based on code (code control flow testing, data flow testing); techniques based on failures (error guessing, mutation testing); techniques based on usage (typical operational profile testing, user observation heuristics); techniques based on models (decision tables, state machines; formal specifications, workflow models); techniques based on the nature of the application (web application vs mobile application, etc.); and combination of the described techniques.');
INSERT INTO TopicTranslations(topic, language, name, description) VALUES (24, 'EN_UK', 'Testing Metrics', 'Covers the different metrics used to assess the quality of tests; program evaluation metrics (size metrics, typical failures for that type of software, fault density, reliability assessment, reliability growth models); and test execution evaluation metrics (total test coverage, fault introduction, mutation results).');
INSERT INTO TopicTranslations(topic, language, name, description) VALUES (25, 'EN_UK', 'Testing Process', 'Covers how to organize testing activities, strategies, and techniques into a controlled process; practical considerations (creating test guides, process organizers, creating test documentation, test-driven development, creating an independent or internal test team, effort and test estimates, defining test termination, test reuse, and using a test pattern); and testing activities (test planning, test case generation, training environment development, systematic test execution, evaluation of test results, recording of results over time, defect tracking).');
INSERT INTO TopicTranslations(topic, language, name, description) VALUES (26, 'EN_UK', 'Software Testing Tools', 'Covers the tools, typically also software, that help in the selection, execution, and evaluation of tests.');

INSERT INTO TopicTranslations(topic, language, name, description) VALUES (27, 'EN_UK', 'Software Maintenance Fundamentals', 'Covers the basic concepts, terminology, and definitions of software maintenance; the specific role of a software maintenance engineer; maintenance needs (correcting faults, improving software design, adapting to new environments, etc.); software maintenance costs; software evolution as one of the purposes of maintenance; and the different categories of maintenance (corrective, adaptive, perfective, and preventive).');
INSERT INTO TopicTranslations(topic, language, name, description) VALUES (28, 'EN_UK', 'Key Issues in Software Maintenance', 'Covers the main problems that a software maintenance manager faces, such as technical issues (limited understanding of the software in question, testing a system under maintenance, impact analysis of the proposed maintenance, degree of modifiability of a system in production); issues related to the management of the maintenance process (aligning the software maintenance process with the objectives of the responsible organization, managing and motivating maintenance managers, outsourcing maintenance); maintenance cost estimates; and maintenance metrics.');
INSERT INTO TopicTranslations(topic, language, name, description) VALUES (29, 'EN_UK', 'Maintenance Process', 'Covers the life cycle of a maintenance phase (analyzing problems, implementing modifications, approving, discontinuing the product, migrating, etc.); and the activities exclusive to a maintenance engineer (analyzing the state of the software, support tasks, planning maintenance in terms of deadlines and scope of maintenance, managing the configuration of the software under maintenance, ensuring the quality of the software under maintenance).');
INSERT INTO TopicTranslations(topic, language, name, description) VALUES (30, 'EN_UK', 'Maintenance Techniques', 'Covers the techniques used to successfully maintain and/or update software; understanding the software code; techniques for systematic software modification (such as refactoring); software reverse engineering techniques; software migration techniques; and software discontinuation techniques and policies.');
INSERT INTO TopicTranslations(topic, language, name, description) VALUES (31, 'EN_UK', 'Software Maintenance Tools', 'Covers the tools that help with software maintenance, such as software slicing tools (which isolate the parts to be modified), static and dynamic code analyzers; data flow and dependency analyzers; and reverse engineering tools.');

INSERT INTO TopicTranslations(topic, language, name, description) VALUES (32, 'EN_UK', 'Configuration Management Process Management', 'Covers how to organize configuration management; the constraints imposed on the process; typical planning of a configuration management process (who is responsible, what is the project schedule, what tools are to be used, what configurations to provide to third parties, the potential interactions between the software to be controlled and external ones); documentation of configurations and their management and use as guidelines in an organization; ensuring the correct application of the organization''s configurations either through the application of metrics, own tools, or simple audits.');
INSERT INTO TopicTranslations(topic, language, name, description) VALUES (33, 'EN_UK', 'Software Configuration Identification', 'Covers the identification of the entities to be subject to configuration control, the relationships between them, how to define their versioning, rules for creating a baseline, policies for integrating a software item (a file, source code, visual resources, etc.) into configuration control; use and management of software libraries.');
INSERT INTO TopicTranslations(topic, language, name, description) VALUES (34, 'EN_UK', 'Software Configuration Control', 'Covers the control of the normal flow of a software configuration change management process, such as change request, evaluation, and acceptance/rejection of the proposed change; implementation of the change and its tracking, and finally authorization of deviation (of the functionality to be changed) or waiver (idem).');
INSERT INTO TopicTranslations(topic, language, name, description) VALUES (35, 'EN_UK', 'Software Configuration State Recording', 'Covers the recording and reporting of the evolution of the state of software configurations over time; how to capture the state of software items at each moment and how to report them to the organization.');
INSERT INTO TopicTranslations(topic, language, name, description) VALUES (36, 'EN_UK', 'Software Configuration Audit', 'Covers the process of scrutinizing software configurations to ensure that their operation is aligned with the specified requirements (as a whole or at the level of a specific baseline), the planned architecture/design, and is aligned with the documentation.');
INSERT INTO TopicTranslations(topic, language, name, description) VALUES (37, 'EN_UK', 'Software Release and Delivery Management', 'Covers how to organize the delivery of one or more software versions; how to execute a software build process (packaging, distributing different versions simultaneously, different production environments; delivering a complete software product (when to deliver based on the state of the software, what other deliverables are there - such as documentation and release notes).');
INSERT INTO TopicTranslations(topic, language, name, description) VALUES (38, 'EN_UK', 'Software Configuration Management Tools', 'Covers the types of tools used to support effective configuration management, such as version control tools, build tools, customer issue support tools, development team workspace control tools, issue-tracking tools, etc.');

INSERT INTO TopicTranslations(topic, language, name, description) VALUES (39, 'EN_UK', 'Initiation and Scope Definition', 'Covers how to determine and negotiate software requirements; feasibility analysis (assessing the ability to meet the requirements based on all the constraints that are subject to it - such as costs, technologies, human resources, policies, etc.); requirements review processes (what are the rules agreed with stakeholders to make any changes to the requirements).');
INSERT INTO TopicTranslations(topic, language, name, description) VALUES (40, 'EN_UK', 'Software Project Planning', 'Covers how to plan a software project; what software lifecycle model to use (such as waterfall, spiral, or agile methods) and what tools to use to ensure its application; choice of deliverables (documentation, installable software, etc.); cost, effort, and timing estimates; allocation of human resources to tasks; risk management (identification, impact analysis, prioritization of risk factors, development of risk mitigation strategies, etc.); quality management (definition of quality metrics, ensuring the application of quality control throughout the project).');
INSERT INTO TopicTranslations(topic, language, name, description) VALUES (41, 'EN_UK', 'Software Project Execution', 'Covers the application of planning to project development; application of the terms contracted with the software recipient (the client); application of the planned measurements and metrics; monitoring and adapting plans as the project progresses and in some cases abandoning the project; organizing and developing progress reports.');
INSERT INTO TopicTranslations(topic, language, name, description) VALUES (42, 'EN_UK', 'Review and Evaluation', 'Covers the monitoring and periodic evaluation of the project against the objectives and customer satisfaction; determining customer satisfaction with the requirements; evaluation and review of the performance of the methods, tools, and resources applied in the project.');
INSERT INTO TopicTranslations(topic, language, name, description) VALUES (43, 'EN_UK', 'Project Termination', 'Covers the completion of the project in its entirety or at a milestone; determining the scope of "termination" either in whole or in part (e.g. a pre-agreed number of implemented requirements can be a phase termination as well as all agreed requirements and the respective documentation can be the total termination); project termination activities (such as archiving documentation, how long to keep documentation, updating project statuses, preparing "Lessons Learned" documents, etc.).');
INSERT INTO TopicTranslations(topic, language, name, description) VALUES (44, 'EN_UK', 'Software Engineering Measurement', 'Covers the application of measurements at the project, process, and work product levels; establishment and encouragement of measurements (what are the measurements, what is the scope, application of measurements by teams, etc.); measurement process planning; application of measurements in the processes with all relevant data collected and documented; evaluation of measurements and application of corrections or improvements if necessary.');
INSERT INTO TopicTranslations(topic, language, name, description) VALUES (45, 'EN_UK', 'Software Engineering Management Tools', 'Covers the tools used to aid in the management of a software project (planning and monitoring the project status, risk management tools, communication tools, and measurement tools). These are also typically software.');

INSERT INTO TopicTranslations(topic, language, name, description) VALUES (46, 'EN_UK', 'Software Process Definition', 'Covers the definition of what a software process is and what it comprises; required inputs, transformative work activities, and generated outputs; decomposition of the process into work units; roles and responsibilities; techniques, tools, and notations; software process management, its efficiency for a project, and the impacts of changing it to another.');
INSERT INTO TopicTranslations(topic, language, name, description) VALUES (47, 'EN_UK', 'Software Life Cycles', 'Covers the different categories of software development life cycle models; categories of software processes, such as primary processes (for software development, operation, and maintenance), support processes (for configuration management, quality control, verification, and validation), organizational processes (training, infrastructure management, portfolio management, etc.), inter-project processes (transversal to several projects); software life cycle models (predictive or linear models such as the waterfall model vs iterative models such as the spiral model vs agile development models such as scrum); adaptation of existing software processes to the needs of the project, organization, or technological developments.');
INSERT INTO TopicTranslations(topic, language, name, description) VALUES (48, 'EN_UK', 'Software Process Evaluation and Improvement', 'Covers the monitoring of process performance and its potential modification to better meet the specific needs of the project or organization; the different models and methods (qualitative ones that are subject to expert judgment or quantitative ones that are performed based on metrics); iterative process improvement models (such as the Plan-Do-Check-Act); process assessment and scoring systems.');
INSERT INTO TopicTranslations(topic, language, name, description) VALUES (49, 'EN_UK', 'Software Process Metrics', 'Covers the different measures and measurement techniques used for software processes; measures of process efficiency (such as effort measures, man-hours, man-days, monetary costs of the process or process phase) or of the product itself; the quality of the measures to be used for processes and products; the use of software with process analysis models that allow testing various parameters of the processes used and determining possible improvement points; quantitative process measurement techniques (direct measurement of number of defects, man-hours, among others, and respective analysis by statistical methods) and qualitative techniques (such as questionnaires or interviews).');
INSERT INTO TopicTranslations(topic, language, name, description) VALUES (50, 'EN_UK', 'Software Engineering Process Tools', 'Covers all kinds of tools related to software processes, such as BPMN diagrams, spreadsheets, UML diagrams, or even project management software.');

INSERT INTO TopicTranslations(topic, language, name, description) VALUES (51, 'EN_UK', 'Modeling', 'Covers the general principles of software modeling, which are "Modeling the essentials", "Providing a perspective on the problem", and "Enabling effective communication"; the properties of models (completeness, consistency, and accuracy) and expression of models (concept of entity and relationship and their meanings according to the type of model); the syntax and semantics of modeling languages (textual or graphical); the concepts of precondition, postcondition, and invariants.');
INSERT INTO TopicTranslations(topic, language, name, description) VALUES (52, 'EN_UK', 'Types of Models', 'Covers the different types of models used for software; information models (which identify and define a set of concepts, properties, relationships, and constraints on data entities); behavioral models (identify and define the functions of the software to be modeled, common examples are state machines, flow control models, and data flow models); structural models (define the logical or physical composition of its different parts, examples of which are class diagrams, object diagrams, and package diagrams).');
INSERT INTO TopicTranslations(topic, language, name, description) VALUES (53, 'EN_UK', 'Model Analysis', 'Covers the techniques of critical inspection of models by the engineer; completeness analysis; consistency analysis; accuracy analysis; traceability between requirements, models, and implemented functionality; analysis of interaction between models and functionality.');
INSERT INTO TopicTranslations(topic, language, name, description) VALUES (54, 'EN_UK', 'Software Engineering Methods', 'Covers the organized and systematic approaches to software development for a target computer; Heuristic Methods, which are based on experience and widely practiced by the industry (such as Structured Analysis methods that treat software as a hierarchical set of functions, Data Modeling methods that focus on the form and relationship of data for organizations whose main asset is precisely data, and Object-Oriented Methods, whose software is a set of objects that represent the real world, encapsulate data, and have behavior); Formal Methods that use a rigorous mathematical notation that allows software to be defined, refined, derived, and verified; Prototyping Methods whose purpose is to develop a small or incomplete part of the software (usually the least well understood) in order to refine it with critical input from the prototype; Agile Development Methods, characterized by short iterative developments with high participation of team members (methods such as Extreme Programming, scrum, or Cristal Clear).');

INSERT INTO TopicTranslations(topic, language, name, description) VALUES (55, 'EN_UK', 'Software Quality Fundamentals', 'Covers the general principles of what defines quality for stakeholders; the installation of a quality-oriented work culture and ethic; the value of developing quality software and the impact it has on its costs; characteristics and quality models at the process and product level; quality improvement techniques (such as Plan-Do-Check-Act, kaizen, or Quality Function Deployment); concepts of software for critical systems and the impact that quality has on these systems.');
INSERT INTO TopicTranslations(topic, language, name, description) VALUES (56, 'EN_UK', 'Software Quality Management Processes', 'Covers the processes that ensure that software products, services, and life cycle models meet organizational quality and stakeholder satisfaction goals; software quality assurance; quality verification and validation; review and audit of software processes and products.');
INSERT INTO TopicTranslations(topic, language, name, description) VALUES (57, 'EN_UK', 'Practical Considerations', 'Covers the practical problems that have an impact on software quality: how requirements influence quality management, such as the type of system security, the physical environment, the project budget, the degree of dependence of the project (critical software implies a high quality process); the different types of software defects (computational error, human error, defect, fault, and failure); software quality management techniques, such as static techniques (source code analysis, design analysis, formal methods, etc.), dynamic techniques (code execution, simulation, debugging), software testing performed by individuals outside the development team to verify the software''s conformance to its specification; software quality measurement (using quality metrics, statistical analysis, trend analysis, etc.) with the purpose of having an overview of the product quality and its problematic parts.');
INSERT INTO TopicTranslations(topic, language, name, description) VALUES (58, 'EN_UK', 'Software Quality Tools', 'Covers software quality process support tools, such as static code syntax and semantics analysis tools (such as compilers, Java Mission Control, etc.) and dynamic code analysis tools (such as debuggers).');

INSERT INTO TopicTranslations(topic, language, name, description) VALUES (59, 'EN_UK', 'Professionalism', 'Covers the engineer''s adherence to codes of ethics, professional conduct, and standard practices established by their professional community; accreditation, certification, and licensing; codes of ethics and professional conduct defined by their professional community (such as the ACM and IEEE codes of ethics); professional societies and their function (e.g., the IEEE or the Order of Engineers); software engineering standards (e.g., the IEEE''s many software engineering standards); the economic impact of software; the various types of employment contracts and characteristics; legal issues (such as trademarks, intellectual property, fair use, cybercrime, copyright); the creation of documentation and its procedures; negotiations (of requirements, functionalities, contracts, etc.).');
INSERT INTO TopicTranslations(topic, language, name, description) VALUES (60, 'EN_UK', 'Group Dynamics and Psychology', 'Covers issues related to teamwork and different groups of individuals such as clients or collaborators; issues related to teamwork (intellectual honesty, admitting ignorance, admitting mistakes, adaptability); factors that affect personal cognition (volume of data, complexity of problems, inability to express problems, inability to consult with others, etc.); how to deal with complex problems (teamwork, problem decomposition, etc.); how to interact with stakeholders; dealing with uncertainty and ambiguity in development problems; dealing with multiculturalism issues in teams or clients.');
INSERT INTO TopicTranslations(topic, language, name, description) VALUES (61, 'EN_UK', 'Communication Skills', 'Covers the engineer''s oral and written communication skills; reading technical material, comprehension, and summarization; writing skills for documents relevant to software processes (requirements, software documentation, contracts, etc.); effective communication with teams or groups; skills to create and deliver presentations (of ideas, products, pitches, etc.).');

INSERT INTO TopicTranslations(topic, language, name, description) VALUES (62, 'EN_UK', 'Economic Fundamentals', 'Covers the basic concepts of economics; finance and accounting; cost control; cash flow; decision-making processes (oriented to economics); concept of value; inflation and depreciation; taxation (taxes); time value of money (the fluctuation of the value of money over time); economic efficiency; effectiveness; definition of productivity.');
INSERT INTO TopicTranslations(topic, language, name, description) VALUES (63, 'EN_UK', 'Lifecycle Economics', 'Covers the economic concepts applied to software activity throughout its lifecycle; concepts of product, project, program, portfolio, product lifecycle, project lifecycle, proposals and types of proposals; investment decisions; planning horizon (on the economic costs related to investments in a certain period, such as the lifetime of a software product and its economic impact on a company); concept of price and establishment of pricing policies; concept of cost and cost management; measurement of economic performance; earned value management (an economic technique that allows effective cost control by comparing the value already created with the projected budget and the cost schedule up to that point); product termination decisions based on economics; replacement decisions (replacing an outdated software with a new one instead of maintaining it) or discontinuation (of a product or activity as a whole).');
INSERT INTO TopicTranslations(topic, language, name, description) VALUES (64, 'EN_UK', 'Risk and Uncertainty', 'Covers the concepts of economic objective, estimates and planning; estimation techniques (such as analogies, part-by-part estimation, statistical methods, etc.); reacting to uncertainty (such as using estimates from different areas, postponing final decisions, etc.); prioritization techniques; decision-making techniques under risk (such as decision trees, Monte Carlo analysis, etc.); decision-making techniques under uncertainty (such as Laplace''s Rule, Hurwicz''s Rule, etc.).');
INSERT INTO TopicTranslations(topic, language, name, description) VALUES (65, 'EN_UK', 'Economic Analysis Methods', 'Covers the different economic analysis methods applicable depending on the type of organization, purpose or objectives of the software: decision analysis for profit-making organizations; minimum acceptable rate of return (investment selection criterion based on a minimum percentage return); return on investment (ratio of value gained to invested); return on capital employed; cost-benefit analysis; cost-effectiveness analysis; break-even analysis (equality between costs and revenues); business case (structured and consolidated presentation of a business proposal from different decision perspectives such as costs, benefits, risk, etc.); multi-attribute evaluation (at the level of other properties than just money); optimization analysis.');
INSERT INTO TopicTranslations(topic, language, name, description) VALUES (66, 'EN_UK', 'Practical Considerations', 'The "Good Enough" principle (when the cost of adding a new feature - or investing in something non-essential - cannot be measured, this principle is an indicator of when the state of this feature is good enough to be delivered); frictionless markets (whenever there are barriers to perfect competition, be it transportation costs, establishments, protectionism and, particularly in software, internet non-neutrality or limitation of application sales in specific stores); ecosystems (when the qualities or attributes of a product are improved due to the existence of third parties that somehow interact with the product, such as an application that is integrated or configured to measure by an external company); offshoring (the development of an economic activity outside the organization''s operating territory for reasons of cost or quality deficits) and outsourcing (the execution of tasks for an organization by an external entity when these activities could be done by the organization).');

INSERT INTO TopicTranslations(topic, language, name, description) VALUES (67, 'EN_UK', 'Problem Solving Techniques', 'Covers the definition of problem solving; problem formulation; problem analysis; designing a solution search strategy; problem solving using computer programs.');
INSERT INTO TopicTranslations(topic, language, name, description) VALUES (68, 'EN_UK', 'Abstraction', 'Covers the concepts inherent in abstraction - generically defined as "the process and result of generalization by reducing information to a concept, a problem, or an observable phenomenon in order to allow focus on the big picture"; levels of abstraction; concept of encapsulation; hierarchy of abstractions.');
INSERT INTO TopicTranslations(topic, language, name, description) VALUES (69, 'EN_UK', 'Programming Fundamentals', 'Covers the basic concepts of programming - the creation of computer programs using code; the programming process (design, writing, testing, debugging, and maintenance); the characteristics of different programming paradigms (unstructured, structured, procedural, imperative, object-oriented, functional, aspect-oriented, etc.).');
INSERT INTO TopicTranslations(topic, language, name, description) VALUES (70, 'EN_UK', 'Programming Language Fundamentals', 'Covers the languages in which it is possible to write code in order to create programs for a computer; the syntax and semantics of a language; low-level languages, high-level languages; differences between declarative and imperative languages.');
INSERT INTO TopicTranslations(topic, language, name, description) VALUES (71, 'EN_UK', 'Debugging Techniques and Tools', 'Covers the process of finding and fixing problems in written software; the different types of errors (syntax errors, logical errors, data errors, etc.); debugging techniques (one step at a time, using breakpoints, using watchpoints, etc.); debugging tools (such as debuggers or static code analysis tools).');
INSERT INTO TopicTranslations(topic, language, name, description) VALUES (72, 'EN_UK', 'Data Structures and Representation', 'Covers the organization and forms of expression of data for use by programs; types of data structures (lists, queues, stacks, tables, hash tables, etc.); the different operations on different data structures (CRUD - create, read, update and delete, element finding operations, traversal, sorting).');
INSERT INTO TopicTranslations(topic, language, name, description) VALUES (73, 'EN_UK', 'Algorithms and Complexity', 'Covers the organized writing of programs into algorithms - a strategy defined in a series of steps to solve a problem; attributes of algorithms (modularity, functionality, robustness, simplicity, etc.); algorithm analysis (worst-case analysis, average-case analysis, Big-O notation, etc.); algorithm design strategies (brute force, divide and conquer, greedy algorithms, dynamic programming, etc.); algorithm analysis strategies (step counting, asymptotic analysis, probabilistic analysis, etc.).');
INSERT INTO TopicTranslations(topic, language, name, description) VALUES (74, 'EN_UK', 'Basic System Concepts', 'Covers the definition of a system; the properties of a system; emergent properties of a system; systems engineering and foundations of a computer system.');
INSERT INTO TopicTranslations(topic, language, name, description) VALUES (75, 'EN_UK', 'Computer Organization', 'Covers the four levels of computer organization (macro-architectures, micro-architectures, logic circuits, and devices); digital systems (based on signals and binary code); digital logic (operations on binary numbers such as AND, OR, etc.); the expression of binary data in a computer; the central processing unit and its operation (CPU); memory organization; the operation of I/O devices.');
INSERT INTO TopicTranslations(topic, language, name, description) VALUES (76, 'EN_UK', 'Compiler Fundamentals', 'Covers what a compiler is; the differences between compilers and interpreters; the compilation process.');
INSERT INTO TopicTranslations(topic, language, name, description) VALUES (77, 'EN_UK', 'Operating System Fundamentals', 'Covers the concepts of an operating system; the tasks of an operating system; the different types of operating systems (batch, time-sharing systems, real-time systems, distributed operating systems, embedded systems, server operating systems, mobile operating systems, personal computer operating systems, etc.).');
INSERT INTO TopicTranslations(topic, language, name, description) VALUES (78, 'EN_UK', 'Databases and Data Management', 'Covers the concepts of a database; entity and schema; the different database management systems (Oracle, MS SQL Server, Postgre, etc.); database query language - such as SQL - its features and how to use it; organization and manipulation of a database management system; data mining (the discovery of patterns and non-obvious relationships between data).');
INSERT INTO TopicTranslations(topic, language, name, description) VALUES (79, 'EN_UK', 'Networking Fundamentals', 'Covers the different types of networks (personal area network, local area network, wide area network, internet, etc.); the basic concepts of networks (their components and the different functions of these); network protocols and standards (OSI stack and its components such as TCP/IP, UDP, Bluetooth, etc.); the Internet; the Internet of Things; virtual private networks (VPN).');
INSERT INTO TopicTranslations(topic, language, name, description) VALUES (80, 'EN_UK', 'Parallel and Distributed Computing', 'Covers the basic concepts of parallel computing and distributed computing; the differences between these two paradigms; parallel computing models (shared memory, message passing, etc.); the main problems in distributed computing.');
INSERT INTO TopicTranslations(topic, language, name, description) VALUES (81, 'EN_UK', 'Basic Human Usability Factors', 'Covers the typical problems that arise from the use of software by human users; considerations about I/O (such as how to show output to users, what is the most suitable format, what is the most pleasant way to present it, etc.); error messages (how to clearly explain what happened and how to solve it, what type of language, etc.); software robustness (how software tolerates incorrect use by people, how to recover in a way that does not discourage use by people, etc.).');
INSERT INTO TopicTranslations(topic, language, name, description) VALUES (82, 'EN_UK', 'Basic Human Development Factors', 'Covers the common problems that arise from software being built and maintained by humans and how its writing affects these activities; how to structure code for easy understanding; how to write comments that make the work of present and future software owners easier.');
INSERT INTO TopicTranslations(topic, language, name, description) VALUES (83, 'EN_UK', 'Secure Development and Maintenance', 'Covers the practices and rules followed in order to make software more secure in all its phases, both at the requirements level and at the construction and testing level.');

INSERT INTO TopicTranslations(topic, language, name, description) VALUES (84, 'EN_UK', 'Sets, Relations, and Functions', 'Covers the mathematical and logical concepts about sets (collection of elements), their properties and operations (intersection, union, Cartesian product, etc.); about relations (associations between two sets of information); about mathematical functions (a relationship of known behavior that expresses the mapping between elements of domains).');
INSERT INTO TopicTranslations(topic, language, name, description) VALUES (85, 'EN_UK', 'Basic Logic', 'Covers propositional logic, its terminology and laws (Boolean variables, Boolean operations, Identity Laws, Distributive Laws, De Morgan''s Laws, etc.): Predicate logic, its properties, terminology and laws.');
INSERT INTO TopicTranslations(topic, language, name, description) VALUES (86, 'EN_UK', 'Proof Techniques', 'Covers the arguments that rigorously establish the truth of a statement; the methods of proving a theorem (proofs by contradiction, proofs by induction, etc.).');
INSERT INTO TopicTranslations(topic, language, name, description) VALUES (87, 'EN_UK', 'Counting Fundamentals', 'Covers the actions that allow finding the number of elements in a finite set of elements and its rules (sum rule, product rule, etc.) and principles; inclusion-exclusion principle; definition of recursion, randomness, probability, permutation and combination.');
INSERT INTO TopicTranslations(topic, language, name, description) VALUES (88, 'EN_UK', 'Graphs and Trees', 'Covers the different types of graphs (directed graphs, undirected graphs, etc.), their terminology (vertices, nodes, weight, edges, etc.) and operations (traversal, connections, etc.); the different types of trees, their properties and operations (traversals, additions, etc.).');
INSERT INTO TopicTranslations(topic, language, name, description) VALUES (89, 'EN_UK', 'Discrete Probability', 'Covers the mathematical description of randomness, its terminology, properties and operations.');
INSERT INTO TopicTranslations(topic, language, name, description) VALUES (90, 'EN_UK', 'Finite State Machines', 'Covers finite state machines (the mathematical abstraction composed of a finite number of states and the transitions between them), their terminology and operations.');
INSERT INTO TopicTranslations(topic, language, name, description) VALUES (91, 'EN_UK', 'Grammars', 'Covers the grammars of formal languages, their terminology (vocabulary, sentence, terminals, symbol, etc.); the existing types of grammars (context-free grammar, context-sensitive grammar, etc.).');
INSERT INTO TopicTranslations(topic, language, name, description) VALUES (92, 'EN_UK', 'Numerical Precision, Accuracy, and Errors', 'Covers the problems that arise in the representation of numbers; the finite nature of the precision of number representation on a computer; rounding techniques; significant digits; types of errors (relative, absolute).');
INSERT INTO TopicTranslations(topic, language, name, description) VALUES (93, 'EN_UK', 'Number Theory', 'Covers numbers; the types of numbers (integer, rational, real, complex, imaginary, etc.); terminology and operations (division, mod, modulus); prime numbers, their usefulness and applications (such as cryptography).');
INSERT INTO TopicTranslations(topic, language, name, description) VALUES (94, 'EN_UK', 'Algebraic Structures', 'Covers algebraic structures (defined as sets subject to some operations and satisfying a number of axioms); groups, their properties (associativity, identity, closure, etc.) and types (monoid, subgroup); rings (a set with two binary operations - usually addition and multiplication - where each operation combines two elements to form a third).');

INSERT INTO TopicTranslations(topic, language, name, description) VALUES (95, 'EN_UK', 'Empirical Methods and Experimental Techniques', 'Covers how to propose solutions or solution models and conduct experiments to solve problems; creating controlled experiments (formulating hypotheses, creating preconditions, observing variables, relationship between results, etc.); observational study using contextualization; retrospective study, also known as historical study (analysis of historical data to find relationships between data and predict future events).');
INSERT INTO TopicTranslations(topic, language, name, description) VALUES (96, 'EN_UK', 'Statistical Analysis', 'Covers the ability to achieve generalizable results by studying a limited population of samples of previous results (i.e. using statistics); the statistical concepts of sample, population, unit of analysis, random variable, event, distribution of variables, estimation, types of estimates, properties of estimators and statistical hypothesis testing; correlation and regression.');
INSERT INTO TopicTranslations(topic, language, name, description) VALUES (97, 'EN_UK', 'Measurement', 'Covers the problem of measurement in software and its fundamental differences from other simpler measurement attributes; the concepts of levels (or scales) of measurement (nominal, ordinal, interval and ratio); direct versus indirect measures; reliability and validity of a measure; evaluation of reliability of measures.');
INSERT INTO TopicTranslations(topic, language, name, description) VALUES (98, 'EN_UK', 'Engineering Design', 'Covers the challenges that the development of a structured solution to an engineering problem represents for the engineer, since in this case the design has nothing to do with its traditional concept - the graphical representation - but rather with the planning or architecture of a solution to a problem, its process and its phases (definition of a problem, obtaining relevant information, generation of multiple solutions, analysis and selection of a solution, implementation of the solution).');
INSERT INTO TopicTranslations(topic, language, name, description) VALUES (99, 'EN_UK', 'Modeling, Simulation, and Prototyping', 'Covers the concepts and techniques of modeling (the process of representing part or all of a system using abstractions) and its different types (iconic, analogical and symbolic); the concept of simulation (conducting experiments on models in order to improve understanding of the model) and its construction; the concept of prototype (an initial, partial or incomplete representation of a system) and its use.');
INSERT INTO TopicTranslations(topic, language, name, description) VALUES (100, 'EN_UK', 'Standards', 'Covers the concept of standard (requirement, specification, guide or characteristic that must be observed by engineers so that products, processes and materials have acceptable levels of quality); the different types of standards that exist; measurable compliance with standards; the different entities that produce international engineering standards.');
INSERT INTO TopicTranslations(topic, language, name, description) VALUES (101, 'EN_UK', 'Root Cause Analysis', 'Covers the process of investigating and identifying how and why an undesirable event occurred and its root cause (i.e. what caused the event); the main techniques for conducting this type of analysis (review methods, present state vs desired state diagrams, third party review, failure trees, etc.); the tools to aid the analysis (cause and effect diagrams, histograms, Pareto charts, etc.).');

INSERT INTO TopicTranslations(topic, language, name, description) VALUES (102, 'EN_UK', 'None of the Knowledge Areas', 'For any topic in the program that does not fit into any of the Knowledge Areas.');

INSERT INTO Degrees(id, acronym, image, school, year) VALUES (1, 'MIEIC', 'http://images.com/mieic_up.jpeg' , 1, 2017);
INSERT INTO Degrees(id, acronym, image, school, year) VALUES (2, 'LEI + MEI', 'http://images.com/miei_um.jpeg' , 2, 2017);
INSERT INTO Degrees(id, acronym, image, school, year) VALUES (3, 'LEIC + MEIC', 'http://images.com/meic_ist.jpeg' , 3, 2017);
INSERT INTO Degrees(id, acronym, image, school, year) VALUES (4, 'LEI + MEI', 'http://images.com/mei_uav.jpeg' , 4, 2017);
INSERT INTO Degrees(id, acronym, image, school, year) VALUES (5, 'MIEI', 'http://images.com/miei_um.jpeg' , 5, 2017);

INSERT INTO DegreeTranslations(degree, language, name, description) VALUES (1, 'PT_PT' , 'Mestrado Integrado em Engenharia Informática e Computação', 'O ensino da Engenharia Informática e Computação foi concebido na FEUP como requerendo um ciclo de formação e aprendizagem completo de cinco anos integrados, correspondendo aos 1º e 2º ciclos da implementação do Processo de Bolonha e conferindo de imediato o grau de Mestre.\n\nNo final dos três primeiros anos (1º ciclo) do MIEIC os alunos estarão providos de uma sólida formação de base, abrangendo as competências científicas e de engenharia essenciais, mas também os conhecimentos fundamentais de banda larga nas diversas áreas da informática, embora sem qualquer especialização. Este primeiro degrau é visto sobretudo como possibilitador de mobilidade de e para outras escolas nacionais e europeias.\n\nNo final dos cinco anos do curso os diplomados terão uma formação avançada em Engenharia Informática e Computação, podendo ter escolhido uma área de especialização ou manter um leque mais alargado de interesses, mercê de uma ampla oferta de opções, configurável individualmente, contida no plano de estudos. As possíveis especializações incluem actualmente:\n\n- Engenharia de Software e Sistemas de Informação (2 sub-áreas com estes nomes)\n\n-Redes e Tecnologias de Informação (sub-áreas de Tecnologias da Internet e de Infra-estruturas Informáticas)\n\n-Sistemas Inteligentes e Multimédia (2 sub-áreas com estes nomes)');
INSERT INTO DegreeTranslations(degree, language, name, description) VALUES (2, 'PT_PT' , 'Licenciatura em Engenharia Informatica e Mestrado em Engenharia Informática', 'O curso de licenciatura em Engenharia Informática tem como objectivo principal fornecer aos futuros licenciados os princípios básicos, teorias, métodos e práticas da Engenharia Informática e da Computação de forma a que possam dominar todos os conceitos para a sua intervenção na sociedade ou complementar a sua formação com o 2º ciclo seguindo a vida prática ou a carreira científica. Para a concretização deste objectivo geral, o ciclo de estudos pretende conciliar os seguintes objectivos específicos: instrumentais, sistémicas e interpessoais.\n\n
    - No plano instrumental, procura-se que os licenciados em Engenharia Informática adquiram competências para articular de forma harmoniosa a complementaridade entre análise e síntese, que interiorizem as dinâmicas da resolução de problemas, que apreendam as lógicas e as práticas da gestão de informação e que perspectivem o exercício dessas competências segundo abordagens de planeamento organizacional centradas na construção de valor para o cliente e na transformação da complexidade em desempenho.\n
    - Ao nível sistémico, procura-se, reforçar a sua autonomia e capacidade para aprender, a sua adaptabilidade a situações novas, o seu sentido projectivo na aplicação dos saberes e competências e a sua aculturação para a qualidade e a excelência.\n
    - Finalmente, ao nível interpessoal, procura-se que os estudantes adquiram outro tipo de competências, que contribuam para o desenvolvimento da vertente pessoal e cívica, da capacidade de adquirir conhecimentos autonomamente, de sentido crítico e de responsabilidade, de gestão de informação, de trabalho em grupo e em equipas interdisciplinares, da aprendizagem colectiva e o sentido de corpo na construção de sucesso, etc.\n\nO Mestrado em Engenharia Informática (MEI) propõe quatro áreas de especialização de acordo com as últimas recomendações curriculares da Association for Computer Machinery (ACM) e do Institute for Electrical and Electronic Engineers (IEEE):\n
        - Comunicações, Serviços e Infra-estrtuturas\n
        - Sistemas Inteligentes\n
        - Sistemas de Informação\n
        - Engenharia de Software.\n\nPropõe-se assim a criação de especializações para dar resposta às necessidades do mercado, tanto a nível da indústria e serviços, como a nível da investigação, ambicionando um impacto internacional a médio prazo.');
INSERT INTO DegreeTranslations(degree, language, name, description) VALUES (3, 'PT_PT' , 'Licenciatura em Engenharia Informatica e de Computadores e Mestrado em Engenharia Informática e de Computadores', 'A licenciatura em Engenharia Informática e de Computadores (LEIC) é uma das maiores licenciaturas do Técnico e tem já provas dadas de sucesso no mercado de emprego, tanto a nível nacional como internacional. Os diplomados da LEIC são reconhecidos como profissionais competentes com conhecimentos sólidos a nível da engenharia informática e fácil adaptabilidade à evolução constante das tecnologias de informação.\n\nNo final da LEIC o aluno poderá especializar-se numa das áreas oferecidas no  Mestrado em Engenharia Informática e Computadores do Técnico, num outro curso afim, ou ainda entrar no mercado de trabalho.\n\nO Mestrado em Eng. Informática e de Computadores está alicerçado na forte formação de base dada pelo primeiro ciclo, oferece especializações atractivas para os alunos e para o mercado servindo ainda como base para os alunos que pretendam ingressar num Programa de Doutoramento, e cria uma base sólida para a intervenção do Departamento de Engenharia Informática do IST na formação ao longo da vida, que representará uma componente cada vez mais importante do mercado da educação avançada.\n\nNo final do Mestrado em Engenharia Informática e de Computadores os alunos poderão entrar no mercado de trabalho. Tendo em conta as especializações acima indicadas, os alunos têm uma gama alargada de competências profissionais específicas, das quais se destacam:\n
        - Análise e projecto de sistemas complexos\n
        - Técnicas de gestão de projecto de sistemas\n
        - Modelação e uso de dados em sistemas informáticos\n
        - Desenvolvimento de aplicações em sistemas distribuídos\n
        - Gestão, configuração e operação de sistemas de computadores\n
        - Técnicas avançadas de resolução de problemas\n
        - Projecto de sistemas adaptáveis, para resolução de problemas complexos\n
        - Projecto de sistemas que interajam com seres humanos usando interfaces naturais\n
        - Controlo e robótica\n
        - Modelação e controlo de sistemas industriais\n
        - Técnicas genéricas de optimização\n\nOs empregadores típicos para engenheiros que tenham efectuado o curso de Mestrado em Engenharia Informática e de Computadores no IST, campus da Alameda, são os seguintes: empresas de serviços da área da banca e seguros, empresas fornecedoras de serviços informáticos, empresas de telecomunicações, empresas de desenvolvimento de software.');
INSERT INTO DegreeTranslations(degree, language, name, description) VALUES (4, 'PT_PT' , 'Licenciatura em Engenharia Informatica + Mestrado em Engenharia Informática', 'A Licenciatura em Engenharia Informática da Universidade de Aveiro tem por finalidade fornecer uma formação sólida em engenharia informática, área que se tem vindo a revelar como o principal motor de desenvolvimento nas economias avançadas.\n\nMais concretamente, esta licenciatura pretende fornecer as seguintes competências:\n
- Compreender e utilizar metodologias de desenvolvimento de software em projectos de pequena e larga escala.\n
- Planear e escrever programas correctos, robustos, eficientes, bem organizados e bem documentados.\n
- Compreender e utilizar modelos e abstracções na concepção, implementação e utilização de sistemas computacionais e de informação.\n
- Entender os aspectos fundamentais em arquitectura de computadores e sistemas operativos, e a sua importância no desenvolvimento e execução de aplicações informáticas.\n
- Aplicar conhecimento nas áreas de cálculo, probabilidades, estatística e matemática discreta em problemas da área da informática.\n
- Aplicar técnicas de avaliação e gestão de qualidade em projectos de Engenharia Informática.\n
- Comunicar eficazmente e saber trabalhar em equipas multidisciplinares.\n
- Reconhecer a necessidade de, e ter a capacidade para, se envolver activamente num processo contínuo de aprendizagem ao longo da vida.\n\nOs objectivos do Mestrado em Engenharia Informática estão alinhados com esta estratégia e com as necessidades do mercado, procurando-se:\n
- Dotar o tecido empresarial da região, nacional e internacional de quadros superiores habilitados;\n
- omentar uma formação avançada centrada em inovação, desenvolvimento e investigação em engenharia informática');
INSERT INTO DegreeTranslations(degree, language, name, description) VALUES (5, 'PT_PT' , 'Mestrado Integrado em Engenharia Informática', 'O Mestrado Integrado em Engenharia Informática (MiEI) é um curso integrado do primeiro e segundo
        ciclo de estudos do ensino superior, ministrado na Universidade do Minho, com a duração de 5 anos lectivos, 10 semestres lectivos,
        a 40 semanas de estudo a tempo inteiro por ano e a um total de 300 ECTS.\n\nO MiEI tem por objectivo preparar engenheiros
        informáticos, aptos em todas as fases actualmente reconhecidas no rigoroso processo de análise, concepção e implementação
        de soluções informáticas. Os seus licenciados devem adquirir durante o curso grande experiência teórica e prática
        na análise de sistemas de software, na especificação dos requisitos desses mesmos sistemas, nas técnicas de
        construção de protótipos e em todas as fases da sua instalação, na gestão de projectos informáticos, no teste,
        instalação e manutenção de aplicações informáticas, e, consequentemente, dos sistemas ou redes que as suportam.\n\n
        O MiEI tem como objectivo básico providenciar durante o curso aos seus alunos a perícia e o conhecimento
        (teórico e prático) necessários para:\n
        - a análise e especificação de requisitos de sistemas de software a implementar;\n
        - a aplicação de técnicas de construção de protótipos;\n
        - o projecto, concepção, desenvolvimento, teste e manutenção de aplicações informáticas;\n
        - a implementação de redes de comunicação por computador e infra-estruturas de suporte;\n
        - a gestão e implementação de projectos informáticos, incluindo o projecto e implementação de sistemas de computação.\n\nComo futuros engenheiros deverão, também, ter sempre a preocupação do rigor, quer na execução quer na gestão do projecto, avaliando a sua qualidade, custos e impacto económico, bem como nas preocupações de implementação dos seus produtos nas organizações destino.');
  
-- English         
INSERT INTO DegreeTranslations(degree, language, name, description) VALUES (1, 'EN_UK', 'Integrated Master''s Degree in Computer Engineering and Computing', 'The teaching of Computer Engineering and Computing at FEUP was designed as a complete five-year integrated training and learning cycle, corresponding to the 1st and 2nd cycles of the Bologna Process implementation and immediately awarding the Master''s degree.
At the end of the first three years (1st cycle) of the MIEIC, students will have a solid basic training, covering essential scientific and engineering skills, as well as fundamental broad-band knowledge in the various areas of computer science, although without any specialization. This first step is seen mainly as an enabler of mobility to and from other national and European schools.
At the end of the five-year course, graduates will have advanced training in Computer Engineering and Computing, and may have chosen an area of specialization or maintained a wider range of interests, thanks to a wide range of options, individually configurable, contained in the study plan. The possible specializations currently include:
- Software Engineering and Information Systems (2 sub-areas with these names)
- Networks and Information Technologies (sub-areas of Internet Technologies and Computer Infrastructures)
- Intelligent and Multimedia Systems (2 sub-areas with these names)');

INSERT INTO DegreeTranslations(degree, language, name, description) VALUES (2, 'EN_UK', 'Bachelor''s Degree in Computer Engineering and Master''s Degree in Computer Engineering', 'The main objective of the Bachelor''s Degree in Computer Engineering is to provide future graduates with the basic principles, theories, methods and practices of Computer Engineering and Computing so that they can master all the concepts for their intervention in society or complement their training with the 2nd cycle following practical life or the scientific career. To achieve this general objective, the study cycle aims to reconcile the following specific objectives: instrumental, systemic and interpersonal.
- At the instrumental level, it is sought that graduates in Computer Engineering acquire skills to harmoniously articulate the complementarity between analysis and synthesis, that they internalize the dynamics of problem solving, that they learn the logics and practices of information management and that they perspective the exercise of these skills according to organizational planning approaches focused on building value for the client and transforming complexity into performance.
- At the systemic level, it is sought to strengthen their autonomy and capacity to learn, their adaptability to new situations, their projective sense in the application of knowledge and skills and their acculturation to quality and excellence.
- Finally, at the interpersonal level, it is sought that students acquire other types of skills, which contribute to the development of the personal and civic side, the ability to acquire knowledge autonomously, critical and responsible sense, information management, teamwork and in interdisciplinary teams, collective learning and the sense of body in the construction of success, etc.
The Master''s Degree in Computer Engineering (MEI) proposes four areas of specialization according to the latest curricular recommendations of the Association for Computer Machinery (ACM) and the Institute for Electrical and Electronic Engineers (IEEE):
- Communications, Services and Infrastructures
- Intelligent Systems
- Information Systems
- Software Engineering.
It is thus proposed to create specializations to meet the needs of the market, both at the level of industry and services, and at the level of research, aiming at an international impact in the medium term.');

INSERT INTO DegreeTranslations(degree, language, name, description) VALUES (3, 'EN_UK', 'Bachelor''s Degree in Computer Engineering and Computer Science and Master''s Degree in Computer Engineering and Computer Science', 'The Bachelor''s Degree in Computer Engineering and Computer Science (LEIC) is one of the largest undergraduate degrees at Técnico and has already proven its success in the job market, both nationally and internationally. LEIC graduates are recognized as competent professionals with solid knowledge in computer engineering and easy adaptability to the constant evolution of information technologies.
At the end of the LEIC, the student may specialize in one of the areas offered in the Master''s Degree in Computer Engineering and Computer Science at Técnico, in another related course, or even enter the job market.
The Master''s Degree in Computer Engineering and Computer Science is based on the strong foundation provided by the first cycle, offers attractive specializations for students and the market, also serving as a basis for students who wish to enter a PhD program, and creates a solid basis for the intervention of the Department of Computer Engineering at IST in lifelong learning, which will represent an increasingly important component of the advanced education market.
At the end of the Master''s Degree in Computer Engineering and Computer Science, students will be able to enter the job market. Taking into account the specializations mentioned above, students have a wide range of specific professional skills, of which the following stand out:
- Analysis and design of complex systems
- Systems project management techniques
- Modeling and use of data in computer systems
- Development of applications in distributed systems
- Management, configuration and operation of computer systems
- Advanced problem solving techniques
- Design of adaptable systems for solving complex problems
- Design of systems that interact with humans using natural interfaces
- Control and robotics
- Modeling and control of industrial systems
- Generic optimization techniques
Typical employers for engineers who have completed the Master''s Degree in Computer Engineering and Computer Science at IST, Alameda campus, are the following: banking and insurance services companies, IT services providers, telecommunications companies, software development companies.');

INSERT INTO DegreeTranslations(degree, language, name, description) VALUES (4, 'EN_UK', 'Bachelor''s Degree in Computer Engineering + Master''s Degree in Computer Engineering', 'The Bachelor''s Degree in Computer Engineering at the University of Aveiro aims to provide a solid education in computer engineering, an area that has been revealed as the main engine of development in advanced economies.
More specifically, this degree aims to provide the following skills:
- Understand and use software development methodologies in small and large scale projects.
- Plan and write correct, robust, efficient, well-organized and well-documented programs.
- Understand and use models and abstractions in the design, implementation and use of computational and information systems.
- Understand the fundamental aspects of computer architecture and operating systems, and their importance in the development and execution of computer applications.
- Apply knowledge in the areas of calculus, probability, statistics and discrete mathematics to computer science problems.
- Apply quality assessment and management techniques in Computer Engineering projects.
- Communicate effectively and be able to work in multidisciplinary teams.
- Recognize the need for, and have the ability to, actively engage in a continuous lifelong learning process.
The objectives of the Master''s Degree in Computer Engineering are aligned with this strategy and with the needs of the market, aiming to:
- Provide the regional, national and international business fabric with qualified high-level staff;
- Promote advanced training focused on innovation, development and research in computer engineering.');

INSERT INTO DegreeTranslations(degree, language, name, description) VALUES (5, 'EN_UK', 'Integrated Master''s Degree in Computer Engineering', 'The Integrated Master''s Degree in Computer Engineering (MiEI) is an integrated course of the first and second cycles of higher education, taught at the University of Minho, with a duration of 5 academic years, 10 academic semesters, 40 weeks of full-time study per year and a total of 300 ECTS.
The MiEI aims to prepare computer engineers, capable of all the phases currently recognized in the rigorous process of analysis, design and implementation of computer solutions. Its graduates should acquire during the course great theoretical and practical experience in the analysis of software systems, in the specification of the requirements of these systems, in the techniques of prototype construction and in all phases of their installation, in the management of computer projects, in the testing, installation and maintenance of computer applications, and, consequently, of the systems or networks that support them.
The MiEI has as its basic objective to provide its students during the course with the expertise and knowledge (theoretical and practical) necessary for:
- The analysis and specification of requirements of software systems to be implemented;
- The application of prototype construction techniques;
- The design, conception, development, testing and maintenance of computer applications;
- The implementation of computer communication networks and support infrastructures;
- The management and implementation of computer projects, including the design and implementation of computer systems.
As future engineers, they should also always be concerned with rigor, both in the execution and management of the project, evaluating its quality, costs and economic impact, as well as in the concerns of implementing their products in the target organizations.');


        
-- Degree Classes

-- UPorto 1st year
INSERT INTO DegreeClasses(id, year, semester, ects , isOptional, degree) VALUES (1, 1, 1, 6, false, 1);
INSERT INTO DegreeClassTranslations(degreeClass, language, name, description) VALUES  (1, 'PT_PT', 'Matemática Discreta' , 'A Lógica constitui a base de qualquer raciocínio científico e essa é a razão primeira da sua inclusão no 1º ano do curso. Para além disso, no caso da Engenharia Informática, a Lógica tem um interesse directo operacional em múltiplas dimensões da profissão.');
INSERT INTO DegreeClassTopics(id, degreeClass, ordering) VALUES (1, 1, 1);
INSERT INTO DegreeClassTopics(id, degreeClass, ordering) VALUES (2, 1, 2);
INSERT INTO DegreeClassTopics(id, degreeClass, ordering) VALUES (3, 1, 3);
INSERT INTO DegreeClassTopics(id, degreeClass, ordering) VALUES (4, 1, 4);
INSERT INTO DegreeClassTopics(id, degreeClass, ordering) VALUES (5, 1, 5);
INSERT INTO DegreeClassTopics(id, degreeClass, ordering) VALUES (6, 1, 6);
INSERT INTO DegreeClassTopics(id, degreeClass, ordering) VALUES (7, 1, 7);
INSERT INTO DegreeClassTopics(id, degreeClass, ordering) VALUES (8, 1, 8);
INSERT INTO DegreeClassTopics(id, degreeClass, ordering) VALUES (9, 1, 9);
INSERT INTO DegreeClassTopics(id, degreeClass, ordering) VALUES (10, 1, 10);
INSERT INTO DegreeClassTopicTranslations(degreeClassTopic, language, description) VALUES (1, 'PT_PT', 'Lógica proposicional');
INSERT INTO DegreeClassTopicTranslations(degreeClassTopic, language, description) VALUES (2, 'PT_PT', 'Métodos de prova em lógica proposicional');
INSERT INTO DegreeClassTopicTranslations(degreeClassTopic, language, description) VALUES (3, 'PT_PT', 'Quantificadores e representação do conhecimento');
INSERT INTO DegreeClassTopicTranslations(degreeClassTopic, language, description) VALUES (4, 'PT_PT', 'Métodos de prova em lógica de primeira ordem');
INSERT INTO DegreeClassTopicTranslations(degreeClassTopic, language, description) VALUES (5, 'PT_PT', 'Conjuntos, relações e ordens parciais');
INSERT INTO DegreeClassTopicTranslations(degreeClassTopic, language, description) VALUES (6, 'PT_PT', 'Funções');
INSERT INTO DegreeClassTopicTranslations(degreeClassTopic, language, description) VALUES (7, 'PT_PT', 'Introdução à teoria dos números');
INSERT INTO DegreeClassTopicTranslations(degreeClassTopic, language, description) VALUES (8, 'PT_PT', 'Congruências e equações de aritmética modular');
INSERT INTO DegreeClassTopicTranslations(degreeClassTopic, language, description) VALUES (9, 'PT_PT', 'Indução e recursão');
INSERT INTO DegreeClassTopicTranslations(degreeClassTopic, language, description) VALUES (10, 'PT_PT', 'Relações de recorrência');
INSERT INTO DegreeClassTopicTranslations(degreeClassTopic, language, description) VALUES (1, 'EN_UK', 'Propositional logic');
INSERT INTO DegreeClassTopicTranslations(degreeClassTopic, language, description) VALUES (2, 'EN_UK', 'Proof methods in propositional logic');
INSERT INTO DegreeClassTopicTranslations(degreeClassTopic, language, description) VALUES (3, 'EN_UK', 'Quantifiers and knowledge representation');
INSERT INTO DegreeClassTopicTranslations(degreeClassTopic, language, description) VALUES (4, 'EN_UK', 'Proof methods in first-order logic');
INSERT INTO DegreeClassTopicTranslations(degreeClassTopic, language, description) VALUES (5, 'EN_UK', 'Sets, relations and partial orders');
INSERT INTO DegreeClassTopicTranslations(degreeClassTopic, language, description) VALUES (6, 'EN_UK', 'Functions');
INSERT INTO DegreeClassTopicTranslations(degreeClassTopic, language, description) VALUES (7, 'EN_UK', 'Introduction to number theory');
INSERT INTO DegreeClassTopicTranslations(degreeClassTopic, language, description) VALUES (8, 'EN_UK', 'Congruences and modular arithmetic equations');
INSERT INTO DegreeClassTopicTranslations(degreeClassTopic, language, description) VALUES (9, 'EN_UK', 'Induction and recursion');
INSERT INTO DegreeClassTopicTranslations(degreeClassTopic, language, description) VALUES (10, 'EN_UK', 'Recurrence relations');

INSERT INTO DegreeClasses(id, year, semester, ects , isOptional, degree) VALUES (2, 1, 1, 6, false, 1);
INSERT INTO DegreeClassTranslations(degreeClass, language, name, description) VALUES  (2, 'PT_PT', 'Arquitectura e Organização de Computadores' , 'Esta unidade curricular introduz os princípios de funcionamento de um computador moderno e a sua arquitectura geral, com especial ênfase na contribuição de cada subsistema para o desempenho global. A análise da tecnologia de implementação física dos computadores (circuitos lógicos e de memória), associada à explicação das formas elementares de representação de informação em formato digital, permitirá aos estudantes identificar e descrever princípios fundamentais da operação dos computadores, das linguagens de programação e do desenvolvimento de software.');
INSERT INTO DegreeClassTopics(id, degreeClass, ordering) VALUES (11, 2, 1);
INSERT INTO DegreeClassTopics(id, degreeClass, ordering) VALUES (12, 2, 2);
INSERT INTO DegreeClassTopics(id, degreeClass, ordering) VALUES (13, 2, 3);
INSERT INTO DegreeClassTopics(id, degreeClass, ordering) VALUES (14, 2, 4);
INSERT INTO DegreeClassTopics(id, degreeClass, ordering) VALUES (15, 2, 5);
INSERT INTO DegreeClassTopics(id, degreeClass, ordering) VALUES (16, 2, 6);
INSERT INTO DegreeClassTopics(id, degreeClass, ordering) VALUES (17, 2, 7);
INSERT INTO DegreeClassTopics(id, degreeClass, ordering) VALUES (18, 2, 8);
INSERT INTO DegreeClassTopics(id, degreeClass, ordering) VALUES (19, 2, 9);
INSERT INTO DegreeClassTopics(id, degreeClass, ordering) VALUES (20, 2, 10);
INSERT INTO DegreeClassTopics(id, degreeClass, ordering) VALUES (21, 2, 11);
INSERT INTO DegreeClassTopics(id, degreeClass, ordering) VALUES (22, 2, 12);
INSERT INTO DegreeClassTopics(id, degreeClass, ordering) VALUES (23, 2, 13);
INSERT INTO DegreeClassTopics(id, degreeClass, ordering) VALUES (24, 2, 14);
INSERT INTO DegreeClassTopics(id, degreeClass, ordering) VALUES (25, 2, 15);
INSERT INTO DegreeClassTopics(id, degreeClass, ordering) VALUES (26, 2, 16);
INSERT INTO DegreeClassTopics(id, degreeClass, ordering) VALUES (27, 2, 17);
INSERT INTO DegreeClassTopics(id, degreeClass, ordering) VALUES (28, 2, 18);
INSERT INTO DegreeClassTopics(id, degreeClass, ordering) VALUES (29, 2, 19);
INSERT INTO DegreeClassTopics(id, degreeClass, ordering) VALUES (30, 2, 20);
INSERT INTO DegreeClassTopics(id, degreeClass, ordering) VALUES (31, 2, 21);
INSERT INTO DegreeClassTopics(id, degreeClass, ordering) VALUES (32, 2, 22);
INSERT INTO DegreeClassTopics(id, degreeClass, ordering) VALUES (33, 2, 23);
INSERT INTO DegreeClassTopics(id, degreeClass, ordering) VALUES (34, 2, 24);
INSERT INTO DegreeClassTopics(id, degreeClass, ordering) VALUES (35, 2, 25);
INSERT INTO DegreeClassTopics(id, degreeClass, ordering) VALUES (36, 2, 26);
INSERT INTO DegreeClassTopics(id, degreeClass, ordering) VALUES (37, 2, 27);
INSERT INTO DegreeClassTopics(id, degreeClass, ordering) VALUES (38, 2, 28);
INSERT INTO DegreeClassTopics(id, degreeClass, ordering) VALUES (39, 2, 29);
INSERT INTO DegreeClassTopics(id, degreeClass, ordering) VALUES (40, 2, 30);
INSERT INTO DegreeClassTopicTranslations(degreeClassTopic, language, description) VALUES (11, 'PT_PT', 'Áreas de aplicação de computadores e suas características');
INSERT INTO DegreeClassTopicTranslations(degreeClassTopic, language, description) VALUES (12, 'PT_PT', 'Representação binária de números inteiros');
INSERT INTO DegreeClassTopicTranslations(degreeClassTopic, language, description) VALUES (13, 'PT_PT', 'Operações binárias aritméticas elementares');
INSERT INTO DegreeClassTopicTranslations(degreeClassTopic, language, description) VALUES (14, 'PT_PT', 'Sistemas de Códigos binários');
INSERT INTO DegreeClassTopicTranslations(degreeClassTopic, language, description) VALUES (15, 'PT_PT', 'Vírgula flutuante');
INSERT INTO DegreeClassTopicTranslations(degreeClassTopic, language, description) VALUES (16, 'PT_PT', 'Álgebra de Boole');
INSERT INTO DegreeClassTopicTranslations(degreeClassTopic, language, description) VALUES (17, 'PT_PT', 'Portas lógicas elementares');
INSERT INTO DegreeClassTopicTranslations(degreeClassTopic, language, description) VALUES (18, 'PT_PT', 'Diagramas lógicos');
INSERT INTO DegreeClassTopicTranslations(degreeClassTopic, language, description) VALUES (19, 'PT_PT', 'Simulador lógico');
INSERT INTO DegreeClassTopicTranslations(degreeClassTopic, language, description) VALUES (20, 'PT_PT', 'Circuitos com funções padrão');
INSERT INTO DegreeClassTopicTranslations(degreeClassTopic, language, description) VALUES (21, 'PT_PT', 'Elementos constituintes da memória de um computador');
INSERT INTO DegreeClassTopicTranslations(degreeClassTopic, language, description) VALUES (22, 'PT_PT', 'Registos e contadores');
INSERT INTO DegreeClassTopicTranslations(degreeClassTopic, language, description) VALUES (23, 'PT_PT', 'Descodificação de endereços');
INSERT INTO DegreeClassTopicTranslations(degreeClassTopic, language, description) VALUES (24, 'PT_PT', 'Linguagens de alto e baixo nível');
INSERT INTO DegreeClassTopicTranslations(degreeClassTopic, language, description) VALUES (25, 'PT_PT', 'Modelo conceptual da execução de um programa');
INSERT INTO DegreeClassTopicTranslations(degreeClassTopic, language, description) VALUES (26, 'PT_PT', 'Subsistemas: CPU, memória, periféricos');
INSERT INTO DegreeClassTopicTranslations(degreeClassTopic, language, description) VALUES (27, 'PT_PT', 'Equação básica de desempenho');
INSERT INTO DegreeClassTopicTranslations(degreeClassTopic, language, description) VALUES (28, 'PT_PT', 'Benchmarks');
INSERT INTO DegreeClassTopicTranslations(degreeClassTopic, language, description) VALUES (29, 'PT_PT', 'Lei de Amdahl');
INSERT INTO DegreeClassTopicTranslations(degreeClassTopic, language, description) VALUES (30, 'PT_PT', 'Tipos de instruções');
INSERT INTO DegreeClassTopicTranslations(degreeClassTopic, language, description) VALUES (31, 'PT_PT', 'Modos de endereçamento');
INSERT INTO DegreeClassTopicTranslations(degreeClassTopic, language, description) VALUES (32, 'PT_PT', 'Codificação');
INSERT INTO DegreeClassTopicTranslations(degreeClassTopic, language, description) VALUES (33, 'PT_PT', 'Linguagem Assembly');
INSERT INTO DegreeClassTopicTranslations(degreeClassTopic, language, description) VALUES (34, 'PT_PT', 'Assemblador');
INSERT INTO DegreeClassTopicTranslations(degreeClassTopic, language, description) VALUES (35, 'PT_PT', 'Sub-rotinas');
INSERT INTO DegreeClassTopicTranslations(degreeClassTopic, language, description) VALUES (36, 'PT_PT', 'CPU - Unidade uniciclo: desempenho, limitações');
INSERT INTO DegreeClassTopicTranslations(degreeClassTopic, language, description) VALUES (37, 'PT_PT', 'CPU - Tratamento de excepções');
INSERT INTO DegreeClassTopicTranslations(degreeClassTopic, language, description) VALUES (38, 'PT_PT', 'Hierarquia de memória');
INSERT INTO DegreeClassTopicTranslations(degreeClassTopic, language, description) VALUES (39, 'PT_PT', 'Memórias cache');
INSERT INTO DegreeClassTopicTranslations(degreeClassTopic, language, description) VALUES (40, 'PT_PT', 'Desempenho de Memória');
INSERT INTO DegreeClassTopicTranslations(degreeClassTopic, language, description) VALUES (11, 'EN_UK', 'Areas of computer application and their characteristics');
INSERT INTO DegreeClassTopicTranslations(degreeClassTopic, language, description) VALUES (12, 'EN_UK', 'Binary representation of integers');
INSERT INTO DegreeClassTopicTranslations(degreeClassTopic, language, description) VALUES (13, 'EN_UK', 'Elementary binary arithmetic operations');
INSERT INTO DegreeClassTopicTranslations(degreeClassTopic, language, description) VALUES (14, 'EN_UK', 'Binary code systems');
INSERT INTO DegreeClassTopicTranslations(degreeClassTopic, language, description) VALUES (15, 'EN_UK', 'Floating point');
INSERT INTO DegreeClassTopicTranslations(degreeClassTopic, language, description) VALUES (16, 'EN_UK', 'Boolean algebra');
INSERT INTO DegreeClassTopicTranslations(degreeClassTopic, language, description) VALUES (17, 'EN_UK', 'Elementary logic gates');
INSERT INTO DegreeClassTopicTranslations(degreeClassTopic, language, description) VALUES (18, 'EN_UK', 'Logic diagrams');
INSERT INTO DegreeClassTopicTranslations(degreeClassTopic, language, description) VALUES (19, 'EN_UK', 'Logic simulator');
INSERT INTO DegreeClassTopicTranslations(degreeClassTopic, language, description) VALUES (20, 'EN_UK', 'Circuits with standard functions');
INSERT INTO DegreeClassTopicTranslations(degreeClassTopic, language, description) VALUES (21, 'EN_UK', 'Components of computer memory');
INSERT INTO DegreeClassTopicTranslations(degreeClassTopic, language, description) VALUES (22, 'EN_UK', 'Registers and counters');
INSERT INTO DegreeClassTopicTranslations(degreeClassTopic, language, description) VALUES (23, 'EN_UK', 'Address decoding');
INSERT INTO DegreeClassTopicTranslations(degreeClassTopic, language, description) VALUES (24, 'EN_UK', 'High-level and low-level languages');
INSERT INTO DegreeClassTopicTranslations(degreeClassTopic, language, description) VALUES (25, 'EN_UK', 'Conceptual model of program execution');
INSERT INTO DegreeClassTopicTranslations(degreeClassTopic, language, description) VALUES (26, 'EN_UK', 'Subsystems: CPU, memory, peripherals');
INSERT INTO DegreeClassTopicTranslations(degreeClassTopic, language, description) VALUES (27, 'EN_UK', 'Basic performance equation');
INSERT INTO DegreeClassTopicTranslations(degreeClassTopic, language, description) VALUES (28, 'EN_UK', 'Benchmarks');
INSERT INTO DegreeClassTopicTranslations(degreeClassTopic, language, description) VALUES (29, 'EN_UK', 'Amdahl''s Law');
INSERT INTO DegreeClassTopicTranslations(degreeClassTopic, language, description) VALUES (30, 'EN_UK', 'Instruction types');
INSERT INTO DegreeClassTopicTranslations(degreeClassTopic, language, description) VALUES (31, 'EN_UK', 'Addressing modes');
INSERT INTO DegreeClassTopicTranslations(degreeClassTopic, language, description) VALUES (32, 'EN_UK', 'Instruction encoding');
INSERT INTO DegreeClassTopicTranslations(degreeClassTopic, language, description) VALUES (33, 'EN_UK', 'Assembly language');
INSERT INTO DegreeClassTopicTranslations(degreeClassTopic, language, description) VALUES (34, 'EN_UK', 'Assembler');
INSERT INTO DegreeClassTopicTranslations(degreeClassTopic, language, description) VALUES (35, 'EN_UK', 'Subroutines');
INSERT INTO DegreeClassTopicTranslations(degreeClassTopic, language, description) VALUES (36, 'EN_UK', 'CPU - Single-cycle unit: performance, limitations');
INSERT INTO DegreeClassTopicTranslations(degreeClassTopic, language, description) VALUES (37, 'EN_UK', 'CPU - Exception handling');
INSERT INTO DegreeClassTopicTranslations(degreeClassTopic, language, description) VALUES (38, 'EN_UK', 'Memory hierarchy');
INSERT INTO DegreeClassTopicTranslations(degreeClassTopic, language, description) VALUES (39, 'EN_UK', 'Cache memory');
INSERT INTO DegreeClassTopicTranslations(degreeClassTopic, language, description) VALUES (40, 'EN_UK', 'Memory performance');

INSERT INTO DegreeClasses(id, year, semester, ects , isOptional, degree) VALUES (3, 1, 1, 6, false, 1);
INSERT INTO DegreeClassTranslations(degreeClass, language, name, description) VALUES  (3, 'PT_PT', 'Fundamentos da Programação' , 'Objectivos: Desenvolver os algoritmos para a resolução dos problemas adoptando uma abordagem estruturada;\nSeleccionar e criar as abstracções adequadas, tanto ao nível dos procedimentos como dos dados;\nUtilizar como ferramenta de desenvolvimento a linguagem Scheme, caracterizada por uma sintaxe simples.');
INSERT INTO DegreeClassTopics(id, degreeClass, ordering) VALUES (41, 3, 1);
INSERT INTO DegreeClassTopics(id, degreeClass, ordering) VALUES (42, 3, 2);
INSERT INTO DegreeClassTopics(id, degreeClass, ordering) VALUES (43, 3, 3);
INSERT INTO DegreeClassTopics(id, degreeClass, ordering) VALUES (44, 3, 4);
INSERT INTO DegreeClassTopics(id, degreeClass, ordering) VALUES (45, 3, 5);
INSERT INTO DegreeClassTopics(id, degreeClass, ordering) VALUES (46, 3, 6);
INSERT INTO DegreeClassTopics(id, degreeClass, ordering) VALUES (47, 3, 7);
INSERT INTO DegreeClassTopics(id, degreeClass, ordering) VALUES (48, 3, 8);
INSERT INTO DegreeClassTopics(id, degreeClass, ordering) VALUES (49, 3, 9);
INSERT INTO DegreeClassTopics(id, degreeClass, ordering) VALUES (50, 3, 10);
INSERT INTO DegreeClassTopics(id, degreeClass, ordering) VALUES (51, 3, 11);
INSERT INTO DegreeClassTopics(id, degreeClass, ordering) VALUES (52, 3, 12);
INSERT INTO DegreeClassTopics(id, degreeClass, ordering) VALUES (53, 3, 13);
INSERT INTO DegreeClassTopics(id, degreeClass, ordering) VALUES (54, 3, 14);
INSERT INTO DegreeClassTopicTranslations(degreeClassTopic, language, description) VALUES (41, 'PT_PT', 'Elementos de programação em Scheme');
INSERT INTO DegreeClassTopicTranslations(degreeClassTopic, language, description) VALUES (42, 'PT_PT', 'Procedimentos e processos');
INSERT INTO DegreeClassTopicTranslations(degreeClassTopic, language, description) VALUES (43, 'PT_PT', 'Recursividade e iteração');
INSERT INTO DegreeClassTopicTranslations(degreeClassTopic, language, description) VALUES (44, 'PT_PT', 'Ordem de crescimento dos processos');
INSERT INTO DegreeClassTopicTranslations(degreeClassTopic, language, description) VALUES (45, 'PT_PT', 'Selectores e construtores');
INSERT INTO DegreeClassTopicTranslations(degreeClassTopic, language, description) VALUES (46, 'PT_PT', 'Barreiras de abstracção');
INSERT INTO DegreeClassTopicTranslations(degreeClassTopic, language, description) VALUES (47, 'PT_PT', 'Listas');
INSERT INTO DegreeClassTopicTranslations(degreeClassTopic, language, description) VALUES (48, 'PT_PT', 'Exemplo de uma abstracção (conjuntos)');
INSERT INTO DegreeClassTopicTranslations(degreeClassTopic, language, description) VALUES (49, 'PT_PT', 'Modificadores');
INSERT INTO DegreeClassTopicTranslations(degreeClassTopic, language, description) VALUES (50, 'PT_PT', 'Listas mutáveis');
INSERT INTO DegreeClassTopicTranslations(degreeClassTopic, language, description) VALUES (51, 'PT_PT', 'Filas de espera');
INSERT INTO DegreeClassTopicTranslations(degreeClassTopic, language, description) VALUES (52, 'PT_PT', 'Tabelas');
INSERT INTO DegreeClassTopicTranslations(degreeClassTopic, language, description) VALUES (53, 'PT_PT', 'Vectores');
INSERT INTO DegreeClassTopicTranslations(degreeClassTopic, language, description) VALUES (54, 'PT_PT', 'Ficheiros de Texto');
INSERT INTO DegreeClassTopicTranslations(degreeClassTopic, language, description) VALUES (41, 'EN_UK', 'Elements of Scheme programming');
INSERT INTO DegreeClassTopicTranslations(degreeClassTopic, language, description) VALUES (42, 'EN_UK', 'Procedures and processes');
INSERT INTO DegreeClassTopicTranslations(degreeClassTopic, language, description) VALUES (43, 'EN_UK', 'Recursion and iteration');
INSERT INTO DegreeClassTopicTranslations(degreeClassTopic, language, description) VALUES (44, 'EN_UK', 'Order of growth of processes');
INSERT INTO DegreeClassTopicTranslations(degreeClassTopic, language, description) VALUES (45, 'EN_UK', 'Selectors and constructors');
INSERT INTO DegreeClassTopicTranslations(degreeClassTopic, language, description) VALUES (46, 'EN_UK', 'Abstraction barriers');
INSERT INTO DegreeClassTopicTranslations(degreeClassTopic, language, description) VALUES (47, 'EN_UK', 'Lists');
INSERT INTO DegreeClassTopicTranslations(degreeClassTopic, language, description) VALUES (48, 'EN_UK', 'Example of an abstraction (sets)');
INSERT INTO DegreeClassTopicTranslations(degreeClassTopic, language, description) VALUES (49, 'EN_UK', 'Modifiers');
INSERT INTO DegreeClassTopicTranslations(degreeClassTopic, language, description) VALUES (50, 'EN_UK', 'Mutable lists');
INSERT INTO DegreeClassTopicTranslations(degreeClassTopic, language, description) VALUES (51, 'EN_UK', 'Queues');
INSERT INTO DegreeClassTopicTranslations(degreeClassTopic, language, description) VALUES (52, 'EN_UK', 'Tables');
INSERT INTO DegreeClassTopicTranslations(degreeClassTopic, language, description) VALUES (53, 'EN_UK', 'Arrays');
INSERT INTO DegreeClassTopicTranslations(degreeClassTopic, language, description) VALUES (54, 'EN_UK', 'Text files');

INSERT INTO DegreeClasses(id, year, semester, ects , isOptional, degree) VALUES (4, 1, 1, 6, false, 1);
INSERT INTO DegreeClassTranslations(degreeClass, language, name, description) VALUES  (4, 'PT_PT', 'Análise Matemática' , 'Aquisição de conhecimentos teóricos e práticos sobre cálculo diferencial e integral em R que possibilitem a aplicação das ferramentas básicas da análise matemática ao tratamento e resolução dos problemas mais adaptados ao perfil do curso.\nCapacitar o estudante para a inovação, complementando os conhecimentos de forma a desenvolver soluções para resolução de novas questões.');
INSERT INTO DegreeClassTopics(id, degreeClass, ordering) VALUES (55, 4, 1);
INSERT INTO DegreeClassTopics(id, degreeClass, ordering) VALUES (56, 4, 2);
INSERT INTO DegreeClassTopics(id, degreeClass, ordering) VALUES (57, 4, 3);
INSERT INTO DegreeClassTopics(id, degreeClass, ordering) VALUES (58, 4, 4);
INSERT INTO DegreeClassTopics(id, degreeClass, ordering) VALUES (59, 4, 5);
INSERT INTO DegreeClassTopics(id, degreeClass, ordering) VALUES (60, 4, 6);
INSERT INTO DegreeClassTopics(id, degreeClass, ordering) VALUES (61, 4, 7);
INSERT INTO DegreeClassTopics(id, degreeClass, ordering) VALUES (62, 4, 8);
INSERT INTO DegreeClassTopics(id, degreeClass, ordering) VALUES (63, 4, 9);
INSERT INTO DegreeClassTopics(id, degreeClass, ordering) VALUES (64, 4, 10);
INSERT INTO DegreeClassTopics(id, degreeClass, ordering) VALUES (65, 4, 11);
INSERT INTO DegreeClassTopics(id, degreeClass, ordering) VALUES (66, 4, 12);
INSERT INTO DegreeClassTopics(id, degreeClass, ordering) VALUES (67, 4, 13);
INSERT INTO DegreeClassTopics(id, degreeClass, ordering) VALUES (68, 4, 14);
INSERT INTO DegreeClassTopics(id, degreeClass, ordering) VALUES (69, 4, 15);
INSERT INTO DegreeClassTopics(id, degreeClass, ordering) VALUES (70, 4, 16);
INSERT INTO DegreeClassTopicTranslations(degreeClassTopic, language, description) VALUES (55, 'PT_PT', 'Diferenciação');
INSERT INTO DegreeClassTopicTranslations(degreeClassTopic, language, description) VALUES (56, 'PT_PT', 'Aplicações da diferenciação: Máximos, mínimos, funções crescentes e decrescentes, concavidades');
INSERT INTO DegreeClassTopicTranslations(degreeClassTopic, language, description) VALUES (57, 'PT_PT', 'Aplicações da diferenciação: Gráficos de funções');
INSERT INTO DegreeClassTopicTranslations(degreeClassTopic, language, description) VALUES (58, 'PT_PT', 'Aplicações da diferenciação: Aplicações à engenharia');
INSERT INTO DegreeClassTopicTranslations(degreeClassTopic, language, description) VALUES (59, 'PT_PT', 'Integração: Integral indefinido');
INSERT INTO DegreeClassTopicTranslations(degreeClassTopic, language, description) VALUES (60, 'PT_PT', 'Integração: Integral definido');
INSERT INTO DegreeClassTopicTranslations(degreeClassTopic, language, description) VALUES (61, 'PT_PT', 'Integração: Teorema fundamental');
INSERT INTO DegreeClassTopicTranslations(degreeClassTopic, language, description) VALUES (62, 'PT_PT', 'Técnicas de integração');
INSERT INTO DegreeClassTopicTranslations(degreeClassTopic, language, description) VALUES (63, 'PT_PT', 'Aplicações de Integração');
INSERT INTO DegreeClassTopicTranslations(degreeClassTopic, language, description) VALUES (64, 'PT_PT', 'Equações Diferenciais: Equações Diferenciais de 1ª ordem');
INSERT INTO DegreeClassTopicTranslations(degreeClassTopic, language, description) VALUES (65, 'PT_PT', 'Equações Diferenciais: Equações Diferenciais de 2ª ordem');
INSERT INTO DegreeClassTopicTranslations(degreeClassTopic, language, description) VALUES (66, 'PT_PT', 'Transformadas de Laplace e sua aplicação à resolução de equações diferenciais');
INSERT INTO DegreeClassTopicTranslations(degreeClassTopic, language, description) VALUES (67, 'PT_PT', 'Séries: Critérios de convergência');
INSERT INTO DegreeClassTopicTranslations(degreeClassTopic, language, description) VALUES (68, 'PT_PT', 'Séries: Séries trigonométricas, de potências');
INSERT INTO DegreeClassTopicTranslations(degreeClassTopic, language, description) VALUES (69, 'PT_PT', 'Aproximação de funções: Séries de Taylor');
INSERT INTO DegreeClassTopicTranslations(degreeClassTopic, language, description) VALUES (70, 'PT_PT', 'Aproximação de funções: Séries de Fourier');
INSERT INTO DegreeClassTopicTranslations(degreeClassTopic, language, description) VALUES (55, 'EN_UK', 'Differentiation');
INSERT INTO DegreeClassTopicTranslations(degreeClassTopic, language, description) VALUES (56, 'EN_UK', 'Applications of differentiation: Maxima, minima, increasing and decreasing functions, concavity');
INSERT INTO DegreeClassTopicTranslations(degreeClassTopic, language, description) VALUES (57, 'EN_UK', 'Applications of differentiation: Graphing functions');
INSERT INTO DegreeClassTopicTranslations(degreeClassTopic, language, description) VALUES (58, 'EN_UK', 'Applications of differentiation: Applications to engineering');
INSERT INTO DegreeClassTopicTranslations(degreeClassTopic, language, description) VALUES (59, 'EN_UK', 'Integration: Indefinite integral');
INSERT INTO DegreeClassTopicTranslations(degreeClassTopic, language, description) VALUES (60, 'EN_UK', 'Integration: Definite integral');
INSERT INTO DegreeClassTopicTranslations(degreeClassTopic, language, description) VALUES (61, 'EN_UK', 'Integration: Fundamental theorem');
INSERT INTO DegreeClassTopicTranslations(degreeClassTopic, language, description) VALUES (62, 'EN_UK', 'Integration techniques');
INSERT INTO DegreeClassTopicTranslations(degreeClassTopic, language, description) VALUES (63, 'EN_UK', 'Applications of integration');
INSERT INTO DegreeClassTopicTranslations(degreeClassTopic, language, description) VALUES (64, 'EN_UK', 'Differential equations: 1st order differential equations');
INSERT INTO DegreeClassTopicTranslations(degreeClassTopic, language, description) VALUES (65, 'EN_UK', 'Differential equations: 2nd order differential equations');
INSERT INTO DegreeClassTopicTranslations(degreeClassTopic, language, description) VALUES (66, 'EN_UK', 'Laplace transforms and their application to solving differential equations');
INSERT INTO DegreeClassTopicTranslations(degreeClassTopic, language, description) VALUES (67, 'EN_UK', 'Series: Convergence criteria');
INSERT INTO DegreeClassTopicTranslations(degreeClassTopic, language, description) VALUES (68, 'EN_UK', 'Series: Trigonometric series, power series');
INSERT INTO DegreeClassTopicTranslations(degreeClassTopic, language, description) VALUES (69, 'EN_UK', 'Approximation of functions: Taylor series');
INSERT INTO DegreeClassTopicTranslations(degreeClassTopic, language, description) VALUES (70, 'EN_UK', 'Approximation of functions: Fourier series');


INSERT INTO DegreeClasses(id, year, semester, ects , isOptional, degree) VALUES (5, 1, 1, 4.5, false, 1);
INSERT INTO DegreeClassTranslations(degreeClass, language, name, description) VALUES  (5, 'PT_PT', 'Álgebra' , 'Esta disciplina tem dois objectivos fundamentais: por um lado, tratando-se de uma disciplina propedêutica tem um carácter didáctico/científico, promovendo o desenvolvimento do raciocínio lógico e de métodos de análise e, por outro, visa introduzir e desenvolver em termos teóricos um conjunto de conceitos que serão ferramentas essenciais para apoio às disciplinas mais específicas da Engenharia.');
INSERT INTO DegreeClassTopics(id, degreeClass, ordering) VALUES (71, 5, 1);
INSERT INTO DegreeClassTopics(id, degreeClass, ordering) VALUES (72, 5, 2);
INSERT INTO DegreeClassTopics(id, degreeClass, ordering) VALUES (73, 5, 3);
INSERT INTO DegreeClassTopics(id, degreeClass, ordering) VALUES (74, 5, 4);
INSERT INTO DegreeClassTopics(id, degreeClass, ordering) VALUES (75, 5, 5);
INSERT INTO DegreeClassTopics(id, degreeClass, ordering) VALUES (76, 5, 6);
INSERT INTO DegreeClassTopics(id, degreeClass, ordering) VALUES (77, 5, 7);
INSERT INTO DegreeClassTopics(id, degreeClass, ordering) VALUES (78, 5, 8);
INSERT INTO DegreeClassTopics(id, degreeClass, ordering) VALUES (79, 5, 9);
INSERT INTO DegreeClassTopics(id, degreeClass, ordering) VALUES (80, 5, 10);
INSERT INTO DegreeClassTopics(id, degreeClass, ordering) VALUES (81, 5, 11);
INSERT INTO DegreeClassTopics(id, degreeClass, ordering) VALUES (82, 5, 12);
INSERT INTO DegreeClassTopics(id, degreeClass, ordering) VALUES (83, 5, 13);
INSERT INTO DegreeClassTopics(id, degreeClass, ordering) VALUES (84, 5, 14);
INSERT INTO DegreeClassTopics(id, degreeClass, ordering) VALUES (85, 5, 15);
INSERT INTO DegreeClassTopics(id, degreeClass, ordering) VALUES (86, 5, 16);
INSERT INTO DegreeClassTopics(id, degreeClass, ordering) VALUES (87, 5, 17);
INSERT INTO DegreeClassTopics(id, degreeClass, ordering) VALUES (88, 5, 18);
INSERT INTO DegreeClassTopics(id, degreeClass, ordering) VALUES (89, 5, 19);
INSERT INTO DegreeClassTopics(id, degreeClass, ordering) VALUES (90, 5, 20);
INSERT INTO DegreeClassTopics(id, degreeClass, ordering) VALUES (91, 5, 21);
INSERT INTO DegreeClassTopics(id, degreeClass, ordering) VALUES (92, 5, 22);
INSERT INTO DegreeClassTopics(id, degreeClass, ordering) VALUES (93, 5, 23);
INSERT INTO DegreeClassTopics(id, degreeClass, ordering) VALUES (94, 5, 24);
INSERT INTO DegreeClassTopics(id, degreeClass, ordering) VALUES (95, 5, 25);
INSERT INTO DegreeClassTopics(id, degreeClass, ordering) VALUES (96, 5, 26);
INSERT INTO DegreeClassTopics(id, degreeClass, ordering) VALUES (97, 5, 27);
INSERT INTO DegreeClassTopicTranslations(degreeClassTopic, language, description) VALUES (71, 'PT_PT', 'Definição de espaço linear (vectorial)');
INSERT INTO DegreeClassTopicTranslations(degreeClassTopic, language, description) VALUES (72, 'PT_PT', 'Subespaços vectoriais');
INSERT INTO DegreeClassTopicTranslations(degreeClassTopic, language, description) VALUES (73, 'PT_PT', 'Independência e dependência linear');
INSERT INTO DegreeClassTopicTranslations(degreeClassTopic, language, description) VALUES (74, 'PT_PT', 'Bases e dimensões de espaços vectoriais');
INSERT INTO DegreeClassTopicTranslations(degreeClassTopic, language, description) VALUES (75, 'PT_PT', 'Componentes algébricos');
INSERT INTO DegreeClassTopicTranslations(degreeClassTopic, language, description) VALUES (76, 'PT_PT', 'Produto interno');
INSERT INTO DegreeClassTopicTranslations(degreeClassTopic, language, description) VALUES (77, 'PT_PT', 'Espaços Euclideanos');
INSERT INTO DegreeClassTopicTranslations(degreeClassTopic, language, description) VALUES (78, 'PT_PT', 'Norma');
INSERT INTO DegreeClassTopicTranslations(degreeClassTopic, language, description) VALUES (79, 'PT_PT', 'Ortogonalidade');
INSERT INTO DegreeClassTopicTranslations(degreeClassTopic, language, description) VALUES (80, 'PT_PT', 'Espaço linear de matrizes');
INSERT INTO DegreeClassTopicTranslations(degreeClassTopic, language, description) VALUES (81, 'PT_PT', 'Produto de matrizes');
INSERT INTO DegreeClassTopicTranslations(degreeClassTopic, language, description) VALUES (82, 'PT_PT', 'Tipos de Matrizes: transposta, inversa , quadrada, ortogonal, semelhante, de mudança de base');
INSERT INTO DegreeClassTopicTranslations(degreeClassTopic, language, description) VALUES (83, 'PT_PT', 'Estudo dos determinantes');
INSERT INTO DegreeClassTopicTranslations(degreeClassTopic, language, description) VALUES (84, 'PT_PT', 'Método de condensação e Teorema de Laplace');
INSERT INTO DegreeClassTopicTranslations(degreeClassTopic, language, description) VALUES (85, 'PT_PT', 'Inversão de matrizes usando o determinante');
INSERT INTO DegreeClassTopicTranslations(degreeClassTopic, language, description) VALUES (86, 'PT_PT', 'Estudo dos sistemas de equações lineares');
INSERT INTO DegreeClassTopicTranslations(degreeClassTopic, language, description) VALUES (87, 'PT_PT', 'Método de eliminação de Gauss');
INSERT INTO DegreeClassTopicTranslations(degreeClassTopic, language, description) VALUES (88, 'PT_PT', 'Regra de Cramer');
INSERT INTO DegreeClassTopicTranslations(degreeClassTopic, language, description) VALUES (89, 'PT_PT', 'Transformações lineares');
INSERT INTO DegreeClassTopicTranslations(degreeClassTopic, language, description) VALUES (90, 'PT_PT', 'Núcleo e contradomínio');
INSERT INTO DegreeClassTopicTranslations(degreeClassTopic, language, description) VALUES (91, 'PT_PT', 'Operações algébricas com transformações lineares');
INSERT INTO DegreeClassTopicTranslations(degreeClassTopic, language, description) VALUES (92, 'PT_PT', 'Transformações lineares injectivas');
INSERT INTO DegreeClassTopicTranslations(degreeClassTopic, language, description) VALUES (93, 'PT_PT', 'Representação matricial de transformações lineares');
INSERT INTO DegreeClassTopicTranslations(degreeClassTopic, language, description) VALUES (94, 'PT_PT', 'Isomorfismo entre transformações lineares e matrizes');
INSERT INTO DegreeClassTopicTranslations(degreeClassTopic, language, description) VALUES (95, 'PT_PT', 'Valores próprios e vectores próprios de transformações lineares');
INSERT INTO DegreeClassTopicTranslations(degreeClassTopic, language, description) VALUES (96, 'PT_PT', 'Polinómio característico');
INSERT INTO DegreeClassTopicTranslations(degreeClassTopic, language, description) VALUES (97, 'PT_PT', 'Condição necessária e suficiente para a existência de representação matricial diagonal de uma transformação linear');
INSERT INTO DegreeClassTopicTranslations(degreeClassTopic, language, description) VALUES (71, 'EN_UK', 'Definition of linear (vector) space');
INSERT INTO DegreeClassTopicTranslations(degreeClassTopic, language, description) VALUES (72, 'EN_UK', 'Subspaces');
INSERT INTO DegreeClassTopicTranslations(degreeClassTopic, language, description) VALUES (73, 'EN_UK', 'Linear independence and dependence');
INSERT INTO DegreeClassTopicTranslations(degreeClassTopic, language, description) VALUES (74, 'EN_UK', 'Bases and dimensions of vector spaces');
INSERT INTO DegreeClassTopicTranslations(degreeClassTopic, language, description) VALUES (75, 'EN_UK', 'Algebraic components');
INSERT INTO DegreeClassTopicTranslations(degreeClassTopic, language, description) VALUES (76, 'EN_UK', 'Inner product');
INSERT INTO DegreeClassTopicTranslations(degreeClassTopic, language, description) VALUES (77, 'EN_UK', 'Euclidean spaces');
INSERT INTO DegreeClassTopicTranslations(degreeClassTopic, language, description) VALUES (78, 'EN_UK', 'Norm');
INSERT INTO DegreeClassTopicTranslations(degreeClassTopic, language, description) VALUES (79, 'EN_UK', 'Orthogonality');
INSERT INTO DegreeClassTopicTranslations(degreeClassTopic, language, description) VALUES (80, 'EN_UK', 'Linear space of matrices');
INSERT INTO DegreeClassTopicTranslations(degreeClassTopic, language, description) VALUES (81, 'EN_UK', 'Matrix product');
INSERT INTO DegreeClassTopicTranslations(degreeClassTopic, language, description) VALUES (82, 'EN_UK', 'Matrix types: transpose, inverse, square, orthogonal, similar, change of basis');
INSERT INTO DegreeClassTopicTranslations(degreeClassTopic, language, description) VALUES (83, 'EN_UK', 'Study of determinants');
INSERT INTO DegreeClassTopicTranslations(degreeClassTopic, language, description) VALUES (84, 'EN_UK', 'Reduction method and Laplace''s Theorem');
INSERT INTO DegreeClassTopicTranslations(degreeClassTopic, language, description) VALUES (85, 'EN_UK', 'Matrix inversion using the determinant');
INSERT INTO DegreeClassTopicTranslations(degreeClassTopic, language, description) VALUES (86, 'EN_UK', 'Study of systems of linear equations');
INSERT INTO DegreeClassTopicTranslations(degreeClassTopic, language, description) VALUES (87, 'EN_UK', 'Gaussian elimination method');
INSERT INTO DegreeClassTopicTranslations(degreeClassTopic, language, description) VALUES (88, 'EN_UK', 'Cramer''s rule');
INSERT INTO DegreeClassTopicTranslations(degreeClassTopic, language, description) VALUES (89, 'EN_UK', 'Linear transformations');
INSERT INTO DegreeClassTopicTranslations(degreeClassTopic, language, description) VALUES (90, 'EN_UK', 'Kernel and image');
INSERT INTO DegreeClassTopicTranslations(degreeClassTopic, language, description) VALUES (91, 'EN_UK', 'Algebraic operations with linear transformations');
INSERT INTO DegreeClassTopicTranslations(degreeClassTopic, language, description) VALUES (92, 'EN_UK', 'Injective linear transformations');
INSERT INTO DegreeClassTopicTranslations(degreeClassTopic, language, description) VALUES (93, 'EN_UK', 'Matrix representation of linear transformations');
INSERT INTO DegreeClassTopicTranslations(degreeClassTopic, language, description) VALUES (94, 'EN_UK', 'Isomorphism between linear transformations and matrices');
INSERT INTO DegreeClassTopicTranslations(degreeClassTopic, language, description) VALUES (95, 'EN_UK', 'Eigenvalues and eigenvectors of linear transformations');
INSERT INTO DegreeClassTopicTranslations(degreeClassTopic, language, description) VALUES (96, 'EN_UK', 'Characteristic polynomial');
INSERT INTO DegreeClassTopicTranslations(degreeClassTopic, language, description) VALUES (97, 'EN_UK', 'Necessary and sufficient condition for the existence of a diagonal matrix representation of a linear transformation');

INSERT INTO DegreeClasses(id, year, semester, ects , isOptional, degree) VALUES (6, 1, 1, 1.5, false, 1);
INSERT INTO DegreeClassTranslations(degreeClass, language, name, description) VALUES  (6, 'PT_PT', 'Projecto FEUP' , 'Objectivos: Receber e integrar no ambiente FEUP os alunos recém-chegados;\nDar a conhecer os principais serviços disponíveis no campus;\nDar formação inicial nas áreas conhecidas como “Soft Skills” (trabalho em equipa, comunicação, etc.) e alertar para a sua importância ao longo da carreira em engenharia;\nDiscutir cientificamente um Tema\\resolver um Projecto de dificuldade limitada nas áreas de engenharia.');
INSERT INTO DegreeClassTopics(id, degreeClass, ordering) VALUES (98, 6, 1);
INSERT INTO DegreeClassTopics(id, degreeClass, ordering) VALUES (99, 6, 2);
INSERT INTO DegreeClassTopics(id, degreeClass, ordering) VALUES (100, 6, 3);
INSERT INTO DegreeClassTopics(id, degreeClass, ordering) VALUES (101, 6, 4);
INSERT INTO DegreeClassTopics(id, degreeClass, ordering) VALUES (102, 6, 5);
INSERT INTO DegreeClassTopics(id, degreeClass, ordering) VALUES (103, 6, 6);
INSERT INTO DegreeClassTopics(id, degreeClass, ordering) VALUES (104, 6, 7);
INSERT INTO DegreeClassTopics(id, degreeClass, ordering) VALUES (105, 6, 8);
INSERT INTO DegreeClassTopics(id, degreeClass, ordering) VALUES (106, 6, 9);
INSERT INTO DegreeClassTopicTranslations(degreeClassTopic, language, description) VALUES (98, 'PT_PT', 'Competências profissionais não técnicas: Escrita em engenharia');
INSERT INTO DegreeClassTopicTranslations(degreeClassTopic, language, description) VALUES (99, 'PT_PT', 'Competências profissionais não técnicas: Comunicação eficaz');
INSERT INTO DegreeClassTopicTranslations(degreeClassTopic, language, description) VALUES (100, 'PT_PT', 'Competências profissionais não técnicas: Comunicação visual');
INSERT INTO DegreeClassTopicTranslations(degreeClassTopic, language, description) VALUES (101, 'PT_PT', 'Aprendizagem eficaz (incluindo Gestão de Tempo, etc.)');
INSERT INTO DegreeClassTopicTranslations(degreeClassTopic, language, description) VALUES (102, 'PT_PT', 'Ética');
INSERT INTO DegreeClassTopicTranslations(degreeClassTopic, language, description) VALUES (103, 'PT_PT', 'Plágio');
INSERT INTO DegreeClassTopicTranslations(degreeClassTopic, language, description) VALUES (104, 'PT_PT', 'Estilos de citação e referenciação das fontes utilizadas');
INSERT INTO DegreeClassTopicTranslations(degreeClassTopic, language, description) VALUES (105, 'PT_PT', 'Ferramentas colaborativas');
INSERT INTO DegreeClassTopicTranslations(degreeClassTopic, language, description) VALUES (106, 'PT_PT', 'Ferramentas baseadas em web (como algumas Google Apps)');
INSERT INTO DegreeClassTopicTranslations(degreeClassTopic, language, description) VALUES (98, 'EN_UK', 'Non-technical professional skills: Engineering writing');
INSERT INTO DegreeClassTopicTranslations(degreeClassTopic, language, description) VALUES (99, 'EN_UK', 'Non-technical professional skills: Effective communication');
INSERT INTO DegreeClassTopicTranslations(degreeClassTopic, language, description) VALUES (100, 'EN_UK', 'Non-technical professional skills: Visual communication');
INSERT INTO DegreeClassTopicTranslations(degreeClassTopic, language, description) VALUES (101, 'EN_UK', 'Effective learning (including Time Management, etc.)');
INSERT INTO DegreeClassTopicTranslations(degreeClassTopic, language, description) VALUES (102, 'EN_UK', 'Ethics');
INSERT INTO DegreeClassTopicTranslations(degreeClassTopic, language, description) VALUES (103, 'EN_UK', 'Plagiarism');
INSERT INTO DegreeClassTopicTranslations(degreeClassTopic, language, description) VALUES (104, 'EN_UK', 'Citation and referencing styles for sources used');
INSERT INTO DegreeClassTopicTranslations(degreeClassTopic, language, description) VALUES (105, 'EN_UK', 'Collaborative tools');
INSERT INTO DegreeClassTopicTranslations(degreeClassTopic, language, description) VALUES (106, 'EN_UK', 'Web-based tools (such as some Google Apps)');

INSERT INTO DegreeClasses(id, year, semester, ects , isOptional, degree) VALUES (7, 1, 2, 4.5, false, 1);
INSERT INTO DegreeClassTranslations(degreeClass, language, name, description) VALUES  (7, 'PT_PT', 'Métodos Estatísticos' , 'Esta disciplina tem como objectivo: Garantir que os alunos adquiram uma visão integrada de conceitos e técnicas básicas da Estatística no âmbito do curso de Engenharia Informática.');
INSERT INTO DegreeClassTopics(id, degreeClass, ordering) VALUES (107, 7, 1);
INSERT INTO DegreeClassTopics(id, degreeClass, ordering) VALUES (108, 7, 2);
INSERT INTO DegreeClassTopics(id, degreeClass, ordering) VALUES (109, 7, 3);
INSERT INTO DegreeClassTopics(id, degreeClass, ordering) VALUES (110, 7, 4);
INSERT INTO DegreeClassTopics(id, degreeClass, ordering) VALUES (111, 7, 5);
INSERT INTO DegreeClassTopics(id, degreeClass, ordering) VALUES (112, 7, 6);
INSERT INTO DegreeClassTopics(id, degreeClass, ordering) VALUES (113, 7, 7);
INSERT INTO DegreeClassTopics(id, degreeClass, ordering) VALUES (114, 7, 8);
INSERT INTO DegreeClassTopics(id, degreeClass, ordering) VALUES (115, 7, 9);
INSERT INTO DegreeClassTopics(id, degreeClass, ordering) VALUES (116, 7, 10);
INSERT INTO DegreeClassTopics(id, degreeClass, ordering) VALUES (117, 7, 11);
INSERT INTO DegreeClassTopics(id, degreeClass, ordering) VALUES (118, 7, 12);
INSERT INTO DegreeClassTopics(id, degreeClass, ordering) VALUES (119, 7, 13);
INSERT INTO DegreeClassTopics(id, degreeClass, ordering) VALUES (120, 7, 14);
INSERT INTO DegreeClassTopics(id, degreeClass, ordering) VALUES (121, 7, 15);
INSERT INTO DegreeClassTopics(id, degreeClass, ordering) VALUES (122, 7, 16);
INSERT INTO DegreeClassTopics(id, degreeClass, ordering) VALUES (123, 7, 17);
INSERT INTO DegreeClassTopicTranslations(degreeClassTopic, language, description) VALUES (107, 'PT_PT', 'Objecto e Método da Estatística');
INSERT INTO DegreeClassTopicTranslations(degreeClassTopic, language, description) VALUES (108, 'PT_PT', 'Estatística Descritiva: Caracterização de amostras Univariadas e bivariadas constituídas por dados quantitativos ou qualitativos');
INSERT INTO DegreeClassTopicTranslations(degreeClassTopic, language, description) VALUES (109, 'PT_PT', 'Teoria Elementar de Probabilidade');
INSERT INTO DegreeClassTopicTranslations(degreeClassTopic, language, description) VALUES (110, 'PT_PT', 'Variáveis Aleatórias e Distribuições de Probabilidade: Distribuições de variáveis discretas e contínuas');
INSERT INTO DegreeClassTopicTranslations(degreeClassTopic, language, description) VALUES (111, 'PT_PT', 'Variáveis Aleatórias e Distribuições de Probabilidade: Parâmetros das distribuições');
INSERT INTO DegreeClassTopicTranslations(degreeClassTopic, language, description) VALUES (112, 'PT_PT', 'Variáveis Aleatórias e Distribuições de Probabilidade: Variáveis transformadas');
INSERT INTO DegreeClassTopicTranslations(degreeClassTopic, language, description) VALUES (113, 'PT_PT', 'Distribuição Conjunta de Probabilidade de Duas Variáveis Aleatórias: Distribuições conjunta, marginal e condicional');
INSERT INTO DegreeClassTopicTranslations(degreeClassTopic, language, description) VALUES (114, 'PT_PT', 'Distribuição Conjunta de Probabilidade de Duas Variáveis Aleatórias: Variáveis independentes');
INSERT INTO DegreeClassTopicTranslations(degreeClassTopic, language, description) VALUES (115, 'PT_PT', 'Distribuição Conjunta de Probabilidade de Duas Variáveis Aleatórias: Covariância e correlação');
INSERT INTO DegreeClassTopicTranslations(degreeClassTopic, language, description) VALUES (116, 'PT_PT', 'Distribuição Conjunta de Probabilidade de Duas Variáveis Aleatórias: Distribuição de funções de duas variáveis aleatórias');
INSERT INTO DegreeClassTopicTranslations(degreeClassTopic, language, description) VALUES (117, 'PT_PT', 'Caracterização de Algumas Distribuições Discretas Univariadas: Binomial, Hipergeométrica e Poisson');
INSERT INTO DegreeClassTopicTranslations(degreeClassTopic, language, description) VALUES (118, 'PT_PT', 'Caracterização de Algumas Distribuições Contínuas Univariadas: Uniforme, Exponencial Negativa, Normal, X2, t e F');
INSERT INTO DegreeClassTopicTranslations(degreeClassTopic, language, description) VALUES (119, 'PT_PT', 'Amostragem Aleatória e Distribuições Amostrais: Distribuição da média amostra');
INSERT INTO DegreeClassTopicTranslations(degreeClassTopic, language, description) VALUES (120, 'PT_PT', 'Amostragem Aleatória e Distribuições Amostrais: Teorema do limite central');
INSERT INTO DegreeClassTopicTranslations(degreeClassTopic, language, description) VALUES (121, 'PT_PT', 'Amostragem Aleatória e Distribuições Amostrais: Geração de variáveis aleatórias');
INSERT INTO DegreeClassTopicTranslations(degreeClassTopic, language, description) VALUES (122, 'PT_PT', 'Estimação por Intervalo: Especificação de intervalos de confiança');
INSERT INTO DegreeClassTopicTranslations(degreeClassTopic, language, description) VALUES (123, 'PT_PT', 'Teste de Hipóteses: Especificação de testes de hipóteses');
INSERT INTO DegreeClassTopicTranslations(degreeClassTopic, language, description) VALUES (107, 'EN_UK', 'Object and Method of Statistics');
INSERT INTO DegreeClassTopicTranslations(degreeClassTopic, language, description) VALUES (108, 'EN_UK', 'Descriptive Statistics: Characterization of Univariate and Bivariate Samples Composed of Quantitative or Qualitative Data');
INSERT INTO DegreeClassTopicTranslations(degreeClassTopic, language, description) VALUES (109, 'EN_UK', 'Elementary Probability Theory');
INSERT INTO DegreeClassTopicTranslations(degreeClassTopic, language, description) VALUES (110, 'EN_UK', 'Random Variables and Probability Distributions: Distributions of Discrete and Continuous Variables');
INSERT INTO DegreeClassTopicTranslations(degreeClassTopic, language, description) VALUES (111, 'EN_UK', 'Random Variables and Probability Distributions: Parameters of Distributions');
INSERT INTO DegreeClassTopicTranslations(degreeClassTopic, language, description) VALUES (112, 'EN_UK', 'Random Variables and Probability Distributions: Transformed Variables');
INSERT INTO DegreeClassTopicTranslations(degreeClassTopic, language, description) VALUES (113, 'EN_UK', 'Joint Probability Distribution of Two Random Variables: Joint, Marginal and Conditional Distributions');
INSERT INTO DegreeClassTopicTranslations(degreeClassTopic, language, description) VALUES (114, 'EN_UK', 'Joint Probability Distribution of Two Random Variables: Independent Variables');
INSERT INTO DegreeClassTopicTranslations(degreeClassTopic, language, description) VALUES (115, 'EN_UK', 'Joint Probability Distribution of Two Random Variables: Covariance and Correlation');
INSERT INTO DegreeClassTopicTranslations(degreeClassTopic, language, description) VALUES (116, 'EN_UK', 'Joint Probability Distribution of Two Random Variables: Distribution of Functions of Two Random Variables');
INSERT INTO DegreeClassTopicTranslations(degreeClassTopic, language, description) VALUES (117, 'EN_UK', 'Characterization of Some Discrete Univariate Distributions: Binomial, Hypergeometric and Poisson');
INSERT INTO DegreeClassTopicTranslations(degreeClassTopic, language, description) VALUES (118, 'EN_UK', 'Characterization of Some Continuous Univariate Distributions: Uniform, Exponential Negative, Normal, X2, t and F');
INSERT INTO DegreeClassTopicTranslations(degreeClassTopic, language, description) VALUES (119, 'EN_UK', 'Random Sampling and Sampling Distributions: Distribution of the Sample Mean');
INSERT INTO DegreeClassTopicTranslations(degreeClassTopic, language, description) VALUES (120, 'EN_UK', 'Random Sampling and Sampling Distributions: Central Limit Theorem');
INSERT INTO DegreeClassTopicTranslations(degreeClassTopic, language, description) VALUES (121, 'EN_UK', 'Random Sampling and Sampling Distributions: Generating Random Variables');
INSERT INTO DegreeClassTopicTranslations(degreeClassTopic, language, description) VALUES (122, 'EN_UK', 'Interval Estimation: Specifying Confidence Intervals');
INSERT INTO DegreeClassTopicTranslations(degreeClassTopic, language, description) VALUES (123, 'EN_UK', 'Hypothesis Testing: Specifying Hypothesis Tests');

INSERT INTO DegreeClasses(id, year, semester, ects , isOptional, degree) VALUES (8, 1, 2, 7.5, false, 1);
INSERT INTO DegreeClassTranslations(degreeClass, language, name, description) VALUES  (8, 'PT_PT', 'Programação' , 'Os objectivos principais desta unidade curricular são dotar os estudantes com:\n- conhecimentos fundamentais sobre a programação procedimental e a programação baseada em objectos;\n- a capacidade de aplicar esses paradigmas de programação para desenvolver programas, usando a linguagem C++ como ferramenta.');
INSERT INTO DegreeClassTopics(id, degreeClass, ordering) VALUES (124, 8, 1);
INSERT INTO DegreeClassTopics(id, degreeClass, ordering) VALUES (125, 8, 2);
INSERT INTO DegreeClassTopics(id, degreeClass, ordering) VALUES (126, 8, 3);
INSERT INTO DegreeClassTopics(id, degreeClass, ordering) VALUES (127, 8, 4);
INSERT INTO DegreeClassTopics(id, degreeClass, ordering) VALUES (128, 8, 5);
INSERT INTO DegreeClassTopics(id, degreeClass, ordering) VALUES (129, 8, 6);
INSERT INTO DegreeClassTopics(id, degreeClass, ordering) VALUES (130, 8, 7);
INSERT INTO DegreeClassTopics(id, degreeClass, ordering) VALUES (131, 8, 8);
INSERT INTO DegreeClassTopics(id, degreeClass, ordering) VALUES (132, 8, 9);
INSERT INTO DegreeClassTopics(id, degreeClass, ordering) VALUES (133, 8, 10);
INSERT INTO DegreeClassTopics(id, degreeClass, ordering) VALUES (134, 8, 11);
INSERT INTO DegreeClassTopics(id, degreeClass, ordering) VALUES (135, 8, 12);
INSERT INTO DegreeClassTopics(id, degreeClass, ordering) VALUES (136, 8, 13);
INSERT INTO DegreeClassTopics(id, degreeClass, ordering) VALUES (137, 8, 14);
INSERT INTO DegreeClassTopics(id, degreeClass, ordering) VALUES (138, 8, 15);
INSERT INTO DegreeClassTopics(id, degreeClass, ordering) VALUES (139, 8, 16);
INSERT INTO DegreeClassTopics(id, degreeClass, ordering) VALUES (140, 8, 17);
INSERT INTO DegreeClassTopics(id, degreeClass, ordering) VALUES (141, 8, 18);
INSERT INTO DegreeClassTopics(id, degreeClass, ordering) VALUES (142, 8, 19);
INSERT INTO DegreeClassTopics(id, degreeClass, ordering) VALUES (143, 8, 20);
INSERT INTO DegreeClassTopics(id, degreeClass, ordering) VALUES (144, 8, 21);
INSERT INTO DegreeClassTopics(id, degreeClass, ordering) VALUES (145, 8, 22);
INSERT INTO DegreeClassTopics(id, degreeClass, ordering) VALUES (146, 8, 23);
INSERT INTO DegreeClassTopics(id, degreeClass, ordering) VALUES (147, 8, 24);
INSERT INTO DegreeClassTopics(id, degreeClass, ordering) VALUES (148, 8, 25);
INSERT INTO DegreeClassTopics(id, degreeClass, ordering) VALUES (149, 8, 26);
INSERT INTO DegreeClassTopics(id, degreeClass, ordering) VALUES (150, 8, 27);
INSERT INTO DegreeClassTopics(id, degreeClass, ordering) VALUES (151, 8, 28);
INSERT INTO DegreeClassTopics(id, degreeClass, ordering) VALUES (152, 8, 29);
INSERT INTO DegreeClassTopics(id, degreeClass, ordering) VALUES (153, 8, 30);
INSERT INTO DegreeClassTopics(id, degreeClass, ordering) VALUES (154, 8, 31);
INSERT INTO DegreeClassTopicTranslations(degreeClassTopic, language, description) VALUES (124, 'PT_PT', 'Tipos de dados simples e I/O básico');
INSERT INTO DegreeClassTopicTranslations(degreeClassTopic, language, description) VALUES (125, 'PT_PT', 'Operadores');
INSERT INTO DegreeClassTopicTranslations(degreeClassTopic, language, description) VALUES (126, 'PT_PT', 'Expressões aritméticas e booleanas');
INSERT INTO DegreeClassTopicTranslations(degreeClassTopic, language, description) VALUES (127, 'PT_PT', 'Estruturas de controlo: estruturas de selecção e de repetição');
INSERT INTO DegreeClassTopicTranslations(degreeClassTopic, language, description) VALUES (128, 'PT_PT', 'Tipos de dados estruturados: arrays, strings e structs de C');
INSERT INTO DegreeClassTopicTranslations(degreeClassTopic, language, description) VALUES (129, 'PT_PT', 'Vectors e strings de C++');
INSERT INTO DegreeClassTopicTranslations(degreeClassTopic, language, description) VALUES (130, 'PT_PT', 'Apontadores e alocação dinâmica de memória');
INSERT INTO DegreeClassTopicTranslations(degreeClassTopic, language, description) VALUES (131, 'PT_PT', 'Definição e declaração de funções');
INSERT INTO DegreeClassTopicTranslations(degreeClassTopic, language, description) VALUES (132, 'PT_PT', 'Variáveis locais e variáveis globais');
INSERT INTO DegreeClassTopicTranslations(degreeClassTopic, language, description) VALUES (133, 'PT_PT', 'Mecanismos de passagem de parâmetros e retorno de valores');
INSERT INTO DegreeClassTopicTranslations(degreeClassTopic, language, description) VALUES (134, 'PT_PT', 'Overloading de funções');
INSERT INTO DegreeClassTopicTranslations(degreeClassTopic, language, description) VALUES (135, 'PT_PT', 'Templates em C++');
INSERT INTO DegreeClassTopicTranslations(degreeClassTopic, language, description) VALUES (136, 'PT_PT', 'Funções recursivas');
INSERT INTO DegreeClassTopicTranslations(degreeClassTopic, language, description) VALUES (137, 'PT_PT', 'Streams: entrada e saída usando ficheiros de texto');
INSERT INTO DegreeClassTopicTranslations(degreeClassTopic, language, description) VALUES (138, 'PT_PT', 'Stringstreams');
INSERT INTO DegreeClassTopicTranslations(degreeClassTopic, language, description) VALUES (139, 'PT_PT', 'Classes e structs');
INSERT INTO DegreeClassTopicTranslations(degreeClassTopic, language, description) VALUES (140, 'PT_PT', 'Membros-dado e membros-função de uma classe');
INSERT INTO DegreeClassTopicTranslations(degreeClassTopic, language, description) VALUES (141, 'PT_PT', 'Visibilidade dos membros');
INSERT INTO DegreeClassTopicTranslations(degreeClassTopic, language, description) VALUES (142, 'PT_PT', 'Conceito de encapsulamento');
INSERT INTO DegreeClassTopicTranslations(degreeClassTopic, language, description) VALUES (143, 'PT_PT', 'Construtores e Destrutores');
INSERT INTO DegreeClassTopicTranslations(degreeClassTopic, language, description) VALUES (144, 'PT_PT', 'Contentores C++: vector, list, queue, stack, map, multimap, set, multiset');
INSERT INTO DegreeClassTopicTranslations(degreeClassTopic, language, description) VALUES (145, 'PT_PT', 'Iteradores e algoritmos');
INSERT INTO DegreeClassTopicTranslations(degreeClassTopic, language, description) VALUES (146, 'PT_PT', 'Qualificativos especiais: const, static, friend');
INSERT INTO DegreeClassTopicTranslations(degreeClassTopic, language, description) VALUES (147, 'PT_PT', 'Overloading de operadores');
INSERT INTO DegreeClassTopicTranslations(degreeClassTopic, language, description) VALUES (148, 'PT_PT', 'Conceitos de herança e de polimorfismo');
INSERT INTO DegreeClassTopicTranslations(degreeClassTopic, language, description) VALUES (149, 'PT_PT', 'Classes derivadas');
INSERT INTO DegreeClassTopicTranslations(degreeClassTopic, language, description) VALUES (150, 'PT_PT', 'Acesso aos membros da classe base');
INSERT INTO DegreeClassTopicTranslations(degreeClassTopic, language, description) VALUES (151, 'PT_PT', 'Formas de polimorfismo: overloading de funções; overriding (funções virtuais); templates');
INSERT INTO DegreeClassTopicTranslations(degreeClassTopic, language, description) VALUES (152, 'PT_PT', 'Classes abstractas');
INSERT INTO DegreeClassTopicTranslations(degreeClassTopic, language, description) VALUES (153, 'PT_PT', 'Tratamento de Excepções');
INSERT INTO DegreeClassTopicTranslations(degreeClassTopic, language, description) VALUES (154, 'PT_PT', 'Implementação de abstracções');
INSERT INTO DegreeClassTopicTranslations(degreeClassTopic, language, description) VALUES (124, 'EN_UK', 'Basic data types and I/O');
INSERT INTO DegreeClassTopicTranslations(degreeClassTopic, language, description) VALUES (125, 'EN_UK', 'Operators');
INSERT INTO DegreeClassTopicTranslations(degreeClassTopic, language, description) VALUES (126, 'EN_UK', 'Arithmetic and boolean expressions');
INSERT INTO DegreeClassTopicTranslations(degreeClassTopic, language, description) VALUES (127, 'EN_UK', 'Control flow structures: selection and iteration structures');
INSERT INTO DegreeClassTopicTranslations(degreeClassTopic, language, description) VALUES (128, 'EN_UK', 'Structured data types: arrays, strings and C structs');
INSERT INTO DegreeClassTopicTranslations(degreeClassTopic, language, description) VALUES (129, 'EN_UK', 'C++ vectors and strings');
INSERT INTO DegreeClassTopicTranslations(degreeClassTopic, language, description) VALUES (130, 'EN_UK', 'Pointers and dynamic memory allocation');
INSERT INTO DegreeClassTopicTranslations(degreeClassTopic, language, description) VALUES (131, 'EN_UK', 'Function definition and declaration');
INSERT INTO DegreeClassTopicTranslations(degreeClassTopic, language, description) VALUES (132, 'EN_UK', 'Local and global variables');
INSERT INTO DegreeClassTopicTranslations(degreeClassTopic, language, description) VALUES (133, 'EN_UK', 'Parameter passing mechanisms and return values');
INSERT INTO DegreeClassTopicTranslations(degreeClassTopic, language, description) VALUES (134, 'EN_UK', 'Function overloading');
INSERT INTO DegreeClassTopicTranslations(degreeClassTopic, language, description) VALUES (135, 'EN_UK', 'C++ templates');
INSERT INTO DegreeClassTopicTranslations(degreeClassTopic, language, description) VALUES (136, 'EN_UK', 'Recursive functions');
INSERT INTO DegreeClassTopicTranslations(degreeClassTopic, language, description) VALUES (137, 'EN_UK', 'Streams: input and output using text files');
INSERT INTO DegreeClassTopicTranslations(degreeClassTopic, language, description) VALUES (138, 'EN_UK', 'Stringstreams');
INSERT INTO DegreeClassTopicTranslations(degreeClassTopic, language, description) VALUES (139, 'EN_UK', 'Classes and structs');
INSERT INTO DegreeClassTopicTranslations(degreeClassTopic, language, description) VALUES (140, 'EN_UK', 'Data members and member functions of a class');
INSERT INTO DegreeClassTopicTranslations(degreeClassTopic, language, description) VALUES (141, 'EN_UK', 'Member visibility');
INSERT INTO DegreeClassTopicTranslations(degreeClassTopic, language, description) VALUES (142, 'EN_UK', 'Encapsulation concept');
INSERT INTO DegreeClassTopicTranslations(degreeClassTopic, language, description) VALUES (143, 'EN_UK', 'Constructors and destructors');
INSERT INTO DegreeClassTopicTranslations(degreeClassTopic, language, description) VALUES (144, 'EN_UK', 'C++ containers: vector, list, queue, stack, map, multimap, set, multiset');
INSERT INTO DegreeClassTopicTranslations(degreeClassTopic, language, description) VALUES (145, 'EN_UK', 'Iterators and algorithms');
INSERT INTO DegreeClassTopicTranslations(degreeClassTopic, language, description) VALUES (146, 'EN_UK', 'Special qualifiers: const, static, friend');
INSERT INTO DegreeClassTopicTranslations(degreeClassTopic, language, description) VALUES (147, 'EN_UK', 'Operator overloading');
INSERT INTO DegreeClassTopicTranslations(degreeClassTopic, language, description) VALUES (148, 'EN_UK', 'Concepts of inheritance and polymorphism');
INSERT INTO DegreeClassTopicTranslations(degreeClassTopic, language, description) VALUES (149, 'EN_UK', 'Derived classes');
INSERT INTO DegreeClassTopicTranslations(degreeClassTopic, language, description) VALUES (150, 'EN_UK', 'Access to base class members');
INSERT INTO DegreeClassTopicTranslations(degreeClassTopic, language, description) VALUES (151, 'EN_UK', 'Forms of polymorphism: function overloading; overriding (virtual functions); templates');
INSERT INTO DegreeClassTopicTranslations(degreeClassTopic, language, description) VALUES (152, 'EN_UK', 'Abstract classes');
INSERT INTO DegreeClassTopicTranslations(degreeClassTopic, language, description) VALUES (153, 'EN_UK', 'Exception handling');
INSERT INTO DegreeClassTopicTranslations(degreeClassTopic, language, description) VALUES (154, 'EN_UK', 'Implementation of abstractions');

INSERT INTO DegreeClasses(id, year, semester, ects , isOptional, degree) VALUES (9, 1, 2, 6, false, 1);
INSERT INTO DegreeClassTranslations(degreeClass, language, name, description) VALUES  (9, 'PT_PT', 'Física I' , 'O objectivo desta unidade curricular é dar ao estudante conhecimentos básicos de mecânica e dos métodos computacionais usados para resolver sistemas dinâmicos. É usado um Sistema de Álgebra Computacional (CAS), para permitir que o estudante possa resolver problemas práticos de mecânica e sistemas dinâmicos, em vez de perder muito tempo em aprender métodos abstractos. Os conhecimentos adquiridos de dinâmica e modelação de sistemas físicos no computador serão bastante importantes em outras unidades curriculares relacionadas com computação gráfica e visualização, teoria de jogos, simulação e computação científica.');
INSERT INTO DegreeClassTopics(id, degreeClass, ordering) VALUES (155, 9, 1);
INSERT INTO DegreeClassTopics(id, degreeClass, ordering) VALUES (156, 9, 2);
INSERT INTO DegreeClassTopics(id, degreeClass, ordering) VALUES (157, 9, 3);
INSERT INTO DegreeClassTopics(id, degreeClass, ordering) VALUES (158, 9, 4);
INSERT INTO DegreeClassTopics(id, degreeClass, ordering) VALUES (159, 9, 5);
INSERT INTO DegreeClassTopics(id, degreeClass, ordering) VALUES (160, 9, 6);
INSERT INTO DegreeClassTopics(id, degreeClass, ordering) VALUES (161, 9, 7);
INSERT INTO DegreeClassTopics(id, degreeClass, ordering) VALUES (162, 9, 8);
INSERT INTO DegreeClassTopics(id, degreeClass, ordering) VALUES (163, 9, 9);
INSERT INTO DegreeClassTopics(id, degreeClass, ordering) VALUES (164, 9, 10);
INSERT INTO DegreeClassTopics(id, degreeClass, ordering) VALUES (165, 9, 11);
INSERT INTO DegreeClassTopics(id, degreeClass, ordering) VALUES (166, 9, 12);
INSERT INTO DegreeClassTopicTranslations(degreeClassTopic, language, description) VALUES (155, 'PT_PT', 'Cinemática: Resolução de equações simples usando o método de separação de variáveis');
INSERT INTO DegreeClassTopicTranslations(degreeClassTopic, language, description) VALUES (156, 'PT_PT', 'Cinemática vectorial: Identificação dos graus de liberdade de um sistema mecânico e resolução de sistemas de equações de movimento');
INSERT INTO DegreeClassTopicTranslations(degreeClassTopic, language, description) VALUES (157, 'PT_PT', 'Movimento curvilíneo: Vectores tangente e normal. Aceleração centrípeta. Curvatura da trajectória. Cinemática dos corpos rígidos');
INSERT INTO DegreeClassTopicTranslations(degreeClassTopic, language, description) VALUES (158, 'PT_PT', 'Mecânica vectorial: Tipos de forças presentes nos sistemas mecânicos. Trabalho e energia');
INSERT INTO DegreeClassTopicTranslations(degreeClassTopic, language, description) VALUES (159, 'PT_PT', 'Dinâmica dos corpos rígidos: Adição de forças. Momento de uma força. Momento de inércia. Equações do movimento plano dos corpos rígidos');
INSERT INTO DegreeClassTopicTranslations(degreeClassTopic, language, description) VALUES (160, 'PT_PT', 'Trabalho e energia: Relações entre trabalho e energia. Forças conservativas e dissipativas');
INSERT INTO DegreeClassTopicTranslations(degreeClassTopic, language, description) VALUES (161, 'PT_PT', 'Sistemas dinâmicos: Espaço de fase. Equilíbrio estável e instável. Retratos de fase. Sistemas conservativos');
INSERT INTO DegreeClassTopicTranslations(degreeClassTopic, language, description) VALUES (162, 'PT_PT', 'Mecânica lagrangiana: Coordenadas, velocidades e forças generalizadas. Equações de Lagrange. Multiplicadores de Lagrange');
INSERT INTO DegreeClassTopicTranslations(degreeClassTopic, language, description) VALUES (163, 'PT_PT', 'Sistemas lineares: Osciladores harmónicos. Classificação dos pontos de equilíbrio. Valores próprios e vectores próprios. Análise de estabilidade');
INSERT INTO DegreeClassTopicTranslations(degreeClassTopic, language, description) VALUES (164, 'PT_PT', 'Sistemas não lineares: Pêndulos. Aproximação linear. Matriz jacobiana. Espaços de fase com várias dimensões');
INSERT INTO DegreeClassTopicTranslations(degreeClassTopic, language, description) VALUES (165, 'PT_PT', 'Ciclos limite e sistemas de duas espécies: Oscilador de Van der Pol. Sistemas predador presa. Evolução e coexistência de duas espécies');
INSERT INTO DegreeClassTopicTranslations(degreeClassTopic, language, description) VALUES (166, 'PT_PT', 'Sistemas caóticos: Comportamento asssimptótico, atractores estranhos e sistemas caóticos');
INSERT INTO DegreeClassTopicTranslations(degreeClassTopic, language, description) VALUES (155, 'EN_UK', 'Kinematics: Solving simple equations using the separation of variables method');
INSERT INTO DegreeClassTopicTranslations(degreeClassTopic, language, description) VALUES (156, 'EN_UK', 'Vectorial kinematics: Identifying the degrees of freedom of a mechanical system and solving systems of motion equations');
INSERT INTO DegreeClassTopicTranslations(degreeClassTopic, language, description) VALUES (157, 'EN_UK', 'Curvilinear motion: Tangent and normal vectors. Centripetal acceleration. Curvature of the trajectory. Kinematics of rigid bodies');
INSERT INTO DegreeClassTopicTranslations(degreeClassTopic, language, description) VALUES (158, 'EN_UK', 'Vectorial mechanics: Types of forces present in mechanical systems. Work and energy');
INSERT INTO DegreeClassTopicTranslations(degreeClassTopic, language, description) VALUES (159, 'EN_UK', 'Dynamics of rigid bodies: Addition of forces. Moment of a force. Moment of inertia. Equations of the plane motion of rigid bodies');
INSERT INTO DegreeClassTopicTranslations(degreeClassTopic, language, description) VALUES (160, 'EN_UK', 'Work and energy: Relationships between work and energy. Conservative and dissipative forces');
INSERT INTO DegreeClassTopicTranslations(degreeClassTopic, language, description) VALUES (161, 'EN_UK', 'Dynamical systems: Phase space. Stable and unstable equilibrium. Phase portraits. Conservative systems');
INSERT INTO DegreeClassTopicTranslations(degreeClassTopic, language, description) VALUES (162, 'EN_UK', 'Lagrangian mechanics: Generalized coordinates, velocities, and forces. Lagrange equations. Lagrange multipliers');
INSERT INTO DegreeClassTopicTranslations(degreeClassTopic, language, description) VALUES (163, 'EN_UK', 'Linear systems: Harmonic oscillators. Classification of equilibrium points. Eigenvalues and eigenvectors. Stability analysis');
INSERT INTO DegreeClassTopicTranslations(degreeClassTopic, language, description) VALUES (164, 'EN_UK', 'Nonlinear systems: Pendulums. Linear approximation. Jacobian matrix. Multidimensional phase spaces');
INSERT INTO DegreeClassTopicTranslations(degreeClassTopic, language, description) VALUES (165, 'EN_UK', 'Limit cycles and two-species systems: Van der Pol oscillator. Predator-prey systems. Evolution and coexistence of two species');
INSERT INTO DegreeClassTopicTranslations(degreeClassTopic, language, description) VALUES (166, 'EN_UK', 'Chaotic systems: Asymptotic behavior, strange attractors and chaotic systems');

INSERT INTO DegreeClasses(id, year, semester, ects , isOptional, degree) VALUES (10, 1, 2, 6, false, 1);
INSERT INTO DegreeClassTranslations(degreeClass, language, name, description) VALUES  (10, 'PT_PT', 'Complementos de Matemática' , 'A unidade curricular tem dois objectivos fundamentais: por um lado, tratando-se de uma unidade curricular propedêutica tem um carácter didáctico/científico, promovendo o desenvolvimento do raciocínio lógico e de métodos de análise e, por outro, visa introduzir e desenvolver em termos teóricos um conjunto de conceitos que serão ferramentas essenciais para apoio às restantes unidades curriculares.');
INSERT INTO DegreeClassTopics(id, degreeClass, ordering) VALUES (167, 10, 1);
INSERT INTO DegreeClassTopics(id, degreeClass, ordering) VALUES (168, 10, 2);
INSERT INTO DegreeClassTopics(id, degreeClass, ordering) VALUES (169, 10, 3);
INSERT INTO DegreeClassTopics(id, degreeClass, ordering) VALUES (170, 10, 4);
INSERT INTO DegreeClassTopics(id, degreeClass, ordering) VALUES (171, 10, 5);
INSERT INTO DegreeClassTopicTranslations(degreeClassTopic, language, description) VALUES (167, 'PT_PT', 'Funções Vectoriais: Propriedades, Curvas, Comprimento de arco, Curvatura');
INSERT INTO DegreeClassTopicTranslations(degreeClassTopic, language, description) VALUES (168, 'PT_PT', 'Funções a várias variáveis: Superfícies quádricas, Curvas de nível e superfícies de nível, Derivadas parciais, Limites e continuidade');
INSERT INTO DegreeClassTopicTranslations(degreeClassTopic, language, description) VALUES (169, 'PT_PT', 'Gradientes: Diferenciabilidade e gradiente, Gradientes e derivadas direccionais, Teorema do valor médio, Regras de derivação em cadeia, Valores máximos e mínimos, Diferenciais');
INSERT INTO DegreeClassTopicTranslations(degreeClassTopic, language, description) VALUES (170, 'PT_PT', 'Integrais Duplos e Triplos: Integral duplo sobre uma região, Integrais duplos usando coordenadas polares, Integrais triplos, Coordenadas cilíndricas, Coordenadas esféricas, Jacobianos');
INSERT INTO DegreeClassTopicTranslations(degreeClassTopic, language, description) VALUES (171, 'PT_PT', 'Integrais de Linha e Integrais de Superfície: Integrais de linha, Propriedades, Integrais de linha em relação ao comprimento de arco, Teorema de Green, Parametrização de superfícies, Área de uma superfície, Integrais de superfície, Divergência e rotacional, Teorema da divergência, Teorema de Stokes');
INSERT INTO DegreeClassTopicTranslations(degreeClassTopic, language, description) VALUES (167, 'EN_UK', 'Vector Functions: Properties, Curves, Arc Length, Curvature');
INSERT INTO DegreeClassTopicTranslations(degreeClassTopic, language, description) VALUES (168, 'EN_UK', 'Functions of Several Variables: Quadric Surfaces, Level Curves and Level Surfaces, Partial Derivatives, Limits and Continuity');
INSERT INTO DegreeClassTopicTranslations(degreeClassTopic, language, description) VALUES (169, 'EN_UK', 'Gradients: Differentiability and Gradient, Gradients and Directional Derivatives, Mean Value Theorem, Chain Rule, Maxima and Minima, Differentials');
INSERT INTO DegreeClassTopicTranslations(degreeClassTopic, language, description) VALUES (170, 'EN_UK', 'Double and Triple Integrals: Double integral over a region, Double integrals using polar coordinates, Triple integrals, Cylindrical coordinates, Spherical coordinates, Jacobians');
INSERT INTO DegreeClassTopicTranslations(degreeClassTopic, language, description) VALUES (171, 'EN_UK', 'Line Integrals and Surface Integrals: Line integrals, Properties, Line integrals with respect to arc length, Green''s theorem, Parameterization of surfaces, Area of a surface, Surface integrals, Divergence and curl, Divergence theorem, Stokes'' theorem');

INSERT INTO DegreeClasses(id, year, semester, ects , isOptional, degree) VALUES (11, 1, 2, 6, false, 1);
INSERT INTO DegreeClassTranslations(degreeClass, language, name, description) VALUES  (11, 'PT_PT', 'Microprocessadores e Computadores Pessoais' , 'A unidade curricular de Microprocessadores e Computadores Pessoais tem por objectivo desenvolver, combinar e aplicar de forma integrada conceitos das áreas de Arquitectura de Computadores e de Linguagens de Programação. Por um lado, a unidade curricular explora as relações entre o conjunto de instruções do CPU e a programação de baixo nível (linguagem "assembly"). Por outro lado, reconhecendo que a arquitectura de computadores pessoais modernos vai muito para além da arquitectura do CPU, a unidade curricular abordará a arquitectura geral de um PC, incluindo o subsistema de armazenamento de dados e outros periféricos.');
INSERT INTO DegreeClassTopics(id, degreeClass, ordering) VALUES (172, 11, 1);
INSERT INTO DegreeClassTopics(id, degreeClass, ordering) VALUES (173, 11, 2);
INSERT INTO DegreeClassTopics(id, degreeClass, ordering) VALUES (174, 11, 3);
INSERT INTO DegreeClassTopics(id, degreeClass, ordering) VALUES (175, 11, 4);
INSERT INTO DegreeClassTopics(id, degreeClass, ordering) VALUES (176, 11, 5);
INSERT INTO DegreeClassTopics(id, degreeClass, ordering) VALUES (177, 11, 6);
INSERT INTO DegreeClassTopics(id, degreeClass, ordering) VALUES (178, 11, 7);
INSERT INTO DegreeClassTopics(id, degreeClass, ordering) VALUES (179, 11, 8);
INSERT INTO DegreeClassTopics(id, degreeClass, ordering) VALUES (180, 11, 9);
INSERT INTO DegreeClassTopics(id, degreeClass, ordering) VALUES (181, 11, 10);
INSERT INTO DegreeClassTopics(id, degreeClass, ordering) VALUES (182, 11, 11);
INSERT INTO DegreeClassTopics(id, degreeClass, ordering) VALUES (183, 11, 12);
INSERT INTO DegreeClassTopicTranslations(degreeClassTopic, language, description) VALUES (172, 'PT_PT', 'Introdução ao microprocessador e microcomputador');
INSERT INTO DegreeClassTopicTranslations(degreeClassTopic, language, description) VALUES (173, 'PT_PT', 'Arquitectura do microprocessador IA-32');
INSERT INTO DegreeClassTopicTranslations(degreeClassTopic, language, description) VALUES (174, 'PT_PT', 'Modos de endereçamento');
INSERT INTO DegreeClassTopicTranslations(degreeClassTopic, language, description) VALUES (175, 'PT_PT', 'Funcionalidade e organização de um "Assembler"');
INSERT INTO DegreeClassTopicTranslations(degreeClassTopic, language, description) VALUES (176, 'PT_PT', 'Instruções de transferência de dados, aritméticas e lógicas');
INSERT INTO DegreeClassTopicTranslations(degreeClassTopic, language, description) VALUES (177, 'PT_PT', 'Instruções de controlo de fluxo: saltos incondicionais e condicionais');
INSERT INTO DegreeClassTopicTranslations(degreeClassTopic, language, description) VALUES (178, 'PT_PT', 'Sub-rotinas (invocação, passagem de parâmetros)');
INSERT INTO DegreeClassTopicTranslations(degreeClassTopic, language, description) VALUES (179, 'PT_PT', 'Programação modular');
INSERT INTO DegreeClassTopicTranslations(degreeClassTopic, language, description) VALUES (180, 'PT_PT', 'Operações em vírgula flutuante');
INSERT INTO DegreeClassTopicTranslations(degreeClassTopic, language, description) VALUES (181, 'PT_PT', 'Interface com periféricos: "polling", interrupções, DMA');
INSERT INTO DegreeClassTopicTranslations(degreeClassTopic, language, description) VALUES (182, 'PT_PT', 'Barramentos de comunicação com periféricos');
INSERT INTO DegreeClassTopicTranslations(degreeClassTopic, language, description) VALUES (183, 'PT_PT', 'Subsistema de armazenamento de dados');
INSERT INTO DegreeClassTopicTranslations(degreeClassTopic, language, description) VALUES (172, 'EN_UK', 'Introduction to Microprocessor and Microcomputer');
INSERT INTO DegreeClassTopicTranslations(degreeClassTopic, language, description) VALUES (173, 'EN_UK', 'IA-32 Microprocessor Architecture');
INSERT INTO DegreeClassTopicTranslations(degreeClassTopic, language, description) VALUES (174, 'EN_UK', 'Addressing Modes');
INSERT INTO DegreeClassTopicTranslations(degreeClassTopic, language, description) VALUES (175, 'EN_UK', 'Assembler Functionality and Organization');
INSERT INTO DegreeClassTopicTranslations(degreeClassTopic, language, description) VALUES (176, 'EN_UK', 'Data Transfer, Arithmetic and Logic Instructions');
INSERT INTO DegreeClassTopicTranslations(degreeClassTopic, language, description) VALUES (177, 'EN_UK', 'Control Flow Instructions: Unconditional and Conditional Jumps');
INSERT INTO DegreeClassTopicTranslations(degreeClassTopic, language, description) VALUES (178, 'EN_UK', 'Subroutines (Invocation, Parameter Passing)');
INSERT INTO DegreeClassTopicTranslations(degreeClassTopic, language, description) VALUES (179, 'EN_UK', 'Modular Programming');
INSERT INTO DegreeClassTopicTranslations(degreeClassTopic, language, description) VALUES (180, 'EN_UK', 'Floating Point Operations');
INSERT INTO DegreeClassTopicTranslations(degreeClassTopic, language, description) VALUES (181, 'EN_UK', 'Peripheral Interfacing: Polling, Interrupts, DMA');
INSERT INTO DegreeClassTopicTranslations(degreeClassTopic, language, description) VALUES (182, 'EN_UK', 'Peripheral Communication Buses');
INSERT INTO DegreeClassTopicTranslations(degreeClassTopic, language, description) VALUES (183, 'EN_UK', 'Data Storage Subsystem');

-- UPorto 2nd year

INSERT INTO DegreeClasses(id, year, semester, ects , isOptional, degree) VALUES (12, 2, 1, 6, false, 1);
INSERT INTO DegreeClassTranslations(degreeClass, language, name, description) VALUES  (12, 'PT_PT', 'Teoria da Computação' , 'Preparar os estudantes em tópicos relacionados com teoria da computação, com um ênfase especial em tópicos relacionados com linguagens formais.\nCapacitar os estudantes para que estes sejam capazes de expressar problemas computacionais usando linguagens formais, autómatos e máquinas de Turing.');
INSERT INTO DegreeClassTopics(id, degreeClass, ordering) VALUES (184, 12, 1);
INSERT INTO DegreeClassTopics(id, degreeClass, ordering) VALUES (185, 12, 2);
INSERT INTO DegreeClassTopics(id, degreeClass, ordering) VALUES (186, 12, 3);
INSERT INTO DegreeClassTopics(id, degreeClass, ordering) VALUES (187, 12, 4);
INSERT INTO DegreeClassTopics(id, degreeClass, ordering) VALUES (188, 12, 5);
INSERT INTO DegreeClassTopics(id, degreeClass, ordering) VALUES (189, 12, 6);
INSERT INTO DegreeClassTopics(id, degreeClass, ordering) VALUES (190, 12, 7);
INSERT INTO DegreeClassTopics(id, degreeClass, ordering) VALUES (191, 12, 8);
INSERT INTO DegreeClassTopicTranslations(degreeClassTopic, language, description) VALUES (184, 'PT_PT', 'Teoria dos Autómatos');
INSERT INTO DegreeClassTopicTranslations(degreeClassTopic, language, description) VALUES (185, 'PT_PT', 'Autómatos Finitos');
INSERT INTO DegreeClassTopicTranslations(degreeClassTopic, language, description) VALUES (186, 'PT_PT', 'Expressões Regulares e Linguagens');
INSERT INTO DegreeClassTopicTranslations(degreeClassTopic, language, description) VALUES (187, 'PT_PT', 'Propriedades das Linguagens Regulares');
INSERT INTO DegreeClassTopicTranslations(degreeClassTopic, language, description) VALUES (188, 'PT_PT', 'Gramáticas e Linguagens Sem Contexto');
INSERT INTO DegreeClassTopicTranslations(degreeClassTopic, language, description) VALUES (189, 'PT_PT', 'Autómatos de Pilha');
INSERT INTO DegreeClassTopicTranslations(degreeClassTopic, language, description) VALUES (190, 'PT_PT', 'Propriedades das Linguagens Sem Contexto');
INSERT INTO DegreeClassTopicTranslations(degreeClassTopic, language, description) VALUES (191, 'PT_PT', 'Introdução às Máquinas de Turing');
INSERT INTO DegreeClassTopicTranslations(degreeClassTopic, language, description) VALUES (184, 'EN_UK', 'Theory of Automata');
INSERT INTO DegreeClassTopicTranslations(degreeClassTopic, language, description) VALUES (185, 'EN_UK', 'Finite Automata');
INSERT INTO DegreeClassTopicTranslations(degreeClassTopic, language, description) VALUES (186, 'EN_UK', 'Regular Expressions and Languages');
INSERT INTO DegreeClassTopicTranslations(degreeClassTopic, language, description) VALUES (187, 'EN_UK', 'Properties of Regular Languages');
INSERT INTO DegreeClassTopicTranslations(degreeClassTopic, language, description) VALUES (188, 'EN_UK', 'Grammars and Context-Free Languages');
INSERT INTO DegreeClassTopicTranslations(degreeClassTopic, language, description) VALUES (189, 'EN_UK', 'Pushdown Automata');
INSERT INTO DegreeClassTopicTranslations(degreeClassTopic, language, description) VALUES (190, 'EN_UK', 'Properties of Context-Free Languages');
INSERT INTO DegreeClassTopicTranslations(degreeClassTopic, language, description) VALUES (191, 'EN_UK', 'Introduction to Turing Machines');

INSERT INTO DegreeClasses(id, year, semester, ects , isOptional, degree) VALUES (13, 2, 1, 4.5, false, 1);
INSERT INTO DegreeClassTranslations(degreeClass, language, name, description) VALUES  (13, 'PT_PT', 'Métodos Numéricos' , 'A disciplina pretende em primeiro lugar fornecer aos estudantes competências sólidas no cálculo numérico. Será organizada por tópicos, cobrindo os problemas de representação numérica, a resolução de equações e sistemas de equações algébricas e diferenciais, a integração definida, a optimização não linear e o ajuste de curvas.');
INSERT INTO DegreeClassTopics(id, degreeClass, ordering) VALUES (192, 13, 1);
INSERT INTO DegreeClassTopics(id, degreeClass, ordering) VALUES (193, 13, 2);
INSERT INTO DegreeClassTopics(id, degreeClass, ordering) VALUES (194, 13, 3);
INSERT INTO DegreeClassTopics(id, degreeClass, ordering) VALUES (195, 13, 4);
INSERT INTO DegreeClassTopics(id, degreeClass, ordering) VALUES (196, 13, 5);
INSERT INTO DegreeClassTopics(id, degreeClass, ordering) VALUES (197, 13, 6);
INSERT INTO DegreeClassTopics(id, degreeClass, ordering) VALUES (198, 13, 7);
INSERT INTO DegreeClassTopics(id, degreeClass, ordering) VALUES (199, 13, 8);
INSERT INTO DegreeClassTopics(id, degreeClass, ordering) VALUES (200, 13, 9);
INSERT INTO DegreeClassTopicTranslations(degreeClassTopic, language, description) VALUES (192, 'PT_PT', 'Representação numérica de quantidades');
INSERT INTO DegreeClassTopicTranslations(degreeClassTopic, language, description) VALUES (193, 'PT_PT', 'O erro em métodos numéricos');
INSERT INTO DegreeClassTopicTranslations(degreeClassTopic, language, description) VALUES (194, 'PT_PT', 'Zeros de funções reais - Métodos: Bissecções, Falsa Posição, Falsa Posição Modificado, Picard-Peano, Newton');
INSERT INTO DegreeClassTopicTranslations(degreeClassTopic, language, description) VALUES (195, 'PT_PT', 'Sistemas de equações não-lineares - Métodos: Newton, Aproximações Sucessivas ou Picard-Peano, Seidel');
INSERT INTO DegreeClassTopicTranslations(degreeClassTopic, language, description) VALUES (196, 'PT_PT', 'Sistemas de equações lineares - Métodos Directos e Iterativos ( Gauss, Cholesky, Seidel)');
INSERT INTO DegreeClassTopicTranslations(degreeClassTopic, language, description) VALUES (197, 'PT_PT', 'Quadratura e Cubatura - Métodos: Trapézios, Simpson');
INSERT INTO DegreeClassTopicTranslations(degreeClassTopic, language, description) VALUES (198, 'PT_PT', 'Integração de equações diferenciais de 1ª e de 2ª ordem - Métodos: Euler, Euler Melhorado, Runge-Kutta de 2ª e de 4ª ordem');
INSERT INTO DegreeClassTopicTranslations(degreeClassTopic, language, description) VALUES (199, 'PT_PT', 'Optimização uni e multidimensional, não linear convexa - Métodos: Pesquisa, Secção áurea, Quádrica, Gradiente, Levenberg-Marquardt');
INSERT INTO DegreeClassTopicTranslations(degreeClassTopic, language, description) VALUES (200, 'PT_PT', 'Ajuste de curvas – método dos mínimos quadrados');
INSERT INTO DegreeClassTopicTranslations(degreeClassTopic, language, description) VALUES (192, 'EN_UK', 'Numerical Representation of Quantities');
INSERT INTO DegreeClassTopicTranslations(degreeClassTopic, language, description) VALUES (193, 'EN_UK', 'Error in Numerical Methods');
INSERT INTO DegreeClassTopicTranslations(degreeClassTopic, language, description) VALUES (194, 'EN_UK', 'Roots of Real Functions - Methods: Bisection, False Position, Modified False Position, Picard-Peano, Newton');
INSERT INTO DegreeClassTopicTranslations(degreeClassTopic, language, description) VALUES (195, 'EN_UK', 'Nonlinear Systems of Equations - Methods: Newton, Successive Approximations or Picard-Peano, Seidel');
INSERT INTO DegreeClassTopicTranslations(degreeClassTopic, language, description) VALUES (196, 'EN_UK', 'Linear Systems of Equations - Direct and Iterative Methods (Gauss, Cholesky, Seidel)');
INSERT INTO DegreeClassTopicTranslations(degreeClassTopic, language, description) VALUES (197, 'EN_UK', 'Quadrature and Cubature - Methods: Trapezoids, Simpson');
INSERT INTO DegreeClassTopicTranslations(degreeClassTopic, language, description) VALUES (198, 'EN_UK', 'Integration of 1st and 2nd Order Differential Equations - Methods: Euler, Improved Euler, 2nd and 4th Order Runge-Kutta');
INSERT INTO DegreeClassTopicTranslations(degreeClassTopic, language, description) VALUES (199, 'EN_UK', 'Uni and Multidimensional Optimization, Convex Nonlinear - Methods: Search, Golden Section, Quadratic, Gradient, Levenberg-Marquardt');
INSERT INTO DegreeClassTopicTranslations(degreeClassTopic, language, description) VALUES (200, 'EN_UK', 'Curve Fitting - Least Squares Method');

INSERT INTO DegreeClasses(id, year, semester, ects , isOptional, degree) VALUES (14, 2, 1, 6, false, 1);
INSERT INTO DegreeClassTranslations(degreeClass, language, name, description) VALUES  (14, 'PT_PT', 'Física II' , 'Esta unidade curricular visa dotar os estudantes com conhecimentos básicos de electromagnetismo e processamento de sinais. A abordagem é experimental, com recurso a experiências simples que os estudantes podem realizar durante as aulas teórico-práticas para consolidar os conhecimentos teóricos e adquirir experiência no uso dos instrumentos de medição. O Sistema de Computação Algébrica (CAS) usado na unidade curricular Física 1 é também aproveitado para facilitar a resolução de problemas e para visualizar campos eléctricos e magnéticos.');
INSERT INTO DegreeClassTopics(id, degreeClass, ordering) VALUES (201, 14, 1);
INSERT INTO DegreeClassTopics(id, degreeClass, ordering) VALUES (202, 14, 2);
INSERT INTO DegreeClassTopics(id, degreeClass, ordering) VALUES (203, 14, 3);
INSERT INTO DegreeClassTopics(id, degreeClass, ordering) VALUES (204, 14, 4);
INSERT INTO DegreeClassTopics(id, degreeClass, ordering) VALUES (205, 14, 5);
INSERT INTO DegreeClassTopics(id, degreeClass, ordering) VALUES (206, 14, 6);
INSERT INTO DegreeClassTopics(id, degreeClass, ordering) VALUES (207, 14, 7);
INSERT INTO DegreeClassTopics(id, degreeClass, ordering) VALUES (208, 14, 8);
INSERT INTO DegreeClassTopics(id, degreeClass, ordering) VALUES (209, 14, 9);
INSERT INTO DegreeClassTopics(id, degreeClass, ordering) VALUES (210, 14, 10);
INSERT INTO DegreeClassTopicTranslations(degreeClassTopic, language, description) VALUES (201, 'PT_PT', 'Electrostática. Estrutura atómica. Cargas e forças eléctricas. Condutores e isoladores.');
INSERT INTO DegreeClassTopicTranslations(degreeClassTopic, language, description) VALUES (202, 'PT_PT', 'Electricidade. Potencial electrostático. Fontes de força electromotriz. Condutores, semicondutores e diódos. Corrente eléctrica. Potência eléctrica. Lei de Ohm. Resistência. Supercondutividade. Associações de resistências');
INSERT INTO DegreeClassTopicTranslations(degreeClassTopic, language, description) VALUES (203, 'PT_PT', 'Capacidade eléctrica. Condutores isolados. Condensadores. Energia electrostática. Associações de condensadores.');
INSERT INTO DegreeClassTopicTranslations(degreeClassTopic, language, description) VALUES (204, 'PT_PT', 'Circuitos de corrente contínua. Diagramas de circuitos. Leis dos circuitos. Método das malhas. Estado estacionário de circuitos com condensadores.');
INSERT INTO DegreeClassTopicTranslations(degreeClassTopic, language, description) VALUES (205, 'PT_PT', 'Campo e potencial eléctricos. Campo e potencial produzidos por sistemas de sistemas de cargas pontuais. Linhas de campo e superfícies equipotenciais. Pontos críticos do campo eléctrico. Fluxo eléctrico. Lei de Gauss. Campo e potencial nos condutores');
INSERT INTO DegreeClassTopicTranslations(degreeClassTopic, language, description) VALUES (206, 'PT_PT', 'Campo magnético. Forças magnéticas. Torque e momento magnético. Lei de Ampère. Espiras e bobinas.');
INSERT INTO DegreeClassTopicTranslations(degreeClassTopic, language, description) VALUES (207, 'PT_PT', 'Indução electromagnética. Campo eléctrico induzido. Leis de Faraday e de Lenz. Geradores de corrente alternada. Indutância. Autoindução.');
INSERT INTO DegreeClassTopicTranslations(degreeClassTopic, language, description) VALUES (208, 'PT_PT', 'Processamento de sinais. Estado transitório dos circuitos. Equações diferenciais dos circuitos. Função de transferência. Constantes de tempo. Impedância generalizada. Associações de impedâncias.');
INSERT INTO DegreeClassTopicTranslations(degreeClassTopic, language, description) VALUES (209, 'PT_PT', 'Circuitos de corrente alternada. Funções sinusoidais. Fasores. Tensão alternada. Impedância complexa. Potência dissipada nos circuitos. Filtros de frequência. Função de resposta. Ressonância.');
INSERT INTO DegreeClassTopicTranslations(degreeClassTopic, language, description) VALUES (210, 'PT_PT', 'Ondas electromagnéticas e luz. Equações de Maxwell. Campos induzidos. Campo electromagnético no vácuo. Equação de onda. Ondas planas polarizadas. Ondas harmónicas. Espectro electromagnético. Teorias ondulatória e corpuscular da luz. Díodos emissores de luz (LED).');
INSERT INTO DegreeClassTopicTranslations(degreeClassTopic, language, description) VALUES (201, 'EN_UK', 'Electrostatics. Atomic structure. Electric charges and forces. Conductors and insulators.');
INSERT INTO DegreeClassTopicTranslations(degreeClassTopic, language, description) VALUES (202, 'EN_UK', 'Electricity. Electrostatic potential. Sources of electromotive force. Conductors, semiconductors and diodes. Electric current. Electric power. Ohm''s law. Resistance. Superconductivity. Resistor associations');
INSERT INTO DegreeClassTopicTranslations(degreeClassTopic, language, description) VALUES (203, 'EN_UK', 'Electric capacitance. Isolated conductors. Capacitors. Electrostatic energy. Capacitor associations.');
INSERT INTO DegreeClassTopicTranslations(degreeClassTopic, language, description) VALUES (204, 'EN_UK', 'DC circuits. Circuit diagrams. Circuit laws. Mesh method. Steady state of circuits with capacitors.');
INSERT INTO DegreeClassTopicTranslations(degreeClassTopic, language, description) VALUES (205, 'EN_UK', 'Electric field and potential. Field and potential produced by systems of point charges. Field lines and equipotential surfaces. Critical points of the electric field. Electric flux. Gauss''s law. Field and potential in conductors');
INSERT INTO DegreeClassTopicTranslations(degreeClassTopic, language, description) VALUES (206, 'EN_UK', 'Magnetic field. Magnetic forces. Torque and magnetic moment. Ampère''s law. Coils and solenoids.');
INSERT INTO DegreeClassTopicTranslations(degreeClassTopic, language, description) VALUES (207, 'EN_UK', 'Electromagnetic induction. Induced electric field. Faraday''s and Lenz''s laws. AC generators. Inductance. Self-inductance.');
INSERT INTO DegreeClassTopicTranslations(degreeClassTopic, language, description) VALUES (208, 'EN_UK', 'Signal processing. Transient state of circuits. Circuit differential equations. Transfer function. Time constants. Generalized impedance. Impedance associations.');
INSERT INTO DegreeClassTopicTranslations(degreeClassTopic, language, description) VALUES (209, 'EN_UK', 'AC circuits. Sinusoidal functions. Phasors. Alternating voltage. Complex impedance. Power dissipated in circuits. Frequency filters. Response function. Resonance.');
INSERT INTO DegreeClassTopicTranslations(degreeClassTopic, language, description) VALUES (210, 'EN_UK', 'Electromagnetic waves and light. Maxwell''s equations. Induced fields. Electromagnetic field in a vacuum. Wave equation. Plane polarized waves. Harmonic waves. Electromagnetic spectrum. Wave and corpuscular theories of light. Light-emitting diodes (LEDs).');

INSERT INTO DegreeClasses(id, year, semester, ects , isOptional, degree) VALUES (15, 2, 1, 7.5, false, 1);
INSERT INTO DegreeClassTranslations(degreeClass, language, name, description) VALUES  (15, 'PT_PT', 'Algoritmos e Estruturas de Dados' , 'Na sequência das unidades curriculares de Introdução à Programação, é objectivo desta unidade curricular: recorrer às noções de programação já estabelecidas e sistematizar o uso de estruturas de informação e de algoritmos para resolver categorias de problemas;  usar, como paradigma de suporte ao desenvolvimento de programas, a orientação por objectos; dar ênfase à organização dos programas em torno de tipos de dados abstractos. Serão realizados pequenos projectos usando a linguagem C++.');
INSERT INTO DegreeClassTopics(id, degreeClass, ordering) VALUES (211, 15, 1);
INSERT INTO DegreeClassTopics(id, degreeClass, ordering) VALUES (212, 15, 2);
INSERT INTO DegreeClassTopics(id, degreeClass, ordering) VALUES (213, 15, 3);
INSERT INTO DegreeClassTopics(id, degreeClass, ordering) VALUES (214, 15, 4);
INSERT INTO DegreeClassTopics(id, degreeClass, ordering) VALUES (215, 15, 5);
INSERT INTO DegreeClassTopics(id, degreeClass, ordering) VALUES (216, 15, 6);
INSERT INTO DegreeClassTopics(id, degreeClass, ordering) VALUES (217, 15, 7);
INSERT INTO DegreeClassTopics(id, degreeClass, ordering) VALUES (218, 15, 8);
INSERT INTO DegreeClassTopics(id, degreeClass, ordering) VALUES (219, 15, 9);
INSERT INTO DegreeClassTopics(id, degreeClass, ordering) VALUES (220, 15, 10);
INSERT INTO DegreeClassTopics(id, degreeClass, ordering) VALUES (221, 15, 11);
INSERT INTO DegreeClassTopics(id, degreeClass, ordering) VALUES (222, 15, 12);
INSERT INTO DegreeClassTopics(id, degreeClass, ordering) VALUES (223, 15, 13);
INSERT INTO DegreeClassTopicTranslations(degreeClassTopic, language, description) VALUES (211, 'PT_PT', 'Programação orientada por objectos');
INSERT INTO DegreeClassTopicTranslations(degreeClassTopic, language, description) VALUES (212, 'PT_PT', 'Herança e Polimorfismo');
INSERT INTO DegreeClassTopicTranslations(degreeClassTopic, language, description) VALUES (213, 'PT_PT', 'Aspectos básicos de UML');
INSERT INTO DegreeClassTopicTranslations(degreeClassTopic, language, description) VALUES (214, 'PT_PT', 'Análise de algoritmos: classes e complexidade');
INSERT INTO DegreeClassTopicTranslations(degreeClassTopic, language, description) VALUES (215, 'PT_PT', 'Algoritmos de pesquisa e ordenação');
INSERT INTO DegreeClassTopicTranslations(degreeClassTopic, language, description) VALUES (216, 'PT_PT', 'Tipos abstractos de dados');
INSERT INTO DegreeClassTopicTranslations(degreeClassTopic, language, description) VALUES (217, 'PT_PT', 'Iteradores');
INSERT INTO DegreeClassTopicTranslations(degreeClassTopic, language, description) VALUES (218, 'PT_PT', 'Estruturas de dados lineares e sua implementação: pilhas, filas e listas');
INSERT INTO DegreeClassTopicTranslations(degreeClassTopic, language, description) VALUES (219, 'PT_PT', 'Árvores binárias e algoritmos associados');
INSERT INTO DegreeClassTopicTranslations(degreeClassTopic, language, description) VALUES (220, 'PT_PT', 'Tabelas de dispersão e algoritmos de manipulação');
INSERT INTO DegreeClassTopicTranslations(degreeClassTopic, language, description) VALUES (221, 'PT_PT', 'Filas de prioridade');
INSERT INTO DegreeClassTopicTranslations(degreeClassTopic, language, description) VALUES (222, 'PT_PT', 'Árvores equilibradas');
INSERT INTO DegreeClassTopicTranslations(degreeClassTopic, language, description) VALUES (223, 'PT_PT', 'Árvores AVL e "Splay"');
INSERT INTO DegreeClassTopicTranslations(degreeClassTopic, language, description) VALUES (211, 'EN_UK', 'Object-Oriented Programming');
INSERT INTO DegreeClassTopicTranslations(degreeClassTopic, language, description) VALUES (212, 'EN_UK', 'Inheritance and Polymorphism');
INSERT INTO DegreeClassTopicTranslations(degreeClassTopic, language, description) VALUES (213, 'EN_UK', 'UML Basics');
INSERT INTO DegreeClassTopicTranslations(degreeClassTopic, language, description) VALUES (214, 'EN_UK', 'Algorithm Analysis: Classes and Complexity');
INSERT INTO DegreeClassTopicTranslations(degreeClassTopic, language, description) VALUES (215, 'EN_UK', 'Search and Sorting Algorithms');
INSERT INTO DegreeClassTopicTranslations(degreeClassTopic, language, description) VALUES (216, 'EN_UK', 'Abstract Data Types');
INSERT INTO DegreeClassTopicTranslations(degreeClassTopic, language, description) VALUES (217, 'EN_UK', 'Iterators');
INSERT INTO DegreeClassTopicTranslations(degreeClassTopic, language, description) VALUES (218, 'EN_UK', 'Linear Data Structures and their Implementation: Stacks, Queues and Lists');
INSERT INTO DegreeClassTopicTranslations(degreeClassTopic, language, description) VALUES (219, 'EN_UK', 'Binary Trees and Associated Algorithms');
INSERT INTO DegreeClassTopicTranslations(degreeClassTopic, language, description) VALUES (220, 'EN_UK', 'Hash Tables and Manipulation Algorithms');
INSERT INTO DegreeClassTopicTranslations(degreeClassTopic, language, description) VALUES (221, 'EN_UK', 'Priority Queues');
INSERT INTO DegreeClassTopicTranslations(degreeClassTopic, language, description) VALUES (222, 'EN_UK', 'Balanced Trees');
INSERT INTO DegreeClassTopicTranslations(degreeClassTopic, language, description) VALUES (223, 'EN_UK', 'AVL Trees and Splay Trees');

INSERT INTO DegreeClasses(id, year, semester, ects , isOptional, degree) VALUES (16, 2, 1, 6, false, 1);
INSERT INTO DegreeClassTranslations(degreeClass, language, name, description) VALUES  (16, 'PT_PT', 'Laboratório de Computadores' , 'Os objectivos da unidade curricular são dotar os estudantes com conhecimentos essenciais para serem capazes de:\n- utilizar a interface de "hardware" dos periféricos mais habituais de um PC;\n- desenvolver "software" de baixo nível e de "software" embebido para a plataforma PC;\n- usarem a linguagem de programação C de modo estruturado;\n- utilizarem várias ferramentas de desenvolvimento de software.');
INSERT INTO DegreeClassTopics(id, degreeClass, ordering) VALUES (224, 16, 1);
INSERT INTO DegreeClassTopics(id, degreeClass, ordering) VALUES (225, 16, 2);
INSERT INTO DegreeClassTopics(id, degreeClass, ordering) VALUES (226, 16, 3);
INSERT INTO DegreeClassTopics(id, degreeClass, ordering) VALUES (227, 16, 4);
INSERT INTO DegreeClassTopics(id, degreeClass, ordering) VALUES (228, 16, 5);
INSERT INTO DegreeClassTopics(id, degreeClass, ordering) VALUES (229, 16, 6);
INSERT INTO DegreeClassTopics(id, degreeClass, ordering) VALUES (230, 16, 7);
INSERT INTO DegreeClassTopics(id, degreeClass, ordering) VALUES (231, 16, 8);
INSERT INTO DegreeClassTopics(id, degreeClass, ordering) VALUES (232, 16, 9);
INSERT INTO DegreeClassTopics(id, degreeClass, ordering) VALUES (233, 16, 10);
INSERT INTO DegreeClassTopics(id, degreeClass, ordering) VALUES (234, 16, 11);
INSERT INTO DegreeClassTopics(id, degreeClass, ordering) VALUES (235, 16, 12);
INSERT INTO DegreeClassTopics(id, degreeClass, ordering) VALUES (236, 16, 13);
INSERT INTO DegreeClassTopicTranslations(degreeClassTopic, language, description) VALUES (224, 'PT_PT', 'Periféricos de entrada/saída e seus modos de funcionamento');
INSERT INTO DegreeClassTopicTranslations(degreeClassTopic, language, description) VALUES (225, 'PT_PT', 'Mapeamento directo no espaço de endereçamento de memória');
INSERT INTO DegreeClassTopicTranslations(degreeClassTopic, language, description) VALUES (226, 'PT_PT', 'Acesso a periféricos no modo \"polled\" e por interrupção');
INSERT INTO DegreeClassTopicTranslations(degreeClassTopic, language, description) VALUES (227, 'PT_PT', 'Interrupções nos processadores IA-32, o controlador de interrupções do PC, escrita de rotinas de interrupção em Assembly e em C');
INSERT INTO DegreeClassTopicTranslations(degreeClassTopic, language, description) VALUES (228, 'PT_PT', 'Periféricos típicos de um PC, como o teclado, o rato, a placa gráfica, o relógio de tempo real, o temporizador, o altifalante, a porta de série');
INSERT INTO DegreeClassTopicTranslations(degreeClassTopic, language, description) VALUES (229, 'PT_PT', 'Programação na linguagem C: principais diferenças em relação à linguagem C++, métodos para estruturação do código');
INSERT INTO DegreeClassTopicTranslations(degreeClassTopic, language, description) VALUES (230, 'PT_PT', 'Organização da memória em execução');
INSERT INTO DegreeClassTopicTranslations(degreeClassTopic, language, description) VALUES (231, 'PT_PT', 'Funções: mecanismo de chamada, passagem de parâmetros, armazenamento local e retorno de valores');
INSERT INTO DegreeClassTopicTranslations(degreeClassTopic, language, description) VALUES (232, 'PT_PT', 'Programação baseada em eventos');
INSERT INTO DegreeClassTopicTranslations(degreeClassTopic, language, description) VALUES (233, 'PT_PT', 'Programação combinada em C e "assembly" dos processadores IA-32');
INSERT INTO DegreeClassTopicTranslations(degreeClassTopic, language, description) VALUES (234, 'PT_PT', 'Criação e utilização de bibliotecas');
INSERT INTO DegreeClassTopicTranslations(degreeClassTopic, language, description) VALUES (235, 'PT_PT', 'Ligação estática de código objecto');
INSERT INTO DegreeClassTopicTranslations(degreeClassTopic, language, description) VALUES (236, 'PT_PT', 'Utilização de ferramentas de desenvolvimento de software: cc, make, db, ar, prof, diff, patch, SVN');
INSERT INTO DegreeClassTopicTranslations(degreeClassTopic, language, description) VALUES (224, 'EN_UK', 'Input/Output Peripherals and their Operating Modes');
INSERT INTO DegreeClassTopicTranslations(degreeClassTopic, language, description) VALUES (225, 'EN_UK', 'Direct Memory Addressing');
INSERT INTO DegreeClassTopicTranslations(degreeClassTopic, language, description) VALUES (226, 'EN_UK', 'Polled and Interrupt-Driven Peripheral Access');
INSERT INTO DegreeClassTopicTranslations(degreeClassTopic, language, description) VALUES (227, 'EN_UK', 'Interrupts in IA-32 Processors, PC Interrupt Controller, Writing Interrupt Routines in Assembly and C');
INSERT INTO DegreeClassTopicTranslations(degreeClassTopic, language, description) VALUES (228, 'EN_UK', 'Typical PC Peripherals, such as Keyboard, Mouse, Graphics Card, Real-Time Clock, Timer, Speaker, Serial Port');
INSERT INTO DegreeClassTopicTranslations(degreeClassTopic, language, description) VALUES (229, 'EN_UK', 'C Language Programming: Main Differences from C++, Code Structuring Methods');
INSERT INTO DegreeClassTopicTranslations(degreeClassTopic, language, description) VALUES (230, 'EN_UK', 'Runtime Memory Organization');
INSERT INTO DegreeClassTopicTranslations(degreeClassTopic, language, description) VALUES (231, 'EN_UK', 'Functions: Call Mechanism, Parameter Passing, Local Storage and Return Values');
INSERT INTO DegreeClassTopicTranslations(degreeClassTopic, language, description) VALUES (232, 'EN_UK', 'Event-Driven Programming');
INSERT INTO DegreeClassTopicTranslations(degreeClassTopic, language, description) VALUES (233, 'EN_UK', 'Combined C and IA-32 Assembly Programming');
INSERT INTO DegreeClassTopicTranslations(degreeClassTopic, language, description) VALUES (234, 'EN_UK', 'Creating and Using Libraries');
INSERT INTO DegreeClassTopicTranslations(degreeClassTopic, language, description) VALUES (235, 'EN_UK', 'Static Linking of Object Code');
INSERT INTO DegreeClassTopicTranslations(degreeClassTopic, language, description) VALUES (236, 'EN_UK', 'Using Software Development Tools: cc, make, db, ar, prof, diff, patch, SVN');

INSERT INTO DegreeClasses(id, year, semester, ects , isOptional, degree) VALUES (17, 2, 2, 6, false, 1);
INSERT INTO DegreeClassTranslations(degreeClass, language, name, description) VALUES  (17, 'PT_PT', 'Bases de Dados' , 'Este é um curso introdutório sobre bases de dados. Aborda o paradigma relacional. Abrange o desenho (modelo UML), construção (linguagem de definição de dados SQL), consulta (linguagem de manipulação de dados SQL) e gestão (optimização, controlo de acesso e políticas de concorrência) de bases de dados relacionais. Introduz, ainda, o conceito de bases de dados multi-dimensionais, bases de dados NoSQL e modelos de dados semi-estruturados.');
INSERT INTO DegreeClassTopics(id, degreeClass, ordering) VALUES (237, 17, 1);
INSERT INTO DegreeClassTopics(id, degreeClass, ordering) VALUES (238, 17, 2);
INSERT INTO DegreeClassTopics(id, degreeClass, ordering) VALUES (239, 17, 3);
INSERT INTO DegreeClassTopics(id, degreeClass, ordering) VALUES (240, 17, 4);
INSERT INTO DegreeClassTopics(id, degreeClass, ordering) VALUES (241, 17, 5);
INSERT INTO DegreeClassTopics(id, degreeClass, ordering) VALUES (242, 17, 6);
INSERT INTO DegreeClassTopics(id, degreeClass, ordering) VALUES (243, 17, 7);
INSERT INTO DegreeClassTopics(id, degreeClass, ordering) VALUES (244, 17, 8);
INSERT INTO DegreeClassTopics(id, degreeClass, ordering) VALUES (245, 17, 9);
INSERT INTO DegreeClassTopics(id, degreeClass, ordering) VALUES (246, 17, 10);
INSERT INTO DegreeClassTopics(id, degreeClass, ordering) VALUES (247, 17, 11);
INSERT INTO DegreeClassTopics(id, degreeClass, ordering) VALUES (248, 17, 12);
INSERT INTO DegreeClassTopicTranslations(degreeClassTopic, language, description) VALUES (237, 'PT_PT', 'Diagrama de classes UML');
INSERT INTO DegreeClassTopicTranslations(degreeClassTopic, language, description) VALUES (238, 'PT_PT', 'Modelo entidade-associação (E-R)');
INSERT INTO DegreeClassTopicTranslations(degreeClassTopic, language, description) VALUES (239, 'PT_PT', 'Modelo relacional, normalização e mapeamento de UML e E-R para relacional');
INSERT INTO DegreeClassTopicTranslations(degreeClassTopic, language, description) VALUES (240, 'PT_PT', 'Linguagem de definição de dados SQL e restricões de integridade');
INSERT INTO DegreeClassTopicTranslations(degreeClassTopic, language, description) VALUES (241, 'PT_PT', 'Álgebra relacional como linguagem de interrogação');
INSERT INTO DegreeClassTopicTranslations(degreeClassTopic, language, description) VALUES (242, 'PT_PT', 'Linguagem de manipulação de dados SQL');
INSERT INTO DegreeClassTopicTranslations(degreeClassTopic, language, description) VALUES (243, 'PT_PT', 'Vistas e índices');
INSERT INTO DegreeClassTopicTranslations(degreeClassTopic, language, description) VALUES (244, 'PT_PT', 'Desenho de interfaces');
INSERT INTO DegreeClassTopicTranslations(degreeClassTopic, language, description) VALUES (245, 'PT_PT', 'SQL na arquitectura cliente-servidor');
INSERT INTO DegreeClassTopicTranslations(degreeClassTopic, language, description) VALUES (246, 'PT_PT', 'Controlo de acessos');
INSERT INTO DegreeClassTopicTranslations(degreeClassTopic, language, description) VALUES (247, 'PT_PT', 'Transacções, controlo de concorrência e recuperação');
INSERT INTO DegreeClassTopicTranslations(degreeClassTopic, language, description) VALUES (248, 'PT_PT', 'Armazéns de dados');
INSERT INTO DegreeClassTopicTranslations(degreeClassTopic, language, description) VALUES (237, 'EN_UK', 'UML Class Diagram');
INSERT INTO DegreeClassTopicTranslations(degreeClassTopic, language, description) VALUES (238, 'EN_UK', 'Entity-Relationship (E-R) Model');
INSERT INTO DegreeClassTopicTranslations(degreeClassTopic, language, description) VALUES (239, 'EN_UK', 'Relational Model, Normalization and Mapping from UML and E-R to Relational');
INSERT INTO DegreeClassTopicTranslations(degreeClassTopic, language, description) VALUES (240, 'EN_UK', 'SQL Data Definition Language and Integrity Constraints');
INSERT INTO DegreeClassTopicTranslations(degreeClassTopic, language, description) VALUES (241, 'EN_UK', 'Relational Algebra as a Query Language');
INSERT INTO DegreeClassTopicTranslations(degreeClassTopic, language, description) VALUES (242, 'EN_UK', 'SQL Data Manipulation Language');
INSERT INTO DegreeClassTopicTranslations(degreeClassTopic, language, description) VALUES (243, 'EN_UK', 'Views and Indexes');
INSERT INTO DegreeClassTopicTranslations(degreeClassTopic, language, description) VALUES (244, 'EN_UK', 'Interface Design');
INSERT INTO DegreeClassTopicTranslations(degreeClassTopic, language, description) VALUES (245, 'EN_UK', 'SQL in Client-Server Architecture');
INSERT INTO DegreeClassTopicTranslations(degreeClassTopic, language, description) VALUES (246, 'EN_UK', 'Access Control');
INSERT INTO DegreeClassTopicTranslations(degreeClassTopic, language, description) VALUES (247, 'EN_UK', 'Transactions, Concurrency Control and Recovery');
INSERT INTO DegreeClassTopicTranslations(degreeClassTopic, language, description) VALUES (248, 'EN_UK', 'Data Warehouses');

INSERT INTO DegreeClasses(id, year, semester, ects , isOptional, degree) VALUES (18, 2, 2, 6, false, 1);
INSERT INTO DegreeClassTranslations(degreeClass, language, name, description) VALUES  (18, 'PT_PT', 'Concepção e Análise de Algoritmos' , 'Esta Unidade Curricular tem por objectivo complementar e aprofundar os conhecimentos assimilados nas disciplinas de "Programação" e de "Algoritmos e Estruturas de Dados", nomeadamente pela introdução de técnicas de concepção e implementação de algoritmos eficientes para a resolução de diferentes tipos de problemas, assim como a sua análise e avaliação.');
INSERT INTO DegreeClassTopics(id, degreeClass, ordering) VALUES (249, 18, 1);
INSERT INTO DegreeClassTopics(id, degreeClass, ordering) VALUES (250, 18, 2);
INSERT INTO DegreeClassTopics(id, degreeClass, ordering) VALUES (251, 18, 3);
INSERT INTO DegreeClassTopics(id, degreeClass, ordering) VALUES (252, 18, 4);
INSERT INTO DegreeClassTopics(id, degreeClass, ordering) VALUES (253, 18, 5);
INSERT INTO DegreeClassTopics(id, degreeClass, ordering) VALUES (254, 18, 6);
INSERT INTO DegreeClassTopics(id, degreeClass, ordering) VALUES (255, 18, 7);
INSERT INTO DegreeClassTopics(id, degreeClass, ordering) VALUES (256, 18, 8);
INSERT INTO DegreeClassTopics(id, degreeClass, ordering) VALUES (257, 18, 9);
INSERT INTO DegreeClassTopics(id, degreeClass, ordering) VALUES (258, 18, 10);
INSERT INTO DegreeClassTopics(id, degreeClass, ordering) VALUES (259, 18, 11);
INSERT INTO DegreeClassTopics(id, degreeClass, ordering) VALUES (260, 18, 12);
INSERT INTO DegreeClassTopics(id, degreeClass, ordering) VALUES (261, 18, 13);
INSERT INTO DegreeClassTopicTranslations(degreeClassTopic, language, description) VALUES (249, 'PT_PT', 'Técnicas de concepção de algoritmos: divisão e conquista');
INSERT INTO DegreeClassTopicTranslations(degreeClassTopic, language, description) VALUES (250, 'PT_PT', 'Técnicas de concepção de algoritmos: algoritmos gananciosos ("greedy")');
INSERT INTO DegreeClassTopicTranslations(degreeClassTopic, language, description) VALUES (251, 'PT_PT', 'Técnicas de concepção de algoritmos: programação dinâmica');
INSERT INTO DegreeClassTopicTranslations(degreeClassTopic, language, description) VALUES (252, 'PT_PT', 'Técnicas de concepção de algoritmos: algoritmos de retrocesso ("backtracking")');
INSERT INTO DegreeClassTopicTranslations(degreeClassTopic, language, description) VALUES (253, 'PT_PT', 'Técnicas de concepção de algoritmos: algoritmos probabilísticos');
INSERT INTO DegreeClassTopicTranslations(degreeClassTopic, language, description) VALUES (254, 'PT_PT', 'Representação e formalização de algoritmos');
INSERT INTO DegreeClassTopicTranslations(degreeClassTopic, language, description) VALUES (255, 'PT_PT', 'Análise da complexidade de algoritmos (temporal e espacial)');
INSERT INTO DegreeClassTopicTranslations(degreeClassTopic, language, description) VALUES (256, 'PT_PT', 'Verificação e correcção dos algoritmos');
INSERT INTO DegreeClassTopicTranslations(degreeClassTopic, language, description) VALUES (257, 'PT_PT', 'Estruturas de dados avançadas: filas de prioridade com alteração de prioridade');
INSERT INTO DegreeClassTopicTranslations(degreeClassTopic, language, description) VALUES (258, 'PT_PT', 'Estruturas de dados avançadas: conjuntos disjuntos');
INSERT INTO DegreeClassTopicTranslations(degreeClassTopic, language, description) VALUES (259, 'PT_PT', 'Algoritmos eficientes em grafos: visita em largura e em profundidade; ordenação topológica; componentes biconexos; componentes fortemente conexos; caminho mais curto; árvore de expansão mínima; fluxo máximo e fluxo máximo de custo mínimo em redes de transporte; circuito de Euler e problema do carteiro chinês; problemas de emparelhamento ("matching") e casamentos estáveis');
INSERT INTO DegreeClassTopicTranslations(degreeClassTopic, language, description) VALUES (260, 'PT_PT', 'Algoritmos em "strings": pesquisa exacta ("string matching"); pesquisa aproximada; "substring" comum mais comprida; compressão de texto');
INSERT INTO DegreeClassTopicTranslations(degreeClassTopic, language, description) VALUES (261, 'PT_PT', 'Problemas intratáveis: redução de problemas; teoria dos problemas NP-completos; exemplos de problemas intratáveis em grafos; algoritmos que fornecem soluções aproximadas em tempo polinomial para alguns problemas');
INSERT INTO DegreeClassTopicTranslations(degreeClassTopic, language, description) VALUES (249, 'EN_UK', 'Algorithm Design Techniques: Divide and Conquer');
INSERT INTO DegreeClassTopicTranslations(degreeClassTopic, language, description) VALUES (250, 'EN_UK', 'Algorithm Design Techniques: Greedy Algorithms');
INSERT INTO DegreeClassTopicTranslations(degreeClassTopic, language, description) VALUES (251, 'EN_UK', 'Algorithm Design Techniques: Dynamic Programming');
INSERT INTO DegreeClassTopicTranslations(degreeClassTopic, language, description) VALUES (252, 'EN_UK', 'Algorithm Design Techniques: Backtracking Algorithms');
INSERT INTO DegreeClassTopicTranslations(degreeClassTopic, language, description) VALUES (253, 'EN_UK', 'Algorithm Design Techniques: Probabilistic Algorithms');
INSERT INTO DegreeClassTopicTranslations(degreeClassTopic, language, description) VALUES (254, 'EN_UK', 'Algorithm Representation and Formalization');
INSERT INTO DegreeClassTopicTranslations(degreeClassTopic, language, description) VALUES (255, 'EN_UK', 'Algorithm Complexity Analysis (Time and Space)');
INSERT INTO DegreeClassTopicTranslations(degreeClassTopic, language, description) VALUES (256, 'EN_UK', 'Algorithm Verification and Correction');
INSERT INTO DegreeClassTopicTranslations(degreeClassTopic, language, description) VALUES (257, 'EN_UK', 'Advanced Data Structures: Priority Queues with Priority Change');
INSERT INTO DegreeClassTopicTranslations(degreeClassTopic, language, description) VALUES (258, 'EN_UK', 'Advanced Data Structures: Disjoint Sets');
INSERT INTO DegreeClassTopicTranslations(degreeClassTopic, language, description) VALUES (259, 'EN_UK', 'Efficient Graph Algorithms: Breadth-First and Depth-First Search; Topological Sorting; Biconnected Components; Strongly Connected Components; Shortest Path; Minimum Spanning Tree; Maximum Flow and Minimum Cost Maximum Flow in Transportation Networks; Eulerian Circuit and Chinese Postman Problem; Matching and Stable Marriage Problems');
INSERT INTO DegreeClassTopicTranslations(degreeClassTopic, language, description) VALUES (260, 'EN_UK', 'String Algorithms: Exact Search (String Matching); Approximate Search; Longest Common Substring; Text Compression');
INSERT INTO DegreeClassTopicTranslations(degreeClassTopic, language, description) VALUES (261, 'EN_UK', 'Intractable Problems: Problem Reduction; NP-Completeness Theory; Examples of Intractable Graph Problems; Algorithms that Provide Polynomial-Time Approximate Solutions for Some Problems');

INSERT INTO DegreeClasses(id, year, semester, ects , isOptional, degree) VALUES (19, 2, 2, 6, false, 1);
INSERT INTO DegreeClassTranslations(degreeClass, language, name, description) VALUES  (19, 'PT_PT', 'Computação Gráfica' , 'Transmitir o conhecimento de conceitos, técnicas, algoritmos, tecnologias e arquitecturas de Computação Gráfica.\n - Reforçar os conhecimentos teóricos com a sua aplicação prática, por meio da implementação, teste e avaliação de algoritmos abordados em teoria.');
INSERT INTO DegreeClassTopics(id, degreeClass, ordering) VALUES (262, 19, 1);
INSERT INTO DegreeClassTopics(id, degreeClass, ordering) VALUES (263, 19, 2);
INSERT INTO DegreeClassTopics(id, degreeClass, ordering) VALUES (264, 19, 3);
INSERT INTO DegreeClassTopics(id, degreeClass, ordering) VALUES (265, 19, 4);
INSERT INTO DegreeClassTopics(id, degreeClass, ordering) VALUES (266, 19, 5);
INSERT INTO DegreeClassTopics(id, degreeClass, ordering) VALUES (267, 19, 6);
INSERT INTO DegreeClassTopics(id, degreeClass, ordering) VALUES (268, 19, 7);
INSERT INTO DegreeClassTopics(id, degreeClass, ordering) VALUES (269, 19, 8);
INSERT INTO DegreeClassTopicTranslations(degreeClassTopic, language, description) VALUES (262, 'PT_PT', 'Panorâmica da Computação Gráfica e suas aplicações.');
INSERT INTO DegreeClassTopicTranslations(degreeClassTopic, language, description) VALUES (263, 'PT_PT', 'Síntese de Imagem de cenas 3D: iluminação local e iluminação global,cálculo de visibilidade');
INSERT INTO DegreeClassTopicTranslations(degreeClassTopic, language, description) VALUES (264, 'PT_PT', 'Representação de cor em Computação Gráfica');
INSERT INTO DegreeClassTopicTranslations(degreeClassTopic, language, description) VALUES (265, 'PT_PT', 'Transformações geométricas 2D/3D');
INSERT INTO DegreeClassTopicTranslations(degreeClassTopic, language, description) VALUES (266, 'PT_PT', 'Modelação: malhas poligonais 3D, curvas, superfícies e sólidos');
INSERT INTO DegreeClassTopicTranslations(degreeClassTopic, language, description) VALUES (267, 'PT_PT', 'Interacção');
INSERT INTO DegreeClassTopicTranslations(degreeClassTopic, language, description) VALUES (268, 'PT_PT', 'Conceitos para o desenvolvimento de interfaces gráficas');
INSERT INTO DegreeClassTopicTranslations(degreeClassTopic, language, description) VALUES (269, 'PT_PT', 'Computação Gráfica 2D: algoritmos de rasterização, transformações geométricas 2D e visualização 2D');
INSERT INTO DegreeClassTopicTranslations(degreeClassTopic, language, description) VALUES (262, 'EN_UK', 'Overview of Computer Graphics and its applications.');
INSERT INTO DegreeClassTopicTranslations(degreeClassTopic, language, description) VALUES (263, 'EN_UK', 'Image Synthesis of 3D scenes: local and global illumination, visibility calculation');
INSERT INTO DegreeClassTopicTranslations(degreeClassTopic, language, description) VALUES (264, 'EN_UK', 'Color Representation in Computer Graphics');
INSERT INTO DegreeClassTopicTranslations(degreeClassTopic, language, description) VALUES (265, 'EN_UK', '2D/3D Geometric Transformations');
INSERT INTO DegreeClassTopicTranslations(degreeClassTopic, language, description) VALUES (266, 'EN_UK', 'Modeling: 3D polygonal meshes, curves, surfaces and solids');
INSERT INTO DegreeClassTopicTranslations(degreeClassTopic, language, description) VALUES (267, 'EN_UK', 'Interaction');
INSERT INTO DegreeClassTopicTranslations(degreeClassTopic, language, description) VALUES (268, 'EN_UK', 'Concepts for the development of graphical interfaces');
INSERT INTO DegreeClassTopicTranslations(degreeClassTopic, language, description) VALUES (269, 'EN_UK', '2D Computer Graphics: rasterization algorithms, 2D geometric transformations and 2D visualization');

INSERT INTO DegreeClasses(id, year, semester, ects , isOptional, degree) VALUES (20, 2, 2, 6, false, 1);
INSERT INTO DegreeClassTranslations(degreeClass, language, name, description) VALUES  (20, 'PT_PT', 'Sistemas Operativos' , 'Os objectivos principais desta unidade curricular são fornecer os conhecimentos fundamentais sobre:\n- a estrutura e o funcionamento de um sistema operativo;\n- a utilização da interface de programação (API) de um sistema operativo real.');
INSERT INTO DegreeClassTopics(id, degreeClass, ordering) VALUES (270, 20, 1);
INSERT INTO DegreeClassTopics(id, degreeClass, ordering) VALUES (271, 20, 2);
INSERT INTO DegreeClassTopics(id, degreeClass, ordering) VALUES (272, 20, 3);
INSERT INTO DegreeClassTopics(id, degreeClass, ordering) VALUES (273, 20, 4);
INSERT INTO DegreeClassTopics(id, degreeClass, ordering) VALUES (274, 20, 5);
INSERT INTO DegreeClassTopics(id, degreeClass, ordering) VALUES (275, 20, 6);
INSERT INTO DegreeClassTopics(id, degreeClass, ordering) VALUES (276, 20, 7);
INSERT INTO DegreeClassTopics(id, degreeClass, ordering) VALUES (277, 20, 8);
INSERT INTO DegreeClassTopics(id, degreeClass, ordering) VALUES (278, 20, 9);
INSERT INTO DegreeClassTopics(id, degreeClass, ordering) VALUES (279, 20, 10);
INSERT INTO DegreeClassTopics(id, degreeClass, ordering) VALUES (280, 20, 11);
INSERT INTO DegreeClassTopics(id, degreeClass, ordering) VALUES (281, 20, 12);
INSERT INTO DegreeClassTopics(id, degreeClass, ordering) VALUES (282, 20, 13);
INSERT INTO DegreeClassTopics(id, degreeClass, ordering) VALUES (283, 20, 14);
INSERT INTO DegreeClassTopics(id, degreeClass, ordering) VALUES (284, 20, 15);
INSERT INTO DegreeClassTopics(id, degreeClass, ordering) VALUES (285, 20, 16);
INSERT INTO DegreeClassTopics(id, degreeClass, ordering) VALUES (286, 20, 17);
INSERT INTO DegreeClassTopics(id, degreeClass, ordering) VALUES (287, 20, 18);
INSERT INTO DegreeClassTopics(id, degreeClass, ordering) VALUES (288, 20, 19);
INSERT INTO DegreeClassTopics(id, degreeClass, ordering) VALUES (289, 20, 20);
INSERT INTO DegreeClassTopicTranslations(degreeClassTopic, language, description) VALUES (270, 'PT_PT', 'Objectivos e funções de um S.O. ');
INSERT INTO DegreeClassTopicTranslations(degreeClassTopic, language, description) VALUES (271, 'PT_PT', 'Evolução dos sistemas operativos e estrutura dos S.O. modernos');
INSERT INTO DegreeClassTopicTranslations(degreeClassTopic, language, description) VALUES (272, 'PT_PT', 'Abstrações suportadas por um S.O. e sua interface de programação ');
INSERT INTO DegreeClassTopicTranslations(degreeClassTopic, language, description) VALUES (273, 'PT_PT', 'Necessidades de suporte e de protecção de hardware');
INSERT INTO DegreeClassTopicTranslations(degreeClassTopic, language, description) VALUES (274, 'PT_PT', 'Processos e "threads", a sua descrição e estados de um processo ');
INSERT INTO DegreeClassTopicTranslations(degreeClassTopic, language, description) VALUES (275, 'PT_PT', 'Estratégias de escalonamento');
INSERT INTO DegreeClassTopicTranslations(degreeClassTopic, language, description) VALUES (276, 'PT_PT', 'Execução concorrente: problemas e soluções ');
INSERT INTO DegreeClassTopicTranslations(degreeClassTopic, language, description) VALUES (277, 'PT_PT', 'Mecanismos de sincronização entre processos ');
INSERT INTO DegreeClassTopicTranslations(degreeClassTopic, language, description) VALUES (278, 'PT_PT', 'Bloqueio mútuo ');
INSERT INTO DegreeClassTopicTranslations(degreeClassTopic, language, description) VALUES (279, 'PT_PT', 'Gestão básica de memória.');
INSERT INTO DegreeClassTopicTranslations(degreeClassTopic, language, description) VALUES (280, 'PT_PT', 'Sistemas de memória virtual: paginação e segmentação ');
INSERT INTO DegreeClassTopicTranslations(degreeClassTopic, language, description) VALUES (281, 'PT_PT', 'Implementação de memória virtual; estratégias de alocação/libertação de memória ');
INSERT INTO DegreeClassTopicTranslations(degreeClassTopic, language, description) VALUES (282, 'PT_PT', 'Hardware e software de entrada/saída ');
INSERT INTO DegreeClassTopicTranslations(degreeClassTopic, language, description) VALUES (283, 'PT_PT', 'Abstracção das diferenças entre dispositivos. ');
INSERT INTO DegreeClassTopicTranslations(degreeClassTopic, language, description) VALUES (284, 'PT_PT', 'Interface do sistema de ficheiros ');
INSERT INTO DegreeClassTopicTranslations(degreeClassTopic, language, description) VALUES (285, 'PT_PT', 'Implementação do sistema de ficheiros; gestão do disco');
INSERT INTO DegreeClassTopicTranslations(degreeClassTopic, language, description) VALUES (286, 'PT_PT', 'Linux: Manipulação de ficheiros e directórios');
INSERT INTO DegreeClassTopicTranslations(degreeClassTopic, language, description) VALUES (287, 'PT_PT', 'Linux: Criação e gestão de processos e "threads"');
INSERT INTO DegreeClassTopicTranslations(degreeClassTopic, language, description) VALUES (288, 'PT_PT', 'Linux: Intercomunicação entre processos: sinais, "pipes", FIFOs, e memória partilhada');
INSERT INTO DegreeClassTopicTranslations(degreeClassTopic, language, description) VALUES (289, 'PT_PT', 'Linux: Sincronização entre processos e "threads": semáforos, mutexes e variáveis de condição.');
INSERT INTO DegreeClassTopicTranslations(degreeClassTopic, language, description) VALUES (270, 'EN_UK', 'Objectives and functions of an OS');
INSERT INTO DegreeClassTopicTranslations(degreeClassTopic, language, description) VALUES (271, 'EN_UK', 'Evolution of operating systems and structure of modern OS');
INSERT INTO DegreeClassTopicTranslations(degreeClassTopic, language, description) VALUES (272, 'EN_UK', 'Abstractions supported by an OS and its programming interface');
INSERT INTO DegreeClassTopicTranslations(degreeClassTopic, language, description) VALUES (273, 'EN_UK', 'Hardware support and protection needs');
INSERT INTO DegreeClassTopicTranslations(degreeClassTopic, language, description) VALUES (274, 'EN_UK', 'Processes and threads, their description and process states');
INSERT INTO DegreeClassTopicTranslations(degreeClassTopic, language, description) VALUES (275, 'EN_UK', 'Scheduling strategies');
INSERT INTO DegreeClassTopicTranslations(degreeClassTopic, language, description) VALUES (276, 'EN_UK', 'Concurrent execution: problems and solutions');
INSERT INTO DegreeClassTopicTranslations(degreeClassTopic, language, description) VALUES (277, 'EN_UK', 'Inter-process synchronization mechanisms');
INSERT INTO DegreeClassTopicTranslations(degreeClassTopic, language, description) VALUES (278, 'EN_UK', 'Deadlock');
INSERT INTO DegreeClassTopicTranslations(degreeClassTopic, language, description) VALUES (279, 'EN_UK', 'Basic memory management.');
INSERT INTO DegreeClassTopicTranslations(degreeClassTopic, language, description) VALUES (280, 'EN_UK', 'Virtual memory systems: paging and segmentation');
INSERT INTO DegreeClassTopicTranslations(degreeClassTopic, language, description) VALUES (281, 'EN_UK', 'Virtual memory implementation; memory allocation/deallocation strategies');
INSERT INTO DegreeClassTopicTranslations(degreeClassTopic, language, description) VALUES (282, 'EN_UK', 'Input/output hardware and software');
INSERT INTO DegreeClassTopicTranslations(degreeClassTopic, language, description) VALUES (283, 'EN_UK', 'Abstraction of differences between devices.');
INSERT INTO DegreeClassTopicTranslations(degreeClassTopic, language, description) VALUES (284, 'EN_UK', 'File system interface');
INSERT INTO DegreeClassTopicTranslations(degreeClassTopic, language, description) VALUES (285, 'EN_UK', 'File system implementation; disk management');
INSERT INTO DegreeClassTopicTranslations(degreeClassTopic, language, description) VALUES (286, 'EN_UK', 'Linux: File and directory manipulation');
INSERT INTO DegreeClassTopicTranslations(degreeClassTopic, language, description) VALUES (287, 'EN_UK', 'Linux: Process and thread creation and management');
INSERT INTO DegreeClassTopicTranslations(degreeClassTopic, language, description) VALUES (288, 'EN_UK', 'Linux: Inter-process communication: signals, pipes, FIFOs, and shared memory');
INSERT INTO DegreeClassTopicTranslations(degreeClassTopic, language, description) VALUES (289, 'EN_UK', 'Linux: Process and thread synchronization: semaphores, mutexes, and condition variables.');

INSERT INTO DegreeClasses(id, year, semester, ects , isOptional, degree) VALUES (21, 2, 2, 6, false, 1);
INSERT INTO DegreeClassTranslations(degreeClass, language, name, description) VALUES  (21, 'PT_PT', 'Laboratório de Programação Orientada por Objectos' , 'Desenvolver e aprofundar as competências de programação orientada por objectos, numa linguagem orientada por objectos moderna (Java), representativa das linguagens utilizadas para desenvolvimento de software aplicacional.\nDesenvolver competências de desenho orientado por objectos, usando a linguagem UML e aplicando bons princípios e padrões de desenho.\nAprender a desenvolver aplicações com interface gráfica e a utilizar bibliotecas extensas.\nAdquirir o hábito de seguir boas práticas de desenvolvimento de software (desenvolvimento iterativo, testes unitários, "debugging", "refactoring", SCV, programação em pares, etc.).');
INSERT INTO DegreeClassTopics(id, degreeClass, ordering) VALUES (290, 21, 1);
INSERT INTO DegreeClassTopics(id, degreeClass, ordering) VALUES (291, 21, 2);
INSERT INTO DegreeClassTopics(id, degreeClass, ordering) VALUES (292, 21, 3);
INSERT INTO DegreeClassTopics(id, degreeClass, ordering) VALUES (293, 21, 4);
INSERT INTO DegreeClassTopics(id, degreeClass, ordering) VALUES (294, 21, 5);
INSERT INTO DegreeClassTopics(id, degreeClass, ordering) VALUES (295, 21, 6);
INSERT INTO DegreeClassTopics(id, degreeClass, ordering) VALUES (296, 21, 7);
INSERT INTO DegreeClassTopics(id, degreeClass, ordering) VALUES (297, 21, 8);
INSERT INTO DegreeClassTopics(id, degreeClass, ordering) VALUES (298, 21, 9);
INSERT INTO DegreeClassTopics(id, degreeClass, ordering) VALUES (299, 21, 10);
INSERT INTO DegreeClassTopics(id, degreeClass, ordering) VALUES (300, 21, 11);
INSERT INTO DegreeClassTopicTranslations(degreeClassTopic, language, description) VALUES (290, 'PT_PT', 'A linguagem Java: elementos da linguagem, diferenças em relação a C++ e novas características de Java 8 (expressões lambda, etc.).');
INSERT INTO DegreeClassTopicTranslations(degreeClassTopic, language, description) VALUES (291, 'PT_PT', 'Testes unitários e desenvolvimento guiado por testes ("test-driven development") com JUnit, ferramentas de análise de cobertura e ferramentas de teste de mutação.');
INSERT INTO DegreeClassTopicTranslations(degreeClassTopic, language, description) VALUES (292, 'PT_PT', 'Bibliotecas do Java (Java API): visão geral, colecções, interfaces gráficas e entrada/saída');
INSERT INTO DegreeClassTopicTranslations(degreeClassTopic, language, description) VALUES (293, 'PT_PT', 'Desenho orientado por objectos com UML: princípios de desenho orientado por objectos; diagramas de classes, sequência e estados');
INSERT INTO DegreeClassTopicTranslations(degreeClassTopic, language, description) VALUES (294, 'PT_PT', 'Desenvolvimento conduzido por modelos ("model-driven development")');
INSERT INTO DegreeClassTopicTranslations(degreeClassTopic, language, description) VALUES (295, 'PT_PT', 'Padrões de desenho ("design patterns")');
INSERT INTO DegreeClassTopicTranslations(degreeClassTopic, language, description) VALUES (296, 'PT_PT', 'Refabricação de código ("refactoring") e "code smells"');
INSERT INTO DegreeClassTopicTranslations(degreeClassTopic, language, description) VALUES (297, 'PT_PT', 'Introdução ao desenvolvimento de aplicações móveis para Android');
INSERT INTO DegreeClassTopicTranslations(degreeClassTopic, language, description) VALUES (298, 'PT_PT', 'Introdução a "multithreading", "remote method invocation" e animações em Java');
INSERT INTO DegreeClassTopicTranslations(degreeClassTopic, language, description) VALUES (299, 'PT_PT', 'Reflexão, informação dinâmica de tipos e metaprogramação');
INSERT INTO DegreeClassTopicTranslations(degreeClassTopic, language, description) VALUES (300, 'PT_PT', 'Ferramentas de análise dinâmica de programas ("debugging", "profiling")');
INSERT INTO DegreeClassTopicTranslations(degreeClassTopic, language, description) VALUES (290, 'EN_UK', 'The Java Language: language elements, differences from C++ and new features in Java 8 (lambda expressions, etc.).');
INSERT INTO DegreeClassTopicTranslations(degreeClassTopic, language, description) VALUES (291, 'EN_UK', 'Unit testing and test-driven development with JUnit, coverage analysis tools and mutation testing tools.');
INSERT INTO DegreeClassTopicTranslations(degreeClassTopic, language, description) VALUES (292, 'EN_UK', 'Java Libraries (Java API): overview, collections, graphical user interfaces and input/output');
INSERT INTO DegreeClassTopicTranslations(degreeClassTopic, language, description) VALUES (293, 'EN_UK', 'Object-oriented design with UML: object-oriented design principles; class, sequence and state diagrams');
INSERT INTO DegreeClassTopicTranslations(degreeClassTopic, language, description) VALUES (294, 'EN_UK', 'Model-driven development');
INSERT INTO DegreeClassTopicTranslations(degreeClassTopic, language, description) VALUES (295, 'EN_UK', 'Design patterns');
INSERT INTO DegreeClassTopicTranslations(degreeClassTopic, language, description) VALUES (296, 'EN_UK', 'Code refactoring and code smells');
INSERT INTO DegreeClassTopicTranslations(degreeClassTopic, language, description) VALUES (297, 'EN_UK', 'Introduction to Android mobile application development');
INSERT INTO DegreeClassTopicTranslations(degreeClassTopic, language, description) VALUES (298, 'EN_UK', 'Introduction to multithreading, remote method invocation and animations in Java');
INSERT INTO DegreeClassTopicTranslations(degreeClassTopic, language, description) VALUES (299, 'EN_UK', 'Reflection, dynamic type information and metaprogramming');
INSERT INTO DegreeClassTopicTranslations(degreeClassTopic, language, description) VALUES (300, 'EN_UK', 'Program dynamic analysis tools (debugging, profiling)');

-- UPorto 3rd year

INSERT INTO DegreeClasses(id, year, semester, ects , isOptional, degree) VALUES (22, 3, 1, 4.5, false, 1);
INSERT INTO DegreeClassTranslations(degreeClass, language, name, description) VALUES  (22, 'PT_PT', 'Programação em Lógica' , 'Adquirir familiaridade com os paradigmas da Programação em Lógica e da Programação com Restrições. Desenvolver as capacidades de raciocínio abstracto e de representação de problemas de forma declarativa.');
INSERT INTO DegreeClassTopics(id, degreeClass, ordering) VALUES (301, 22, 1);
INSERT INTO DegreeClassTopics(id, degreeClass, ordering) VALUES (302, 22, 2);
INSERT INTO DegreeClassTopics(id, degreeClass, ordering) VALUES (303, 22, 3);
INSERT INTO DegreeClassTopics(id, degreeClass, ordering) VALUES (304, 22, 4);
INSERT INTO DegreeClassTopics(id, degreeClass, ordering) VALUES (305, 22, 5);
INSERT INTO DegreeClassTopics(id, degreeClass, ordering) VALUES (306, 22, 6);
INSERT INTO DegreeClassTopics(id, degreeClass, ordering) VALUES (307, 22, 7);
INSERT INTO DegreeClassTopics(id, degreeClass, ordering) VALUES (308, 22, 8);
INSERT INTO DegreeClassTopics(id, degreeClass, ordering) VALUES (309, 22, 9);
INSERT INTO DegreeClassTopics(id, degreeClass, ordering) VALUES (310, 22, 10);
INSERT INTO DegreeClassTopicTranslations(degreeClassTopic, language, description) VALUES (301, 'PT_PT', 'Fundações da Programação em Lógica: Lógica proposicional. Lógica de predicados. Regras de inferência. Cláusulas de Horn. Unificação. Resolução. Forma normal conjuntiva.');
INSERT INTO DegreeClassTopicTranslations(degreeClassTopic, language, description) VALUES (302, 'PT_PT', 'Fundações da Programação em Lógica: Conceito de programação em lógica. Origens do Prolog.');
INSERT INTO DegreeClassTopicTranslations(degreeClassTopic, language, description) VALUES (303, 'PT_PT', 'Conceitos da Programação em Lógica: Cláusulas. Predicados. Factos. Perguntas. Regras. Variáveis lógicas. Instanciação.');
INSERT INTO DegreeClassTopicTranslations(degreeClassTopic, language, description) VALUES (304, 'PT_PT', 'Conceitos da Programação em Lógica: Programação em lógica e bases de dados. Recursividade. Listas. Árvores. Expressões simbólicas.');
INSERT INTO DegreeClassTopicTranslations(degreeClassTopic, language, description) VALUES (305, 'PT_PT', 'Conceitos da Programação em Lógica: Execução de um programa em lógica. Algoritmo da unificação. Interpretador abstracto. Traçados. Árvores de pesquisa. Negação.');
INSERT INTO DegreeClassTopicTranslations(degreeClassTopic, language, description) VALUES (306, 'PT_PT', 'A Linguagem Prolog: Modelo de execução. Backtracking. Ordem das regras e dos objectivos. Terminação.');
INSERT INTO DegreeClassTopicTranslations(degreeClassTopic, language, description) VALUES (307, 'PT_PT', 'A Linguagem Prolog: Aritmética. Iteração. Inspecção de estruturas. Predicados meta-lógicos. Controlo: cuts e negação. Predicados extra-lógicos.');
INSERT INTO DegreeClassTopicTranslations(degreeClassTopic, language, description) VALUES (308, 'PT_PT', 'Técnicas Avançadas de Programação em Prolog: Programação não determinística. Estruturas de dados incompletas. Meta-interpretadores. Técnicas de pesquisa.');
INSERT INTO DegreeClassTopicTranslations(degreeClassTopic, language, description) VALUES (309, 'PT_PT', 'Programação em Lógica com Restrições: Restrições. Satisfação de restrições. Restrições em domínios finitos.');
INSERT INTO DegreeClassTopicTranslations(degreeClassTopic, language, description) VALUES (310, 'PT_PT', 'Programação em Lógica com Restrições: Programação em lógica com restrições (PLR). Controlo da pesquisa. Ordenação de variáveis e valores. Modelização de problemas em PLR. Programação com restrições no SICStus Prolog.');
INSERT INTO DegreeClassTopicTranslations(degreeClassTopic, language, description) VALUES (301, 'EN_UK', 'Foundations of Logic Programming: Propositional logic. Predicate logic. Inference rules. Horn clauses. Unification. Resolution. Conjunctive normal form.');
INSERT INTO DegreeClassTopicTranslations(degreeClassTopic, language, description) VALUES (302, 'EN_UK', 'Foundations of Logic Programming: Concept of logic programming. Origins of Prolog.');
INSERT INTO DegreeClassTopicTranslations(degreeClassTopic, language, description) VALUES (303, 'EN_UK', 'Concepts of Logic Programming: Clauses. Predicates. Facts. Queries. Rules. Logical variables. Instantiation.');
INSERT INTO DegreeClassTopicTranslations(degreeClassTopic, language, description) VALUES (304, 'EN_UK', 'Concepts of Logic Programming: Logic programming and databases. Recursion. Lists. Trees. Symbolic expressions.');
INSERT INTO DegreeClassTopicTranslations(degreeClassTopic, language, description) VALUES (305, 'EN_UK', 'Concepts of Logic Programming: Execution of a logic program. Unification algorithm. Abstract interpreter. Traces. Search trees. Negation.');
INSERT INTO DegreeClassTopicTranslations(degreeClassTopic, language, description) VALUES (306, 'EN_UK', 'The Prolog Language: Execution model. Backtracking. Order of rules and goals. Termination.');
INSERT INTO DegreeClassTopicTranslations(degreeClassTopic, language, description) VALUES (307, 'EN_UK', 'The Prolog Language: Arithmetic. Iteration. Structure inspection. Meta-logical predicates. Control: cuts and negation. Extra-logical predicates.');
INSERT INTO DegreeClassTopicTranslations(degreeClassTopic, language, description) VALUES (308, 'EN_UK', 'Advanced Prolog Programming Techniques: Non-deterministic programming. Incomplete data structures. Meta-interpreters. Search techniques.');
INSERT INTO DegreeClassTopicTranslations(degreeClassTopic, language, description) VALUES (309, 'EN_UK', 'Constraint Logic Programming: Constraints. Constraint satisfaction. Constraints over finite domains.');
INSERT INTO DegreeClassTopicTranslations(degreeClassTopic, language, description) VALUES (310, 'EN_UK', 'Constraint Logic Programming: Constraint logic programming (CLP). Search control. Variable and value ordering. Modeling problems in CLP. Constraint programming in SICStus Prolog.');

INSERT INTO DegreeClasses(id, year, semester, ects , isOptional, degree) VALUES (23, 3, 1, 6, false, 1);
INSERT INTO DegreeClassTranslations(degreeClass, language, name, description) VALUES  (23, 'PT_PT', 'Laboratório de Aplicações com Interface Gráfica' , 'Esta unidade curricular tem por objectivo principal desenvolver um conjunto de competências práticas, algumas já tratadas em unidades curriculares anteriores num contexto mais teórico. Foca-se em trabalhos práticos de desenvolvimento, tendencialmente multidisciplinares, nomeadamente nas áreas de Computação Gráfica e Interfaces, de Programação em Lógica e de Sistemas Operativos.');
INSERT INTO DegreeClassTopics(id, degreeClass, ordering) VALUES (311, 23, 1);
INSERT INTO DegreeClassTopics(id, degreeClass, ordering) VALUES (312, 23, 2);
INSERT INTO DegreeClassTopics(id, degreeClass, ordering) VALUES (313, 23, 3);
INSERT INTO DegreeClassTopics(id, degreeClass, ordering) VALUES (314, 23, 4);
INSERT INTO DegreeClassTopicTranslations(degreeClassTopic, language, description) VALUES (311, 'PT_PT', 'Síntese de imagem: Modelo de iluminação de Phong, Rendering de superfícies poligonais, Mapeamento de texturas.');
INSERT INTO DegreeClassTopicTranslations(degreeClassTopic, language, description) VALUES (312, 'PT_PT', 'Interface Pessoa-Máquina: Funcionalidade e usabilidade Gestão de eventos e interacção com utilizador.');
INSERT INTO DegreeClassTopicTranslations(degreeClassTopic, language, description) VALUES (313, 'PT_PT', 'Construção de interfaces GUI');
INSERT INTO DegreeClassTopicTranslations(degreeClassTopic, language, description) VALUES (314, 'PT_PT', 'Sistemas Operativos: Comunicações, Sincronização.');
INSERT INTO DegreeClassTopicTranslations(degreeClassTopic, language, description) VALUES (311, 'EN_UK', 'Image Synthesis: Phong illumination model, Polygonal surface rendering, Texture mapping.');
INSERT INTO DegreeClassTopicTranslations(degreeClassTopic, language, description) VALUES (312, 'EN_UK', 'Human-Computer Interface: Functionality and usability, Event management and user interaction.');
INSERT INTO DegreeClassTopicTranslations(degreeClassTopic, language, description) VALUES (313, 'EN_UK', 'GUI Interface Construction');
INSERT INTO DegreeClassTopicTranslations(degreeClassTopic, language, description) VALUES (314, 'EN_UK', 'Operating Systems: Communications, Synchronization.');

INSERT INTO DegreeClasses(id, year, semester, ects , isOptional, degree) VALUES (24, 3, 1, 6, false, 1);
INSERT INTO DegreeClassTranslations(degreeClass, language, name, description) VALUES  (24, 'PT_PT', 'Engenharia de Software' , 'No final da unidade curricular, os estudantes deverão ser capazes de:\n- descrever os princípios, conceitos e práticas da engenharia de software e do ciclo de vida do software;\n- conhecer e saber aplicar as técnicas e ferramentas necessárias para executar e gerir as várias actividades do processo de desenvolvimento de software de qualidade;\n- explicar os métodos e processos de construção de diferentes tipos de sistemas de software.');
INSERT INTO DegreeClassTopics(id, degreeClass, ordering) VALUES (315, 24, 1);
INSERT INTO DegreeClassTopics(id, degreeClass, ordering) VALUES (316, 24, 2);
INSERT INTO DegreeClassTopics(id, degreeClass, ordering) VALUES (317, 24, 3);
INSERT INTO DegreeClassTopics(id, degreeClass, ordering) VALUES (318, 24, 4);
INSERT INTO DegreeClassTopics(id, degreeClass, ordering) VALUES (319, 24, 5);
INSERT INTO DegreeClassTopics(id, degreeClass, ordering) VALUES (320, 24, 6);
INSERT INTO DegreeClassTopics(id, degreeClass, ordering) VALUES (321, 24, 7);
INSERT INTO DegreeClassTopics(id, degreeClass, ordering) VALUES (322, 24, 8);
INSERT INTO DegreeClassTopics(id, degreeClass, ordering) VALUES (323, 24, 9);
INSERT INTO DegreeClassTopics(id, degreeClass, ordering) VALUES (324, 24, 10);
INSERT INTO DegreeClassTopics(id, degreeClass, ordering) VALUES (325, 24, 11);
INSERT INTO DegreeClassTopics(id, degreeClass, ordering) VALUES (326, 24, 12);
INSERT INTO DegreeClassTopics(id, degreeClass, ordering) VALUES (327, 24, 13);
INSERT INTO DegreeClassTopics(id, degreeClass, ordering) VALUES (328, 24, 14);
INSERT INTO DegreeClassTopics(id, degreeClass, ordering) VALUES (329, 24, 15);
INSERT INTO DegreeClassTopics(id, degreeClass, ordering) VALUES (330, 24, 16);
INSERT INTO DegreeClassTopics(id, degreeClass, ordering) VALUES (331, 24, 17);
INSERT INTO DegreeClassTopics(id, degreeClass, ordering) VALUES (332, 24, 18);
INSERT INTO DegreeClassTopics(id, degreeClass, ordering) VALUES (333, 24, 19);
INSERT INTO DegreeClassTopics(id, degreeClass, ordering) VALUES (334, 24, 20);
INSERT INTO DegreeClassTopics(id, degreeClass, ordering) VALUES (335, 24, 21);
INSERT INTO DegreeClassTopics(id, degreeClass, ordering) VALUES (336, 24, 22);
INSERT INTO DegreeClassTopics(id, degreeClass, ordering) VALUES (337, 24, 23);
INSERT INTO DegreeClassTopics(id, degreeClass, ordering) VALUES (338, 24, 24);
INSERT INTO DegreeClassTopics(id, degreeClass, ordering) VALUES (339, 24, 25);
INSERT INTO DegreeClassTopics(id, degreeClass, ordering) VALUES (340, 24, 26);
INSERT INTO DegreeClassTopics(id, degreeClass, ordering) VALUES (341, 24, 27);
INSERT INTO DegreeClassTopics(id, degreeClass, ordering) VALUES (342, 24, 28);
INSERT INTO DegreeClassTopics(id, degreeClass, ordering) VALUES (343, 24, 29);
INSERT INTO DegreeClassTopics(id, degreeClass, ordering) VALUES (344, 24, 30);
INSERT INTO DegreeClassTopics(id, degreeClass, ordering) VALUES (345, 24, 31);
INSERT INTO DegreeClassTopics(id, degreeClass, ordering) VALUES (346, 24, 32);
INSERT INTO DegreeClassTopics(id, degreeClass, ordering) VALUES (347, 24, 33);
INSERT INTO DegreeClassTopics(id, degreeClass, ordering) VALUES (348, 24, 34);
INSERT INTO DegreeClassTopics(id, degreeClass, ordering) VALUES (349, 24, 35);
INSERT INTO DegreeClassTopics(id, degreeClass, ordering) VALUES (350, 24, 36);
INSERT INTO DegreeClassTopics(id, degreeClass, ordering) VALUES (351, 24, 37);
INSERT INTO DegreeClassTopics(id, degreeClass, ordering) VALUES (352, 24, 38);
INSERT INTO DegreeClassTopics(id, degreeClass, ordering) VALUES (353, 24, 39);
INSERT INTO DegreeClassTopics(id, degreeClass, ordering) VALUES (354, 24, 40);
INSERT INTO DegreeClassTopics(id, degreeClass, ordering) VALUES (355, 24, 41);
INSERT INTO DegreeClassTopicTranslations(degreeClassTopic, language, description) VALUES (315, 'PT_PT', 'Problemática do desenvolvimento de software');
INSERT INTO DegreeClassTopicTranslations(degreeClassTopic, language, description) VALUES (316, 'PT_PT', 'Objectivos e âmbito da engenharia de software');
INSERT INTO DegreeClassTopicTranslations(degreeClassTopic, language, description) VALUES (317, 'PT_PT', 'Processo de Software: noção de processo de software');
INSERT INTO DegreeClassTopicTranslations(degreeClassTopic, language, description) VALUES (318, 'PT_PT', 'Processo de Software: modelos de processos');
INSERT INTO DegreeClassTopicTranslations(degreeClassTopic, language, description) VALUES (319, 'PT_PT', 'Processo de Software: métodos ágeis');
INSERT INTO DegreeClassTopicTranslations(degreeClassTopic, language, description) VALUES (320, 'PT_PT', 'Processo de Software: actividades do processo');
INSERT INTO DegreeClassTopicTranslations(degreeClassTopic, language, description) VALUES (321, 'PT_PT', 'Processo de Software: métricas de desempenho');
INSERT INTO DegreeClassTopicTranslations(degreeClassTopic, language, description) VALUES (322, 'PT_PT', 'Processo de Software: exemplo do Rational Unified Process');
INSERT INTO DegreeClassTopicTranslations(degreeClassTopic, language, description) VALUES (323, 'PT_PT', 'Gestão de Projectos de Software: estimação, planeamento, monitorização e controlo de projecto');
INSERT INTO DegreeClassTopicTranslations(degreeClassTopic, language, description) VALUES (324, 'PT_PT', 'Gestão de Projectos de Software: gestão ágil e gestão clássica de projectos');
INSERT INTO DegreeClassTopicTranslations(degreeClassTopic, language, description) VALUES (325, 'PT_PT', 'Gestão de Projectos de Software: organização e gestão de equipas');
INSERT INTO DegreeClassTopicTranslations(degreeClassTopic, language, description) VALUES (326, 'PT_PT', 'Gestão de Projectos de Software: gestão de riscos');
INSERT INTO DegreeClassTopicTranslations(degreeClassTopic, language, description) VALUES (327, 'PT_PT', 'Engenharia de Requisitos: requisitos de software');
INSERT INTO DegreeClassTopicTranslations(degreeClassTopic, language, description) VALUES (328, 'PT_PT', 'Engenharia de Requisitos: documentos de requisitos');
INSERT INTO DegreeClassTopicTranslations(degreeClassTopic, language, description) VALUES (329, 'PT_PT', 'Engenharia de Requisitos: processo de engenharia de requisitos');
INSERT INTO DegreeClassTopicTranslations(degreeClassTopic, language, description) VALUES (330, 'PT_PT', 'Engenharia de Requisitos: modelação de requisitos com UML (diagramas de casos de utilização e diagramas de actividades)');
INSERT INTO DegreeClassTopicTranslations(degreeClassTopic, language, description) VALUES (331, 'PT_PT', 'Engenharia de Requisitos: prototipagem de interfaces');
INSERT INTO DegreeClassTopicTranslations(degreeClassTopic, language, description) VALUES (332, 'PT_PT', 'Desenho de Software: desenho de arquitectura');
INSERT INTO DegreeClassTopicTranslations(degreeClassTopic, language, description) VALUES (333, 'PT_PT', 'Desenho de Software: modelação de arquitectura com UML (diagramas de "deployment", componentes e "packages")');
INSERT INTO DegreeClassTopicTranslations(degreeClassTopic, language, description) VALUES (334, 'PT_PT', 'Desenho de Software: reutilização (componentes, frameworks e linhas de produtos)');
INSERT INTO DegreeClassTopicTranslations(degreeClassTopic, language, description) VALUES (335, 'PT_PT', 'Desenho de Software: desenho detalhado');
INSERT INTO DegreeClassTopicTranslations(degreeClassTopic, language, description) VALUES (336, 'PT_PT', 'Construção de Software: ambientes integrados de desenvolvimento (IDEs)');
INSERT INTO DegreeClassTopicTranslations(degreeClassTopic, language, description) VALUES (337, 'PT_PT', 'Construção de Software: ambientes de desenvolvimento rápido');
INSERT INTO DegreeClassTopicTranslations(degreeClassTopic, language, description) VALUES (338, 'PT_PT', 'Construção de Software: ambientes de desenvolvimento baseados em modelos');
INSERT INTO DegreeClassTopicTranslations(degreeClassTopic, language, description) VALUES (339, 'PT_PT', 'Construção de Software: integração contínua');
INSERT INTO DegreeClassTopicTranslations(degreeClassTopic, language, description) VALUES (340, 'PT_PT', 'Construção de Software: gestão de versões');
INSERT INTO DegreeClassTopicTranslations(degreeClassTopic, language, description) VALUES (341, 'PT_PT', 'Construção de Software: desenvolvimento ágil com XP');
INSERT INTO DegreeClassTopicTranslations(degreeClassTopic, language, description) VALUES (342, 'PT_PT', 'Verificação e Validação de Software: conceitos básicos');
INSERT INTO DegreeClassTopicTranslations(degreeClassTopic, language, description) VALUES (343, 'PT_PT', 'Verificação e Validação de Software: testes unitários, de integração, de sistema e de aceitação');
INSERT INTO DegreeClassTopicTranslations(degreeClassTopic, language, description) VALUES (344, 'PT_PT', 'Verificação e Validação de Software: revisões e inspecções de software');
INSERT INTO DegreeClassTopicTranslations(degreeClassTopic, language, description) VALUES (345, 'PT_PT', 'Verificação e Validação de Software: registo de defeitos');
INSERT INTO DegreeClassTopicTranslations(degreeClassTopic, language, description) VALUES (346, 'PT_PT', 'Verificação e Validação de Software: análise estática de código');
INSERT INTO DegreeClassTopicTranslations(degreeClassTopic, language, description) VALUES (347, 'PT_PT', 'Evolução de Software: processos de evolução');
INSERT INTO DegreeClassTopicTranslations(degreeClassTopic, language, description) VALUES (348, 'PT_PT', 'Evolução de Software: dinâmica da evolução de programas');
INSERT INTO DegreeClassTopicTranslations(degreeClassTopic, language, description) VALUES (349, 'PT_PT', 'Evolução de Software: manutenção de software');
INSERT INTO DegreeClassTopicTranslations(degreeClassTopic, language, description) VALUES (350, 'PT_PT', 'Evolução de Software: sistemas legados');
INSERT INTO DegreeClassTopicTranslations(degreeClassTopic, language, description) VALUES (351, 'PT_PT', 'Evolução de Software: engenharia reversa e re-engenharia do software');
INSERT INTO DegreeClassTopicTranslations(degreeClassTopic, language, description) VALUES (352, 'PT_PT', 'Melhoria de Processos: ciclo de vidas dos processos');
INSERT INTO DegreeClassTopicTranslations(degreeClassTopic, language, description) VALUES (353, 'PT_PT', 'Melhoria de Processos: métricas');
INSERT INTO DegreeClassTopicTranslations(degreeClassTopic, language, description) VALUES (354, 'PT_PT', 'Melhoria de Processos: melhoria de processos com PSP/TSP');
INSERT INTO DegreeClassTopicTranslations(degreeClassTopic, language, description) VALUES (355, 'PT_PT', 'Melhoria de Processos: o modelo de maturidade CMMI');
INSERT INTO DegreeClassTopicTranslations(degreeClassTopic, language, description) VALUES (315, 'EN_UK', 'Software development problems');
INSERT INTO DegreeClassTopicTranslations(degreeClassTopic, language, description) VALUES (316, 'EN_UK', 'Software engineering goals and scope');
INSERT INTO DegreeClassTopicTranslations(degreeClassTopic, language, description) VALUES (317, 'EN_UK', 'Software Process: concept of software process');
INSERT INTO DegreeClassTopicTranslations(degreeClassTopic, language, description) VALUES (318, 'EN_UK', 'Software Process: process models');
INSERT INTO DegreeClassTopicTranslations(degreeClassTopic, language, description) VALUES (319, 'EN_UK', 'Software Process: agile methods');
INSERT INTO DegreeClassTopicTranslations(degreeClassTopic, language, description) VALUES (320, 'EN_UK', 'Software Process: process activities');
INSERT INTO DegreeClassTopicTranslations(degreeClassTopic, language, description) VALUES (321, 'EN_UK', 'Software Process: performance metrics');
INSERT INTO DegreeClassTopicTranslations(degreeClassTopic, language, description) VALUES (322, 'EN_UK', 'Software Process: example of the Rational Unified Process');
INSERT INTO DegreeClassTopicTranslations(degreeClassTopic, language, description) VALUES (323, 'EN_UK', 'Software Project Management: estimation, planning, monitoring and project control');
INSERT INTO DegreeClassTopicTranslations(degreeClassTopic, language, description) VALUES (324, 'EN_UK', 'Software Project Management: agile management and classical project management');
INSERT INTO DegreeClassTopicTranslations(degreeClassTopic, language, description) VALUES (325, 'EN_UK', 'Software Project Management: team organization and management');
INSERT INTO DegreeClassTopicTranslations(degreeClassTopic, language, description) VALUES (326, 'EN_UK', 'Software Project Management: risk management');
INSERT INTO DegreeClassTopicTranslations(degreeClassTopic, language, description) VALUES (327, 'EN_UK', 'Requirements Engineering: software requirements');
INSERT INTO DegreeClassTopicTranslations(degreeClassTopic, language, description) VALUES (328, 'EN_UK', 'Requirements Engineering: requirements documents');
INSERT INTO DegreeClassTopicTranslations(degreeClassTopic, language, description) VALUES (329, 'EN_UK', 'Requirements Engineering: requirements engineering process');
INSERT INTO DegreeClassTopicTranslations(degreeClassTopic, language, description) VALUES (330, 'EN_UK', 'Requirements Engineering: requirements modeling with UML (use case diagrams and activity diagrams)');
INSERT INTO DegreeClassTopicTranslations(degreeClassTopic, language, description) VALUES (331, 'EN_UK', 'Requirements Engineering: interface prototyping');
INSERT INTO DegreeClassTopicTranslations(degreeClassTopic, language, description) VALUES (332, 'EN_UK', 'Software Design: architecture design');
INSERT INTO DegreeClassTopicTranslations(degreeClassTopic, language, description) VALUES (333, 'EN_UK', 'Software Design: architecture modeling with UML (deployment diagrams, components and packages)');
INSERT INTO DegreeClassTopicTranslations(degreeClassTopic, language, description) VALUES (334, 'EN_UK', 'Software Design: reuse (components, frameworks and product lines)');
INSERT INTO DegreeClassTopicTranslations(degreeClassTopic, language, description) VALUES (335, 'EN_UK', 'Software Design: detailed design');
INSERT INTO DegreeClassTopicTranslations(degreeClassTopic, language, description) VALUES (336, 'EN_UK', 'Software Construction: integrated development environments (IDEs)');
INSERT INTO DegreeClassTopicTranslations(degreeClassTopic, language, description) VALUES (337, 'EN_UK', 'Software Construction: rapid development environments');
INSERT INTO DegreeClassTopicTranslations(degreeClassTopic, language, description) VALUES (338, 'EN_UK', 'Software Construction: model-driven development environments');
INSERT INTO DegreeClassTopicTranslations(degreeClassTopic, language, description) VALUES (339, 'EN_UK', 'Software Construction: continuous integration');
INSERT INTO DegreeClassTopicTranslations(degreeClassTopic, language, description) VALUES (340, 'EN_UK', 'Software Construction: version management');
INSERT INTO DegreeClassTopicTranslations(degreeClassTopic, language, description) VALUES (341, 'EN_UK', 'Software Construction: agile development with XP');
INSERT INTO DegreeClassTopicTranslations(degreeClassTopic, language, description) VALUES (342, 'EN_UK', 'Software Verification and Validation: basic concepts');
INSERT INTO DegreeClassTopicTranslations(degreeClassTopic, language, description) VALUES (343, 'EN_UK', 'Software Verification and Validation: unit, integration, system and acceptance testing');
INSERT INTO DegreeClassTopicTranslations(degreeClassTopic, language, description) VALUES (344, 'EN_UK', 'Software Verification and Validation: software reviews and inspections');
INSERT INTO DegreeClassTopicTranslations(degreeClassTopic, language, description) VALUES (345, 'EN_UK', 'Software Verification and Validation: defect tracking');
INSERT INTO DegreeClassTopicTranslations(degreeClassTopic, language, description) VALUES (346, 'EN_UK', 'Software Verification and Validation: static code analysis');
INSERT INTO DegreeClassTopicTranslations(degreeClassTopic, language, description) VALUES (347, 'EN_UK', 'Software Evolution: evolution processes');
INSERT INTO DegreeClassTopicTranslations(degreeClassTopic, language, description) VALUES (348, 'EN_UK', 'Software Evolution: program evolution dynamics');
INSERT INTO DegreeClassTopicTranslations(degreeClassTopic, language, description) VALUES (349, 'EN_UK', 'Software Evolution: software maintenance');
INSERT INTO DegreeClassTopicTranslations(degreeClassTopic, language, description) VALUES (350, 'EN_UK', 'Software Evolution: legacy systems');
INSERT INTO DegreeClassTopicTranslations(degreeClassTopic, language, description) VALUES (351, 'EN_UK', 'Software Evolution: reverse engineering and software reengineering');
INSERT INTO DegreeClassTopicTranslations(degreeClassTopic, language, description) VALUES (352, 'EN_UK', 'Process Improvement: process life cycles');
INSERT INTO DegreeClassTopicTranslations(degreeClassTopic, language, description) VALUES (353, 'EN_UK', 'Process Improvement: metrics');
INSERT INTO DegreeClassTopicTranslations(degreeClassTopic, language, description) VALUES (354, 'EN_UK', 'Process Improvement: process improvement with PSP/TSP');
INSERT INTO DegreeClassTopicTranslations(degreeClassTopic, language, description) VALUES (355, 'EN_UK', 'Process Improvement: the CMMI maturity model');

INSERT INTO DegreeClasses(id, year, semester, ects , isOptional, degree) VALUES (25, 3, 1, 6, false, 1);
INSERT INTO DegreeClassTranslations(degreeClass, language, name, description) VALUES  (25, 'PT_PT', 'Redes de Computadores' , 'Redes de Computadores (RCOM) é a unidade curricular que introduz os estudantes no domínio de conhecimento das redes de comunicações. Os conceitos fundamentais endereçados em RCOM incluem os seguintes: canais de comunicação e controlo da ligação de dados, modelos de erro e atraso, comunicações multi-acesso, encaminhamento, controlo de fluxo e controlo de congestionamento. As principais tecnologias discutidas em RCOM são a Ethernet comutada, a Wireless LAN 802.11, a Internet e a pilha de comunicações TCP/IP. As implementações e projectos a desenvolver em RCOM incluem um protocolo de ligação de dados com controlo de fluxo, uma aplicação a funcionar em modo cliente, e a configuração e teste de redes Ethernet e IP.');
INSERT INTO DegreeClassTopics(id, degreeClass, ordering) VALUES (356, 25, 1);
INSERT INTO DegreeClassTopics(id, degreeClass, ordering) VALUES (357, 25, 2);
INSERT INTO DegreeClassTopics(id, degreeClass, ordering) VALUES (358, 25, 3);
INSERT INTO DegreeClassTopics(id, degreeClass, ordering) VALUES (359, 25, 4);
INSERT INTO DegreeClassTopics(id, degreeClass, ordering) VALUES (360, 25, 5);
INSERT INTO DegreeClassTopics(id, degreeClass, ordering) VALUES (361, 25, 6);
INSERT INTO DegreeClassTopics(id, degreeClass, ordering) VALUES (362, 25, 7);
INSERT INTO DegreeClassTopics(id, degreeClass, ordering) VALUES (363, 25, 8);
INSERT INTO DegreeClassTopics(id, degreeClass, ordering) VALUES (364, 25, 9);
INSERT INTO DegreeClassTopics(id, degreeClass, ordering) VALUES (365, 25, 10);
INSERT INTO DegreeClassTopicTranslations(degreeClassTopic, language, description) VALUES (356, 'PT_PT', 'Introdução às redes de computadores');
INSERT INTO DegreeClassTopicTranslations(degreeClassTopic, language, description) VALUES (357, 'PT_PT', 'Técnicas de transmissão de dados');
INSERT INTO DegreeClassTopicTranslations(degreeClassTopic, language, description) VALUES (358, 'PT_PT', 'Controlo da ligação de dados');
INSERT INTO DegreeClassTopicTranslations(degreeClassTopic, language, description) VALUES (359, 'PT_PT', 'Modelos para análise de desempenho');
INSERT INTO DegreeClassTopicTranslations(degreeClassTopic, language, description) VALUES (360, 'PT_PT', 'Controlo do acesso ao meio');
INSERT INTO DegreeClassTopicTranslations(degreeClassTopic, language, description) VALUES (361, 'PT_PT', 'LANs (Redes Locais)');
INSERT INTO DegreeClassTopicTranslations(degreeClassTopic, language, description) VALUES (362, 'PT_PT', 'A Internet');
INSERT INTO DegreeClassTopicTranslations(degreeClassTopic, language, description) VALUES (363, 'PT_PT', 'Encaminhamento (Roteamento)');
INSERT INTO DegreeClassTopicTranslations(degreeClassTopic, language, description) VALUES (364, 'PT_PT', 'Controlo de congestionamento');
INSERT INTO DegreeClassTopicTranslations(degreeClassTopic, language, description) VALUES (365, 'PT_PT', 'Aplicações');
INSERT INTO DegreeClassTopicTranslations(degreeClassTopic, language, description) VALUES (356, 'EN_UK', 'Introduction to Computer Networks');
INSERT INTO DegreeClassTopicTranslations(degreeClassTopic, language, description) VALUES (357, 'EN_UK', 'Data Transmission Techniques');
INSERT INTO DegreeClassTopicTranslations(degreeClassTopic, language, description) VALUES (358, 'EN_UK', 'Data Link Control');
INSERT INTO DegreeClassTopicTranslations(degreeClassTopic, language, description) VALUES (359, 'EN_UK', 'Performance Analysis Models');
INSERT INTO DegreeClassTopicTranslations(degreeClassTopic, language, description) VALUES (360, 'EN_UK', 'Media Access Control');
INSERT INTO DegreeClassTopicTranslations(degreeClassTopic, language, description) VALUES (361, 'EN_UK', 'LANs (Local Area Networks)');
INSERT INTO DegreeClassTopicTranslations(degreeClassTopic, language, description) VALUES (362, 'EN_UK', 'The Internet');
INSERT INTO DegreeClassTopicTranslations(degreeClassTopic, language, description) VALUES (363, 'EN_UK', 'Routing');
INSERT INTO DegreeClassTopicTranslations(degreeClassTopic, language, description) VALUES (364, 'EN_UK', 'Congestion Control');
INSERT INTO DegreeClassTopicTranslations(degreeClassTopic, language, description) VALUES (365, 'EN_UK', 'Applications');

INSERT INTO DegreeClasses(id, year, semester, ects , isOptional, degree) VALUES (26, 3, 2, 7.5, false, 1);
INSERT INTO DegreeClassTranslations(degreeClass, language, name, description) VALUES  (26, 'PT_PT', 'Linguagens e Tecnologias Web' , 'Pretende-se, nesta disciplina, que os alunos desenvolvam competências nas linguagens e tecnologias WEB mais significativas, no contexto tecnológico actual, ou que foram determinantes no processo evolutivo da WEB.');
INSERT INTO DegreeClassTopics(id, degreeClass, ordering) VALUES (366, 26, 1);
INSERT INTO DegreeClassTopics(id, degreeClass, ordering) VALUES (367, 26, 2);
INSERT INTO DegreeClassTopics(id, degreeClass, ordering) VALUES (368, 26, 3);
INSERT INTO DegreeClassTopics(id, degreeClass, ordering) VALUES (369, 26, 4);
INSERT INTO DegreeClassTopics(id, degreeClass, ordering) VALUES (370, 26, 5);
INSERT INTO DegreeClassTopics(id, degreeClass, ordering) VALUES (371, 26, 6);
INSERT INTO DegreeClassTopics(id, degreeClass, ordering) VALUES (372, 26, 7);
INSERT INTO DegreeClassTopics(id, degreeClass, ordering) VALUES (373, 26, 8);
INSERT INTO DegreeClassTopics(id, degreeClass, ordering) VALUES (374, 26, 9);
INSERT INTO DegreeClassTopicTranslations(degreeClassTopic, language, description) VALUES (366, 'PT_PT', 'Protocolo HTTP');
INSERT INTO DegreeClassTopicTranslations(degreeClassTopic, language, description) VALUES (367, 'PT_PT', 'Anotação de Documentos (HTML)');
INSERT INTO DegreeClassTopicTranslations(degreeClassTopic, language, description) VALUES (368, 'PT_PT', 'Folhas de Estilos (CSS)');
INSERT INTO DegreeClassTopicTranslations(degreeClassTopic, language, description) VALUES (369, 'PT_PT', 'Aplicações WEB (em Javascript)');
INSERT INTO DegreeClassTopicTranslations(degreeClassTopic, language, description) VALUES (370, 'PT_PT', 'Documentos semi-estruturados (XML)');
INSERT INTO DegreeClassTopicTranslations(degreeClassTopic, language, description) VALUES (371, 'PT_PT', 'O Modelo de Objectos de um Documento (DOM)');
INSERT INTO DegreeClassTopicTranslations(degreeClassTopic, language, description) VALUES (372, 'PT_PT', 'Linguagens de programação para processamento de dados do lado do servidor (PHP, Python, etc.)');
INSERT INTO DegreeClassTopicTranslations(degreeClassTopic, language, description) VALUES (373, 'PT_PT', 'Interfaces de comunicação entre o servidor e o cliente (APIs)');
INSERT INTO DegreeClassTopicTranslations(degreeClassTopic, language, description) VALUES (374, 'PT_PT', 'Definição de tipos e estruturas de dados (JSON)');
INSERT INTO DegreeClassTopicTranslations(degreeClassTopic, language, description) VALUES (366, 'EN_UK', 'HTTP Protocol');
INSERT INTO DegreeClassTopicTranslations(degreeClassTopic, language, description) VALUES (367, 'EN_UK', 'Document Annotation (HTML)');
INSERT INTO DegreeClassTopicTranslations(degreeClassTopic, language, description) VALUES (368, 'EN_UK', 'Style Sheets (CSS)');
INSERT INTO DegreeClassTopicTranslations(degreeClassTopic, language, description) VALUES (369, 'EN_UK', 'Web Applications (JavaScript)');
INSERT INTO DegreeClassTopicTranslations(degreeClassTopic, language, description) VALUES (370, 'EN_UK', 'Semi-structured Documents (XML)');
INSERT INTO DegreeClassTopicTranslations(degreeClassTopic, language, description) VALUES (371, 'EN_UK', 'The Document Object Model (DOM)');
INSERT INTO DegreeClassTopicTranslations(degreeClassTopic, language, description) VALUES (372, 'EN_UK', 'Server-side Data Processing Programming Languages (PHP, Python, etc.)');
INSERT INTO DegreeClassTopicTranslations(degreeClassTopic, language, description) VALUES (373, 'EN_UK', 'Server-Client Communication Interfaces (APIs)');
INSERT INTO DegreeClassTopicTranslations(degreeClassTopic, language, description) VALUES (374, 'EN_UK', 'Data Type and Structure Definition (JSON)');

INSERT INTO DegreeClasses(id, year, semester, ects , isOptional, degree) VALUES (27, 3, 2, 6, false, 1);
INSERT INTO DegreeClassTranslations(degreeClass, language, name, description) VALUES  (27, 'PT_PT', 'Laboratório de Bases de Dados e Aplicações Web' , 'A unidade curricular de LBAW tem como objectivo sedimentar as matérias expostas nas unidades curriculares de bases de dados e linguagens e tecnologias web. Esta unidade curricular oferece uma perspectiva prática sobre duas áreas centrais da engenharia informática.\nNesta unidade curricular pretende-se dotar os estudantes da capacidade de projectar e desenvolver sistemas de informação acessíveis através da web e suportados por sistemas de gestão de bases de dados.');
INSERT INTO DegreeClassTopics(id, degreeClass, ordering) VALUES (375, 27, 1);
INSERT INTO DegreeClassTopics(id, degreeClass, ordering) VALUES (376, 27, 2);
INSERT INTO DegreeClassTopics(id, degreeClass, ordering) VALUES (377, 27, 3);
INSERT INTO DegreeClassTopics(id, degreeClass, ordering) VALUES (378, 27, 4);
INSERT INTO DegreeClassTopics(id, degreeClass, ordering) VALUES (379, 27, 5);
INSERT INTO DegreeClassTopics(id, degreeClass, ordering) VALUES (380, 27, 6);
INSERT INTO DegreeClassTopicTranslations(degreeClassTopic, language, description) VALUES (375, 'PT_PT', 'Desenvolvimento de uma aplicação Web suportada por uma Base de Dados: levantamento de requisitos, concepção, modelação, implementação e documentação');
INSERT INTO DegreeClassTopicTranslations(degreeClassTopic, language, description) VALUES (376, 'PT_PT', 'Noções gerais de arquitectura de aplicações Web. Utilização de linguagens de scripting de cliente (JavaScript) e de servidor (PHP)');
INSERT INTO DegreeClassTopicTranslations(degreeClassTopic, language, description) VALUES (377, 'PT_PT', 'Apresentação do Document Object Model (DOM); utilização de frameworks AJAX e APIs de acesso a dados');
INSERT INTO DegreeClassTopicTranslations(degreeClassTopic, language, description) VALUES (378, 'PT_PT', 'Projecto de bases de dados relacionais com recurso a linguagens de modelação de dados (UML), à linguagem SQL e a extensões procedimentais à linguagem SQL');
INSERT INTO DegreeClassTopicTranslations(degreeClassTopic, language, description) VALUES (379, 'PT_PT', 'Identificação e manutenção de regras de negócio: na interface (JavaScript); na lógica de negócio e na base de dados (triggers); transacções');
INSERT INTO DegreeClassTopicTranslations(degreeClassTopic, language, description) VALUES (380, 'PT_PT', 'Noções gerais de usabilidade e acessibilidade Web');
INSERT INTO DegreeClassTopicTranslations(degreeClassTopic, language, description) VALUES (375, 'EN_UK', 'Developing a Web Application Supported by a Database: requirements gathering, design, modeling, implementation and documentation');
INSERT INTO DegreeClassTopicTranslations(degreeClassTopic, language, description) VALUES (376, 'EN_UK', 'General notions of Web application architecture. Use of client (JavaScript) and server (PHP) scripting languages');
INSERT INTO DegreeClassTopicTranslations(degreeClassTopic, language, description) VALUES (377, 'EN_UK', 'Presentation of the Document Object Model (DOM); use of AJAX frameworks and data access APIs');
INSERT INTO DegreeClassTopicTranslations(degreeClassTopic, language, description) VALUES (378, 'EN_UK', 'Relational database design using data modeling languages (UML), SQL language and procedural extensions to SQL language');
INSERT INTO DegreeClassTopicTranslations(degreeClassTopic, language, description) VALUES (379, 'EN_UK', 'Identification and maintenance of business rules: in the interface (JavaScript); in the business logic and in the database (triggers); transactions');
INSERT INTO DegreeClassTopicTranslations(degreeClassTopic, language, description) VALUES (380, 'EN_UK', 'General notions of usability and Web accessibility');

INSERT INTO DegreeClasses(id, year, semester, ects , isOptional, degree) VALUES (28, 3, 2, 6, false, 1);
INSERT INTO DegreeClassTranslations(degreeClass, language, name, description) VALUES  (28, 'PT_PT', 'Inteligência Artificial' , 'Esta unidade curricular apresenta um conjunto de assuntos nucleares para a área dos Sistemas Inteligentes.\nOs seu objectivos são:\n- Saber o que caracteriza e distingue a IA e qual a sua aplicabilidade.\n- Saber como Representar, Adquirir, Manipular e Aplicar Conhecimento usando Sistemas Computacionais.\n- Desenvolver um pequeno projecto usando técnicas de IA.');
INSERT INTO DegreeClassTopics(id, degreeClass, ordering) VALUES (381, 28, 1);
INSERT INTO DegreeClassTopics(id, degreeClass, ordering) VALUES (382, 28, 2);
INSERT INTO DegreeClassTopics(id, degreeClass, ordering) VALUES (383, 28, 3);
INSERT INTO DegreeClassTopics(id, degreeClass, ordering) VALUES (384, 28, 4);
INSERT INTO DegreeClassTopics(id, degreeClass, ordering) VALUES (385, 28, 5);
INSERT INTO DegreeClassTopics(id, degreeClass, ordering) VALUES (386, 28, 6);
INSERT INTO DegreeClassTopics(id, degreeClass, ordering) VALUES (387, 28, 7);
INSERT INTO DegreeClassTopics(id, degreeClass, ordering) VALUES (388, 28, 8);
INSERT INTO DegreeClassTopics(id, degreeClass, ordering) VALUES (389, 28, 9);
INSERT INTO DegreeClassTopics(id, degreeClass, ordering) VALUES (390, 28, 10);
INSERT INTO DegreeClassTopics(id, degreeClass, ordering) VALUES (391, 28, 11);
INSERT INTO DegreeClassTopics(id, degreeClass, ordering) VALUES (392, 28, 12);
INSERT INTO DegreeClassTopics(id, degreeClass, ordering) VALUES (393, 28, 13);
INSERT INTO DegreeClassTopics(id, degreeClass, ordering) VALUES (394, 28, 14);
INSERT INTO DegreeClassTopics(id, degreeClass, ordering) VALUES (395, 28, 15);
INSERT INTO DegreeClassTopics(id, degreeClass, ordering) VALUES (396, 28, 16);
INSERT INTO DegreeClassTopics(id, degreeClass, ordering) VALUES (397, 28, 17);
INSERT INTO DegreeClassTopics(id, degreeClass, ordering) VALUES (398, 28, 18);
INSERT INTO DegreeClassTopics(id, degreeClass, ordering) VALUES (399, 28, 19);
INSERT INTO DegreeClassTopics(id, degreeClass, ordering) VALUES (400, 28, 20);
INSERT INTO DegreeClassTopics(id, degreeClass, ordering) VALUES (401, 28, 21);
INSERT INTO DegreeClassTopics(id, degreeClass, ordering) VALUES (402, 28, 22);
INSERT INTO DegreeClassTopics(id, degreeClass, ordering) VALUES (403, 28, 23);
INSERT INTO DegreeClassTopics(id, degreeClass, ordering) VALUES (404, 28, 24);
INSERT INTO DegreeClassTopics(id, degreeClass, ordering) VALUES (405, 28, 25);
INSERT INTO DegreeClassTopics(id, degreeClass, ordering) VALUES (406, 28, 26);
INSERT INTO DegreeClassTopics(id, degreeClass, ordering) VALUES (407, 28, 27);
INSERT INTO DegreeClassTopics(id, degreeClass, ordering) VALUES (408, 28, 28);
INSERT INTO DegreeClassTopics(id, degreeClass, ordering) VALUES (409, 28, 29);
INSERT INTO DegreeClassTopics(id, degreeClass, ordering) VALUES (410, 28, 30);
INSERT INTO DegreeClassTopics(id, degreeClass, ordering) VALUES (411, 28, 31);
INSERT INTO DegreeClassTopics(id, degreeClass, ordering) VALUES (412, 28, 32);
INSERT INTO DegreeClassTopics(id, degreeClass, ordering) VALUES (413, 28, 33);
INSERT INTO DegreeClassTopics(id, degreeClass, ordering) VALUES (414, 28, 34);
INSERT INTO DegreeClassTopics(id, degreeClass, ordering) VALUES (415, 28, 35);
INSERT INTO DegreeClassTopics(id, degreeClass, ordering) VALUES (416, 28, 36);
INSERT INTO DegreeClassTopics(id, degreeClass, ordering) VALUES (417, 28, 37);
INSERT INTO DegreeClassTopics(id, degreeClass, ordering) VALUES (418, 28, 38);
INSERT INTO DegreeClassTopics(id, degreeClass, ordering) VALUES (419, 28, 39);
INSERT INTO DegreeClassTopics(id, degreeClass, ordering) VALUES (420, 28, 40);
INSERT INTO DegreeClassTopics(id, degreeClass, ordering) VALUES (421, 28, 41);
INSERT INTO DegreeClassTopics(id, degreeClass, ordering) VALUES (422, 28, 42);
INSERT INTO DegreeClassTopics(id, degreeClass, ordering) VALUES (423, 28, 43);
INSERT INTO DegreeClassTopicTranslations(degreeClassTopic, language, description) VALUES (381, 'PT_PT', 'Noções Básicas: Definições: o que é a Inteligência Artificial?');
INSERT INTO DegreeClassTopicTranslations(degreeClassTopic, language, description) VALUES (382, 'PT_PT', 'Noções Básicas: Aplicações: em que domínios?');
INSERT INTO DegreeClassTopicTranslations(degreeClassTopic, language, description) VALUES (383, 'PT_PT', 'Noções Básicas: Definições básicas de Agente');
INSERT INTO DegreeClassTopicTranslations(degreeClassTopic, language, description) VALUES (384, 'PT_PT', 'Noções Básicas: Arquitecturas de Agentes: Dos Reactivos aos Cognitivos');
INSERT INTO DegreeClassTopicTranslations(degreeClassTopic, language, description) VALUES (385, 'PT_PT', 'Métodos de Resolução de Problemas: Sistemas de "Produções"');
INSERT INTO DegreeClassTopicTranslations(degreeClassTopic, language, description) VALUES (386, 'PT_PT', 'Métodos de Resolução de Problemas: Estratégias de Controlo da Pesquisa Sistemática');
INSERT INTO DegreeClassTopicTranslations(degreeClassTopic, language, description) VALUES (387, 'PT_PT', 'Métodos de Resolução de Problemas: Encadeamento directo e inverso');
INSERT INTO DegreeClassTopicTranslations(degreeClassTopic, language, description) VALUES (388, 'PT_PT', 'Métodos de Resolução de Problemas: Primeiro em Profundidade e Primeiro em Largura');
INSERT INTO DegreeClassTopicTranslations(degreeClassTopic, language, description) VALUES (389, 'PT_PT', 'Métodos de Resolução de Problemas: Pesquisa irrevogável: (aprofundamento iterativo, "hill climbing")');
INSERT INTO DegreeClassTopicTranslations(degreeClassTopic, language, description) VALUES (390, 'PT_PT', 'Métodos de Resolução de Problemas: Algoritmo "Arrefecimento Simulado"');
INSERT INTO DegreeClassTopicTranslations(degreeClassTopic, language, description) VALUES (391, 'PT_PT', 'Métodos de Resolução de Problemas: Pesquisa por tentativas: "backtracking"');
INSERT INTO DegreeClassTopicTranslations(degreeClassTopic, language, description) VALUES (392, 'PT_PT', 'Métodos de Resolução de Problemas: Pesquisa em grafo');
INSERT INTO DegreeClassTopicTranslations(degreeClassTopic, language, description) VALUES (393, 'PT_PT', 'Métodos de Resolução de Problemas: Algoritmo "Branch and Bound" (ramifica e limita)');
INSERT INTO DegreeClassTopicTranslations(degreeClassTopic, language, description) VALUES (394, 'PT_PT', 'Métodos de Resolução de Problemas: Pesquisa Heurística: "O melhor primeiro"');
INSERT INTO DegreeClassTopicTranslations(degreeClassTopic, language, description) VALUES (395, 'PT_PT', 'Métodos de Resolução de Problemas: Algoritmo A* e decréscimo progressivo da admissibilidade');
INSERT INTO DegreeClassTopicTranslations(degreeClassTopic, language, description) VALUES (396, 'PT_PT', 'Métodos de Resolução de Problemas: Análise Meios-Fins');
INSERT INTO DegreeClassTopicTranslations(degreeClassTopic, language, description) VALUES (397, 'PT_PT', 'Métodos de Resolução de Problemas: Computação Evolucionária (Algoritmos Genéticos) (ML)');
INSERT INTO DegreeClassTopicTranslations(degreeClassTopic, language, description) VALUES (398, 'PT_PT', 'Métodos de Resolução de Problemas: Métodos de Satisfação de Restrições: Princípios da "Relaxação"');
INSERT INTO DegreeClassTopicTranslations(degreeClassTopic, language, description) VALUES (399, 'PT_PT', 'Métodos de Resolução de Problemas: Pesquisa em "Jogos": Procedimento Minmax,Cortes Alfa-Beta');
INSERT INTO DegreeClassTopicTranslations(degreeClassTopic, language, description) VALUES (400, 'PT_PT', 'Métodos de Resolução de Problemas: Exemplos em Prolog de estratégias básicas: Interpretadores primeiro-em-largura e primeiro-em-profundidade');
INSERT INTO DegreeClassTopicTranslations(degreeClassTopic, language, description) VALUES (401, 'PT_PT', 'Métodos de Resolução de Problemas: Algoritmos para a Evolução');
INSERT INTO DegreeClassTopicTranslations(degreeClassTopic, language, description) VALUES (402, 'PT_PT', 'Introdução à Representação do Conhecimento: Definição de um Sistema de Representação');
INSERT INTO DegreeClassTopicTranslations(degreeClassTopic, language, description) VALUES (403, 'PT_PT', 'Introdução à Representação do Conhecimento: Estruturas de Representação: Regras de Produção; Redes Associativas "Frames"; "Scripts"');
INSERT INTO DegreeClassTopicTranslations(degreeClassTopic, language, description) VALUES (404, 'PT_PT', 'Introdução à Representação do Conhecimento: Lógica de Predicados e Outras Lógicas');
INSERT INTO DegreeClassTopicTranslations(degreeClassTopic, language, description) VALUES (405, 'PT_PT', 'Introdução à Representação do Conhecimento: Raciocínio Inexacto: Modelo Probabilístico e Teorama de Bayes; Factores de Certeza; Modelo Dempster-Schafer; Logica dos Conjuntos Difusos');
INSERT INTO DegreeClassTopicTranslations(degreeClassTopic, language, description) VALUES (406, 'PT_PT', 'Engenharia do Conhecimento: Sistemas Baseados em Conhecimento');
INSERT INTO DegreeClassTopicTranslations(degreeClassTopic, language, description) VALUES (407, 'PT_PT', 'Engenharia do Conhecimento: Sistemas Periciais: Caracterização; Estrutura; Representação do Conhecimento e Meta Conhecimento; Motor de Inferência e Geração de Explicações; Casos exemplares de Sistemas periciais.');
INSERT INTO DegreeClassTopicTranslations(degreeClassTopic, language, description) VALUES (408, 'PT_PT', 'Engenharia do Conhecimento: Demonstrações');
INSERT INTO DegreeClassTopicTranslations(degreeClassTopic, language, description) VALUES (409, 'PT_PT', 'Engenharia do Conhecimento: Sistemas Genéricos - "Shells"');
INSERT INTO DegreeClassTopicTranslations(degreeClassTopic, language, description) VALUES (410, 'PT_PT', 'Introdução à Linguagem Natural Computacional: Objectivos e dificuldades');
INSERT INTO DegreeClassTopicTranslations(degreeClassTopic, language, description) VALUES (411, 'PT_PT', 'Introdução à Linguagem Natural Computacional: Análises Sintáctica e Semântica');
INSERT INTO DegreeClassTopicTranslations(degreeClassTopic, language, description) VALUES (412, 'PT_PT', 'Introdução à Linguagem Natural Computacional: ATN; Gramáticas Semânticas; Gramáticas de Caso');
INSERT INTO DegreeClassTopicTranslations(degreeClassTopic, language, description) VALUES (413, 'PT_PT', 'Introdução à Linguagem Natural Computacional: Aproximação clássica e uso da Lógica');
INSERT INTO DegreeClassTopicTranslations(degreeClassTopic, language, description) VALUES (414, 'PT_PT', 'Introdução à Linguagem Natural Computacional: Gramáticas com Cláusulas Definidas; alguns ex. em Português');
INSERT INTO DegreeClassTopicTranslations(degreeClassTopic, language, description) VALUES (415, 'PT_PT', 'Introdução à Linguagem Natural Computacional: Gramáticas de extraposição');
INSERT INTO DegreeClassTopicTranslations(degreeClassTopic, language, description) VALUES (416, 'PT_PT', 'Introdução à Linguagem Natural Computacional: Abordagem frequencista à Linguagem Natural Computacional');
INSERT INTO DegreeClassTopicTranslations(degreeClassTopic, language, description) VALUES (417, 'PT_PT', 'Aprendizagem Automática (Machine Learning): Tipos de Aprendizagem Automática');
INSERT INTO DegreeClassTopicTranslations(degreeClassTopic, language, description) VALUES (418, 'PT_PT', 'Aprendizagem Automática (Machine Learning): Aprendizagem de Conceitos; aprendizagem pelo exemplo; aprendizagem por analogia; aprendizagem Baseada em Explicações (EBL): Descrição dos Algorítmos para EBG, mEBG e IOL');
INSERT INTO DegreeClassTopicTranslations(degreeClassTopic, language, description) VALUES (419, 'PT_PT', 'Aprendizagem Automática (Machine Learning): Aprendizagem Indutiva: Algorítmos ID3 e C4.5');
INSERT INTO DegreeClassTopicTranslations(degreeClassTopic, language, description) VALUES (420, 'PT_PT', 'Aprendizagem Automática (Machine Learning): Exemplos de Aplicação');
INSERT INTO DegreeClassTopicTranslations(degreeClassTopic, language, description) VALUES (421, 'PT_PT', 'Introdução às Redes Neuronais (Machine Learning): Princípios básicos (elemento de processamento; estrutura; leis de aprendizagem)');
INSERT INTO DegreeClassTopicTranslations(degreeClassTopic, language, description) VALUES (422, 'PT_PT', 'Introdução às Redes Neuronais (Machine Learning): Algorítmos fundamentais ("perceptron"; "back-propagation")');
INSERT INTO DegreeClassTopicTranslations(degreeClassTopic, language, description) VALUES (423, 'PT_PT', 'Introdução às Redes Neuronais (Machine Learning): Exemplo de Aplicação');

INSERT INTO DegreeClassTopicTranslations(degreeClassTopic, language, description) VALUES (381, 'EN_UK', 'Basic Concepts: Definitions: What is Artificial Intelligence?');
INSERT INTO DegreeClassTopicTranslations(degreeClassTopic, language, description) VALUES (382, 'EN_UK', 'Basic Concepts: Applications: In which domains?');
INSERT INTO DegreeClassTopicTranslations(degreeClassTopic, language, description) VALUES (383, 'EN_UK', 'Basic Concepts: Basic Agent Definitions');
INSERT INTO DegreeClassTopicTranslations(degreeClassTopic, language, description) VALUES (384, 'EN_UK', 'Basic Concepts: Agent Architectures: From Reactive to Cognitive');
INSERT INTO DegreeClassTopicTranslations(degreeClassTopic, language, description) VALUES (385, 'EN_UK', 'Problem Solving Methods: Production Systems');
INSERT INTO DegreeClassTopicTranslations(degreeClassTopic, language, description) VALUES (386, 'EN_UK', 'Problem Solving Methods: Systematic Search Control Strategies');
INSERT INTO DegreeClassTopicTranslations(degreeClassTopic, language, description) VALUES (387, 'EN_UK', 'Problem Solving Methods: Forward and Backward Chaining');
INSERT INTO DegreeClassTopicTranslations(degreeClassTopic, language, description) VALUES (388, 'EN_UK', 'Problem Solving Methods: Depth-First and Breadth-First Search');
INSERT INTO DegreeClassTopicTranslations(degreeClassTopic, language, description) VALUES (389, 'EN_UK', 'Problem Solving Methods: Irreversible Search: (iterative deepening, hill climbing)');
INSERT INTO DegreeClassTopicTranslations(degreeClassTopic, language, description) VALUES (390, 'EN_UK', 'Problem Solving Methods: Simulated Annealing Algorithm');
INSERT INTO DegreeClassTopicTranslations(degreeClassTopic, language, description) VALUES (391, 'EN_UK', 'Problem Solving Methods: Trial-and-error search: backtracking');
INSERT INTO DegreeClassTopicTranslations(degreeClassTopic, language, description) VALUES (392, 'EN_UK', 'Problem Solving Methods: Graph Search');
INSERT INTO DegreeClassTopicTranslations(degreeClassTopic, language, description) VALUES (393, 'EN_UK', 'Problem Solving Methods: Branch and Bound Algorithm');
INSERT INTO DegreeClassTopicTranslations(degreeClassTopic, language, description) VALUES (394, 'EN_UK', 'Problem Solving Methods: Heuristic Search: Best First');
INSERT INTO DegreeClassTopicTranslations(degreeClassTopic, language, description) VALUES (395, 'EN_UK', 'Problem Solving Methods: A* Algorithm and Progressive Decrease of Admissibility');
INSERT INTO DegreeClassTopicTranslations(degreeClassTopic, language, description) VALUES (396, 'EN_UK', 'Problem Solving Methods: Means-Ends Analysis');
INSERT INTO DegreeClassTopicTranslations(degreeClassTopic, language, description) VALUES (397, 'EN_UK', 'Problem Solving Methods: Evolutionary Computation (Genetic Algorithms) (ML)');
INSERT INTO DegreeClassTopicTranslations(degreeClassTopic, language, description) VALUES (398, 'EN_UK', 'Problem Solving Methods: Constraint Satisfaction Methods: Relaxation Principles');
INSERT INTO DegreeClassTopicTranslations(degreeClassTopic, language, description) VALUES (399, 'EN_UK', 'Problem Solving Methods: Game Search: Minmax Procedure, Alpha-Beta Pruning');
INSERT INTO DegreeClassTopicTranslations(degreeClassTopic, language, description) VALUES (400, 'EN_UK', 'Problem Solving Methods: Prolog Examples of Basic Strategies: Breadth-First and Depth-First Interpreters');
INSERT INTO DegreeClassTopicTranslations(degreeClassTopic, language, description) VALUES (401, 'EN_UK', 'Problem Solving Methods: Evolution Algorithms');
INSERT INTO DegreeClassTopicTranslations(degreeClassTopic, language, description) VALUES (402, 'EN_UK', 'Introduction to Knowledge Representation: Definition of a Representation System');
INSERT INTO DegreeClassTopicTranslations(degreeClassTopic, language, description) VALUES (403, 'EN_UK', 'Introduction to Knowledge Representation: Representation Structures: Production Rules; Associative Networks "Frames"; "Scripts"');
INSERT INTO DegreeClassTopicTranslations(degreeClassTopic, language, description) VALUES (404, 'EN_UK', 'Introduction to Knowledge Representation: Predicate Logic and Other Logics');
INSERT INTO DegreeClassTopicTranslations(degreeClassTopic, language, description) VALUES (405, 'EN_UK', 'Introduction to Knowledge Representation: Inexact Reasoning: Probabilistic Model and Bayes Theorem; Certainty Factors; Dempster-Schafer Model; Fuzzy Set Logic');
INSERT INTO DegreeClassTopicTranslations(degreeClassTopic, language, description) VALUES (406, 'EN_UK', 'Knowledge Engineering: Knowledge-Based Systems');
INSERT INTO DegreeClassTopicTranslations(degreeClassTopic, language, description) VALUES (407, 'EN_UK', 'Knowledge Engineering: Expert Systems: Characterization; Structure; Knowledge and Meta-Knowledge Representation; Inference Engine and Explanation Generation; Exemplary Cases of Expert Systems.');
INSERT INTO DegreeClassTopicTranslations(degreeClassTopic, language, description) VALUES (408, 'EN_UK', 'Knowledge Engineering: Demonstrations');
INSERT INTO DegreeClassTopicTranslations(degreeClassTopic, language, description) VALUES (409, 'EN_UK', 'Knowledge Engineering: Generic Systems - "Shells"');
INSERT INTO DegreeClassTopicTranslations(degreeClassTopic, language, description) VALUES (410, 'EN_UK', 'Introduction to Computational Natural Language: Objectives and Difficulties');
INSERT INTO DegreeClassTopicTranslations(degreeClassTopic, language, description) VALUES (411, 'EN_UK', 'Introduction to Computational Natural Language: Syntactic and Semantic Analysis');
INSERT INTO DegreeClassTopicTranslations(degreeClassTopic, language, description) VALUES (412, 'EN_UK', 'Introduction to Computational Natural Language: ATN; Semantic Grammars; Case Grammars');
INSERT INTO DegreeClassTopicTranslations(degreeClassTopic, language, description) VALUES (413, 'EN_UK', 'Introduction to Computational Natural Language: Classical Approach and Use of Logic');
INSERT INTO DegreeClassTopicTranslations(degreeClassTopic, language, description) VALUES (414, 'EN_UK', 'Introduction to Computational Natural Language: Definite Clause Grammars; some examples in Portuguese');
INSERT INTO DegreeClassTopicTranslations(degreeClassTopic, language, description) VALUES (415, 'EN_UK', 'Introduction to Computational Natural Language: Head-driven Phrase Structure Grammars');
INSERT INTO DegreeClassTopicTranslations(degreeClassTopic, language, description) VALUES (416, 'EN_UK', 'Introduction to Computational Natural Language: Frequency-based Approach to Computational Natural Language');
INSERT INTO DegreeClassTopicTranslations(degreeClassTopic, language, description) VALUES (417, 'EN_UK', 'Machine Learning: Types of Machine Learning');
INSERT INTO DegreeClassTopicTranslations(degreeClassTopic, language, description) VALUES (418, 'EN_UK', 'Machine Learning: Concept Learning; learning by example; learning by analogy; Explanation-Based Learning (EBL): Description of Algorithms for EBG, mEBG and IOL');
INSERT INTO DegreeClassTopicTranslations(degreeClassTopic, language, description) VALUES (419, 'EN_UK', 'Machine Learning: Inductive Learning: ID3 and C4.5 Algorithms');
INSERT INTO DegreeClassTopicTranslations(degreeClassTopic, language, description) VALUES (420, 'EN_UK', 'Machine Learning: Application Examples');
INSERT INTO DegreeClassTopicTranslations(degreeClassTopic, language, description) VALUES (421, 'EN_UK', 'Introduction to Neural Networks (Machine Learning): Basic Principles (processing element; structure; learning laws)');
INSERT INTO DegreeClassTopicTranslations(degreeClassTopic, language, description) VALUES (422, 'EN_UK', 'Introduction to Neural Networks (Machine Learning): Fundamental Algorithms ("perceptron"; "back-propagation")');
INSERT INTO DegreeClassTopicTranslations(degreeClassTopic, language, description) VALUES (423, 'EN_UK', 'Introduction to Neural Networks (Machine Learning): Application Example');

INSERT INTO DegreeClasses(id, year, semester, ects , isOptional, degree) VALUES (29, 3, 2, 6, false, 1);
INSERT INTO DegreeClassTranslations(degreeClass, language, name, description) VALUES  (29, 'PT_PT', 'Compiladores' , 'Fornecer os conceitos que permitam:\n- compreender as fases de compilação de linguagens, em especial das linguagens imperativas e orientada por objectos;\n- especificar a sintaxe e semântica de uma linguagem de programação;\n- compreender e utilizar as estruturas de dados e os algoritmos principais usados na implementação de compiladores.');
INSERT INTO DegreeClassTopics(id, degreeClass, ordering) VALUES (424, 29, 1);
INSERT INTO DegreeClassTopics(id, degreeClass, ordering) VALUES (425, 29, 2);
INSERT INTO DegreeClassTopics(id, degreeClass, ordering) VALUES (426, 29, 3);
INSERT INTO DegreeClassTopics(id, degreeClass, ordering) VALUES (427, 29, 4);
INSERT INTO DegreeClassTopics(id, degreeClass, ordering) VALUES (428, 29, 5);
INSERT INTO DegreeClassTopics(id, degreeClass, ordering) VALUES (429, 29, 6);
INSERT INTO DegreeClassTopics(id, degreeClass, ordering) VALUES (430, 29, 7);
INSERT INTO DegreeClassTopics(id, degreeClass, ordering) VALUES (431, 29, 8);
INSERT INTO DegreeClassTopics(id, degreeClass, ordering) VALUES (432, 29, 9);
INSERT INTO DegreeClassTopics(id, degreeClass, ordering) VALUES (433, 29, 10);
INSERT INTO DegreeClassTopics(id, degreeClass, ordering) VALUES (434, 29, 11);
INSERT INTO DegreeClassTopics(id, degreeClass, ordering) VALUES (435, 29, 12);
INSERT INTO DegreeClassTopicTranslations(degreeClassTopic, language, description) VALUES (424, 'PT_PT', 'Introdução. Fases da compilação e estrutura típica de um compilador');
INSERT INTO DegreeClassTopicTranslations(degreeClassTopic, language, description) VALUES (425, 'PT_PT', 'Análise lexical: Expressões regulares autómatos finitos');
INSERT INTO DegreeClassTopicTranslations(degreeClassTopic, language, description) VALUES (426, 'PT_PT', 'Análise lexical: Autómatos finito.');
INSERT INTO DegreeClassTopicTranslations(degreeClassTopic, language, description) VALUES (427, 'PT_PT', 'Análise sintáctica: Gramáticas');
INSERT INTO DegreeClassTopicTranslations(degreeClassTopic, language, description) VALUES (428, 'PT_PT', 'Análise sintáctica: Implementação de analisadores sintácticos');
INSERT INTO DegreeClassTopicTranslations(degreeClassTopic, language, description) VALUES (429, 'PT_PT', 'Análise sintáctica: Tratamento de erros');
INSERT INTO DegreeClassTopicTranslations(degreeClassTopic, language, description) VALUES (430, 'PT_PT', 'Análise semântica: Implementação de analisadores semânticos');
INSERT INTO DegreeClassTopicTranslations(degreeClassTopic, language, description) VALUES (431, 'PT_PT', 'Análise semântica: Verificação de tipos');
INSERT INTO DegreeClassTopicTranslations(degreeClassTopic, language, description) VALUES (432, 'PT_PT', 'Ambientes de execução. Organização de memória e mecanismos para a passagem de parâmetros');
INSERT INTO DegreeClassTopicTranslations(degreeClassTopic, language, description) VALUES (433, 'PT_PT', 'Geração de código intermédio de baixo e de alto-nível');
INSERT INTO DegreeClassTopicTranslations(degreeClassTopic, language, description) VALUES (434, 'PT_PT', 'Alocação de registos');
INSERT INTO DegreeClassTopicTranslations(degreeClassTopic, language, description) VALUES (435, 'PT_PT', 'Técnicas de geração de código final e de optimização');
INSERT INTO DegreeClassTopicTranslations(degreeClassTopic, language, description) VALUES (424, 'EN_UK', 'Introduction. Phases of compilation and typical structure of a compiler');
INSERT INTO DegreeClassTopicTranslations(degreeClassTopic, language, description) VALUES (425, 'EN_UK', 'Lexical analysis: Regular expressions finite automata');
INSERT INTO DegreeClassTopicTranslations(degreeClassTopic, language, description) VALUES (426, 'EN_UK', 'Lexical analysis: Finite automata.');
INSERT INTO DegreeClassTopicTranslations(degreeClassTopic, language, description) VALUES (427, 'EN_UK', 'Syntactic analysis: Grammars');
INSERT INTO DegreeClassTopicTranslations(degreeClassTopic, language, description) VALUES (428, 'EN_UK', 'Syntactic analysis: Implementation of syntactic analyzers');
INSERT INTO DegreeClassTopicTranslations(degreeClassTopic, language, description) VALUES (429, 'EN_UK', 'Syntactic analysis: Error handling');
INSERT INTO DegreeClassTopicTranslations(degreeClassTopic, language, description) VALUES (430, 'EN_UK', 'Semantic analysis: Implementation of semantic analyzers');
INSERT INTO DegreeClassTopicTranslations(degreeClassTopic, language, description) VALUES (431, 'EN_UK', 'Semantic analysis: Type checking');
INSERT INTO DegreeClassTopicTranslations(degreeClassTopic, language, description) VALUES (432, 'EN_UK', 'Execution environments. Memory organization and mechanisms for parameter passing');
INSERT INTO DegreeClassTopicTranslations(degreeClassTopic, language, description) VALUES (433, 'EN_UK', 'Generation of low-level and high-level intermediate code');
INSERT INTO DegreeClassTopicTranslations(degreeClassTopic, language, description) VALUES (434, 'EN_UK', 'Register allocation');
INSERT INTO DegreeClassTopicTranslations(degreeClassTopic, language, description) VALUES (435, 'EN_UK', 'Final code generation and optimization techniques');

INSERT INTO DegreeClasses(id, year, semester, ects , isOptional, degree) VALUES (30, 3, 2, 6, false, 1);
INSERT INTO DegreeClassTranslations(degreeClass, language, name, description) VALUES  (30, 'PT_PT', 'Sistemas Distribuídos' , 'Esta unidade curricular tem dois objectivos fundamentais:\ndotar os estudantes com conhecimentos teóricos sobre sistemas distribuídos para que possam tomar decisões correctas quando confrontados com a necessidade de implementar um sistema desta natureza;\ndotar os estudantes com conhecimentos práticos para que possa desenvolver e tirar partido dos sistemas distribuídos.');
INSERT INTO DegreeClassTopics(id, degreeClass, ordering) VALUES (436, 30, 1);
INSERT INTO DegreeClassTopics(id, degreeClass, ordering) VALUES (437, 30, 2);
INSERT INTO DegreeClassTopics(id, degreeClass, ordering) VALUES (438, 30, 3);
INSERT INTO DegreeClassTopics(id, degreeClass, ordering) VALUES (439, 30, 4);
INSERT INTO DegreeClassTopics(id, degreeClass, ordering) VALUES (440, 30, 5);
INSERT INTO DegreeClassTopics(id, degreeClass, ordering) VALUES (441, 30, 6);
INSERT INTO DegreeClassTopics(id, degreeClass, ordering) VALUES (442, 30, 7);
INSERT INTO DegreeClassTopics(id, degreeClass, ordering) VALUES (443, 30, 8);
INSERT INTO DegreeClassTopics(id, degreeClass, ordering) VALUES (444, 30, 9);
INSERT INTO DegreeClassTopics(id, degreeClass, ordering) VALUES (445, 30, 10);
INSERT INTO DegreeClassTopicTranslations(degreeClassTopic, language, description) VALUES (436, 'PT_PT', 'Introdução aos sistemas distribuídos e à computação em rede');
INSERT INTO DegreeClassTopicTranslations(degreeClassTopic, language, description) VALUES (437, 'PT_PT', 'Modelos de comunicação: troca de mensagens, invocação remota de funções');
INSERT INTO DegreeClassTopicTranslations(degreeClassTopic, language, description) VALUES (438, 'PT_PT', 'Nomes: identificação e localização');
INSERT INTO DegreeClassTopicTranslations(degreeClassTopic, language, description) VALUES (439, 'PT_PT', 'Segurança');
INSERT INTO DegreeClassTopicTranslations(degreeClassTopic, language, description) VALUES (440, 'PT_PT', 'Sincronização');
INSERT INTO DegreeClassTopicTranslations(degreeClassTopic, language, description) VALUES (441, 'PT_PT', 'Replicação e consistência');
INSERT INTO DegreeClassTopicTranslations(degreeClassTopic, language, description) VALUES (442, 'PT_PT', 'Tolerância a falhas');
INSERT INTO DegreeClassTopicTranslations(degreeClassTopic, language, description) VALUES (443, 'PT_PT', 'Objectos distribuídos');
INSERT INTO DegreeClassTopicTranslations(degreeClassTopic, language, description) VALUES (444, 'PT_PT', 'Sistemas de ficheiros distribuídos (e.g. Google File System, Andrew File System)');
INSERT INTO DegreeClassTopicTranslations(degreeClassTopic, language, description) VALUES (445, 'PT_PT', 'Sistemas baseados na Web (e.g. MapReduce, BigTable, Webservices, REST)');
INSERT INTO DegreeClassTopicTranslations(degreeClassTopic, language, description) VALUES (436, 'EN_UK', 'Introduction to Distributed Systems and Network Computing');
INSERT INTO DegreeClassTopicTranslations(degreeClassTopic, language, description) VALUES (437, 'EN_UK', 'Communication Models: Message Passing, Remote Procedure Invocation (RPC)');
INSERT INTO DegreeClassTopicTranslations(degreeClassTopic, language, description) VALUES (438, 'EN_UK', 'Naming: Identification and Location');
INSERT INTO DegreeClassTopicTranslations(degreeClassTopic, language, description) VALUES (439, 'EN_UK', 'Security');
INSERT INTO DegreeClassTopicTranslations(degreeClassTopic, language, description) VALUES (440, 'EN_UK', 'Synchronization');
INSERT INTO DegreeClassTopicTranslations(degreeClassTopic, language, description) VALUES (441, 'EN_UK', 'Replication and Consistency');
INSERT INTO DegreeClassTopicTranslations(degreeClassTopic, language, description) VALUES (442, 'EN_UK', 'Fault Tolerance');
INSERT INTO DegreeClassTopicTranslations(degreeClassTopic, language, description) VALUES (443, 'EN_UK', 'Distributed Objects');
INSERT INTO DegreeClassTopicTranslations(degreeClassTopic, language, description) VALUES (444, 'EN_UK', 'Distributed File Systems (e.g. Google File System, Andrew File System)');
INSERT INTO DegreeClassTopicTranslations(degreeClassTopic, language, description) VALUES (445, 'EN_UK', 'Web-based Systems (e.g. MapReduce, BigTable, Webservices, REST)');

INSERT INTO DegreeClasses(id, year, semester, ects , isOptional, degree) VALUES (31, 3, 2, 4.5, false, 1);
INSERT INTO DegreeClassTranslations(degreeClass, language, name, description) VALUES  (31, 'PT_PT', 'Proficiência Pessoal e Interpessoal' , 'Identificar e adquirir os conhecimentos essenciais para saber como maximizar progressivamente as condições de êxito do desempenho pessoal e interpessoal.Ter consciência da importância de saber utilizar competências complementares (soft skills) e de realizar mudanças evolutivas de forma a desenvolver um perfil profissional que contribua para melhorar continuamente a futura atividade do engenheiro informático.');
INSERT INTO DegreeClassTopics(id, degreeClass, ordering) VALUES (446, 31, 1);
INSERT INTO DegreeClassTopics(id, degreeClass, ordering) VALUES (447, 31, 2);
INSERT INTO DegreeClassTopics(id, degreeClass, ordering) VALUES (448, 31, 3);
INSERT INTO DegreeClassTopics(id, degreeClass, ordering) VALUES (449, 31, 4);
INSERT INTO DegreeClassTopics(id, degreeClass, ordering) VALUES (450, 31, 5);
INSERT INTO DegreeClassTopics(id, degreeClass, ordering) VALUES (451, 31, 6);
INSERT INTO DegreeClassTopics(id, degreeClass, ordering) VALUES (452, 31, 7);
INSERT INTO DegreeClassTopics(id, degreeClass, ordering) VALUES (453, 31, 8);
INSERT INTO DegreeClassTopics(id, degreeClass, ordering) VALUES (454, 31, 9);
INSERT INTO DegreeClassTopics(id, degreeClass, ordering) VALUES (455, 31, 10);
INSERT INTO DegreeClassTopics(id, degreeClass, ordering) VALUES (456, 31, 11);
INSERT INTO DegreeClassTopics(id, degreeClass, ordering) VALUES (457, 31, 12);
INSERT INTO DegreeClassTopicTranslations(degreeClassTopic, language, description) VALUES (446, 'PT_PT', 'Qualidade nos Serviços ao Cliente (Interno/Externo)');
INSERT INTO DegreeClassTopicTranslations(degreeClassTopic, language, description) VALUES (447, 'PT_PT', 'Interacção e Atitudes Comunicacionais');
INSERT INTO DegreeClassTopicTranslations(degreeClassTopic, language, description) VALUES (448, 'PT_PT', 'Regras da Comunicação Profissional');
INSERT INTO DegreeClassTopicTranslations(degreeClassTopic, language, description) VALUES (449, 'PT_PT', 'Signos da Linguagem Não-Verbal');
INSERT INTO DegreeClassTopicTranslations(degreeClassTopic, language, description) VALUES (450, 'PT_PT', 'Preparação e Condução de Reuniões');
INSERT INTO DegreeClassTopicTranslations(degreeClassTopic, language, description) VALUES (451, 'PT_PT', 'Assertividade nas Relacões Interpessoais');
INSERT INTO DegreeClassTopicTranslations(degreeClassTopic, language, description) VALUES (452, 'PT_PT', 'Gestão de Indivíduos e Grupos nas Organizações');
INSERT INTO DegreeClassTopicTranslations(degreeClassTopic, language, description) VALUES (453, 'PT_PT', 'Desenvolvimento do Trabalho em Equipa');
INSERT INTO DegreeClassTopicTranslations(degreeClassTopic, language, description) VALUES (454, 'PT_PT', 'Micromarketing e Eficácia Profissional');
INSERT INTO DegreeClassTopicTranslations(degreeClassTopic, language, description) VALUES (455, 'PT_PT', 'Gestão do Tempo e Organização do Trabalho');
INSERT INTO DegreeClassTopicTranslations(degreeClassTopic, language, description) VALUES (456, 'PT_PT', 'Desenvolvimento da Responsabilidade Pessoal');
INSERT INTO DegreeClassTopicTranslations(degreeClassTopic, language, description) VALUES (457, 'PT_PT', 'Maximização da Capacidade Criativa');
INSERT INTO DegreeClassTopicTranslations(degreeClassTopic, language, description) VALUES (446, 'EN_UK', 'Quality in Customer Services (Internal/External)');
INSERT INTO DegreeClassTopicTranslations(degreeClassTopic, language, description) VALUES (447, 'EN_UK', 'Interaction and Communication Attitudes');
INSERT INTO DegreeClassTopicTranslations(degreeClassTopic, language, description) VALUES (448, 'EN_UK', 'Rules of Professional Communication');
INSERT INTO DegreeClassTopicTranslations(degreeClassTopic, language, description) VALUES (449, 'EN_UK', 'Signs of Non-Verbal Language');
INSERT INTO DegreeClassTopicTranslations(degreeClassTopic, language, description) VALUES (450, 'EN_UK', 'Preparation and Conducting Meetings');
INSERT INTO DegreeClassTopicTranslations(degreeClassTopic, language, description) VALUES (451, 'EN_UK', 'Assertiveness in Interpersonal Relationships');
INSERT INTO DegreeClassTopicTranslations(degreeClassTopic, language, description) VALUES (452, 'EN_UK', 'Management of Individuals and Groups in Organizations');
INSERT INTO DegreeClassTopicTranslations(degreeClassTopic, language, description) VALUES (453, 'EN_UK', 'Teamwork Development');
INSERT INTO DegreeClassTopicTranslations(degreeClassTopic, language, description) VALUES (454, 'EN_UK', 'Micromarketing and Professional Effectiveness');
INSERT INTO DegreeClassTopicTranslations(degreeClassTopic, language, description) VALUES (455, 'EN_UK', 'Time Management and Work Organization');
INSERT INTO DegreeClassTopicTranslations(degreeClassTopic, language, description) VALUES (456, 'EN_UK', 'Development of Personal Responsibility');
INSERT INTO DegreeClassTopicTranslations(degreeClassTopic, language, description) VALUES (457, 'EN_UK', 'Maximizing Creative Ability');


-- UPorto 4th year

INSERT INTO DegreeClasses(id, year, semester, ects , isOptional, degree) VALUES (32, 4, 1, 4.5, false, 1);
INSERT INTO DegreeClassTranslations(degreeClass, language, name, description) VALUES  (32, 'PT_PT', 'Sistemas de Informação' , 'Interpretar, Classificar e Explicar:\n- Processo de vendas e Procurement gerido por um ERP;\n- a forma como o SI contribui para a Construção de Valor numa organização, com especial foco no ERP e em outros com o qual o ERP se integra (e.g.: sistema de execução fabril e gestão de armazém);\n- Tendências tecnológicas e o seu impacto nos sistemas de informação empresariais (Cloud Computing, Big Data, a nova Internet).');
INSERT INTO DegreeClassTopics(id, degreeClass, ordering) VALUES (458, 32, 1);
INSERT INTO DegreeClassTopics(id, degreeClass, ordering) VALUES (459, 32, 2);
INSERT INTO DegreeClassTopics(id, degreeClass, ordering) VALUES (460, 32, 3);
INSERT INTO DegreeClassTopics(id, degreeClass, ordering) VALUES (461, 32, 4);
INSERT INTO DegreeClassTopics(id, degreeClass, ordering) VALUES (462, 32, 5);
INSERT INTO DegreeClassTopics(id, degreeClass, ordering) VALUES (463, 32, 6);
INSERT INTO DegreeClassTopics(id, degreeClass, ordering) VALUES (464, 32, 7);
INSERT INTO DegreeClassTopics(id, degreeClass, ordering) VALUES (465, 32, 8);
INSERT INTO DegreeClassTopics(id, degreeClass, ordering) VALUES (466, 32, 9);
INSERT INTO DegreeClassTopics(id, degreeClass, ordering) VALUES (467, 32, 10);
INSERT INTO DegreeClassTopics(id, degreeClass, ordering) VALUES (468, 32, 11);
INSERT INTO DegreeClassTopics(id, degreeClass, ordering) VALUES (469, 32, 12);
INSERT INTO DegreeClassTopicTranslations(degreeClassTopic, language, description) VALUES (458, 'PT_PT', 'Primavera ERP: Processos de Vendas e Aquisições');
INSERT INTO DegreeClassTopicTranslations(degreeClassTopic, language, description) VALUES (459, 'PT_PT', 'Primavera ERP: Desenvolvimento de software com aplicações de terceiros e integração com o software PRIMAVERA.');
INSERT INTO DegreeClassTopicTranslations(degreeClassTopic, language, description) VALUES (460, 'PT_PT', 'Sistemas de Informação e ERPs Conceitos: O que é um sistema de informação? Quantos tipos de sistemas de informação existem e quais os seus papéis numa organização? O sistema de informação como decisão estratégica.');
INSERT INTO DegreeClassTopicTranslations(degreeClassTopic, language, description) VALUES (461, 'PT_PT', 'Sistemas de Informação e ERPs Introdução: Compreender os conceitos de um sistema ERP. Visualizar os ERP como pacotes de software. Compreender a integração de informação através de um ERP.');
INSERT INTO DegreeClassTopicTranslations(degreeClassTopic, language, description) VALUES (462, 'PT_PT', 'Sistemas de Informação e ERPs: Evolução de ERPs.');
INSERT INTO DegreeClassTopicTranslations(degreeClassTopic, language, description) VALUES (463, 'PT_PT', 'Sistemas de Informação e ERPs Módulos : Módulo Financeiro. Módulo de Recursos Humanos. Módulo de Gestão de Materiais. Módulo de Vendas e Distribuição.');
INSERT INTO DegreeClassTopicTranslations(degreeClassTopic, language, description) VALUES (464, 'PT_PT', 'ERPs e outros Sistemas de Informação: Controlo de Pisos de Venda.');
INSERT INTO DegreeClassTopicTranslations(degreeClassTopic, language, description) VALUES (465, 'PT_PT', 'ERPs e outros Sistemas de Informação: Sistemas de Gestão de Armazéns.');
INSERT INTO DegreeClassTopicTranslations(degreeClassTopic, language, description) VALUES (466, 'PT_PT', 'ERPs e Tecnologia: Tecnologias híbridas and Computação em Cloud.');
INSERT INTO DegreeClassTopicTranslations(degreeClassTopic, language, description) VALUES (467, 'PT_PT', 'ERPs e Tecnologia: Big Data');
INSERT INTO DegreeClassTopicTranslations(degreeClassTopic, language, description) VALUES (468, 'PT_PT', 'ERPs e Tecnologia: A Nova Internet');
INSERT INTO DegreeClassTopicTranslations(degreeClassTopic, language, description) VALUES (469, 'PT_PT', 'Sistemas de Informação nos Negócios');
INSERT INTO DegreeClassTopicTranslations(degreeClassTopic, language, description) VALUES (458, 'EN_UK', 'Primavera ERP: Sales and Procurement Processes');
INSERT INTO DegreeClassTopicTranslations(degreeClassTopic, language, description) VALUES (459, 'EN_UK', 'Primavera ERP: Software Development with Third-Party Applications and Integration with PRIMAVERA Software.');
INSERT INTO DegreeClassTopicTranslations(degreeClassTopic, language, description) VALUES (460, 'EN_UK', 'Information Systems and ERPs Concepts: What is an information system? How many types of information systems are there and what are their roles in an organization? The information system as a strategic decision.');
INSERT INTO DegreeClassTopicTranslations(degreeClassTopic, language, description) VALUES (461, 'EN_UK', 'Information Systems and ERPs Introduction: Understanding the concepts of an ERP system. Visualizing ERPs as software packages. Understanding information integration through an ERP.');
INSERT INTO DegreeClassTopicTranslations(degreeClassTopic, language, description) VALUES (462, 'EN_UK', 'Information Systems and ERPs: Evolution of ERPs.');
INSERT INTO DegreeClassTopicTranslations(degreeClassTopic, language, description) VALUES (463, 'EN_UK', 'Information Systems and ERPs Modules: Financial Module. Human Resources Module. Materials Management Module. Sales and Distribution Module.');
INSERT INTO DegreeClassTopicTranslations(degreeClassTopic, language, description) VALUES (464, 'EN_UK', 'ERPs and Other Information Systems: Shop Floor Control.');
INSERT INTO DegreeClassTopicTranslations(degreeClassTopic, language, description) VALUES (465, 'EN_UK', 'ERPs and Other Information Systems: Warehouse Management Systems.');
INSERT INTO DegreeClassTopicTranslations(degreeClassTopic, language, description) VALUES (466, 'EN_UK', 'ERPs and Technology: Hybrid Technologies and Cloud Computing.');
INSERT INTO DegreeClassTopicTranslations(degreeClassTopic, language, description) VALUES (467, 'EN_UK', 'ERPs and Technology: Big Data');
INSERT INTO DegreeClassTopicTranslations(degreeClassTopic, language, description) VALUES (468, 'EN_UK', 'ERPs and Technology: The New Internet');
INSERT INTO DegreeClassTopicTranslations(degreeClassTopic, language, description) VALUES (469, 'EN_UK', 'Information Systems in Business');

INSERT INTO DegreeClasses(id, year, semester, ects , isOptional, degree) VALUES (33, 4, 1, 7.5, false, 1);
INSERT INTO DegreeClassTranslations(degreeClass, language, name, description) VALUES  (33, 'PT_PT', 'Laboratório de Desenvolvimento de Software' , 'Objectivos: dotar os alunos para serem capazes de definir e aplicar um processo de desenvolvimento de software, utilizando práticas ágeis, ferramentas tipicas de desenvolvimento de software, em equipa.');
INSERT INTO DegreeClassTopics(id, degreeClass, ordering) VALUES (470, 33, 1);
INSERT INTO DegreeClassTopics(id, degreeClass, ordering) VALUES (471, 33, 2);
INSERT INTO DegreeClassTopics(id, degreeClass, ordering) VALUES (472, 33, 3);
INSERT INTO DegreeClassTopics(id, degreeClass, ordering) VALUES (473, 33, 4);
INSERT INTO DegreeClassTopics(id, degreeClass, ordering) VALUES (474, 33, 5);
INSERT INTO DegreeClassTopics(id, degreeClass, ordering) VALUES (475, 33, 6);
INSERT INTO DegreeClassTopicTranslations(degreeClassTopic, language, description) VALUES (470, 'PT_PT', 'Aplicação de processos de desenvolvimento de software, incluindo metodologias de planeamento de projecto.');
INSERT INTO DegreeClassTopicTranslations(degreeClassTopic, language, description) VALUES (471, 'PT_PT', 'Identificação de requisitos, desenho, implementação, integração, teste, documentação e demonstração de um sistema de software.');
INSERT INTO DegreeClassTopicTranslations(degreeClassTopic, language, description) VALUES (472, 'PT_PT', 'Introdução às Metodologias Ágeis: valores, princípios fundamentais, práticas ("Planning Game", "Small Releases", "Acceptance tests", "Unit-tests", "Test-first programming", "Simple Design", "Refactoring", "Design patterns") e exemplos de metodologias populares (Scrum e XP).');
INSERT INTO DegreeClassTopicTranslations(degreeClassTopic, language, description) VALUES (473, 'PT_PT', 'Desenvolvimento de aplicações multi-camada baseadas em componentes de software.');
INSERT INTO DegreeClassTopicTranslations(degreeClassTopic, language, description) VALUES (474, 'PT_PT', 'Utilização de ambientes de desenvolvimento integrados (IDEs), ferramentas de modelação, teste, controlo de versões e configurações, documentação de software colaborativas.');
INSERT INTO DegreeClassTopicTranslations(degreeClassTopic, language, description) VALUES (475, 'PT_PT', 'Utilização de APIs de larga escala.');
INSERT INTO DegreeClassTopicTranslations(degreeClassTopic, language, description) VALUES (470, 'EN_UK', 'Application of software development processes, including project planning methodologies.');
INSERT INTO DegreeClassTopicTranslations(degreeClassTopic, language, description) VALUES (471, 'EN_UK', 'Requirements identification, design, implementation, integration, testing, documentation, and demonstration of a software system.');
INSERT INTO DegreeClassTopicTranslations(degreeClassTopic, language, description) VALUES (472, 'EN_UK', 'Introduction to Agile Methodologies: values, fundamental principles, practices ("Planning Game", "Small Releases", "Acceptance tests", "Unit-tests", "Test-first programming", "Simple Design", "Refactoring", "Design patterns") and examples of popular methodologies (Scrum and XP).');
INSERT INTO DegreeClassTopicTranslations(degreeClassTopic, language, description) VALUES (473, 'EN_UK', 'Development of component-based multi-tier applications.');
INSERT INTO DegreeClassTopicTranslations(degreeClassTopic, language, description) VALUES (474, 'EN_UK', 'Use of integrated development environments (IDEs), modeling tools, testing, version control and configuration, collaborative software documentation.');
INSERT INTO DegreeClassTopicTranslations(degreeClassTopic, language, description) VALUES (475, 'EN_UK', 'Use of large-scale APIs.');

INSERT INTO DegreeClasses(id, year, semester, ects , isOptional, degree) VALUES (34, 4, 1, 6, false, 1);
INSERT INTO DegreeClassTranslations(degreeClass, language, name, description) VALUES  (34, 'PT_PT', 'Gestão de Empresas' , 'A unidade curricular tem por objectivo desenvolver competências na área da Gestão, integrando uma sólida componente teórica, baseada na apresentação e discussão de conceitos e metodologias, com a sua aplicação à análise e à discussão de casos de estudo.');
INSERT INTO DegreeClassTopics(id, degreeClass, ordering) VALUES (476, 34, 1);
INSERT INTO DegreeClassTopics(id, degreeClass, ordering) VALUES (477, 34, 2);
INSERT INTO DegreeClassTopics(id, degreeClass, ordering) VALUES (478, 34, 3);
INSERT INTO DegreeClassTopics(id, degreeClass, ordering) VALUES (479, 34, 4);
INSERT INTO DegreeClassTopics(id, degreeClass, ordering) VALUES (480, 34, 5);
INSERT INTO DegreeClassTopics(id, degreeClass, ordering) VALUES (481, 34, 6);
INSERT INTO DegreeClassTopics(id, degreeClass, ordering) VALUES (482, 34, 7);
INSERT INTO DegreeClassTopics(id, degreeClass, ordering) VALUES (483, 34, 8);
INSERT INTO DegreeClassTopics(id, degreeClass, ordering) VALUES (484, 34, 9);
INSERT INTO DegreeClassTopics(id, degreeClass, ordering) VALUES (485, 34, 10);
INSERT INTO DegreeClassTopics(id, degreeClass, ordering) VALUES (486, 34, 11);
INSERT INTO DegreeClassTopics(id, degreeClass, ordering) VALUES (487, 34, 12);
INSERT INTO DegreeClassTopics(id, degreeClass, ordering) VALUES (488, 34, 13);
INSERT INTO DegreeClassTopicTranslations(degreeClassTopic, language, description) VALUES (476, 'PT_PT', 'A Gestão e o seu Contexto: A Gestão e o papel do Gestor');
INSERT INTO DegreeClassTopicTranslations(degreeClassTopic, language, description) VALUES (477, 'PT_PT', 'A Gestão e o seu Contexto: A evolução da Gestão');
INSERT INTO DegreeClassTopicTranslations(degreeClassTopic, language, description) VALUES (478, 'PT_PT', 'Gestão de Áreas Funcionais: Marketing');
INSERT INTO DegreeClassTopicTranslations(degreeClassTopic, language, description) VALUES (479, 'PT_PT', 'Gestão de Áreas Funcionais: Gestão Financeira');
INSERT INTO DegreeClassTopicTranslations(degreeClassTopic, language, description) VALUES (480, 'PT_PT', 'Gestão de Áreas Funcionais: Gestão de Operações');
INSERT INTO DegreeClassTopicTranslations(degreeClassTopic, language, description) VALUES (481, 'PT_PT', 'Gestão Estratégica: Gestão estratégica e competitividade');
INSERT INTO DegreeClassTopicTranslations(degreeClassTopic, language, description) VALUES (482, 'PT_PT', 'Gestão Estratégica: Missão e objectivos');
INSERT INTO DegreeClassTopicTranslations(degreeClassTopic, language, description) VALUES (483, 'PT_PT', 'Gestão Estratégica: Análise do meio ambiente externo');
INSERT INTO DegreeClassTopicTranslations(degreeClassTopic, language, description) VALUES (484, 'PT_PT', 'Gestão Estratégica: Análise do meio ambiente interno');
INSERT INTO DegreeClassTopicTranslations(degreeClassTopic, language, description) VALUES (485, 'PT_PT', 'Gestão Estratégica: Desenvolvimento de estratégias de negócio');
INSERT INTO DegreeClassTopicTranslations(degreeClassTopic, language, description) VALUES (486, 'PT_PT', 'Organização: Elementos Básicos de organização');
INSERT INTO DegreeClassTopicTranslations(degreeClassTopic, language, description) VALUES (487, 'PT_PT', 'Organização: Estruturas organizacionais');
INSERT INTO DegreeClassTopicTranslations(degreeClassTopic, language, description) VALUES (488, 'PT_PT', 'Controlo');
INSERT INTO DegreeClassTopicTranslations(degreeClassTopic, language, description) VALUES (476, 'EN_UK', 'Management and Its Context: Management and the Role of the Manager');
INSERT INTO DegreeClassTopicTranslations(degreeClassTopic, language, description) VALUES (477, 'EN_UK', 'Management and Its Context: The Evolution of Management');
INSERT INTO DegreeClassTopicTranslations(degreeClassTopic, language, description) VALUES (478, 'EN_UK', 'Management of Functional Areas: Marketing');
INSERT INTO DegreeClassTopicTranslations(degreeClassTopic, language, description) VALUES (479, 'EN_UK', 'Management of Functional Areas: Financial Management');
INSERT INTO DegreeClassTopicTranslations(degreeClassTopic, language, description) VALUES (480, 'EN_UK', 'Management of Functional Areas: Operations Management');
INSERT INTO DegreeClassTopicTranslations(degreeClassTopic, language, description) VALUES (481, 'EN_UK', 'Strategic Management: Strategic Management and Competitiveness');
INSERT INTO DegreeClassTopicTranslations(degreeClassTopic, language, description) VALUES (482, 'EN_UK', 'Strategic Management: Mission and Objectives');
INSERT INTO DegreeClassTopicTranslations(degreeClassTopic, language, description) VALUES (483, 'EN_UK', 'Strategic Management: Analysis of the External Environment');
INSERT INTO DegreeClassTopicTranslations(degreeClassTopic, language, description) VALUES (484, 'EN_UK', 'Strategic Management: Analysis of the Internal Environment');
INSERT INTO DegreeClassTopicTranslations(degreeClassTopic, language, description) VALUES (485, 'EN_UK', 'Strategic Management: Development of Business Strategies');
INSERT INTO DegreeClassTopicTranslations(degreeClassTopic, language, description) VALUES (486, 'EN_UK', 'Organization: Basic Elements of Organization');
INSERT INTO DegreeClassTopicTranslations(degreeClassTopic, language, description) VALUES (487, 'EN_UK', 'Organization: Organizational Structures');
INSERT INTO DegreeClassTopicTranslations(degreeClassTopic, language, description) VALUES (488, 'EN_UK', 'Control');

INSERT INTO DegreeClasses(id, year, semester, ects , isOptional, degree) VALUES (35, 4, 1, 6, false, 1);
INSERT INTO DegreeClassTranslations(degreeClass, language, name, description) VALUES  (35, 'PT_PT', 'Agentes e Inteligência Artificial Distribuída' , 'A unidade curricular assume-se como de Engenharia (evidenciando apenas a teoria essencial para se entender as aplicações práticas) e proporciona uma perspectiva global das técnicas associadas à especificação e desenvolvimento de Agentes computacionais bem como realça a sua relevância prática apresentando exemplos de aplicação.');
INSERT INTO DegreeClassTopics(id, degreeClass, ordering) VALUES (489, 35, 2);
INSERT INTO DegreeClassTopics(id, degreeClass, ordering) VALUES (490, 35, 3);
INSERT INTO DegreeClassTopics(id, degreeClass, ordering) VALUES (491, 35, 4);
INSERT INTO DegreeClassTopics(id, degreeClass, ordering) VALUES (492, 35, 5);
INSERT INTO DegreeClassTopics(id, degreeClass, ordering) VALUES (493, 35, 6);
INSERT INTO DegreeClassTopics(id, degreeClass, ordering) VALUES (494, 35, 7);
INSERT INTO DegreeClassTopics(id, degreeClass, ordering) VALUES (495, 35, 8);
INSERT INTO DegreeClassTopics(id, degreeClass, ordering) VALUES (496, 35, 9);
INSERT INTO DegreeClassTopics(id, degreeClass, ordering) VALUES (497, 35, 10);
INSERT INTO DegreeClassTopics(id, degreeClass, ordering) VALUES (498, 35, 11);
INSERT INTO DegreeClassTopics(id, degreeClass, ordering) VALUES (499, 35, 12);
INSERT INTO DegreeClassTopics(id, degreeClass, ordering) VALUES (500, 35, 13);
INSERT INTO DegreeClassTopics(id, degreeClass, ordering) VALUES (501, 35, 14);
INSERT INTO DegreeClassTopics(id, degreeClass, ordering) VALUES (502, 35, 15);
INSERT INTO DegreeClassTopics(id, degreeClass, ordering) VALUES (503, 35, 16);
INSERT INTO DegreeClassTopics(id, degreeClass, ordering) VALUES (504, 35, 17);
INSERT INTO DegreeClassTopics(id, degreeClass, ordering) VALUES (505, 35, 18);
INSERT INTO DegreeClassTopics(id, degreeClass, ordering) VALUES (506, 35, 19);
INSERT INTO DegreeClassTopics(id, degreeClass, ordering) VALUES (507, 35, 20);
INSERT INTO DegreeClassTopics(id, degreeClass, ordering) VALUES (508, 35, 21);
INSERT INTO DegreeClassTopicTranslations(degreeClassTopic, language, description) VALUES (489, 'PT_PT', 'Agentes: Representação de Conhecimento e Lógicas para Agentes');
INSERT INTO DegreeClassTopicTranslations(degreeClassTopic, language, description) VALUES (490, 'PT_PT', 'Agentes: Arquitecturas avançadas. Subsumpção e Agentes reactivos. Tipo mentalista e Agentes Deliberativos.');
INSERT INTO DegreeClassTopicTranslations(degreeClassTopic, language, description) VALUES (491, 'PT_PT', 'Agentes: Agentes com Aprendizagem. Aprendizagem por reforço. Aprendizagem não supervisionada.');
INSERT INTO DegreeClassTopicTranslations(degreeClassTopic, language, description) VALUES (492, 'PT_PT', 'Interacção em Sistemas Multi-Agente: Coordenação e Cooperação. Estratégias de Cooperação. Conhecimento para a Cooperação.');
INSERT INTO DegreeClassTopicTranslations(degreeClassTopic, language, description) VALUES (493, 'PT_PT', 'Interacção em Sistemas Multi-Agente: Suporte da Comunicação. Linguagens de comunicação KQML e ACL');
INSERT INTO DegreeClassTopicTranslations(degreeClassTopic, language, description) VALUES (494, 'PT_PT', 'Interacção em Sistemas Multi-Agente: Ontologias: conceitos, linguagens (XML, RDF), ferramentas.');
INSERT INTO DegreeClassTopicTranslations(degreeClassTopic, language, description) VALUES (495, 'PT_PT', 'Interacção em Sistemas Multi-Agente: Plataformas de comunicação: (JATLite), JADE, Brahms o Mobilidade de Agentes (AGLETS)');
INSERT INTO DegreeClassTopicTranslations(degreeClassTopic, language, description) VALUES (496, 'PT_PT', 'Engenharia de Software orientada a Agentes. Aperfeiçoamento da Metodologia GAIA.');
INSERT INTO DegreeClassTopicTranslations(degreeClassTopic, language, description) VALUES (497, 'PT_PT', 'Negociação entre Agentes: Protocolos Rede Contratual e baseados no mercado');
INSERT INTO DegreeClassTopicTranslations(degreeClassTopic, language, description) VALUES (498, 'PT_PT', 'Negociação entre Agentes: Comércio Electrónico. Leilões Abertos e fechados; SMA e Mercados Electrónicos; Estratégias de Aprendizagem');
INSERT INTO DegreeClassTopicTranslations(degreeClassTopic, language, description) VALUES (499, 'PT_PT', 'Negociação entre Agentes: Teoria do Jogo e Domínios de Negociação. Conceitos da Economia; Caracterização de domínios de Negociação: TOD e WOD');
INSERT INTO DegreeClassTopicTranslations(degreeClassTopic, language, description) VALUES (500, 'PT_PT', 'Negociação entre Agentes: Técnicas de Negociação e Teoria do Jogo. Planeamento Conjunto de Agentes; Acordos, Coligações e Utilidade');
INSERT INTO DegreeClassTopicTranslations(degreeClassTopic, language, description) VALUES (501, 'PT_PT', 'Negociação entre Agentes: Argumentação e Sistemas de Diálogo');
INSERT INTO DegreeClassTopicTranslations(degreeClassTopic, language, description) VALUES (502, 'PT_PT', 'Negociação entre Agentes: Modelos Computacionais de "Confiança" (Trust) em Redes de Agentes');
INSERT INTO DegreeClassTopicTranslations(degreeClassTopic, language, description) VALUES (503, 'PT_PT', 'Arquitecturas de Agentes baseados em Emoções: Lógica EBDI');
INSERT INTO DegreeClassTopicTranslations(degreeClassTopic, language, description) VALUES (504, 'PT_PT', 'Exemplos de Aplicação de Sistemas Multi-Agente: Modelo ARCHON');
INSERT INTO DegreeClassTopicTranslations(degreeClassTopic, language, description) VALUES (505, 'PT_PT', 'Exemplos de Aplicação de Sistemas Multi-Agente: Aplicação à gestão de recursos (MACIV)');
INSERT INTO DegreeClassTopicTranslations(degreeClassTopic, language, description) VALUES (506, 'PT_PT', 'Exemplos de Aplicação de Sistemas Multi-Agente: Sistema Distribuído de Manutenção da Coerência');
INSERT INTO DegreeClassTopicTranslations(degreeClassTopic, language, description) VALUES (507, 'PT_PT', 'Exemplos de Aplicação de Sistemas Multi-Agente: Instituição Electrónica - ForEV');
INSERT INTO DegreeClassTopicTranslations(degreeClassTopic, language, description) VALUES (508, 'PT_PT', 'Exemplos de Aplicação de Sistemas Multi-Agente: E-Brokering - BIAS');
INSERT INTO DegreeClassTopicTranslations(degreeClassTopic, language, description) VALUES (489, 'EN_UK', 'Agents: Knowledge Representation and Logics for Agents');
INSERT INTO DegreeClassTopicTranslations(degreeClassTopic, language, description) VALUES (490, 'EN_UK', 'Agents: Advanced Architectures. Subsumption and Reactive Agents. Mentalistic Type and Deliberative Agents.');
INSERT INTO DegreeClassTopicTranslations(degreeClassTopic, language, description) VALUES (491, 'EN_UK', 'Agents: Agents with Learning. Reinforcement Learning. Unsupervised Learning.');
INSERT INTO DegreeClassTopicTranslations(degreeClassTopic, language, description) VALUES (492, 'EN_UK', 'Interaction in Multi-Agent Systems: Coordination and Cooperation. Cooperation Strategies. Knowledge for Cooperation.');
INSERT INTO DegreeClassTopicTranslations(degreeClassTopic, language, description) VALUES (493, 'EN_UK', 'Interaction in Multi-Agent Systems: Communication Support. KQML and ACL Communication Languages');
INSERT INTO DegreeClassTopicTranslations(degreeClassTopic, language, description) VALUES (494, 'EN_UK', 'Interaction in Multi-Agent Systems: Ontologies: concepts, languages (XML, RDF), tools.');
INSERT INTO DegreeClassTopicTranslations(degreeClassTopic, language, description) VALUES (495, 'EN_UK', 'Interaction in Multi-Agent Systems: Communication platforms: (JATLite), JADE, Brahms or Agent Mobility (AGLETS)');
INSERT INTO DegreeClassTopicTranslations(degreeClassTopic, language, description) VALUES (496, 'EN_UK', 'Agent-Oriented Software Engineering. Refinement of the GAIA Methodology.');
INSERT INTO DegreeClassTopicTranslations(degreeClassTopic, language, description) VALUES (497, 'EN_UK', 'Negotiation between Agents: Contractual Network and Market-Based Protocols');
INSERT INTO DegreeClassTopicTranslations(degreeClassTopic, language, description) VALUES (498, 'EN_UK', 'Negotiation between Agents: Electronic Commerce. Open and Closed Auctions; SMA and Electronic Markets; Learning Strategies');
INSERT INTO DegreeClassTopicTranslations(degreeClassTopic, language, description) VALUES (499, 'EN_UK', 'Negotiation between Agents: Game Theory and Negotiation Domains. Economic Concepts; Characterization of Negotiation Domains: TOD and WOD');
INSERT INTO DegreeClassTopicTranslations(degreeClassTopic, language, description) VALUES (500, 'EN_UK', 'Negotiation between Agents: Negotiation Techniques and Game Theory. Joint Agent Planning; Agreements, Coalitions and Utility');
INSERT INTO DegreeClassTopicTranslations(degreeClassTopic, language, description) VALUES (501, 'EN_UK', 'Negotiation between Agents: Argumentation and Dialogue Systems');
INSERT INTO DegreeClassTopicTranslations(degreeClassTopic, language, description) VALUES (502, 'EN_UK', 'Negotiation between Agents: Computational Models of "Trust" in Agent Networks');
INSERT INTO DegreeClassTopicTranslations(degreeClassTopic, language, description) VALUES (503, 'EN_UK', 'Architectures of Emotion-Based Agents: EBDI Logic');
INSERT INTO DegreeClassTopicTranslations(degreeClassTopic, language, description) VALUES (504, 'EN_UK', 'Examples of Application of Multi-Agent Systems: ARCHON Model');
INSERT INTO DegreeClassTopicTranslations(degreeClassTopic, language, description) VALUES (505, 'EN_UK', 'Examples of Application of Multi-Agent Systems: Application to Resource Management (MACIV)');
INSERT INTO DegreeClassTopicTranslations(degreeClassTopic, language, description) VALUES (506, 'EN_UK', 'Examples of Application of Multi-Agent Systems: Distributed System for Maintaining Consistency');
INSERT INTO DegreeClassTopicTranslations(degreeClassTopic, language, description) VALUES (507, 'EN_UK', 'Examples of Application of Multi-Agent Systems: Electronic Institution - ForEV');
INSERT INTO DegreeClassTopicTranslations(degreeClassTopic, language, description) VALUES (508, 'EN_UK', 'Examples of Application of Multi-Agent Systems: E-Brokering - BIAS');


INSERT INTO DegreeClasses(id, year, semester, ects , isOptional, degree) VALUES (36, 4, 1, 6, false, 1);
INSERT INTO DegreeClassTranslations(degreeClass, language, name, description) VALUES  (36, 'PT_PT', 'Métodos Formais em Engenharia de Software' , 'Desenvolver as capacidades de abstracção de forma a descrever o que o sistema deve fazer e não a maneira de o fazer. Estar familiarizados com os métodos formais e forma como eles podem contribuir para aumentar a qualidade dos sistemas de software.');
INSERT INTO DegreeClassTopics(id, degreeClass, ordering) VALUES (509, 36, 1);
INSERT INTO DegreeClassTopics(id, degreeClass, ordering) VALUES (510, 36, 2);
INSERT INTO DegreeClassTopics(id, degreeClass, ordering) VALUES (511, 36, 3);
INSERT INTO DegreeClassTopics(id, degreeClass, ordering) VALUES (512, 36, 4);
INSERT INTO DegreeClassTopics(id, degreeClass, ordering) VALUES (513, 36, 5);
INSERT INTO DegreeClassTopics(id, degreeClass, ordering) VALUES (514, 36, 6);
INSERT INTO DegreeClassTopics(id, degreeClass, ordering) VALUES (515, 36, 7);
INSERT INTO DegreeClassTopics(id, degreeClass, ordering) VALUES (516, 36, 8);
INSERT INTO DegreeClassTopics(id, degreeClass, ordering) VALUES (517, 36, 9);
INSERT INTO DegreeClassTopics(id, degreeClass, ordering) VALUES (518, 36, 10);
INSERT INTO DegreeClassTopics(id, degreeClass, ordering) VALUES (519, 36, 11);
INSERT INTO DegreeClassTopics(id, degreeClass, ordering) VALUES (520, 36, 12);
INSERT INTO DegreeClassTopics(id, degreeClass, ordering) VALUES (521, 36, 13);
INSERT INTO DegreeClassTopics(id, degreeClass, ordering) VALUES (522, 36, 14);
INSERT INTO DegreeClassTopics(id, degreeClass, ordering) VALUES (523, 36, 15);
INSERT INTO DegreeClassTopics(id, degreeClass, ordering) VALUES (524, 36, 16);
INSERT INTO DegreeClassTopics(id, degreeClass, ordering) VALUES (525, 36, 17);
INSERT INTO DegreeClassTopics(id, degreeClass, ordering) VALUES (526, 36, 18);
INSERT INTO DegreeClassTopics(id, degreeClass, ordering) VALUES (527, 36, 19);
INSERT INTO DegreeClassTopics(id, degreeClass, ordering) VALUES (528, 36, 20);
INSERT INTO DegreeClassTopics(id, degreeClass, ordering) VALUES (529, 36, 21);
INSERT INTO DegreeClassTopics(id, degreeClass, ordering) VALUES (530, 36, 22);
INSERT INTO DegreeClassTopics(id, degreeClass, ordering) VALUES (531, 36, 23);
INSERT INTO DegreeClassTopics(id, degreeClass, ordering) VALUES (532, 36, 24);
INSERT INTO DegreeClassTopics(id, degreeClass, ordering) VALUES (533, 36, 25);
INSERT INTO DegreeClassTopics(id, degreeClass, ordering) VALUES (534, 36, 26);
INSERT INTO DegreeClassTopics(id, degreeClass, ordering) VALUES (535, 36, 27);
INSERT INTO DegreeClassTopics(id, degreeClass, ordering) VALUES (536, 36, 28);
INSERT INTO DegreeClassTopics(id, degreeClass, ordering) VALUES (537, 36, 29);
INSERT INTO DegreeClassTopics(id, degreeClass, ordering) VALUES (538, 36, 30);
INSERT INTO DegreeClassTopics(id, degreeClass, ordering) VALUES (539, 36, 31);
INSERT INTO DegreeClassTopicTranslations(degreeClassTopic, language, description) VALUES (509, 'PT_PT', 'Introdução: O que são métodos formais');
INSERT INTO DegreeClassTopicTranslations(degreeClassTopic, language, description) VALUES (510, 'PT_PT', 'Introdução: Importância e aplicabilidade dos métodos formais no desenvolvimento de software');
INSERT INTO DegreeClassTopicTranslations(degreeClassTopic, language, description) VALUES (511, 'PT_PT', 'Introdução: Modelos de ciclo de vida e processos de desenvolvimento de software incorporando métodos formais');
INSERT INTO DegreeClassTopicTranslations(degreeClassTopic, language, description) VALUES (512, 'PT_PT', 'Introdução: Especificação, refinamento, implementação, verificação e validação');
INSERT INTO DegreeClassTopicTranslations(degreeClassTopic, language, description) VALUES (513, 'PT_PT', 'Introdução: Classificação de métodos formais');
INSERT INTO DegreeClassTopicTranslations(degreeClassTopic, language, description) VALUES (514, 'PT_PT', 'Introdução: Modelos explícitos vs implícitos, executáveis vs não executáveis');
INSERT INTO DegreeClassTopicTranslations(degreeClassTopic, language, description) VALUES (515, 'PT_PT', 'Introdução: Técnicas de verificação formal');
INSERT INTO DegreeClassTopicTranslations(degreeClassTopic, language, description) VALUES (516, 'PT_PT', 'Provas Formais: Aplicação de lógica de Hoare à prova de correcção de algoritmos');
INSERT INTO DegreeClassTopicTranslations(degreeClassTopic, language, description) VALUES (517, 'PT_PT', 'Provas Formais: Linguagem de especificação Gallina: tipos e expressões; proposições e provas; tipos de dados indutivos; tácticas de prova e automação; predicados indutivos');
INSERT INTO DegreeClassTopicTranslations(degreeClassTopic, language, description) VALUES (518, 'PT_PT', 'Provas Formais: Prova de correcção de programas');
INSERT INTO DegreeClassTopicTranslations(degreeClassTopic, language, description) VALUES (519, 'PT_PT', 'Provas Formais: A ferramenta Jape');
INSERT INTO DegreeClassTopicTranslations(degreeClassTopic, language, description) VALUES (520, 'PT_PT', 'Alloy Constraint Analyzer: Modelação declarativa');
INSERT INTO DegreeClassTopicTranslations(degreeClassTopic, language, description) VALUES (521, 'PT_PT', 'Alloy Constraint Analyzer: Diferenças relativas a "model checking"');
INSERT INTO DegreeClassTopicTranslations(degreeClassTopic, language, description) VALUES (522, 'PT_PT', 'Alloy Constraint Analyzer: Comandos Alloy');
INSERT INTO DegreeClassTopicTranslations(degreeClassTopic, language, description) VALUES (523, 'PT_PT', 'Alloy Constraint Analyzer: Funções; Predicados; Factos; Asserções e Verificações ("Checks")');
INSERT INTO DegreeClassTopicTranslations(degreeClassTopic, language, description) VALUES (524, 'PT_PT', 'Alloy Constraint Analyzer: Modelação estática vs dinâmica');
INSERT INTO DegreeClassTopicTranslations(degreeClassTopic, language, description) VALUES (525, 'PT_PT', 'Alloy Constraint Analyzer: Simular a execução de uma operação');
INSERT INTO DegreeClassTopicTranslations(degreeClassTopic, language, description) VALUES (526, 'PT_PT', 'Alloy Constraint Analyzer: Verificar propriedades "safety"');
INSERT INTO DegreeClassTopicTranslations(degreeClassTopic, language, description) VALUES (527, 'PT_PT', 'Alloy Constraint Analyzer: A ferramenta Alloy analyzer');
INSERT INTO DegreeClassTopicTranslations(degreeClassTopic, language, description) VALUES (528, 'PT_PT', 'Especificação baseada em modelos (VDM): As linguagens VDM-SL e VDM++');
INSERT INTO DegreeClassTopicTranslations(degreeClassTopic, language, description) VALUES (529, 'PT_PT', 'Especificação baseada em modelos (VDM): Representação de dados com base em estruturas matemáticas (conjuntos, sequências e funções finitas)');
INSERT INTO DegreeClassTopicTranslations(degreeClassTopic, language, description) VALUES (530, 'PT_PT', 'Especificação baseada em modelos (VDM): Especificação com estado e sem estado');
INSERT INTO DegreeClassTopicTranslations(degreeClassTopic, language, description) VALUES (531, 'PT_PT', 'Especificação baseada em modelos (VDM): Definição de tipos, valores e funções');
INSERT INTO DegreeClassTopicTranslations(degreeClassTopic, language, description) VALUES (532, 'PT_PT', 'Especificação baseada em modelos (VDM): Definição de classes, variáveis de instância e operações');
INSERT INTO DegreeClassTopicTranslations(degreeClassTopic, language, description) VALUES (533, 'PT_PT', 'Especificação baseada em modelos (VDM): Expressões e instruções');
INSERT INTO DegreeClassTopicTranslations(degreeClassTopic, language, description) VALUES (534, 'PT_PT', 'Especificação baseada em modelos (VDM): Design-by-contract: definição de invariantes, pré-condições e pós-condições');
INSERT INTO DegreeClassTopicTranslations(degreeClassTopic, language, description) VALUES (535, 'PT_PT', 'Especificação baseada em modelos (VDM): Descrição de algoritmos, especificações executáveis');
INSERT INTO DegreeClassTopicTranslations(degreeClassTopic, language, description) VALUES (536, 'PT_PT', 'Especificação baseada em modelos (VDM): Análise de consistência da especificação: obrigações de prova e teste');
INSERT INTO DegreeClassTopicTranslations(degreeClassTopic, language, description) VALUES (537, 'PT_PT', 'Especificação baseada em modelos (VDM): Ligação do VDM++ ao UML');
INSERT INTO DegreeClassTopicTranslations(degreeClassTopic, language, description) VALUES (538, 'PT_PT', 'Especificação baseada em modelos (VDM): Geração de código a partir de uma especificação formal');
INSERT INTO DegreeClassTopicTranslations(degreeClassTopic, language, description) VALUES (539, 'PT_PT', 'Especificação baseada em modelos (VDM): A ferramenta VDMTools');
INSERT INTO DegreeClassTopicTranslations(degreeClassTopic, language, description) VALUES (509, 'EN_UK', 'Introduction: What are formal methods?');
INSERT INTO DegreeClassTopicTranslations(degreeClassTopic, language, description) VALUES (510, 'EN_UK', 'Introduction: Importance and applicability of formal methods in software development');
INSERT INTO DegreeClassTopicTranslations(degreeClassTopic, language, description) VALUES (511, 'EN_UK', 'Introduction: Software development life cycle models and processes incorporating formal methods');
INSERT INTO DegreeClassTopicTranslations(degreeClassTopic, language, description) VALUES (512, 'EN_UK', 'Introduction: Specification, refinement, implementation, verification and validation');
INSERT INTO DegreeClassTopicTranslations(degreeClassTopic, language, description) VALUES (513, 'EN_UK', 'Introduction: Classification of formal methods');
INSERT INTO DegreeClassTopicTranslations(degreeClassTopic, language, description) VALUES (514, 'EN_UK', 'Introduction: Explicit vs implicit, executable vs non-executable models');
INSERT INTO DegreeClassTopicTranslations(degreeClassTopic, language, description) VALUES (515, 'EN_UK', 'Introduction: Formal verification techniques');
INSERT INTO DegreeClassTopicTranslations(degreeClassTopic, language, description) VALUES (516, 'EN_UK', 'Formal Proofs: Application of Hoare logic to prove correctness of algorithms');
INSERT INTO DegreeClassTopicTranslations(degreeClassTopic, language, description) VALUES (517, 'EN_UK', 'Formal Proofs: Gallina specification language: types and expressions; propositions and proofs; inductive data types; proof tactics and automation; inductive predicates');
INSERT INTO DegreeClassTopicTranslations(degreeClassTopic, language, description) VALUES (518, 'EN_UK', 'Formal Proofs: Proof of program correctness');
INSERT INTO DegreeClassTopicTranslations(degreeClassTopic, language, description) VALUES (519, 'EN_UK', 'Formal Proofs: The Jape tool');
INSERT INTO DegreeClassTopicTranslations(degreeClassTopic, language, description) VALUES (520, 'EN_UK', 'Alloy Constraint Analyzer: Declarative modeling');
INSERT INTO DegreeClassTopicTranslations(degreeClassTopic, language, description) VALUES (521, 'EN_UK', 'Alloy Constraint Analyzer: Differences relative to "model checking"');
INSERT INTO DegreeClassTopicTranslations(degreeClassTopic, language, description) VALUES (522, 'EN_UK', 'Alloy Constraint Analyzer: Alloy commands');
INSERT INTO DegreeClassTopicTranslations(degreeClassTopic, language, description) VALUES (523, 'EN_UK', 'Alloy Constraint Analyzer: Functions; Predicates; Facts; Assertions and Verifications ("Checks")');
INSERT INTO DegreeClassTopicTranslations(degreeClassTopic, language, description) VALUES (524, 'EN_UK', 'Alloy Constraint Analyzer: Static vs dynamic modeling');
INSERT INTO DegreeClassTopicTranslations(degreeClassTopic, language, description) VALUES (525, 'EN_UK', 'Alloy Constraint Analyzer: Simulate the execution of an operation');
INSERT INTO DegreeClassTopicTranslations(degreeClassTopic, language, description) VALUES (526, 'EN_UK', 'Alloy Constraint Analyzer: Verify "safety" properties');
INSERT INTO DegreeClassTopicTranslations(degreeClassTopic, language, description) VALUES (527, 'EN_UK', 'Alloy Constraint Analyzer: The Alloy analyzer tool');
INSERT INTO DegreeClassTopicTranslations(degreeClassTopic, language, description) VALUES (528, 'EN_UK', 'Model-based specification (VDM): The VDM-SL and VDM++ languages');
INSERT INTO DegreeClassTopicTranslations(degreeClassTopic, language, description) VALUES (529, 'EN_UK', 'Model-based specification (VDM): Data representation based on mathematical structures (sets, sequences and finite functions)');
INSERT INTO DegreeClassTopicTranslations(degreeClassTopic, language, description) VALUES (530, 'EN_UK', 'Model-based specification (VDM): State-based and stateless specification');
INSERT INTO DegreeClassTopicTranslations(degreeClassTopic, language, description) VALUES (531, 'EN_UK', 'Model-based specification (VDM): Definition of types, values and functions');
INSERT INTO DegreeClassTopicTranslations(degreeClassTopic, language, description) VALUES (532, 'EN_UK', 'Model-based specification (VDM): Definition of classes, instance variables and operations');
INSERT INTO DegreeClassTopicTranslations(degreeClassTopic, language, description) VALUES (533, 'EN_UK', 'Model-based specification (VDM): Expressions and instructions');
INSERT INTO DegreeClassTopicTranslations(degreeClassTopic, language, description) VALUES (534, 'EN_UK', 'Model-based specification (VDM): Design-by-contract: definition of invariants, pre-conditions and post-conditions');
INSERT INTO DegreeClassTopicTranslations(degreeClassTopic, language, description) VALUES (535, 'EN_UK', 'Model-based specification (VDM): Description of algorithms, executable specifications');
INSERT INTO DegreeClassTopicTranslations(degreeClassTopic, language, description) VALUES (536, 'EN_UK', 'Model-based specification (VDM): Analysis of consistency of the specification: proof and test obligations');
INSERT INTO DegreeClassTopicTranslations(degreeClassTopic, language, description) VALUES (537, 'EN_UK', 'Model-based specification (VDM): Linking VDM++ to UML');
INSERT INTO DegreeClassTopicTranslations(degreeClassTopic, language, description) VALUES (538, 'EN_UK', 'Model-based specification (VDM): Code generation from a formal specification');
INSERT INTO DegreeClassTopicTranslations(degreeClassTopic, language, description) VALUES (539, 'EN_UK', 'Model-based specification (VDM): The VDMTools tool');

INSERT INTO DegreeClasses(id, year, semester, ects , isOptional, degree) VALUES (37, 4, 2, 4.5, false, 1);
INSERT INTO DegreeClassTranslations(degreeClass, language, name, description) VALUES  (37, 'PT_PT', 'Investigação Operacional' , 'Dotar os alunos com competências para:\n- identificar problemas de decisão;\n- aplicar as várias fases de resolução de um problema de decisão, em particular, a definição e estruturação de problemas, a construção de modelos e a utilização de métodos quatitativoas para a obtenção da solução;\n- analisar de forma crítica a solução obtida;\n- perceber a importância do papel de agente de mudança nas organizações.');
INSERT INTO DegreeClassTopics(id, degreeClass, ordering) VALUES (540, 37, 1);
INSERT INTO DegreeClassTopics(id, degreeClass, ordering) VALUES (541, 37, 2);
INSERT INTO DegreeClassTopics(id, degreeClass, ordering) VALUES (542, 37, 3);
INSERT INTO DegreeClassTopics(id, degreeClass, ordering) VALUES (543, 37, 4);
INSERT INTO DegreeClassTopics(id, degreeClass, ordering) VALUES (544, 37, 5);
INSERT INTO DegreeClassTopics(id, degreeClass, ordering) VALUES (545, 37, 6);
INSERT INTO DegreeClassTopics(id, degreeClass, ordering) VALUES (546, 37, 7);
INSERT INTO DegreeClassTopics(id, degreeClass, ordering) VALUES (547, 37, 8);
INSERT INTO DegreeClassTopics(id, degreeClass, ordering) VALUES (548, 37, 9);
INSERT INTO DegreeClassTopics(id, degreeClass, ordering) VALUES (549, 37, 10);
INSERT INTO DegreeClassTopics(id, degreeClass, ordering) VALUES (550, 37, 11);
INSERT INTO DegreeClassTopics(id, degreeClass, ordering) VALUES (551, 37, 12);
INSERT INTO DegreeClassTopicTranslations(degreeClassTopic, language, description) VALUES (540, 'PT_PT', 'Programação Linear: Formulação de problemas');
INSERT INTO DegreeClassTopicTranslations(degreeClassTopic, language, description) VALUES (541, 'PT_PT', 'Programação Linear: Resolução gráfica');
INSERT INTO DegreeClassTopicTranslations(degreeClassTopic, language, description) VALUES (542, 'PT_PT', 'Programação Linear: Método Simplex');
INSERT INTO DegreeClassTopicTranslations(degreeClassTopic, language, description) VALUES (543, 'PT_PT', 'Programação Linear: Análise de sensibilidade');
INSERT INTO DegreeClassTopicTranslations(degreeClassTopic, language, description) VALUES (544, 'PT_PT', 'Programação Linear: Dualidade');
INSERT INTO DegreeClassTopicTranslations(degreeClassTopic, language, description) VALUES (545, 'PT_PT', 'Casos especiais de Programação Linear: Problemas de transporte');
INSERT INTO DegreeClassTopicTranslations(degreeClassTopic, language, description) VALUES (546, 'PT_PT', 'Casos especiais de Programação Linear: Problemas de afectação');
INSERT INTO DegreeClassTopicTranslations(degreeClassTopic, language, description) VALUES (547, 'PT_PT', 'Programação Inteira: Formulação de problemas');
INSERT INTO DegreeClassTopicTranslations(degreeClassTopic, language, description) VALUES (548, 'PT_PT', 'Programação Inteira: Técnicas de resolução: Branch and Bound');
INSERT INTO DegreeClassTopicTranslations(degreeClassTopic, language, description) VALUES (549, 'PT_PT', 'Casos especiais de Programação Inteira: Problemas de redes');
INSERT INTO DegreeClassTopicTranslations(degreeClassTopic, language, description) VALUES (550, 'PT_PT', 'Teoria da Decisão');
INSERT INTO DegreeClassTopicTranslations(degreeClassTopic, language, description) VALUES (551, 'PT_PT', 'Filas de Espera');
INSERT INTO DegreeClassTopicTranslations(degreeClassTopic, language, description) VALUES (540, 'EN_UK', 'Linear Programming: Problem formulation');
INSERT INTO DegreeClassTopicTranslations(degreeClassTopic, language, description) VALUES (541, 'EN_UK', 'Linear Programming: Graphical solution');
INSERT INTO DegreeClassTopicTranslations(degreeClassTopic, language, description) VALUES (542, 'EN_UK', 'Linear Programming: Simplex method');
INSERT INTO DegreeClassTopicTranslations(degreeClassTopic, language, description) VALUES (543, 'EN_UK', 'Linear Programming: Sensitivity analysis');
INSERT INTO DegreeClassTopicTranslations(degreeClassTopic, language, description) VALUES (544, 'EN_UK', 'Linear Programming: Duality');
INSERT INTO DegreeClassTopicTranslations(degreeClassTopic, language, description) VALUES (545, 'EN_UK', 'Special cases of Linear Programming: Transportation problems');
INSERT INTO DegreeClassTopicTranslations(degreeClassTopic, language, description) VALUES (546, 'EN_UK', 'Special cases of Linear Programming: Assignment problems');
INSERT INTO DegreeClassTopicTranslations(degreeClassTopic, language, description) VALUES (547, 'EN_UK', 'Integer Programming: Problem formulation');
INSERT INTO DegreeClassTopicTranslations(degreeClassTopic, language, description) VALUES (548, 'EN_UK', 'Integer Programming: Solution techniques: Branch and Bound');
INSERT INTO DegreeClassTopicTranslations(degreeClassTopic, language, description) VALUES (549, 'EN_UK', 'Special cases of Integer Programming: Network problems');
INSERT INTO DegreeClassTopicTranslations(degreeClassTopic, language, description) VALUES (550, 'EN_UK', 'Decision Theory');
INSERT INTO DegreeClassTopicTranslations(degreeClassTopic, language, description) VALUES (551, 'EN_UK', 'Queues');

INSERT INTO DegreeClasses(id, year, semester, ects , isOptional, degree) VALUES (38, 4, 2, 7.5, false, 1);
INSERT INTO DegreeClassTranslations(degreeClass, language, name, description) VALUES  (38, 'PT_PT', 'Laboratório de Gestão de Projectos' , 'No final da Unidade Curricular os estudantes deverão ser capazes de:\n- Identificar a necessidade de recurso à gestão de projectos bem como a importância do seu enquadramento estratégico;\n- Identificar os diferentes referenciais normativos e metodologias para a gestão de projectos;\n- Identificar e definir as áreas de processo e variáveis da gestão de projectos;\n- Aplicar metodologias e ferramentas de gestão de projecto e trabalho em equipa;\n- Aplicar conceitos e ferramentas de gestão da qualidade a projectos;\n- Identificar e gerir os riscos inerentes a um projectco.');
INSERT INTO DegreeClassTopics(id, degreeClass, ordering) VALUES (552, 38, 1);
INSERT INTO DegreeClassTopics(id, degreeClass, ordering) VALUES (553, 38, 2);
INSERT INTO DegreeClassTopics(id, degreeClass, ordering) VALUES (554, 38, 3);
INSERT INTO DegreeClassTopics(id, degreeClass, ordering) VALUES (555, 38, 4);
INSERT INTO DegreeClassTopics(id, degreeClass, ordering) VALUES (556, 38, 5);
INSERT INTO DegreeClassTopics(id, degreeClass, ordering) VALUES (557, 38, 6);
INSERT INTO DegreeClassTopics(id, degreeClass, ordering) VALUES (558, 38, 7);
INSERT INTO DegreeClassTopics(id, degreeClass, ordering) VALUES (559, 38, 8);
INSERT INTO DegreeClassTopicTranslations(degreeClassTopic, language, description) VALUES (552, 'PT_PT', 'Gestão de Projectos: Arranque do projecto');
INSERT INTO DegreeClassTopicTranslations(degreeClassTopic, language, description) VALUES (553, 'PT_PT', 'Gestão de Projectos: Planeamento do projecto (decomposição hierárquica do projecto, definição de dependências, estimação de esforços, afectação de recursos, calendarização, diagramas, documento de plano do projecto, métodos PERT e CPM)');
INSERT INTO DegreeClassTopicTranslations(degreeClassTopic, language, description) VALUES (554, 'PT_PT', 'Gestão de Projectos: Monitorização e controlo do projecto (medição do progresso do projecto, “earned value management,” reporte periódico, replaneamento)');
INSERT INTO DegreeClassTopicTranslations(degreeClassTopic, language, description) VALUES (555, 'PT_PT', 'Gestão de Projectos: Fecho do projecto (relatório de fecho, lições aprendidas)');
INSERT INTO DegreeClassTopicTranslations(degreeClassTopic, language, description) VALUES (556, 'PT_PT', 'Trabalho em equipa: Grupo de trabalho, equipa, estilos de gestão e organização de equipas, “team building”, liderança e “coaching”, comunicação pessoal, gestão de reuniões, negociação e gestão de conflitos, “logbooks”.');
INSERT INTO DegreeClassTopicTranslations(degreeClassTopic, language, description) VALUES (557, 'PT_PT', 'Metodologias e Ferramentas: Metodologias para gestão de projectos e organização de equipas de software: Team Software Process (TSP); Scrum; Rational Unified Process (RUP)');
INSERT INTO DegreeClassTopicTranslations(degreeClassTopic, language, description) VALUES (558, 'PT_PT', 'Metodologias e Ferramentas: Ferramentas para gestão de projectos e trabalho em equipa');
INSERT INTO DegreeClassTopicTranslations(degreeClassTopic, language, description) VALUES (559, 'PT_PT', 'Experimentação: Aplicação em projectos concretos, realizados por equipas de média dimensão, dos métodos, técnicas e formas de trabalho apresentados');
INSERT INTO DegreeClassTopicTranslations(degreeClassTopic, language, description) VALUES (552, 'EN_UK', 'Project Management: Project initiation');
INSERT INTO DegreeClassTopicTranslations(degreeClassTopic, language, description) VALUES (553, 'EN_UK', 'Project Management: Project planning (hierarchical decomposition of the project, definition of dependencies, effort estimation, resource allocation, scheduling, diagrams, project plan document, PERT and CPM methods)');
INSERT INTO DegreeClassTopicTranslations(degreeClassTopic, language, description) VALUES (554, 'EN_UK', 'Project Management: Project monitoring and control (measuring project progress, earned value management, periodic reporting, replanning)');
INSERT INTO DegreeClassTopicTranslations(degreeClassTopic, language, description) VALUES (555, 'EN_UK', 'Project Management: Project closure (closure report, lessons learned)');
INSERT INTO DegreeClassTopicTranslations(degreeClassTopic, language, description) VALUES (556, 'EN_UK', 'Teamwork: Workgroup, team, management styles and team organization, team building, leadership and coaching, personal communication, meeting management, negotiation and conflict management, logbooks.');
INSERT INTO DegreeClassTopicTranslations(degreeClassTopic, language, description) VALUES (557, 'EN_UK', 'Methodologies and Tools: Methodologies for project management and software team organization: Team Software Process (TSP); Scrum; Rational Unified Process (RUP)');
INSERT INTO DegreeClassTopicTranslations(degreeClassTopic, language, description) VALUES (558, 'EN_UK', 'Methodologies and Tools: Tools for project management and teamwork');
INSERT INTO DegreeClassTopicTranslations(degreeClassTopic, language, description) VALUES (559, 'EN_UK', 'Experimentation: Application in concrete projects, carried out by medium-sized teams, of the methods, techniques and forms of work presented');

INSERT INTO DegreeClasses(id, year, semester, ects , isOptional, degree) VALUES (39, 4, 2, 6, true, 1);
INSERT INTO DegreeClassTranslations(degreeClass, language, name, description) VALUES  (39, 'PT_PT', 'Arquitectura de Sistemas de Software' , 'A disciplina de Arquitecturas de Sistemas de Software tem como objectivo principal introduzir os conceitos de arquitecturas de software, padrões de desenho e tópicos directamente relacionados, tais como o de componentes de software.');
INSERT INTO DegreeClassTopics(id, degreeClass, ordering) VALUES (560, 39, 1);
INSERT INTO DegreeClassTopics(id, degreeClass, ordering) VALUES (561, 39, 2);
INSERT INTO DegreeClassTopics(id, degreeClass, ordering) VALUES (562, 39, 3);
INSERT INTO DegreeClassTopics(id, degreeClass, ordering) VALUES (563, 39, 4);
INSERT INTO DegreeClassTopics(id, degreeClass, ordering) VALUES (564, 39, 5);
INSERT INTO DegreeClassTopics(id, degreeClass, ordering) VALUES (565, 39, 6);
INSERT INTO DegreeClassTopics(id, degreeClass, ordering) VALUES (566, 39, 7);
INSERT INTO DegreeClassTopics(id, degreeClass, ordering) VALUES (567, 39, 8);
INSERT INTO DegreeClassTopics(id, degreeClass, ordering) VALUES (568, 39, 9);
INSERT INTO DegreeClassTopics(id, degreeClass, ordering) VALUES (569, 39, 10);
INSERT INTO DegreeClassTopics(id, degreeClass, ordering) VALUES (570, 39, 11);
INSERT INTO DegreeClassTopics(id, degreeClass, ordering) VALUES (571, 39, 12);
INSERT INTO DegreeClassTopics(id, degreeClass, ordering) VALUES (572, 39, 13);
INSERT INTO DegreeClassTopics(id, degreeClass, ordering) VALUES (573, 39, 14);
INSERT INTO DegreeClassTopics(id, degreeClass, ordering) VALUES (574, 39, 15);
INSERT INTO DegreeClassTopics(id, degreeClass, ordering) VALUES (575, 39, 16);
INSERT INTO DegreeClassTopicTranslations(degreeClassTopic, language, description) VALUES (560, 'PT_PT', 'Desenho de software: conceitos, princípios e abordagens fundamentais.');
INSERT INTO DegreeClassTopicTranslations(degreeClassTopic, language, description) VALUES (561, 'PT_PT', 'O que é arquitectura de software?');
INSERT INTO DegreeClassTopicTranslations(degreeClassTopic, language, description) VALUES (562, 'PT_PT', 'A importância da arquitectura de software.');
INSERT INTO DegreeClassTopicTranslations(degreeClassTopic, language, description) VALUES (563, 'PT_PT', 'Exemplos de arquitecturas aos níveis micro e macro: padrões de desenho, frameworks e linhas de produção');
INSERT INTO DegreeClassTopicTranslations(degreeClassTopic, language, description) VALUES (564, 'PT_PT', 'Os principais estilos arquitecturais');
INSERT INTO DegreeClassTopicTranslations(degreeClassTopic, language, description) VALUES (565, 'PT_PT', 'As origens dos padrões de software');
INSERT INTO DegreeClassTopicTranslations(degreeClassTopic, language, description) VALUES (566, 'PT_PT', 'Tipos de padrões de software: padrões de arquitectura, padrões de desenho, estruturas idiomáticas.');
INSERT INTO DegreeClassTopicTranslations(degreeClassTopic, language, description) VALUES (567, 'PT_PT', 'Exemplos de Padrões de Arquitectura: POSA patterns.');
INSERT INTO DegreeClassTopicTranslations(degreeClassTopic, language, description) VALUES (568, 'PT_PT', 'Exemplos de Padrões de Desenho: GoF patterns.');
INSERT INTO DegreeClassTopicTranslations(degreeClassTopic, language, description) VALUES (569, 'PT_PT', 'Arquitecturas e Atributos de Qualidade.');
INSERT INTO DegreeClassTopicTranslations(degreeClassTopic, language, description) VALUES (570, 'PT_PT', 'Estilos de arquitecturas, modelos de referência e arquitecturas de referência: pipes and filters, data abstraction, object-orientation, event-based systems, layered systems, repositories, interpreters, process-control systems.');
INSERT INTO DegreeClassTopicTranslations(degreeClassTopic, language, description) VALUES (571, 'PT_PT', 'Desenho, avaliação e refinamento de arquitecturas de software.');
INSERT INTO DegreeClassTopicTranslations(degreeClassTopic, language, description) VALUES (572, 'PT_PT', 'Representação e Documentação de arquitecturas de software.');
INSERT INTO DegreeClassTopicTranslations(degreeClassTopic, language, description) VALUES (573, 'PT_PT', 'Reutilização de arquitecturas de software: linhas de produção, frameworks, componentes de software.');
INSERT INTO DegreeClassTopicTranslations(degreeClassTopic, language, description) VALUES (574, 'PT_PT', 'Estudo de arquitecturas simples.');
INSERT INTO DegreeClassTopicTranslations(degreeClassTopic, language, description) VALUES (575, 'PT_PT', 'Estudo de arquitecturas tecnológicas complexas.');
INSERT INTO DegreeClassTopicTranslations(degreeClassTopic, language, description) VALUES (560, 'EN_UK', 'Software Design: concepts, principles and fundamental approaches.');
INSERT INTO DegreeClassTopicTranslations(degreeClassTopic, language, description) VALUES (561, 'EN_UK', 'What is software architecture?');
INSERT INTO DegreeClassTopicTranslations(degreeClassTopic, language, description) VALUES (562, 'EN_UK', 'The importance of software architecture.');
INSERT INTO DegreeClassTopicTranslations(degreeClassTopic, language, description) VALUES (563, 'EN_UK', 'Examples of architectures at the micro and macro levels: design patterns, frameworks and production lines');
INSERT INTO DegreeClassTopicTranslations(degreeClassTopic, language, description) VALUES (564, 'EN_UK', 'The main architectural styles');
INSERT INTO DegreeClassTopicTranslations(degreeClassTopic, language, description) VALUES (565, 'EN_UK', 'The origins of software patterns');
INSERT INTO DegreeClassTopicTranslations(degreeClassTopic, language, description) VALUES (566, 'EN_UK', 'Types of software patterns: architectural patterns, design patterns, idioms.');
INSERT INTO DegreeClassTopicTranslations(degreeClassTopic, language, description) VALUES (567, 'EN_UK', 'Examples of Architectural Patterns: POSA patterns.');
INSERT INTO DegreeClassTopicTranslations(degreeClassTopic, language, description) VALUES (568, 'EN_UK', 'Examples of Design Patterns: GoF patterns.');
INSERT INTO DegreeClassTopicTranslations(degreeClassTopic, language, description) VALUES (569, 'EN_UK', 'Architectures and Quality Attributes.');
INSERT INTO DegreeClassTopicTranslations(degreeClassTopic, language, description) VALUES (570, 'EN_UK', 'Architectural styles, reference models and reference architectures: pipes and filters, data abstraction, object-orientation, event-based systems, layered systems, repositories, interpreters, process-control systems.');
INSERT INTO DegreeClassTopicTranslations(degreeClassTopic, language, description) VALUES (571, 'EN_UK', 'Design, evaluation and refinement of software architectures.');
INSERT INTO DegreeClassTopicTranslations(degreeClassTopic, language, description) VALUES (572, 'EN_UK', 'Representation and Documentation of software architectures.');
INSERT INTO DegreeClassTopicTranslations(degreeClassTopic, language, description) VALUES (573, 'EN_UK', 'Reuse of software architectures: production lines, frameworks, software components.');
INSERT INTO DegreeClassTopicTranslations(degreeClassTopic, language, description) VALUES (574, 'EN_UK', 'Study of simple architectures.');
INSERT INTO DegreeClassTopicTranslations(degreeClassTopic, language, description) VALUES (575, 'EN_UK', 'Study of complex technological architectures.');

INSERT INTO DegreeClasses(id, year, semester, ects , isOptional, degree) VALUES (40, 4, 2, 6, true, 1);
INSERT INTO DegreeClassTranslations(degreeClass, language, name, description) VALUES  (40, 'PT_PT', 'Arquitectura e Gestão de Redes e Sistemas' , 'Esta unidade curricular tem como objectivo que os estudantes adquiriram competências no planeamento e gestão integrada de infra-estruturas de rede, sistemas e serviços.');
INSERT INTO DegreeClassTopics(id, degreeClass, ordering) VALUES (576, 40, 1);
INSERT INTO DegreeClassTopics(id, degreeClass, ordering) VALUES (577, 40, 2);
INSERT INTO DegreeClassTopics(id, degreeClass, ordering) VALUES (578, 40, 3);
INSERT INTO DegreeClassTopics(id, degreeClass, ordering) VALUES (579, 40, 4);
INSERT INTO DegreeClassTopics(id, degreeClass, ordering) VALUES (580, 40, 5);
INSERT INTO DegreeClassTopics(id, degreeClass, ordering) VALUES (581, 40, 6);
INSERT INTO DegreeClassTopics(id, degreeClass, ordering) VALUES (582, 40, 7);
INSERT INTO DegreeClassTopics(id, degreeClass, ordering) VALUES (583, 40, 8);
INSERT INTO DegreeClassTopics(id, degreeClass, ordering) VALUES (584, 40, 9);
INSERT INTO DegreeClassTopics(id, degreeClass, ordering) VALUES (585, 40, 10);
INSERT INTO DegreeClassTopics(id, degreeClass, ordering) VALUES (586, 40, 11);
INSERT INTO DegreeClassTopics(id, degreeClass, ordering) VALUES (587, 40, 12);
INSERT INTO DegreeClassTopicTranslations(degreeClassTopic, language, description) VALUES (576, 'PT_PT', 'Redes de Empresa: análise de requisitos');
INSERT INTO DegreeClassTopicTranslations(degreeClassTopic, language, description) VALUES (577, 'PT_PT', 'Redes de Empresa: análise de fluxos');
INSERT INTO DegreeClassTopicTranslations(degreeClassTopic, language, description) VALUES (578, 'PT_PT', 'Redes de Empresa: componentes e serviços fundamentais');
INSERT INTO DegreeClassTopicTranslations(degreeClassTopic, language, description) VALUES (579, 'PT_PT', 'Redes de Empresa: topologias de redes');
INSERT INTO DegreeClassTopicTranslations(degreeClassTopic, language, description) VALUES (580, 'PT_PT', 'Redes de Empresa: redes virtuais (VLAN, VPN)');
INSERT INTO DegreeClassTopicTranslations(degreeClassTopic, language, description) VALUES (581, 'PT_PT', 'Redes de Empresa: interligação WAN/LAN, planeamento do endereçamento e do routing, qualidade de serviço e segurança');
INSERT INTO DegreeClassTopicTranslations(degreeClassTopic, language, description) VALUES (582, 'PT_PT', 'Arquitecturas de Sistemas em redes empresariais: clustering de servidores, modelos de distribuição de carga, alta disponibilidade, escalabilidade e redundância');
INSERT INTO DegreeClassTopicTranslations(degreeClassTopic, language, description) VALUES (583, 'PT_PT', 'Gestão de Redes: áreas funcionais, camadas de gestão, operações de gestão e funcionalidades de alto nível');
INSERT INTO DegreeClassTopicTranslations(degreeClassTopic, language, description) VALUES (584, 'PT_PT', 'Gestão de Redes: a arquitectura de gestão Internet baseada no SNMP, componentes fundamentais do modelo gestão, MIBs, agentes, gestores, proxys e sondas');
INSERT INTO DegreeClassTopicTranslations(degreeClassTopic, language, description) VALUES (585, 'PT_PT', 'Gestão de Redes: modelos de informação');
INSERT INTO DegreeClassTopicTranslations(degreeClassTopic, language, description) VALUES (586, 'PT_PT', 'Gestão de Redes: gestão integrada de redes e sistemas baseada na Web (WBEM)');
INSERT INTO DegreeClassTopicTranslations(degreeClassTopic, language, description) VALUES (587, 'PT_PT', 'Gestão de Redes: avaliação de plataformas de gestão');
INSERT INTO DegreeClassTopicTranslations(degreeClassTopic, language, description) VALUES (576, 'EN_UK', 'Enterprise Networks: requirements analysis');
INSERT INTO DegreeClassTopicTranslations(degreeClassTopic, language, description) VALUES (577, 'EN_UK', 'Enterprise Networks: flow analysis');
INSERT INTO DegreeClassTopicTranslations(degreeClassTopic, language, description) VALUES (578, 'EN_UK', 'Enterprise Networks: fundamental components and services');
INSERT INTO DegreeClassTopicTranslations(degreeClassTopic, language, description) VALUES (579, 'EN_UK', 'Enterprise Networks: network topologies');
INSERT INTO DegreeClassTopicTranslations(degreeClassTopic, language, description) VALUES (580, 'EN_UK', 'Enterprise Networks: virtual networks (VLAN, VPN)');
INSERT INTO DegreeClassTopicTranslations(degreeClassTopic, language, description) VALUES (581, 'EN_UK', 'Enterprise Networks: WAN/LAN interconnection, addressing and routing planning, quality of service and security');
INSERT INTO DegreeClassTopicTranslations(degreeClassTopic, language, description) VALUES (582, 'EN_UK', 'Enterprise Network Systems Architectures: server clustering, load distribution models, high availability, scalability and redundancy');
INSERT INTO DegreeClassTopicTranslations(degreeClassTopic, language, description) VALUES (583, 'EN_UK', 'Network Management: functional areas, management layers, management operations and high-level features');
INSERT INTO DegreeClassTopicTranslations(degreeClassTopic, language, description) VALUES (584, 'EN_UK', 'Network Management: the SNMP-based Internet management architecture, fundamental components of the management model, MIBs, agents, managers, proxies and probes');
INSERT INTO DegreeClassTopicTranslations(degreeClassTopic, language, description) VALUES (585, 'EN_UK', 'Network Management: information models');
INSERT INTO DegreeClassTopicTranslations(degreeClassTopic, language, description) VALUES (586, 'EN_UK', 'Network Management: Web-based integrated network and system management (WBEM)');
INSERT INTO DegreeClassTopicTranslations(degreeClassTopic, language, description) VALUES (587, 'EN_UK', 'Network Management: evaluation of management platforms');

INSERT INTO DegreeClasses(id, year, semester, ects , isOptional, degree) VALUES (41, 4, 2, 6, true, 1);
INSERT INTO DegreeClassTranslations(degreeClass, language, name, description) VALUES  (41, 'PT_PT', 'Computação Paralela' , 'Aquisição de conhecimentos conducentes à utilização simultânea de várias unidades de processamento num sistema de computação. Construção de bases sólidas sobre arquitecturas paralelas, paralelização de algoritmos, modelos de programação, sincronização de processos e medidas de desempenho, através do desenvolvimento de programas.');
INSERT INTO DegreeClassTopics(id, degreeClass, ordering) VALUES (588, 41, 1);
INSERT INTO DegreeClassTopics(id, degreeClass, ordering) VALUES (589, 41, 2);
INSERT INTO DegreeClassTopics(id, degreeClass, ordering) VALUES (590, 41, 3);
INSERT INTO DegreeClassTopics(id, degreeClass, ordering) VALUES (591, 41, 4);
INSERT INTO DegreeClassTopics(id, degreeClass, ordering) VALUES (592, 41, 5);
INSERT INTO DegreeClassTopics(id, degreeClass, ordering) VALUES (593, 41, 6);
INSERT INTO DegreeClassTopics(id, degreeClass, ordering) VALUES (594, 41, 7);
INSERT INTO DegreeClassTopics(id, degreeClass, ordering) VALUES (595, 41, 8);
INSERT INTO DegreeClassTopics(id, degreeClass, ordering) VALUES (596, 41, 9);
INSERT INTO DegreeClassTopics(id, degreeClass, ordering) VALUES (597, 41, 10);
INSERT INTO DegreeClassTopics(id, degreeClass, ordering) VALUES (598, 41, 11);
INSERT INTO DegreeClassTopics(id, degreeClass, ordering) VALUES (599, 41, 12);
INSERT INTO DegreeClassTopics(id, degreeClass, ordering) VALUES (600, 41, 13);
INSERT INTO DegreeClassTopicTranslations(degreeClassTopic, language, description) VALUES (588, 'PT_PT', 'Medidas de desempenho: MIPS e FLOPS');
INSERT INTO DegreeClassTopicTranslations(degreeClassTopic, language, description) VALUES (589, 'PT_PT', 'Caracterização de desempenho: ‘peak’, máximo e sustentável');
INSERT INTO DegreeClassTopicTranslations(degreeClassTopic, language, description) VALUES (590, 'PT_PT', 'Máquinas paralelas: processadores superescalares e vectoriais, organização de memória e redes de interligação');
INSERT INTO DegreeClassTopicTranslations(degreeClassTopic, language, description) VALUES (591, 'PT_PT', 'Efeito da gestão da memória cache no desempenho do processador – Localização dos Dados');
INSERT INTO DegreeClassTopicTranslations(degreeClassTopic, language, description) VALUES (592, 'PT_PT', 'Limitações da computação paralela (Amdahl Law)');
INSERT INTO DegreeClassTopicTranslations(degreeClassTopic, language, description) VALUES (593, 'PT_PT', 'Tipos de paralelismos: paralelismo funcional, paralelismo de dados, streaming');
INSERT INTO DegreeClassTopicTranslations(degreeClassTopic, language, description) VALUES (594, 'PT_PT', 'Etapas na paralelização de um algoritmo: divisão em operações paralelas, padrões de comunicação, sincronização, granularidade e escalonamento (distribuição do trabalho pelos processadores)');
INSERT INTO DegreeClassTopicTranslations(degreeClassTopic, language, description) VALUES (595, 'PT_PT', 'Memória Partilhada e Memória Distribuída');
INSERT INTO DegreeClassTopicTranslations(degreeClassTopic, language, description) VALUES (596, 'PT_PT', 'Problemas de concorrência, secções criticas, ‘False sharing’, operações de redução');
INSERT INTO DegreeClassTopicTranslations(degreeClassTopic, language, description) VALUES (597, 'PT_PT', 'Utilização de MPI e OpenMP');
INSERT INTO DegreeClassTopicTranslations(degreeClassTopic, language, description) VALUES (598, 'PT_PT', 'Programação de GPUs para o paradigma de paralelismo de dados (CUDA)');
INSERT INTO DegreeClassTopicTranslations(degreeClassTopic, language, description) VALUES (599, 'PT_PT', 'Modelos de execução, Modelos de Computação, Medidas de Desempenho e Eficiência, Expansibilidade (Função de Isoeficiência)');
INSERT INTO DegreeClassTopicTranslations(degreeClassTopic, language, description) VALUES (600, 'PT_PT', 'P2P, GRID, CLOUD COMPUTING. Aplicações e características.');
INSERT INTO DegreeClassTopicTranslations(degreeClassTopic, language, description) VALUES (588, 'EN_UK', 'Performance metrics: MIPS and FLOPS');
INSERT INTO DegreeClassTopicTranslations(degreeClassTopic, language, description) VALUES (589, 'EN_UK', 'Performance characterization: peak, maximum, and sustained');
INSERT INTO DegreeClassTopicTranslations(degreeClassTopic, language, description) VALUES (590, 'EN_UK', 'Parallel machines: superscalar and vector processors, memory organization, and interconnection networks');
INSERT INTO DegreeClassTopicTranslations(degreeClassTopic, language, description) VALUES (591, 'EN_UK', 'The effect of cache memory management on processor performance - Data Locality');
INSERT INTO DegreeClassTopicTranslations(degreeClassTopic, language, description) VALUES (592, 'EN_UK', 'Limitations of parallel computing (Amdahl Law)');
INSERT INTO DegreeClassTopicTranslations(degreeClassTopic, language, description) VALUES (593, 'EN_UK', 'Types of parallelism: functional parallelism, data parallelism, streaming');
INSERT INTO DegreeClassTopicTranslations(degreeClassTopic, language, description) VALUES (594, 'EN_UK', 'Steps in parallelizing an algorithm: dividing into parallel operations, communication patterns, synchronization, granularity, and scaling (distribution of work across processors)');
INSERT INTO DegreeClassTopicTranslations(degreeClassTopic, language, description) VALUES (595, 'EN_UK', 'Shared Memory and Distributed Memory');
INSERT INTO DegreeClassTopicTranslations(degreeClassTopic, language, description) VALUES (596, 'EN_UK', 'Concurrency problems, critical sections, false sharing, reduction operations');
INSERT INTO DegreeClassTopicTranslations(degreeClassTopic, language, description) VALUES (597, 'EN_UK', 'Using MPI and OpenMP');
INSERT INTO DegreeClassTopicTranslations(degreeClassTopic, language, description) VALUES (598, 'EN_UK', 'GPU Programming for the Data Parallelism Paradigm (CUDA)');
INSERT INTO DegreeClassTopicTranslations(degreeClassTopic, language, description) VALUES (599, 'EN_UK', 'Execution Models, Computing Models, Performance and Efficiency Metrics, Scalability (Isoefficiency Function)');
INSERT INTO DegreeClassTopicTranslations(degreeClassTopic, language, description) VALUES (600, 'EN_UK', 'P2P, GRID, CLOUD COMPUTING. Applications and features.');

INSERT INTO DegreeClasses(id, year, semester, ects , isOptional, degree) VALUES (42, 4, 2, 6, true, 1);
INSERT INTO DegreeClassTranslations(degreeClass, language, name, description) VALUES  (42, 'PT_PT', 'Comunicações Móveis' , 'Nesta UC são discutidos os aspectos fundamentais do funcionamento de redes de comunicações móveis, as tecnologias de comunicações móveis mais importantes, e técnicas de engenharia e de projecto de redes de comunicações móveis.');
INSERT INTO DegreeClassTopics(id, degreeClass, ordering) VALUES (601, 42, 1);
INSERT INTO DegreeClassTopics(id, degreeClass, ordering) VALUES (602, 42, 2);
INSERT INTO DegreeClassTopics(id, degreeClass, ordering) VALUES (603, 42, 3);
INSERT INTO DegreeClassTopics(id, degreeClass, ordering) VALUES (604, 42, 4);
INSERT INTO DegreeClassTopics(id, degreeClass, ordering) VALUES (605, 42, 5);
INSERT INTO DegreeClassTopics(id, degreeClass, ordering) VALUES (606, 42, 6);
INSERT INTO DegreeClassTopics(id, degreeClass, ordering) VALUES (607, 42, 7);
INSERT INTO DegreeClassTopics(id, degreeClass, ordering) VALUES (608, 42, 8);
INSERT INTO DegreeClassTopicTranslations(degreeClassTopic, language, description) VALUES (601, 'PT_PT', 'Características de um sistema de comunicação móvel: aplicações; história; normalização; modelos de referência; atribuição de frequências.');
INSERT INTO DegreeClassTopicTranslations(degreeClassTopic, language, description) VALUES (602, 'PT_PT', 'Transmissão sem fios: modelos de propagação do sinal; modulações; codificações; técnicas de transmissão canais de banda larga; técnicas adaptativas.');
INSERT INTO DegreeClassTopicTranslations(degreeClassTopic, language, description) VALUES (603, 'PT_PT', 'Ligações de dados sem fios: técnicas de multiplexagem; técnicas duplex; técnicas ARQ para redes sem fios; técnicas de acesso múltiplo; controlo da ligação rádio.');
INSERT INTO DegreeClassTopicTranslations(degreeClassTopic, language, description) VALUES (604, 'PT_PT', 'Redes sobre ligações sem fios e arquitecturas de rede: nível 2 vs nível 3; túneis; plano de dados e de controlo; IPv6; MIPv6; arquitecturas de referência das redes de acesso rádio.');
INSERT INTO DegreeClassTopicTranslations(degreeClassTopic, language, description) VALUES (605, 'PT_PT', 'Redes IEEE sem fios: 802.11 (WLAN), 802.15 (WPAN), 802.16 (WMAN).');
INSERT INTO DegreeClassTopicTranslations(degreeClassTopic, language, description) VALUES (606, 'PT_PT', 'Redes sem fios emalhadas.');
INSERT INTO DegreeClassTopicTranslations(degreeClassTopic, language, description) VALUES (607, 'PT_PT', 'Redes de telecomunicações sem fios: GSM, GPRS, UMTS, LTE');
INSERT INTO DegreeClassTopicTranslations(degreeClassTopic, language, description) VALUES (608, 'PT_PT', 'Gestão de mobilidade: modelos; casos de estudo de redes 3GPP, IEEE e IETF.');
INSERT INTO DegreeClassTopicTranslations(degreeClassTopic, language, description) VALUES (601, 'EN_UK', 'Characteristics of a mobile communication system: applications; history; standardization; reference models; frequency allocation.');
INSERT INTO DegreeClassTopicTranslations(degreeClassTopic, language, description) VALUES (602, 'EN_UK', 'Wireless transmission: signal propagation models; modulations; codings; transmission techniques broadband channels; adaptive techniques.');
INSERT INTO DegreeClassTopicTranslations(degreeClassTopic, language, description) VALUES (603, 'EN_UK', 'Wireless data links: multiplexing techniques; duplex techniques; ARQ techniques for wireless networks; multiple access techniques; radio link control.');
INSERT INTO DegreeClassTopicTranslations(degreeClassTopic, language, description) VALUES (604, 'EN_UK', 'Networks over wireless links and network architectures: layer 2 vs layer 3; tunnels; data and control plane; IPv6; MIPv6; reference architectures for radio access networks.');
INSERT INTO DegreeClassTopicTranslations(degreeClassTopic, language, description) VALUES (605, 'EN_UK', 'IEEE wireless networks: 802.11 (WLAN), 802.15 (WPAN), 802.16 (WMAN).');
INSERT INTO DegreeClassTopicTranslations(degreeClassTopic, language, description) VALUES (606, 'EN_UK', 'Wireless mesh networks.');
INSERT INTO DegreeClassTopicTranslations(degreeClassTopic, language, description) VALUES (607, 'EN_UK', 'Wireless telecommunications networks: GSM, GPRS, UMTS, LTE');
INSERT INTO DegreeClassTopicTranslations(degreeClassTopic, language, description) VALUES (608, 'EN_UK', 'Mobility management: models; case studies of 3GPP, IEEE and IETF networks.');

INSERT INTO DegreeClasses(id, year, semester, ects , isOptional, degree) VALUES (43, 4, 2, 6, true, 1);
INSERT INTO DegreeClassTranslations(degreeClass, language, name, description) VALUES  (43, 'PT_PT', 'Desenvolvimento de Jogos de Computador' , 'O objectivo desta unidade curricular é transmitir o conhecimento sobre o processo de desenvolvimento de jogos de computador, com ênfase particular nos aspectos relacionados com a programação dos diversos módulos que compõem um motor de jogo.');
INSERT INTO DegreeClassTopics(id, degreeClass, ordering) VALUES (609, 43, 1);
INSERT INTO DegreeClassTopics(id, degreeClass, ordering) VALUES (610, 43, 2);
INSERT INTO DegreeClassTopics(id, degreeClass, ordering) VALUES (611, 43, 3);
INSERT INTO DegreeClassTopics(id, degreeClass, ordering) VALUES (612, 43, 4);
INSERT INTO DegreeClassTopics(id, degreeClass, ordering) VALUES (613, 43, 5);
INSERT INTO DegreeClassTopicTranslations(degreeClassTopic, language, description) VALUES (609, 'PT_PT', 'Jogos de Computador: Conceito; enquadramento histórico; processo de desenvolvimento; aspectos psicológicos e sociais.');
INSERT INTO DegreeClassTopicTranslations(degreeClassTopic, language, description) VALUES (610, 'PT_PT', 'Design de Jogos de Computador: Criação da história, personagens, ambientes e níveis; mecânica do jogo; interacção com o utilizador; documentação de suporte.');
INSERT INTO DegreeClassTopicTranslations(degreeClassTopic, language, description) VALUES (611, 'PT_PT', 'Programação de Jogos de Computador: Arquitectura de um motor de jogo; estruturas de dados e algoritmos; motor gráfico; motor de lógica; motor de física. Inteligência artificial. Modelação procedimental.');
INSERT INTO DegreeClassTopicTranslations(degreeClassTopic, language, description) VALUES (612, 'PT_PT', 'Design Visual e Áudio: Design, criação e análise das componentes visuais dos jogos de computador; design e criação do som e dos ambientes sonoros dos jogos de computador.');
INSERT INTO DegreeClassTopicTranslations(degreeClassTopic, language, description) VALUES (613, 'PT_PT', 'A Indústria dos Jogos de Computador: Enquadramento; áreas de negócio e aplicação dos jogos de computador; ciclo de vida do desenvolvimento de jogos de computador.');
INSERT INTO DegreeClassTopicTranslations(degreeClassTopic, language, description) VALUES (609, 'EN_UK', 'Computer Games: Concept; historical context; development process; psychological and social aspects.');
INSERT INTO DegreeClassTopicTranslations(degreeClassTopic, language, description) VALUES (610, 'EN_UK', 'Computer Game Design: Creating the story, characters, environments and levels; game mechanics; user interaction; supporting documentation.');
INSERT INTO DegreeClassTopicTranslations(degreeClassTopic, language, description) VALUES (611, 'EN_UK', 'Computer Game Programming: Architecture of a game engine; data structures and algorithms; graphics engine; logic engine; physics engine. Artificial intelligence. Procedural modeling.');
INSERT INTO DegreeClassTopicTranslations(degreeClassTopic, language, description) VALUES (612, 'EN_UK', 'Visual and Audio Design: Design, creation and analysis of the visual components of computer games; design and creation of the sound and sound environments of computer games.');
INSERT INTO DegreeClassTopicTranslations(degreeClassTopic, language, description) VALUES (613, 'EN_UK', 'The Computer Games Industry: Framework; business areas and application of computer games; life cycle of computer game development.');

INSERT INTO DegreeClasses(id, year, semester, ects , isOptional, degree) VALUES (44, 4, 2, 6, true, 1);
INSERT INTO DegreeClassTranslations(degreeClass, language, name, description) VALUES  (44, 'PT_PT', 'Engenharia de Requisitos de Sistemas de Software' , '');
INSERT INTO DegreeClassTopics(id, degreeClass, ordering) VALUES (614, 44, 1);
INSERT INTO DegreeClassTopics(id, degreeClass, ordering) VALUES (615, 44, 2);
INSERT INTO DegreeClassTopics(id, degreeClass, ordering) VALUES (616, 44, 3);
INSERT INTO DegreeClassTopics(id, degreeClass, ordering) VALUES (617, 44, 4);
INSERT INTO DegreeClassTopics(id, degreeClass, ordering) VALUES (618, 44, 5);
INSERT INTO DegreeClassTopics(id, degreeClass, ordering) VALUES (619, 44, 6);
INSERT INTO DegreeClassTopics(id, degreeClass, ordering) VALUES (620, 44, 7);
INSERT INTO DegreeClassTopics(id, degreeClass, ordering) VALUES (621, 44, 8);
INSERT INTO DegreeClassTopics(id, degreeClass, ordering) VALUES (622, 44, 9);
INSERT INTO DegreeClassTopics(id, degreeClass, ordering) VALUES (623, 44, 10);
INSERT INTO DegreeClassTopics(id, degreeClass, ordering) VALUES (624, 44, 11);
INSERT INTO DegreeClassTopics(id, degreeClass, ordering) VALUES (625, 44, 12);
INSERT INTO DegreeClassTopics(id, degreeClass, ordering) VALUES (626, 44, 13);
INSERT INTO DegreeClassTopics(id, degreeClass, ordering) VALUES (627, 44, 14);
INSERT INTO DegreeClassTopics(id, degreeClass, ordering) VALUES (628, 44, 15);
INSERT INTO DegreeClassTopics(id, degreeClass, ordering) VALUES (629, 44, 16);
INSERT INTO DegreeClassTopics(id, degreeClass, ordering) VALUES (630, 44, 17);
INSERT INTO DegreeClassTopics(id, degreeClass, ordering) VALUES (631, 44, 18);
INSERT INTO DegreeClassTopicTranslations(degreeClassTopic, language, description) VALUES (614, 'PT_PT', 'Noção de requisito: requisitos funcionais e não funcionais; importância dos requisitos; o papel da análise e especificação; domínios de aplicação; requisitos como objectos sócio-técnicos; requisitos de sistemas de actividades humanas.');
INSERT INTO DegreeClassTopicTranslations(degreeClassTopic, language, description) VALUES (615, 'PT_PT', 'O processo de Engenharia de Requisitos: aspectos interdisciplinares da engenharia de requisitos; aspectos organizacionais; modelos de processo de ER; actores do processo de ER (stakeholders); apoio e gestão do processo de ER; qualidade e melhoria do processo de ER.');
INSERT INTO DegreeClassTopicTranslations(degreeClassTopic, language, description) VALUES (616, 'PT_PT', 'Processos para a identificação, descoberta e refinamento de requisitos: guiados por políticas organizacionais; desencadeados por problemas; desencadeados por imitação (by-example); iniciados por imposições do ambiente externo.');
INSERT INTO DegreeClassTopicTranslations(degreeClassTopic, language, description) VALUES (617, 'PT_PT', 'Técnicas genéricas para identificação, descoberta e refinamento de requisitos de requisitos: análise de problemas; modelação da organização e do negócio; brainstorming; inquéritos; entrevistas;');
INSERT INTO DegreeClassTopicTranslations(degreeClassTopic, language, description) VALUES (618, 'PT_PT', 'Técnicas específicas para identificação, descoberta e refinamento de requisitos de requisitos: workshops de requisitos; cenários e storyboarding; prototipagem; observação e análise social (métodos etnográficos).');
INSERT INTO DegreeClassTopicTranslations(degreeClassTopic, language, description) VALUES (619, 'PT_PT', 'Estruturas genéricas de conversações para identificação de requisitos: diálogos e contextos; estruturas de diálogos; comunicação não verbal; padrões e actos de diálogos (identificação, análise e modelação, refinamento, validação, negociação).');
INSERT INTO DegreeClassTopicTranslations(degreeClassTopic, language, description) VALUES (620, 'PT_PT', 'Análise de requisitos: checklists de análise; matrizes de interacção ou dependência; riscos e prioridades dos requisitos; classificação dos requisitos; desenho de arquitecturas e divisão dos requisitos; verificação de consistência, métricas.');
INSERT INTO DegreeClassTopicTranslations(degreeClassTopic, language, description) VALUES (621, 'PT_PT', 'Negociação de requisitos: conflito e negociação; pontos de vista');
INSERT INTO DegreeClassTopicTranslations(degreeClassTopic, language, description) VALUES (622, 'PT_PT', 'Representações de requisitos: critérios; representações e requisitos de informação; meios de representação; selecção de representações; paradigmas representacionais; qualidade das representações');
INSERT INTO DegreeClassTopicTranslations(degreeClassTopic, language, description) VALUES (623, 'PT_PT', 'Descrições textuais de requisitos: estruturas de documentos de requisitos; o documento de visão; a norma IEEE 830-1998; formas de discurso na descrição de requisitos');
INSERT INTO DegreeClassTopicTranslations(degreeClassTopic, language, description) VALUES (624, 'PT_PT', 'Representação de requisitos através de casos de uso: passos na construção de um modelo de casos de uso; extensão e inclusão de casos de uso; integração de casos de uso nas técnicas de identificação de requisitos; integração de modelos de caos de uso em documentos de requisitos; utilização de outros diagramas da UML na representação de requisitos - diagramas de classes, actividades, sequência, pacotes');
INSERT INTO DegreeClassTopicTranslations(degreeClassTopic, language, description) VALUES (625, 'PT_PT', 'Representação do contexto organizacional: modelação de processos organizacionais; modelação de objectivos; padrões de análise e negócio em UML');
INSERT INTO DegreeClassTopicTranslations(degreeClassTopic, language, description) VALUES (626, 'PT_PT', 'Modelação e especificação formal: visão geral de técnicas de modelação e especificação formal');
INSERT INTO DegreeClassTopicTranslations(degreeClassTopic, language, description) VALUES (627, 'PT_PT', 'Validação de requisitos: revisão de requisitos; prototipagem; validação de modelos; teste de requisitos; revisão de casos de uso');
INSERT INTO DegreeClassTopicTranslations(degreeClassTopic, language, description) VALUES (628, 'PT_PT', 'Teste de requisitos: conceitos básicos; casos de teste; cenários; derivação de casos de teste de casos de uso');
INSERT INTO DegreeClassTopicTranslations(degreeClassTopic, language, description) VALUES (629, 'PT_PT', 'Rastreabilidade de requisitos: o papel da rastreabilidade no desenvolvimento de sistemas; a relação de rastreabilidade; modelo generalizado de rastreabilidade; ferramentas para apoiar a rastreabilidade');
INSERT INTO DegreeClassTopicTranslations(degreeClassTopic, language, description) VALUES (630, 'PT_PT', 'Gestão da alteração de requisitos: o porquê da mudança; requisitos estáveis e voláteis; processos para gerir alterações; gestão de configurações de requisitos; ferramentas para gestão de requisitos');
INSERT INTO DegreeClassTopicTranslations(degreeClassTopic, language, description) VALUES (631, 'PT_PT', 'Qualidade de requisitos: qualidade do projecto; avaliação da qualidade; checklists para garantia de qualidade.');
INSERT INTO DegreeClassTopicTranslations(degreeClassTopic, language, description) VALUES (614, 'EN_UK', 'Requirement concept: functional and non-functional requirements; importance of requirements; the role of analysis and specification; application domains; requirements as socio-technical objects; requirements for human activity systems.');
INSERT INTO DegreeClassTopicTranslations(degreeClassTopic, language, description) VALUES (615, 'EN_UK', 'The Requirements Engineering process: interdisciplinary aspects of requirements engineering; organizational aspects; RE process models; RE process stakeholders; RE process support and management; RE process quality and improvement.');
INSERT INTO DegreeClassTopicTranslations(degreeClassTopic, language, description) VALUES (616, 'EN_UK', 'Processes for identifying, discovering, and refining requirements: guided by organizational policies; problem-driven; by-example; initiated by external environment constraints.');
INSERT INTO DegreeClassTopicTranslations(degreeClassTopic, language, description) VALUES (617, 'EN_UK', 'Generic techniques for identifying, discovering, and refining requirements: problem analysis; organization and business modeling; brainstorming; surveys; interviews;');
INSERT INTO DegreeClassTopicTranslations(degreeClassTopic, language, description) VALUES (618, 'EN_UK', 'Specific techniques for identifying, discovering, and refining requirements: requirements workshops; scenarios and storyboarding; prototyping; observation and social analysis (ethnographic methods).');
INSERT INTO DegreeClassTopicTranslations(degreeClassTopic, language, description) VALUES (619, 'EN_UK', 'Generic conversation structures for requirements identification: dialogues and contexts; dialogue structures; non-verbal communication; dialogue patterns and acts (identification, analysis and modeling, refinement, validation, negotiation).');
INSERT INTO DegreeClassTopicTranslations(degreeClassTopic, language, description) VALUES (620, 'EN_UK', 'Requirements analysis: analysis checklists; interaction or dependency matrices; risks and priorities of requirements; requirements classification; architecture design and requirements partitioning; consistency checking, metrics.');
INSERT INTO DegreeClassTopicTranslations(degreeClassTopic, language, description) VALUES (621, 'EN_UK', 'Requirements negotiation: conflict and negotiation; points of view');
INSERT INTO DegreeClassTopicTranslations(degreeClassTopic, language, description) VALUES (622, 'EN_UK', 'Requirements representations: criteria; information representations and requirements; means of representation; selection of representations; representational paradigms; quality of representations');
INSERT INTO DegreeClassTopicTranslations(degreeClassTopic, language, description) VALUES (623, 'EN_UK', 'Textual descriptions of requirements: requirements document structures; the vision document; the IEEE 830-1998 standard; forms of discourse in requirements description');
INSERT INTO DegreeClassTopicTranslations(degreeClassTopic, language, description) VALUES (624, 'EN_UK', 'Representing requirements through use cases: steps in building a use case model; use case extension and inclusion; integration of use cases into requirements identification techniques; integration of use case models into requirements documents; use of other UML diagrams in requirements representation - class, activity, sequence, package diagrams');
INSERT INTO DegreeClassTopicTranslations(degreeClassTopic, language, description) VALUES (625, 'EN_UK', 'Representation of the organizational context: modeling of organizational processes; modeling of objectives; analysis and business patterns in UML');
INSERT INTO DegreeClassTopicTranslations(degreeClassTopic, language, description) VALUES (626, 'EN_UK', 'Formal modeling and specification: overview of formal modeling and specification techniques');
INSERT INTO DegreeClassTopicTranslations(degreeClassTopic, language, description) VALUES (627, 'EN_UK', 'Requirements validation: requirements review; prototyping; model validation; requirements testing; use case review');
INSERT INTO DegreeClassTopicTranslations(degreeClassTopic, language, description) VALUES (628, 'EN_UK', 'Requirements testing: basic concepts; test cases; scenarios; derivation of test cases from use cases');
INSERT INTO DegreeClassTopicTranslations(degreeClassTopic, language, description) VALUES (629, 'EN_UK', 'Requirements traceability: the role of traceability in system development; the traceability relationship; generalized traceability model; tools to support traceability');
INSERT INTO DegreeClassTopicTranslations(degreeClassTopic, language, description) VALUES (630, 'EN_UK', 'Requirements change management: the why of change; stable and volatile requirements; processes for managing change; requirements configuration management; requirements management tools');
INSERT INTO DegreeClassTopicTranslations(degreeClassTopic, language, description) VALUES (631, 'EN_UK', 'Requirements quality: project quality; quality assessment; quality assurance checklists.');

INSERT INTO DegreeClasses(id, year, semester, ects , isOptional, degree) VALUES (45, 4, 2, 6, true, 1);
INSERT INTO DegreeClassTranslations(degreeClass, language, name, description) VALUES  (45, 'PT_PT', 'Gestão de Operações e Logística' , 'Dotar os alunos com competências para planear, gerir e levar a cabo um processo de análise e especificação de requisitos de um sistema de software.');
INSERT INTO DegreeClassTopics(id, degreeClass, ordering) VALUES (632, 45, 1);
INSERT INTO DegreeClassTopics(id, degreeClass, ordering) VALUES (633, 45, 2);
INSERT INTO DegreeClassTopics(id, degreeClass, ordering) VALUES (634, 45, 3);
INSERT INTO DegreeClassTopics(id, degreeClass, ordering) VALUES (635, 45, 4);
INSERT INTO DegreeClassTopics(id, degreeClass, ordering) VALUES (636, 45, 5);
INSERT INTO DegreeClassTopics(id, degreeClass, ordering) VALUES (637, 45, 6);
INSERT INTO DegreeClassTopics(id, degreeClass, ordering) VALUES (638, 45, 7);
INSERT INTO DegreeClassTopics(id, degreeClass, ordering) VALUES (639, 45, 8);
INSERT INTO DegreeClassTopics(id, degreeClass, ordering) VALUES (640, 45, 9);
INSERT INTO DegreeClassTopicTranslations(degreeClassTopic, language, description) VALUES (632, 'PT_PT', 'Competitividade e Operações; Diferentes abordagens à estratégia das operações: custo, qualidade, tempo de resposta, flexibilidade e inovação; Estratégias de outsourcing e ‘contract manufacturing’; Estratégias de operações nos serviços.');
INSERT INTO DegreeClassTopicTranslations(degreeClassTopic, language, description) VALUES (633, 'PT_PT', 'Fundamentos da produção em fluxo: abordagens, ferramentas e técnicas.');
INSERT INTO DegreeClassTopicTranslations(degreeClassTopic, language, description) VALUES (634, 'PT_PT', 'Análise de Processos');
INSERT INTO DegreeClassTopicTranslations(degreeClassTopic, language, description) VALUES (635, 'PT_PT', 'Desenvolvimento, implementação e manutenção de abordagens “lean” em operações.');
INSERT INTO DegreeClassTopicTranslations(degreeClassTopic, language, description) VALUES (636, 'PT_PT', 'Desenho, Coordenação e Optimização da cadeia de abastecimento');
INSERT INTO DegreeClassTopicTranslations(degreeClassTopic, language, description) VALUES (637, 'PT_PT', 'Gestão estratégica e agregada de Capacidades/ Planeamento e escalonamento de produção');
INSERT INTO DegreeClassTopicTranslations(degreeClassTopic, language, description) VALUES (638, 'PT_PT', 'Gestão de materiais, Planeamento da Procura e Gestão do Inventário');
INSERT INTO DegreeClassTopicTranslations(degreeClassTopic, language, description) VALUES (639, 'PT_PT', 'Sistemas logísticos e de distribuição: Planeamento de Transportes e Roteamento de veículos.');
INSERT INTO DegreeClassTopicTranslations(degreeClassTopic, language, description) VALUES (640, 'PT_PT', 'Localização de Armazéns');
INSERT INTO DegreeClassTopicTranslations(degreeClassTopic, language, description) VALUES (632, 'EN_UK', 'Competitiveness and Operations; Different approaches to operations strategy: cost, quality, response time, flexibility and innovation; Outsourcing and contract manufacturing strategies; Operations strategies in services.');
INSERT INTO DegreeClassTopicTranslations(degreeClassTopic, language, description) VALUES (633, 'EN_UK', 'Fundamentals of flow production: approaches, tools and techniques.');
INSERT INTO DegreeClassTopicTranslations(degreeClassTopic, language, description) VALUES (634, 'EN_UK', 'Process Analysis');
INSERT INTO DegreeClassTopicTranslations(degreeClassTopic, language, description) VALUES (635, 'EN_UK', 'Development, implementation and maintenance of lean approaches in operations.');
INSERT INTO DegreeClassTopicTranslations(degreeClassTopic, language, description) VALUES (636, 'EN_UK', 'Design, Coordination and Optimization of the Supply Chain');
INSERT INTO DegreeClassTopicTranslations(degreeClassTopic, language, description) VALUES (637, 'EN_UK', 'Strategic and aggregate capacity management/ Production planning and scheduling');
INSERT INTO DegreeClassTopicTranslations(degreeClassTopic, language, description) VALUES (638, 'EN_UK', 'Material Management, Demand Planning and Inventory Management');
INSERT INTO DegreeClassTopicTranslations(degreeClassTopic, language, description) VALUES (639, 'EN_UK', 'Logistics and distribution systems: Transport Planning and Vehicle Routing.');
INSERT INTO DegreeClassTopicTranslations(degreeClassTopic, language, description) VALUES (640, 'EN_UK', 'Warehouse Location');

INSERT INTO DegreeClasses(id, year, semester, ects , isOptional, degree) VALUES (46, 4, 2, 6, true, 1);
INSERT INTO DegreeClassTranslations(degreeClass, language, name, description) VALUES  (46, 'PT_PT', 'Linguagens de Anotação e Processamento de Documentos' , 'Esta unidade curricular foca-se na obtenção de linguagens de anotação para um dado domínio e na realização de aplicações baseadas em linguagens de anotação e tem por objectivos:\n- Sensibilizar os estudantes para as múltiplas aplicações não triviais das linguagens de anotação;\n- Familiarizar os estudantes com as tecnologias de processamento e armazenamento de informação semi-estruturada;\n- Aplicar as tecnologias de anotação na definição de uma linguagem e na resolução de um problema com recurso ao desenvolvimento de uma aplicação.');
INSERT INTO DegreeClassTopics(id, degreeClass, ordering) VALUES (641, 46, 1);
INSERT INTO DegreeClassTopics(id, degreeClass, ordering) VALUES (642, 46, 2);
INSERT INTO DegreeClassTopics(id, degreeClass, ordering) VALUES (643, 46, 3);
INSERT INTO DegreeClassTopics(id, degreeClass, ordering) VALUES (644, 46, 4);
INSERT INTO DegreeClassTopics(id, degreeClass, ordering) VALUES (645, 46, 5);
INSERT INTO DegreeClassTopics(id, degreeClass, ordering) VALUES (646, 46, 6);
INSERT INTO DegreeClassTopicTranslations(degreeClassTopic, language, description) VALUES (641, 'PT_PT', 'Desenho de linguagens de anotação. Análise de linguagens existentes em vários domínios.');
INSERT INTO DegreeClassTopicTranslations(degreeClassTopic, language, description) VALUES (642, 'PT_PT', 'Interrogação de documentos XML. A linguagem XPath. A linguagem XQuery.');
INSERT INTO DegreeClassTopicTranslations(degreeClassTopic, language, description) VALUES (643, 'PT_PT', 'Transformações de documentos XML com XSLT. Apresentação de documentos XML com XSL-FO.');
INSERT INTO DegreeClassTopicTranslations(degreeClassTopic, language, description) VALUES (644, 'PT_PT', 'Processamento de XML em aplicações. As interfaces DOM e SAX.');
INSERT INTO DegreeClassTopicTranslations(degreeClassTopic, language, description) VALUES (645, 'PT_PT', 'Armazenamento de XML: bases de dados XML nativas; armazenamento de XML em bases de dados objecto-relacional.');
INSERT INTO DegreeClassTopicTranslations(degreeClassTopic, language, description) VALUES (646, 'PT_PT', 'Introdução à web semântica. Descrição de recursos em RDF e OWL. Interrogações em SPARQL.');
INSERT INTO DegreeClassTopicTranslations(degreeClassTopic, language, description) VALUES (641, 'EN_UK', 'Design of annotation languages. Analysis of existing languages in various domains.');
INSERT INTO DegreeClassTopicTranslations(degreeClassTopic, language, description) VALUES (642, 'EN_UK', 'Querying XML documents. The XPath language. The XQuery language.');
INSERT INTO DegreeClassTopicTranslations(degreeClassTopic, language, description) VALUES (643, 'EN_UK', 'Transforming XML documents with XSLT. Presenting XML documents with XSL-FO.');
INSERT INTO DegreeClassTopicTranslations(degreeClassTopic, language, description) VALUES (644, 'EN_UK', 'XML processing in applications. The DOM and SAX interfaces.');
INSERT INTO DegreeClassTopicTranslations(degreeClassTopic, language, description) VALUES (645, 'EN_UK', 'XML storage: native XML databases; XML storage in object-relational databases.');
INSERT INTO DegreeClassTopicTranslations(degreeClassTopic, language, description) VALUES (646, 'EN_UK', 'Introduction to the semantic web. Resource Description in RDF and OWL. SPARQL queries.');

INSERT INTO DegreeClasses(id, year, semester, ects , isOptional, degree) VALUES (47, 4, 2, 6, true, 1);
INSERT INTO DegreeClassTranslations(degreeClass, language, name, description) VALUES  (47, 'PT_PT', 'Marketing' , 'A unidade curricular tem por objectivo desenvolver competências na área da Gestão de Marketing, integrando uma sólida componente teórica, baseada na apresentação e discussão de conceitos e metodologias, com a sua aplicação ao desenvolvimento de um plano de marketing e à discussão de casos de estudo.');
INSERT INTO DegreeClassTopics(id, degreeClass, ordering) VALUES (647, 47, 1);
INSERT INTO DegreeClassTopics(id, degreeClass, ordering) VALUES (648, 47, 2);
INSERT INTO DegreeClassTopics(id, degreeClass, ordering) VALUES (649, 47, 3);
INSERT INTO DegreeClassTopics(id, degreeClass, ordering) VALUES (650, 47, 4);
INSERT INTO DegreeClassTopics(id, degreeClass, ordering) VALUES (651, 47, 5);
INSERT INTO DegreeClassTopics(id, degreeClass, ordering) VALUES (652, 47, 6);
INSERT INTO DegreeClassTopics(id, degreeClass, ordering) VALUES (653, 47, 7);
INSERT INTO DegreeClassTopics(id, degreeClass, ordering) VALUES (654, 47, 8);
INSERT INTO DegreeClassTopics(id, degreeClass, ordering) VALUES (655, 47, 9);
INSERT INTO DegreeClassTopics(id, degreeClass, ordering) VALUES (656, 47, 10);
INSERT INTO DegreeClassTopics(id, degreeClass, ordering) VALUES (657, 47, 11);
INSERT INTO DegreeClassTopics(id, degreeClass, ordering) VALUES (658, 47, 12);
INSERT INTO DegreeClassTopics(id, degreeClass, ordering) VALUES (659, 47, 13);
INSERT INTO DegreeClassTopics(id, degreeClass, ordering) VALUES (660, 47, 14);
INSERT INTO DegreeClassTopics(id, degreeClass, ordering) VALUES (661, 47, 15);
INSERT INTO DegreeClassTopics(id, degreeClass, ordering) VALUES (662, 47, 16);
INSERT INTO DegreeClassTopics(id, degreeClass, ordering) VALUES (663, 47, 17);
INSERT INTO DegreeClassTopics(id, degreeClass, ordering) VALUES (664, 47, 18);
INSERT INTO DegreeClassTopicTranslations(degreeClassTopic, language, description) VALUES (647, 'PT_PT', 'Conceitos fundamentais de Marketing');
INSERT INTO DegreeClassTopicTranslations(degreeClassTopic, language, description) VALUES (648, 'PT_PT', 'Estratégias e planos de Marketing');
INSERT INTO DegreeClassTopicTranslations(degreeClassTopic, language, description) VALUES (649, 'PT_PT', 'Sistemas de informação e estudos de marketing');
INSERT INTO DegreeClassTopicTranslations(degreeClassTopic, language, description) VALUES (650, 'PT_PT', 'Criação de valor, satisfação e fidelização');
INSERT INTO DegreeClassTopicTranslations(degreeClassTopic, language, description) VALUES (651, 'PT_PT', 'Gestão do relacionamento com o cliente (CRM)');
INSERT INTO DegreeClassTopicTranslations(degreeClassTopic, language, description) VALUES (652, 'PT_PT', 'Desenvolvimento de estratégias de marketing: Segmentação');
INSERT INTO DegreeClassTopicTranslations(degreeClassTopic, language, description) VALUES (653, 'PT_PT', 'Desenvolvimento de estratégias de marketing: Identificação dos mercados-alvo');
INSERT INTO DegreeClassTopicTranslations(degreeClassTopic, language, description) VALUES (654, 'PT_PT', 'Desenvolvimento de estratégias de marketing: Posicionamento');
INSERT INTO DegreeClassTopicTranslations(degreeClassTopic, language, description) VALUES (655, 'PT_PT', 'A estratégia de produtos e serviços');
INSERT INTO DegreeClassTopicTranslations(degreeClassTopic, language, description) VALUES (656, 'PT_PT', '"Branding"');
INSERT INTO DegreeClassTopicTranslations(degreeClassTopic, language, description) VALUES (657, 'PT_PT', 'O ciclo de vida dos produtos e marcas');
INSERT INTO DegreeClassTopicTranslations(degreeClassTopic, language, description) VALUES (658, 'PT_PT', 'Definição da política de preços');
INSERT INTO DegreeClassTopicTranslations(degreeClassTopic, language, description) VALUES (659, 'PT_PT', 'Relação entre preço, procura e custos');
INSERT INTO DegreeClassTopicTranslations(degreeClassTopic, language, description) VALUES (660, 'PT_PT', 'Canais de distribuição e redes de distribuição');
INSERT INTO DegreeClassTopicTranslations(degreeClassTopic, language, description) VALUES (661, 'PT_PT', 'Novos canais de distribuição');
INSERT INTO DegreeClassTopicTranslations(degreeClassTopic, language, description) VALUES (662, 'PT_PT', 'Meios de comunicação personalizada e em massa');
INSERT INTO DegreeClassTopicTranslations(degreeClassTopic, language, description) VALUES (663, 'PT_PT', 'Gestão integrada de planos de comunicação');
INSERT INTO DegreeClassTopicTranslations(degreeClassTopic, language, description) VALUES (664, 'PT_PT', 'Pessoas, processos e evidência física no marketing de serviços');
INSERT INTO DegreeClassTopicTranslations(degreeClassTopic, language, description) VALUES (647, 'EN_UK', 'Fundamental Marketing Concepts');
INSERT INTO DegreeClassTopicTranslations(degreeClassTopic, language, description) VALUES (648, 'EN_UK', 'Marketing Strategies and Plans');
INSERT INTO DegreeClassTopicTranslations(degreeClassTopic, language, description) VALUES (649, 'EN_UK', 'Information Systems and Marketing Research');
INSERT INTO DegreeClassTopicTranslations(degreeClassTopic, language, description) VALUES (650, 'EN_UK', 'Value Creation, Satisfaction and Loyalty');
INSERT INTO DegreeClassTopicTranslations(degreeClassTopic, language, description) VALUES (651, 'EN_UK', 'Customer Relationship Management (CRM)');
INSERT INTO DegreeClassTopicTranslations(degreeClassTopic, language, description) VALUES (652, 'EN_UK', 'Developing Marketing Strategies: Segmentation');
INSERT INTO DegreeClassTopicTranslations(degreeClassTopic, language, description) VALUES (653, 'EN_UK', 'Developing Marketing Strategies: Target Market Identification');
INSERT INTO DegreeClassTopicTranslations(degreeClassTopic, language, description) VALUES (654, 'EN_UK', 'Developing Marketing Strategies: Positioning');
INSERT INTO DegreeClassTopicTranslations(degreeClassTopic, language, description) VALUES (655, 'EN_UK', 'The Strategy of Products and Services');
INSERT INTO DegreeClassTopicTranslations(degreeClassTopic, language, description) VALUES (656, 'EN_UK', 'Branding');
INSERT INTO DegreeClassTopicTranslations(degreeClassTopic, language, description) VALUES (657, 'EN_UK', 'The Life Cycle of Products and Brands');
INSERT INTO DegreeClassTopicTranslations(degreeClassTopic, language, description) VALUES (658, 'EN_UK', 'Pricing Policy Definition');
INSERT INTO DegreeClassTopicTranslations(degreeClassTopic, language, description) VALUES (659, 'EN_UK', 'Relationship Between Price, Demand and Costs');
INSERT INTO DegreeClassTopicTranslations(degreeClassTopic, language, description) VALUES (660, 'EN_UK', 'Distribution Channels and Distribution Networks');
INSERT INTO DegreeClassTopicTranslations(degreeClassTopic, language, description) VALUES (661, 'EN_UK', 'New Distribution Channels');
INSERT INTO DegreeClassTopicTranslations(degreeClassTopic, language, description) VALUES (662, 'EN_UK', 'Mass and Personalized Communication Media');
INSERT INTO DegreeClassTopicTranslations(degreeClassTopic, language, description) VALUES (663, 'EN_UK', 'Integrated Management of Communication Plans');
INSERT INTO DegreeClassTopicTranslations(degreeClassTopic, language, description) VALUES (664, 'EN_UK', 'People, Processes and Physical Evidence in Service Marketing');

INSERT INTO DegreeClasses(id, year, semester, ects , isOptional, degree) VALUES (48, 4, 2, 6, true, 1);
INSERT INTO DegreeClassTranslations(degreeClass, language, name, description) VALUES  (48, 'PT_PT', 'Modelação e Simulação de Sistemas' , 'Os objectivos da disciplina são:\n- Apresentar os conceitos básicos de modelação e simulação (computacional) e as suas diversas áreas de aplicação;\n- Apresentar as principais fases do ciclo de vida de um projecto de simulação, desde a fase de modelação até a análise e aplicação dos resultados;\n- Apresentar os principais tipos de modelos e a sua adequação ao tratamento de diferentes problemas.');
INSERT INTO DegreeClassTopics(id, degreeClass, ordering) VALUES (665, 48, 1);
INSERT INTO DegreeClassTopics(id, degreeClass, ordering) VALUES (666, 48, 2);
INSERT INTO DegreeClassTopics(id, degreeClass, ordering) VALUES (667, 48, 3);
INSERT INTO DegreeClassTopics(id, degreeClass, ordering) VALUES (668, 48, 4);
INSERT INTO DegreeClassTopics(id, degreeClass, ordering) VALUES (669, 48, 5);
INSERT INTO DegreeClassTopics(id, degreeClass, ordering) VALUES (670, 48, 6);
INSERT INTO DegreeClassTopics(id, degreeClass, ordering) VALUES (671, 48, 7);
INSERT INTO DegreeClassTopics(id, degreeClass, ordering) VALUES (672, 48, 8);
INSERT INTO DegreeClassTopics(id, degreeClass, ordering) VALUES (673, 48, 9);
INSERT INTO DegreeClassTopics(id, degreeClass, ordering) VALUES (674, 48, 10);
INSERT INTO DegreeClassTopics(id, degreeClass, ordering) VALUES (675, 48, 11);
INSERT INTO DegreeClassTopics(id, degreeClass, ordering) VALUES (676, 48, 12);
INSERT INTO DegreeClassTopics(id, degreeClass, ordering) VALUES (677, 48, 13);
INSERT INTO DegreeClassTopics(id, degreeClass, ordering) VALUES (678, 48, 14);
INSERT INTO DegreeClassTopicTranslations(degreeClassTopic, language, description) VALUES (665, 'PT_PT', 'Simulação como metodologia de engenharia');
INSERT INTO DegreeClassTopicTranslations(degreeClassTopic, language, description) VALUES (666, 'PT_PT', 'Modelação (realismo, abstracção) e tipos de modelos (normativos, comportamentais, …)');
INSERT INTO DegreeClassTopicTranslations(degreeClassTopic, language, description) VALUES (667, 'PT_PT', 'Preparação e tratamento de dados');
INSERT INTO DegreeClassTopicTranslations(degreeClassTopic, language, description) VALUES (668, 'PT_PT', 'Modelação de sistemas complexos e processos estocásticos');
INSERT INTO DegreeClassTopicTranslations(degreeClassTopic, language, description) VALUES (669, 'PT_PT', 'Técnicas básicas de simulação: simulação contínua, discreta e probabilística');
INSERT INTO DegreeClassTopicTranslations(degreeClassTopic, language, description) VALUES (670, 'PT_PT', 'O ciclo de vida da simulação: modelação, colecta e preparação de dados, projectos de cenários, teste, calibração e validação de modelos, análise de resultados e implementação');
INSERT INTO DegreeClassTopicTranslations(degreeClassTopic, language, description) VALUES (671, 'PT_PT', 'Linguagens e ambientes de simulação');
INSERT INTO DegreeClassTopicTranslations(degreeClassTopic, language, description) VALUES (672, 'PT_PT', 'Simulação orientada a objectos');
INSERT INTO DegreeClassTopicTranslations(degreeClassTopic, language, description) VALUES (673, 'PT_PT', 'Simulação distribuída');
INSERT INTO DegreeClassTopicTranslations(degreeClassTopic, language, description) VALUES (674, 'PT_PT', 'Modelação e simulação interactiva visual');
INSERT INTO DegreeClassTopicTranslations(degreeClassTopic, language, description) VALUES (675, 'PT_PT', 'Simulação inteligente');
INSERT INTO DegreeClassTopicTranslations(degreeClassTopic, language, description) VALUES (676, 'PT_PT', 'Modelação e Simulação baseada em agentes');
INSERT INTO DegreeClassTopicTranslations(degreeClassTopic, language, description) VALUES (677, 'PT_PT', 'Ambientes de simulação e simulação de ambientes');
INSERT INTO DegreeClassTopicTranslations(degreeClassTopic, language, description) VALUES (678, 'PT_PT', 'Aplicações avançadas de simulação');
INSERT INTO DegreeClassTopicTranslations(degreeClassTopic, language, description) VALUES (665, 'EN_UK', 'Simulation as an engineering methodology');
INSERT INTO DegreeClassTopicTranslations(degreeClassTopic, language, description) VALUES (666, 'EN_UK', 'Modeling (realism, abstraction) and types of models (normative, behavioral, …)');
INSERT INTO DegreeClassTopicTranslations(degreeClassTopic, language, description) VALUES (667, 'EN_UK', 'Data preparation and processing');
INSERT INTO DegreeClassTopicTranslations(degreeClassTopic, language, description) VALUES (668, 'EN_UK', 'Modeling of complex systems and stochastic processes');
INSERT INTO DegreeClassTopicTranslations(degreeClassTopic, language, description) VALUES (669, 'EN_UK', 'Basic simulation techniques: continuous, discrete and probabilistic simulation');
INSERT INTO DegreeClassTopicTranslations(degreeClassTopic, language, description) VALUES (670, 'EN_UK', 'The simulation lifecycle: modeling, data collection and preparation, scenario design, testing, calibration and validation of models, analysis of results and implementation');
INSERT INTO DegreeClassTopicTranslations(degreeClassTopic, language, description) VALUES (671, 'EN_UK', 'Simulation languages and environments');
INSERT INTO DegreeClassTopicTranslations(degreeClassTopic, language, description) VALUES (672, 'EN_UK', 'Object-oriented simulation');
INSERT INTO DegreeClassTopicTranslations(degreeClassTopic, language, description) VALUES (673, 'EN_UK', 'Distributed simulation');
INSERT INTO DegreeClassTopicTranslations(degreeClassTopic, language, description) VALUES (674, 'EN_UK', 'Interactive visual modeling and simulation');
INSERT INTO DegreeClassTopicTranslations(degreeClassTopic, language, description) VALUES (675, 'EN_UK', 'Intelligent simulation');
INSERT INTO DegreeClassTopicTranslations(degreeClassTopic, language, description) VALUES (676, 'EN_UK', 'Agent-based modeling and simulation');
INSERT INTO DegreeClassTopicTranslations(degreeClassTopic, language, description) VALUES (677, 'EN_UK', 'Simulation environments and simulation of environments');
INSERT INTO DegreeClassTopicTranslations(degreeClassTopic, language, description) VALUES (678, 'EN_UK', 'Advanced simulation applications');

INSERT INTO DegreeClasses(id, year, semester, ects , isOptional, degree) VALUES (49, 4, 2, 6, true, 1);
INSERT INTO DegreeClassTranslations(degreeClass, language, name, description) VALUES  (49, 'PT_PT', 'Multimédia e Novos Serviços' , 'São objectivos da unidade curricular:\na) apresentar os conceitos, os serviços e as aplicações multimédia e hipermédia;\nb) apresentar as técnicas de codificação e representação da informação multimédia;\nc) introduzir as ferramentas de desenvolvimento de aplicações; d) desenvolver aplicações.');
INSERT INTO DegreeClassTopics(id, degreeClass, ordering) VALUES (679, 49, 1);
INSERT INTO DegreeClassTopics(id, degreeClass, ordering) VALUES (680, 49, 2);
INSERT INTO DegreeClassTopics(id, degreeClass, ordering) VALUES (681, 49, 3);
INSERT INTO DegreeClassTopics(id, degreeClass, ordering) VALUES (682, 49, 4);
INSERT INTO DegreeClassTopics(id, degreeClass, ordering) VALUES (683, 49, 5);
INSERT INTO DegreeClassTopics(id, degreeClass, ordering) VALUES (684, 49, 6);
INSERT INTO DegreeClassTopics(id, degreeClass, ordering) VALUES (685, 49, 7);
INSERT INTO DegreeClassTopicTranslations(degreeClassTopic, language, description) VALUES (679, 'PT_PT', 'Introdução à multimédia: definição, tipos de meios, níveis de informação, tecnologias básicas');
INSERT INTO DegreeClassTopicTranslations(degreeClassTopic, language, description) VALUES (680, 'PT_PT', 'Aplicações multimédia: classificação, alguns exemplos');
INSERT INTO DegreeClassTopicTranslations(degreeClassTopic, language, description) VALUES (681, 'PT_PT', 'Codificação e representação da informação multimédia: teoria da Informação e técnicas de compressão, compressão de imagem, compressão de vídeo, compressão de áudio');
INSERT INTO DegreeClassTopicTranslations(degreeClassTopic, language, description) VALUES (682, 'PT_PT', 'Interfaces de utilizador: usabilidade, projecto, avaliação');
INSERT INTO DegreeClassTopicTranslations(degreeClassTopic, language, description) VALUES (683, 'PT_PT', 'Requisitos de rede de aplicações multimédia: parâmetros de desempenho, requisitos dos vários meios');
INSERT INTO DegreeClassTopicTranslations(degreeClassTopic, language, description) VALUES (684, 'PT_PT', 'As redes e as aplicações multimédia: arquitecturas e protocolos, sistemas distribuídos, QoS em ATM e na Internet, modelos e aplicações');
INSERT INTO DegreeClassTopicTranslations(degreeClassTopic, language, description) VALUES (685, 'PT_PT', 'Novos serviços: TV digital interactiva; Multimedia Streaming, IPtel');
INSERT INTO DegreeClassTopicTranslations(degreeClassTopic, language, description) VALUES (679, 'EN_UK', 'Introduction to multimedia: definition, types of media, information levels, basic technologies');
INSERT INTO DegreeClassTopicTranslations(degreeClassTopic, language, description) VALUES (680, 'EN_UK', 'Multimedia applications: classification, some examples');
INSERT INTO DegreeClassTopicTranslations(degreeClassTopic, language, description) VALUES (681, 'EN_UK', 'Coding and representation of multimedia information: Information theory and compression techniques, image compression, video compression, audio compression');
INSERT INTO DegreeClassTopicTranslations(degreeClassTopic, language, description) VALUES (682, 'EN_UK', 'User interfaces: usability, design, evaluation');
INSERT INTO DegreeClassTopicTranslations(degreeClassTopic, language, description) VALUES (683, 'EN_UK', 'Network requirements of multimedia applications: performance parameters, requirements of the various media');
INSERT INTO DegreeClassTopicTranslations(degreeClassTopic, language, description) VALUES (684, 'EN_UK', 'Networks and multimedia applications: architectures and protocols, distributed systems, QoS in ATM and the Internet, models and applications');
INSERT INTO DegreeClassTopicTranslations(degreeClassTopic, language, description) VALUES (685, 'EN_UK', 'New services: Interactive digital TV; Multimedia Streaming, IPtel');

INSERT INTO DegreeClasses(id, year, semester, ects , isOptional, degree) VALUES (50, 4, 2, 6, true, 1);
INSERT INTO DegreeClassTranslations(degreeClass, language, name, description) VALUES  (50, 'PT_PT', 'Segurança em Sistemas Informáticos' , 'Esta Unidade Curricular tem por âmbito o estudo da problemática de segurança de sistemas Informáticos, de forma a fornecer aos estudantes um painel básico dos conceitos e das ameaças e defesas de uma utilização abusiva e destrutiva de tais sistemas.');
INSERT INTO DegreeClassTopics(id, degreeClass, ordering) VALUES (686, 50, 1);
INSERT INTO DegreeClassTopics(id, degreeClass, ordering) VALUES (687, 50, 2);
INSERT INTO DegreeClassTopics(id, degreeClass, ordering) VALUES (688, 50, 3);
INSERT INTO DegreeClassTopics(id, degreeClass, ordering) VALUES (689, 50, 4);
INSERT INTO DegreeClassTopics(id, degreeClass, ordering) VALUES (690, 50, 5);
INSERT INTO DegreeClassTopicTranslations(degreeClassTopic, language, description) VALUES (686, 'PT_PT', 'Fundamentos');
INSERT INTO DegreeClassTopicTranslations(degreeClassTopic, language, description) VALUES (687, 'PT_PT', 'Políticas de segurança');
INSERT INTO DegreeClassTopicTranslations(degreeClassTopic, language, description) VALUES (688, 'PT_PT', 'Criptografia: teoria e aplicações');
INSERT INTO DegreeClassTopicTranslations(degreeClassTopic, language, description) VALUES (689, 'PT_PT', 'Mecanismos de segurança e seu uso na implementação de políticas de segurança e na monitorização de sistemas');
INSERT INTO DegreeClassTopicTranslations(degreeClassTopic, language, description) VALUES (690, 'PT_PT', 'Aspectos práticos em redes, em sistemas e na programação');
INSERT INTO DegreeClassTopicTranslations(degreeClassTopic, language, description) VALUES (686, 'EN_UK', 'Fundamentals');
INSERT INTO DegreeClassTopicTranslations(degreeClassTopic, language, description) VALUES (687, 'EN_UK', 'Security policies');
INSERT INTO DegreeClassTopicTranslations(degreeClassTopic, language, description) VALUES (688, 'EN_UK', 'Cryptography: theory and applications');
INSERT INTO DegreeClassTopicTranslations(degreeClassTopic, language, description) VALUES (689, 'EN_UK', 'Security mechanisms and their use in implementing security policies and monitoring systems');
INSERT INTO DegreeClassTopicTranslations(degreeClassTopic, language, description) VALUES (690, 'EN_UK', 'Practical aspects in networks, systems and programming');

INSERT INTO DegreeClasses(id, year, semester, ects , isOptional, degree) VALUES (51, 4, 2, 6, true, 1);
INSERT INTO DegreeClassTranslations(degreeClass, language, name, description) VALUES  (51, 'PT_PT', 'Sistemas Embutidos e de Tempo Real' , 'Esta UC tem por objectivo dotar os alunos com capacidade de desenvolver sistemas embebidos com requisitos de tempo-real, recorrendo, se necessário, a sistemas operativos de tempo-real.');
INSERT INTO DegreeClassTopics(id, degreeClass, ordering) VALUES (691, 51, 1);
INSERT INTO DegreeClassTopics(id, degreeClass, ordering) VALUES (692, 51, 2);
INSERT INTO DegreeClassTopics(id, degreeClass, ordering) VALUES (693, 51, 3);
INSERT INTO DegreeClassTopics(id, degreeClass, ordering) VALUES (694, 51, 4);
INSERT INTO DegreeClassTopics(id, degreeClass, ordering) VALUES (695, 51, 5);
INSERT INTO DegreeClassTopics(id, degreeClass, ordering) VALUES (696, 51, 6);
INSERT INTO DegreeClassTopics(id, degreeClass, ordering) VALUES (697, 51, 7);
INSERT INTO DegreeClassTopicTranslations(degreeClassTopic, language, description) VALUES (691, 'PT_PT', 'Introdução aos sistemas embutidos e conceitos base');
INSERT INTO DegreeClassTopicTranslations(degreeClassTopic, language, description) VALUES (692, 'PT_PT', 'Arquitecturas de Hardware para sistemas embutidos (CPUs e barramentos para periféricos)');
INSERT INTO DegreeClassTopicTranslations(degreeClassTopic, language, description) VALUES (693, 'PT_PT', 'Arquitecturas de Software para Sistemas Embebidos');
INSERT INTO DegreeClassTopicTranslations(degreeClassTopic, language, description) VALUES (694, 'PT_PT', 'Compilação, Linkagem e \"Debugging\"');
INSERT INTO DegreeClassTopicTranslations(degreeClassTopic, language, description) VALUES (695, 'PT_PT', 'Introdução a software para sistemas críticos (arquitecturas de software tolerante a falhas)');
INSERT INTO DegreeClassTopicTranslations(degreeClassTopic, language, description) VALUES (696, 'PT_PT', 'Escalonamento para Tempo-Real (escalonamento de tarefas periódicas e aperiódicas usando métodos cíclico, prioridades estáticas, e prioridades dinâmicas)');
INSERT INTO DegreeClassTopicTranslations(degreeClassTopic, language, description) VALUES (697, 'PT_PT', 'Programação com POSIX para Tempo-Real');
INSERT INTO DegreeClassTopicTranslations(degreeClassTopic, language, description) VALUES (691, 'EN_UK', 'Introduction to embedded systems and basic concepts');
INSERT INTO DegreeClassTopicTranslations(degreeClassTopic, language, description) VALUES (692, 'EN_UK', 'Hardware Architectures for Embedded Systems (CPUs and buses for peripherals)');
INSERT INTO DegreeClassTopicTranslations(degreeClassTopic, language, description) VALUES (693, 'EN_UK', 'Software Architectures for Embedded Systems');
INSERT INTO DegreeClassTopicTranslations(degreeClassTopic, language, description) VALUES (694, 'EN_UK', 'Compilation, Linking and Debugging');
INSERT INTO DegreeClassTopicTranslations(degreeClassTopic, language, description) VALUES (695, 'EN_UK', 'Introduction to software for critical systems (fault-tolerant software architectures)');
INSERT INTO DegreeClassTopicTranslations(degreeClassTopic, language, description) VALUES (696, 'EN_UK', 'Real-Time Scheduling (scheduling of periodic and aperiodic tasks using cyclic methods, static priorities, and dynamic priorities)');
INSERT INTO DegreeClassTopicTranslations(degreeClassTopic, language, description) VALUES (697, 'EN_UK', 'Programming with POSIX for Real-Time');

INSERT INTO DegreeClasses(id, year, semester, ects , isOptional, degree) VALUES (52, 4, 2, 6, true, 1);
INSERT INTO DegreeClassTranslations(degreeClass, language, name, description) VALUES  (52, 'PT_PT', 'Tecnologias de Bases de Dados' , 'Esta UC tem por objectivo habilitar os alunos a desenvolver e administrar grandes bases de dados, nomeadamente a afinar o esquema físico, a optimizar interrogações SQL, a tirar partido das extensões à manipulação de objectos e à tecnologia XML e a recuperar e replicar dados.');
INSERT INTO DegreeClassTopics(id, degreeClass, ordering) VALUES (698, 52, 1);
INSERT INTO DegreeClassTopics(id, degreeClass, ordering) VALUES (699, 52, 2);
INSERT INTO DegreeClassTopics(id, degreeClass, ordering) VALUES (700, 52, 3);
INSERT INTO DegreeClassTopics(id, degreeClass, ordering) VALUES (701, 52, 4);
INSERT INTO DegreeClassTopics(id, degreeClass, ordering) VALUES (702, 52, 5);
INSERT INTO DegreeClassTopics(id, degreeClass, ordering) VALUES (703, 52, 6);
INSERT INTO DegreeClassTopics(id, degreeClass, ordering) VALUES (704, 52, 7);
INSERT INTO DegreeClassTopics(id, degreeClass, ordering) VALUES (705, 52, 8);
INSERT INTO DegreeClassTopics(id, degreeClass, ordering) VALUES (706, 52, 9);
INSERT INTO DegreeClassTopics(id, degreeClass, ordering) VALUES (707, 52, 10);
INSERT INTO DegreeClassTopicTranslations(degreeClassTopic, language, description) VALUES (698, 'PT_PT', 'Esquema físico e afinação (\"tuning\") de BD');
INSERT INTO DegreeClassTopicTranslations(degreeClassTopic, language, description) VALUES (699, 'PT_PT', 'Armazenamento de dados e índices');
INSERT INTO DegreeClassTopicTranslations(degreeClassTopic, language, description) VALUES (700, 'PT_PT', 'Execução e optimização de interrogações');
INSERT INTO DegreeClassTopicTranslations(degreeClassTopic, language, description) VALUES (701, 'PT_PT', 'Modelação em bases de dados objecto-relacionais');
INSERT INTO DegreeClassTopicTranslations(degreeClassTopic, language, description) VALUES (702, 'PT_PT', 'Construção de aplicações Web assentes em BD');
INSERT INTO DegreeClassTopicTranslations(degreeClassTopic, language, description) VALUES (703, 'PT_PT', 'Interoperabilidade');
INSERT INTO DegreeClassTopicTranslations(degreeClassTopic, language, description) VALUES (704, 'PT_PT', 'XML e bases de dados');
INSERT INTO DegreeClassTopicTranslations(degreeClassTopic, language, description) VALUES (705, 'PT_PT', 'Introdução às bases de dados no-SQL e big data');
INSERT INTO DegreeClassTopicTranslations(degreeClassTopic, language, description) VALUES (706, 'PT_PT', 'Administração de BD');
INSERT INTO DegreeClassTopicTranslations(degreeClassTopic, language, description) VALUES (707, 'PT_PT', 'Recuperação e replicação');
INSERT INTO DegreeClassTopicTranslations(degreeClassTopic, language, description) VALUES (698, 'EN_UK', 'Physical schema and database tuning');
INSERT INTO DegreeClassTopicTranslations(degreeClassTopic, language, description) VALUES (699, 'EN_UK', 'Data storage and indexing');
INSERT INTO DegreeClassTopicTranslations(degreeClassTopic, language, description) VALUES (700, 'EN_UK', 'Query execution and optimization');
INSERT INTO DegreeClassTopicTranslations(degreeClassTopic, language, description) VALUES (701, 'EN_UK', 'Modeling in object-relational databases');
INSERT INTO DegreeClassTopicTranslations(degreeClassTopic, language, description) VALUES (702, 'EN_UK', 'Building web applications based on databases');
INSERT INTO DegreeClassTopicTranslations(degreeClassTopic, language, description) VALUES (703, 'EN_UK', 'Interoperability');
INSERT INTO DegreeClassTopicTranslations(degreeClassTopic, language, description) VALUES (704, 'EN_UK', 'XML and databases');
INSERT INTO DegreeClassTopicTranslations(degreeClassTopic, language, description) VALUES (705, 'EN_UK', 'Introduction to NoSQL databases and big data');
INSERT INTO DegreeClassTopicTranslations(degreeClassTopic, language, description) VALUES (706, 'EN_UK', 'Database administration');
INSERT INTO DegreeClassTopicTranslations(degreeClassTopic, language, description) VALUES (707, 'EN_UK', 'Recovery and replication');

INSERT INTO DegreeClasses(id, year, semester, ects , isOptional, degree) VALUES (53, 4, 2, 6, true, 1);
INSERT INTO DegreeClassTranslations(degreeClass, language, name, description) VALUES  (53, 'PT_PT', 'Tecnologias de Distribuição e Integração' , 'Os objectivos principais da unidade curricular incluem:\n- a aquisição de conhecimento e prática dos conceitos essenciais do projecto e arquitectura de aplicaçãoes distribuídas empresariais;\n- aplicação dos principais padrões e tecnologias, consoante os requisitos e funcionalidades dos cenários finais;\n- conhecimaento detalhado de várias tecnologias, com vista à sua implementação fluente, e à sua interoperabilidade e integração.');
INSERT INTO DegreeClassTopics(id, degreeClass, ordering) VALUES (708, 53, 1);
INSERT INTO DegreeClassTopics(id, degreeClass, ordering) VALUES (709, 53, 2);
INSERT INTO DegreeClassTopics(id, degreeClass, ordering) VALUES (710, 53, 3);
INSERT INTO DegreeClassTopics(id, degreeClass, ordering) VALUES (711, 53, 4);
INSERT INTO DegreeClassTopics(id, degreeClass, ordering) VALUES (712, 53, 5);
INSERT INTO DegreeClassTopics(id, degreeClass, ordering) VALUES (713, 53, 6);
INSERT INTO DegreeClassTopics(id, degreeClass, ordering) VALUES (714, 53, 7);
INSERT INTO DegreeClassTopics(id, degreeClass, ordering) VALUES (715, 53, 8);
INSERT INTO DegreeClassTopics(id, degreeClass, ordering) VALUES (716, 53, 9);
INSERT INTO DegreeClassTopics(id, degreeClass, ordering) VALUES (717, 53, 10);
INSERT INTO DegreeClassTopics(id, degreeClass, ordering) VALUES (718, 53, 11);
INSERT INTO DegreeClassTopics(id, degreeClass, ordering) VALUES (719, 53, 12);
INSERT INTO DegreeClassTopics(id, degreeClass, ordering) VALUES (720, 53, 13);
INSERT INTO DegreeClassTopics(id, degreeClass, ordering) VALUES (721, 53, 14);
INSERT INTO DegreeClassTopics(id, degreeClass, ordering) VALUES (722, 53, 15);
INSERT INTO DegreeClassTopicTranslations(degreeClassTopic, language, description) VALUES (708, 'PT_PT', 'Os paradigmas distribuídos da passagem de mensagens e invocação remota');
INSERT INTO DegreeClassTopicTranslations(degreeClassTopic, language, description) VALUES (709, 'PT_PT', 'O mecanismo da invocação remota: RPC');
INSERT INTO DegreeClassTopicTranslations(degreeClassTopic, language, description) VALUES (710, 'PT_PT', 'Distribuição orientada a objectos e componentes, middleware');
INSERT INTO DegreeClassTopicTranslations(degreeClassTopic, language, description) VALUES (711, 'PT_PT', 'O problema da escalabilidade');
INSERT INTO DegreeClassTopicTranslations(degreeClassTopic, language, description) VALUES (712, 'PT_PT', 'Arquitecturas: cliente-servidor, P2P, multi-tiered, arquitectura SOA');
INSERT INTO DegreeClassTopicTranslations(degreeClassTopic, language, description) VALUES (713, 'PT_PT', 'Tecnologia .NET Remoting - XML, o protocolo SOAP e Web Services');
INSERT INTO DegreeClassTopicTranslations(degreeClassTopic, language, description) VALUES (714, 'PT_PT', 'RESTful Services');
INSERT INTO DegreeClassTopicTranslations(degreeClassTopic, language, description) VALUES (715, 'PT_PT', 'Generalização dos serviços distribuídos: WCF');
INSERT INTO DegreeClassTopicTranslations(degreeClassTopic, language, description) VALUES (716, 'PT_PT', 'Java Application Servers e Enterprise Java Beans');
INSERT INTO DegreeClassTopicTranslations(degreeClassTopic, language, description) VALUES (717, 'PT_PT', 'Interoperabilidade');
INSERT INTO DegreeClassTopicTranslations(degreeClassTopic, language, description) VALUES (718, 'PT_PT', 'Serviços para distribuição e integração e sua utilização: Filas de mensagens e processamento assíncrono');
INSERT INTO DegreeClassTopicTranslations(degreeClassTopic, language, description) VALUES (719, 'PT_PT', 'Serviços para distribuição e integração e sua utilização: Transacções');
INSERT INTO DegreeClassTopicTranslations(degreeClassTopic, language, description) VALUES (720, 'PT_PT', 'Serviços para distribuição e integração e sua utilização: Segurança');
INSERT INTO DegreeClassTopicTranslations(degreeClassTopic, language, description) VALUES (721, 'PT_PT', 'Serviços para distribuição e integração e sua utilização: Motores de Workflow');
INSERT INTO DegreeClassTopicTranslations(degreeClassTopic, language, description) VALUES (722, 'PT_PT', 'Serviços para distribuição e integração e sua utilização: BPI/BPEL');
INSERT INTO DegreeClassTopicTranslations(degreeClassTopic, language, description) VALUES (708, 'EN_UK', 'The distributed paradigms of message passing and remote invocation');
INSERT INTO DegreeClassTopicTranslations(degreeClassTopic, language, description) VALUES (709, 'EN_UK', 'The remote invocation mechanism: RPC');
INSERT INTO DegreeClassTopicTranslations(degreeClassTopic, language, description) VALUES (710, 'EN_UK', 'Object-oriented and component-based distribution, middleware');
INSERT INTO DegreeClassTopicTranslations(degreeClassTopic, language, description) VALUES (711, 'EN_UK', 'The scalability problem');
INSERT INTO DegreeClassTopicTranslations(degreeClassTopic, language, description) VALUES (712, 'EN_UK', 'Architectures: client-server, P2P, multi-tiered, SOA architecture');
INSERT INTO DegreeClassTopicTranslations(degreeClassTopic, language, description) VALUES (713, 'EN_UK', '.NET Remoting technology - XML, the SOAP protocol and Web Services');
INSERT INTO DegreeClassTopicTranslations(degreeClassTopic, language, description) VALUES (714, 'EN_UK', 'RESTful Services');
INSERT INTO DegreeClassTopicTranslations(degreeClassTopic, language, description) VALUES (715, 'EN_UK', 'Generalization of distributed services: WCF');
INSERT INTO DegreeClassTopicTranslations(degreeClassTopic, language, description) VALUES (716, 'EN_UK', 'Java Application Servers and Enterprise Java Beans');
INSERT INTO DegreeClassTopicTranslations(degreeClassTopic, language, description) VALUES (717, 'EN_UK', 'Interoperability');
INSERT INTO DegreeClassTopicTranslations(degreeClassTopic, language, description) VALUES (718, 'EN_UK', 'Services for distribution and integration and their use: Message queues and asynchronous processing');
INSERT INTO DegreeClassTopicTranslations(degreeClassTopic, language, description) VALUES (719, 'EN_UK', 'Services for distribution and integration and their use: Transactions');
INSERT INTO DegreeClassTopicTranslations(degreeClassTopic, language, description) VALUES (720, 'EN_UK', 'Services for distribution and integration and their use: Security');
INSERT INTO DegreeClassTopicTranslations(degreeClassTopic, language, description) VALUES (721, 'EN_UK', 'Services for distribution and integration and their use: Workflow Engines');
INSERT INTO DegreeClassTopicTranslations(degreeClassTopic, language, description) VALUES (722, 'EN_UK', 'Services for distribution and integration and their use: BPI/BPEL');

-- UPorto 5th year

INSERT INTO DegreeClasses(id, year, semester, ects , isOptional, degree) VALUES (54, 5, 1, 6, false, 1);
INSERT INTO DegreeClassTranslations(degreeClass, language, name, description) VALUES  (54, 'PT_PT', 'Preparação da Dissertação' , 'A unidade curricular \"Preparação de Dissertação\" acompanha o processo de organização e trabalho preliminar da dissertação do Mestrado Integrado em Engenharia Informática e Computação. Os estudantes completam PDIS antes do semestre em que a dissertação é realizada a tempo inteiro. O esforço da unidade é o equivalente a 6 ECTS (1/5 de semestre a tempo inteiro) e é ocupado com a escolha e familiarização com o tema da dissertação, com o estudo do estado da arte no domínio da dissertação e com a realização de trabalho preliminar que permita no semestre da dissertação um trabalho intenso, bem focado e com boa apresentação de resultados.');
INSERT INTO DegreeClassTopics(id, degreeClass, ordering) VALUES (723, 54, 1);
INSERT INTO DegreeClassTopics(id, degreeClass, ordering) VALUES (724, 54, 2);
INSERT INTO DegreeClassTopics(id, degreeClass, ordering) VALUES (725, 54, 3);
INSERT INTO DegreeClassTopics(id, degreeClass, ordering) VALUES (726, 54, 4);
INSERT INTO DegreeClassTopics(id, degreeClass, ordering) VALUES (727, 54, 5);
INSERT INTO DegreeClassTopicTranslations(degreeClassTopic, language, description) VALUES (723, 'PT_PT', 'Métodos e técnicas em projectos de investigação');
INSERT INTO DegreeClassTopicTranslations(degreeClassTopic, language, description) VALUES (724, 'PT_PT', 'Métodos sistemáticos de pesquisa de informação científica');
INSERT INTO DegreeClassTopicTranslations(degreeClassTopic, language, description) VALUES (725, 'PT_PT', 'Concepção e realização de trabalhos para publicação');
INSERT INTO DegreeClassTopicTranslations(degreeClassTopic, language, description) VALUES (726, 'PT_PT', 'Tutoriais convidados (palestras)');
INSERT INTO DegreeClassTopicTranslations(degreeClassTopic, language, description) VALUES (727, 'PT_PT', 'Concepção, elaboração e defesa do relatório do projecto de dissertação');
INSERT INTO DegreeClassTopicTranslations(degreeClassTopic, language, description) VALUES (723, 'EN_UK', 'Methods and techniques in research projects');
INSERT INTO DegreeClassTopicTranslations(degreeClassTopic, language, description) VALUES (724, 'EN_UK', 'Systematic methods of scientific information research');
INSERT INTO DegreeClassTopicTranslations(degreeClassTopic, language, description) VALUES (725, 'EN_UK', 'Design and production of works for publication');
INSERT INTO DegreeClassTopicTranslations(degreeClassTopic, language, description) VALUES (726, 'EN_UK', 'Invited tutorials (lectures)');
INSERT INTO DegreeClassTopicTranslations(degreeClassTopic, language, description) VALUES (727, 'EN_UK', 'Design, preparation and defense of the dissertation project report');

INSERT INTO DegreeClasses(id, year, semester, ects , isOptional, degree) VALUES (55, 5, 2, 6, false, 1);
INSERT INTO DegreeClassTranslations(degreeClass, language, name, description) VALUES  (55, 'PT_PT', 'Dissertação' , 'Trabalho individual de investigação e desenvolvimento, conducente à elaboração de uma dissertação de natureza científica sobre um tema da área de conhecimento do curso, ou visando a integração e aplicação à resolução de problemas complexos de engenharia de conhecimentos, competências e atitudes adquiridos ao longo do curso.');
INSERT INTO DegreeClassTopics(id, degreeClass, ordering) VALUES (728, 55, 1);
INSERT INTO DegreeClassTopics(id, degreeClass, ordering) VALUES (729, 55, 2);
INSERT INTO DegreeClassTopics(id, degreeClass, ordering) VALUES (730, 55, 3);
INSERT INTO DegreeClassTopics(id, degreeClass, ordering) VALUES (731, 55, 4);
INSERT INTO DegreeClassTopics(id, degreeClass, ordering) VALUES (732, 55, 5);
INSERT INTO DegreeClassTopics(id, degreeClass, ordering) VALUES (733, 55, 6);
INSERT INTO DegreeClassTopicTranslations(degreeClassTopic, language, description) VALUES (728, 'PT_PT', 'Identificação de um problema a resolver');
INSERT INTO DegreeClassTopicTranslations(degreeClassTopic, language, description) VALUES (729, 'PT_PT', 'Pesquisa do estado-da-arte respectivo');
INSERT INTO DegreeClassTopicTranslations(degreeClassTopic, language, description) VALUES (730, 'PT_PT', 'Análise de potenciais soluções');
INSERT INTO DegreeClassTopicTranslations(degreeClassTopic, language, description) VALUES (731, 'PT_PT', 'Desenvolvimento de uma solução');
INSERT INTO DegreeClassTopicTranslations(degreeClassTopic, language, description) VALUES (732, 'PT_PT', 'Avaliação da solução desenvolvida');
INSERT INTO DegreeClassTopicTranslations(degreeClassTopic, language, description) VALUES (733, 'PT_PT', 'Escrita do relatório de dissertação');
INSERT INTO DegreeClassTopicTranslations(degreeClassTopic, language, description) VALUES (728, 'EN_UK', 'Identifying a problem to solve');
INSERT INTO DegreeClassTopicTranslations(degreeClassTopic, language, description) VALUES (729, 'EN_UK', 'Researching the respective state-of-the-art');
INSERT INTO DegreeClassTopicTranslations(degreeClassTopic, language, description) VALUES (730, 'EN_UK', 'Analyzing potential solutions');
INSERT INTO DegreeClassTopicTranslations(degreeClassTopic, language, description) VALUES (731, 'EN_UK', 'Developing a solution');
INSERT INTO DegreeClassTopicTranslations(degreeClassTopic, language, description) VALUES (732, 'EN_UK', 'Evaluating the developed solution');
INSERT INTO DegreeClassTopicTranslations(degreeClassTopic, language, description) VALUES (733, 'EN_UK', 'Writing the dissertation report');

INSERT INTO DegreeClasses(id, year, semester, ects , isOptional, degree) VALUES (56, 5, 1, 6, true, 1);
INSERT INTO DegreeClassTranslations(degreeClass, language, name, description) VALUES  (56, 'PT_PT', 'Análise de Projectos de Investimento' , 'O objectivo desta disciplina é dotar os alunos do conhecimento das metodologias-base para a análise da viabilidade económica e financeira de projectos de investimento.');
INSERT INTO DegreeClassTopics(id, degreeClass, ordering) VALUES (734, 56, 1);
INSERT INTO DegreeClassTopics(id, degreeClass, ordering) VALUES (735, 56, 2);
INSERT INTO DegreeClassTopics(id, degreeClass, ordering) VALUES (736, 56, 3);
INSERT INTO DegreeClassTopics(id, degreeClass, ordering) VALUES (737, 56, 4);
INSERT INTO DegreeClassTopics(id, degreeClass, ordering) VALUES (738, 56, 5);
INSERT INTO DegreeClassTopics(id, degreeClass, ordering) VALUES (739, 56, 6);
INSERT INTO DegreeClassTopics(id, degreeClass, ordering) VALUES (740, 56, 7);
INSERT INTO DegreeClassTopics(id, degreeClass, ordering) VALUES (741, 56, 8);
INSERT INTO DegreeClassTopicTranslations(degreeClassTopic, language, description) VALUES (734, 'PT_PT', 'Visão global da Análise de Projectos');
INSERT INTO DegreeClassTopicTranslations(degreeClassTopic, language, description) VALUES (735, 'PT_PT', 'O Plano de Negócios');
INSERT INTO DegreeClassTopicTranslations(degreeClassTopic, language, description) VALUES (736, 'PT_PT', 'Os Estudos de Viabilidade');
INSERT INTO DegreeClassTopicTranslations(degreeClassTopic, language, description) VALUES (737, 'PT_PT', 'Os documentos base do estudo económico financeiro: Plano de Investimentos. Plano de Exploração. Plano de Financiamento.');
INSERT INTO DegreeClassTopicTranslations(degreeClassTopic, language, description) VALUES (738, 'PT_PT', 'Determinantes e análise dos Cash flows (CF)de um projecto. Principios básicos na medição e estimação dos cash flows. Análise dos CF de exploração. Análise dos CF de investimento. Óptica do projecto vs óptica do empresário. A estimação dos CF em clima de inflacção.');
INSERT INTO DegreeClassTopicTranslations(degreeClassTopic, language, description) VALUES (739, 'PT_PT', 'Critérios de decisão. VAL, TIR, PR actualizado, Indice de rentabilidade. Indicadores macroeconómicos.');
INSERT INTO DegreeClassTopicTranslations(degreeClassTopic, language, description) VALUES (740, 'PT_PT', 'O custo de capital dos projectos. Custo de capital e taxa de actualização. Como estimar o custo das diversas fontes de financiamento.');
INSERT INTO DegreeClassTopicTranslations(degreeClassTopic, language, description) VALUES (741, 'PT_PT', 'Risco e incerteza na avaliação. Os métodos empiricos de tratamento de risco. Métodos de simulação - análise de sensibilidade, cenários alternativos, análise do ponto morto, simulação de Monte Carlo. Árvores de Decisão. O CAPM na avaliação do risco dos projectos.');
INSERT INTO DegreeClassTopicTranslations(degreeClassTopic, language, description) VALUES (734, 'EN_UK', 'Overview of Project Analysis');
INSERT INTO DegreeClassTopicTranslations(degreeClassTopic, language, description) VALUES (735, 'EN_UK', 'The Business Plan');
INSERT INTO DegreeClassTopicTranslations(degreeClassTopic, language, description) VALUES (736, 'EN_UK', 'Feasibility Studies');
INSERT INTO DegreeClassTopicTranslations(degreeClassTopic, language, description) VALUES (737, 'EN_UK', 'The basic documents of the economic and financial study: Investment Plan. Operating Plan. Financing Plan.');
INSERT INTO DegreeClassTopicTranslations(degreeClassTopic, language, description) VALUES (738, 'EN_UK', 'Determinants and analysis of a project''s Cash Flows (CF). Basic principles in the measurement and estimation of cash flows. Analysis of operating CFs. Analysis of investment CFs. Project perspective vs. entrepreneur perspective. The estimation of CFs in an inflationary environment.');
INSERT INTO DegreeClassTopicTranslations(degreeClassTopic, language, description) VALUES (739, 'EN_UK', 'Decision criteria. NPV, IRR, Updated NPV, Profitability Index. Macroeconomic indicators.');
INSERT INTO DegreeClassTopicTranslations(degreeClassTopic, language, description) VALUES (740, 'EN_UK', 'The cost of capital of projects. Cost of capital and discount rate. How to estimate the cost of different sources of financing.');
INSERT INTO DegreeClassTopicTranslations(degreeClassTopic, language, description) VALUES (741, 'EN_UK', 'Risk and uncertainty in evaluation. Empirical methods of risk treatment. Simulation methods - sensitivity analysis, alternative scenarios, break-even analysis, Monte Carlo simulation. Decision Trees. CAPM in project risk assessment.');

INSERT INTO DegreeClasses(id, year, semester, ects , isOptional, degree) VALUES (57, 5, 1, 6, true, 1);
INSERT INTO DegreeClassTranslations(degreeClass, language, name, description) VALUES  (57, 'PT_PT', 'Armazéns de Dados' , 'O objectvo da UC Armazém de Dadtos é dotar os alunos da capacidade de projectar, implementar e explorar armazéns de dados (data warehouses).');
INSERT INTO DegreeClassTopics(id, degreeClass, ordering) VALUES (742, 57, 1);
INSERT INTO DegreeClassTopics(id, degreeClass, ordering) VALUES (743, 57, 2);
INSERT INTO DegreeClassTopics(id, degreeClass, ordering) VALUES (744, 57, 3);
INSERT INTO DegreeClassTopics(id, degreeClass, ordering) VALUES (745, 57, 4);
INSERT INTO DegreeClassTopics(id, degreeClass, ordering) VALUES (746, 57, 5);
INSERT INTO DegreeClassTopics(id, degreeClass, ordering) VALUES (747, 57, 6);
INSERT INTO DegreeClassTopics(id, degreeClass, ordering) VALUES (748, 57, 7);
INSERT INTO DegreeClassTopics(id, degreeClass, ordering) VALUES (749, 57, 8);
INSERT INTO DegreeClassTopics(id, degreeClass, ordering) VALUES (750, 57, 9);
INSERT INTO DegreeClassTopics(id, degreeClass, ordering) VALUES (751, 57, 10);
INSERT INTO DegreeClassTopicTranslations(degreeClassTopic, language, description) VALUES (742, 'PT_PT', 'Armazéns de dados: conceito, arquitectura e abordagens.');
INSERT INTO DegreeClassTopicTranslations(degreeClassTopic, language, description) VALUES (743, 'PT_PT', 'O ciclo de vida de um projecto de armazéns de dados.');
INSERT INTO DegreeClassTopicTranslations(degreeClassTopic, language, description) VALUES (744, 'PT_PT', 'Planeamento, levantamento de requisitos, identificação das fontes.');
INSERT INTO DegreeClassTopicTranslations(degreeClassTopic, language, description) VALUES (745, 'PT_PT', 'Projecto: selecção de dimensões; granularidade; tabelas de factos.');
INSERT INTO DegreeClassTopicTranslations(degreeClassTopic, language, description) VALUES (746, 'PT_PT', 'Modelos de dados específicos.');
INSERT INTO DegreeClassTopicTranslations(degreeClassTopic, language, description) VALUES (747, 'PT_PT', 'Heterogeneidade, estratégias de alimentação e migração de dados.');
INSERT INTO DegreeClassTopicTranslations(degreeClassTopic, language, description) VALUES (748, 'PT_PT', 'Qualidade de dados: auditoria e limpeza.');
INSERT INTO DegreeClassTopicTranslations(degreeClassTopic, language, description) VALUES (749, 'PT_PT', 'Acesso a grandes volumes de dados; desenvolvimento de data marts.');
INSERT INTO DegreeClassTopicTranslations(degreeClassTopic, language, description) VALUES (750, 'PT_PT', 'Implementações multidimensionais, agregação e visualização de dados.');
INSERT INTO DegreeClassTopicTranslations(degreeClassTopic, language, description) VALUES (751, 'PT_PT', 'Requisitos de metadados.');
INSERT INTO DegreeClassTopicTranslations(degreeClassTopic, language, description) VALUES (742, 'EN_UK', 'Data warehouses: concept, architecture and approaches.');
INSERT INTO DegreeClassTopicTranslations(degreeClassTopic, language, description) VALUES (743, 'EN_UK', 'The life cycle of a data warehouse project.');
INSERT INTO DegreeClassTopicTranslations(degreeClassTopic, language, description) VALUES (744, 'EN_UK', 'Planning, requirements gathering, identification of sources.');
INSERT INTO DegreeClassTopicTranslations(degreeClassTopic, language, description) VALUES (745, 'EN_UK', 'Design: selection of dimensions; granularity; fact tables.');
INSERT INTO DegreeClassTopicTranslations(degreeClassTopic, language, description) VALUES (746, 'EN_UK', 'Specific data models.');
INSERT INTO DegreeClassTopicTranslations(degreeClassTopic, language, description) VALUES (747, 'EN_UK', 'Heterogeneity, data feeding and migration strategies.');
INSERT INTO DegreeClassTopicTranslations(degreeClassTopic, language, description) VALUES (748, 'EN_UK', 'Data quality: auditing and cleaning.');
INSERT INTO DegreeClassTopicTranslations(degreeClassTopic, language, description) VALUES (749, 'EN_UK', 'Access to large volumes of data; development of data marts.');
INSERT INTO DegreeClassTopicTranslations(degreeClassTopic, language, description) VALUES (750, 'EN_UK', 'Multidimensional implementations, data aggregation and visualization.');
INSERT INTO DegreeClassTopicTranslations(degreeClassTopic, language, description) VALUES (751, 'EN_UK', 'Metadata requirements.');

INSERT INTO DegreeClasses(id, year, semester, ects , isOptional, degree) VALUES (58, 5, 1, 6, true, 1);
INSERT INTO DegreeClassTranslations(degreeClass, language, name, description) VALUES  (58, 'PT_PT', 'Computação Móvel' , 'Os objectivos principais desta unidade curricular visam a aquisição de conhecimento e prática dos conceitos essenciais do projecto, arquitectura e implementação de aplicações, principalmente empresariais, em dispositivos móveis, utilizando APIs de grande divulgação corrente.');
INSERT INTO DegreeClassTopics(id, degreeClass, ordering) VALUES (752, 58, 1);
INSERT INTO DegreeClassTopics(id, degreeClass, ordering) VALUES (753, 58, 2);
INSERT INTO DegreeClassTopics(id, degreeClass, ordering) VALUES (754, 58, 3);
INSERT INTO DegreeClassTopics(id, degreeClass, ordering) VALUES (755, 58, 4);
INSERT INTO DegreeClassTopics(id, degreeClass, ordering) VALUES (756, 58, 5);
INSERT INTO DegreeClassTopics(id, degreeClass, ordering) VALUES (757, 58, 6);
INSERT INTO DegreeClassTopics(id, degreeClass, ordering) VALUES (758, 58, 7);
INSERT INTO DegreeClassTopics(id, degreeClass, ordering) VALUES (759, 58, 8);
INSERT INTO DegreeClassTopics(id, degreeClass, ordering) VALUES (760, 58, 9);
INSERT INTO DegreeClassTopics(id, degreeClass, ordering) VALUES (761, 58, 10);
INSERT INTO DegreeClassTopics(id, degreeClass, ordering) VALUES (762, 58, 11);
INSERT INTO DegreeClassTopics(id, degreeClass, ordering) VALUES (763, 58, 12);
INSERT INTO DegreeClassTopics(id, degreeClass, ordering) VALUES (764, 58, 13);
INSERT INTO DegreeClassTopics(id, degreeClass, ordering) VALUES (765, 58, 14);
INSERT INTO DegreeClassTopics(id, degreeClass, ordering) VALUES (766, 58, 15);
INSERT INTO DegreeClassTopics(id, degreeClass, ordering) VALUES (767, 58, 16);
INSERT INTO DegreeClassTopics(id, degreeClass, ordering) VALUES (768, 58, 17);
INSERT INTO DegreeClassTopics(id, degreeClass, ordering) VALUES (769, 58, 18);
INSERT INTO DegreeClassTopics(id, degreeClass, ordering) VALUES (770, 58, 19);
INSERT INTO DegreeClassTopics(id, degreeClass, ordering) VALUES (771, 58, 20);
INSERT INTO DegreeClassTopics(id, degreeClass, ordering) VALUES (772, 58, 21);
INSERT INTO DegreeClassTopicTranslations(degreeClassTopic, language, description) VALUES (752, 'PT_PT', 'Aplicações para dispositivos móveis: características adaptadas aos dispositivos móveis');
INSERT INTO DegreeClassTopicTranslations(degreeClassTopic, language, description) VALUES (753, 'PT_PT', 'Aplicações para dispositivos móveis: necessidades e facilidades de comunicação');
INSERT INTO DegreeClassTopicTranslations(degreeClassTopic, language, description) VALUES (754, 'PT_PT', 'Aplicações para dispositivos móveis: armazenamento local');
INSERT INTO DegreeClassTopicTranslations(degreeClassTopic, language, description) VALUES (755, 'PT_PT', 'Padrões para aplicações nos dispositivos móveis: aplicações locais');
INSERT INTO DegreeClassTopicTranslations(degreeClassTopic, language, description) VALUES (756, 'PT_PT', 'Padrões para aplicações nos dispositivos móveis: frameworks nativas e genéricas');
INSERT INTO DegreeClassTopicTranslations(degreeClassTopic, language, description) VALUES (757, 'PT_PT', 'Padrões para aplicações nos dispositivos móveis: aplicações ligadas e desligadas');
INSERT INTO DegreeClassTopicTranslations(degreeClassTopic, language, description) VALUES (758, 'PT_PT', 'Padrões para aplicações nos dispositivos móveis: partilha da lógica de negócio');
INSERT INTO DegreeClassTopicTranslations(degreeClassTopic, language, description) VALUES (759, 'PT_PT', 'Padrões para aplicações nos dispositivos móveis: necessidade de dados locais e remotos');
INSERT INTO DegreeClassTopicTranslations(degreeClassTopic, language, description) VALUES (760, 'PT_PT', 'Padrões para aplicações nos dispositivos móveis: caches');
INSERT INTO DegreeClassTopicTranslations(degreeClassTopic, language, description) VALUES (761, 'PT_PT', 'Padrões para aplicações nos dispositivos móveis: bases de dados locais e sincronização');
INSERT INTO DegreeClassTopicTranslations(degreeClassTopic, language, description) VALUES (762, 'PT_PT', 'Utilização de frameworks de programação e desenvolvimento correntes: Android nativo');
INSERT INTO DegreeClassTopicTranslations(degreeClassTopic, language, description) VALUES (763, 'PT_PT', 'Utilização de frameworks de programação e desenvolvimento correntes: aspectos da construção de interfaces');
INSERT INTO DegreeClassTopicTranslations(degreeClassTopic, language, description) VALUES (764, 'PT_PT', 'Utilização de frameworks de programação e desenvolvimento correntes: utilização de sensores');
INSERT INTO DegreeClassTopicTranslations(degreeClassTopic, language, description) VALUES (765, 'PT_PT', 'Utilização de frameworks de programação e desenvolvimento correntes: comunicações');
INSERT INTO DegreeClassTopicTranslations(degreeClassTopic, language, description) VALUES (766, 'PT_PT', 'Utilização de frameworks de programação e desenvolvimento correntes: acesso a dados locais e remotos');
INSERT INTO DegreeClassTopicTranslations(degreeClassTopic, language, description) VALUES (767, 'PT_PT', 'Utilização de frameworks de programação e desenvolvimento correntes: uma framework genérico para Android, Windows Phone e iOS');
INSERT INTO DegreeClassTopicTranslations(degreeClassTopic, language, description) VALUES (768, 'PT_PT', 'Aplicações orientadas aos serviços: acesso a web services');
INSERT INTO DegreeClassTopicTranslations(degreeClassTopic, language, description) VALUES (769, 'PT_PT', 'Distribuição e instalação de aplicações nos dispositivos');
INSERT INTO DegreeClassTopicTranslations(degreeClassTopic, language, description) VALUES (770, 'PT_PT', 'Alguns aspectos de segurança');
INSERT INTO DegreeClassTopicTranslations(degreeClassTopic, language, description) VALUES (771, 'PT_PT', 'Desenvolvimento de aplicações para dispositivos móveis utilizando frameworks correntes e genéricas.');
INSERT INTO DegreeClassTopicTranslations(degreeClassTopic, language, description) VALUES (772, 'PT_PT', 'Utilização de ferramentas de desenvolvimento e emuladores dos dispositivos.');
INSERT INTO DegreeClassTopicTranslations(degreeClassTopic, language, description) VALUES (752, 'EN_UK', 'Mobile applications: features adapted to mobile devices');
INSERT INTO DegreeClassTopicTranslations(degreeClassTopic, language, description) VALUES (753, 'EN_UK', 'Mobile applications: communication needs and facilities');
INSERT INTO DegreeClassTopicTranslations(degreeClassTopic, language, description) VALUES (754, 'EN_UK', 'Mobile applications: local storage');
INSERT INTO DegreeClassTopicTranslations(degreeClassTopic, language, description) VALUES (755, 'EN_UK', 'Standards for mobile applications: local applications');
INSERT INTO DegreeClassTopicTranslations(degreeClassTopic, language, description) VALUES (756, 'EN_UK', 'Standards for mobile applications: native and generic frameworks');
INSERT INTO DegreeClassTopicTranslations(degreeClassTopic, language, description) VALUES (757, 'EN_UK', 'Standards for mobile applications: online and offline applications');
INSERT INTO DegreeClassTopicTranslations(degreeClassTopic, language, description) VALUES (758, 'EN_UK', 'Standards for mobile applications: sharing business logic');
INSERT INTO DegreeClassTopicTranslations(degreeClassTopic, language, description) VALUES (759, 'EN_UK', 'Standards for mobile applications: need for local and remote data');
INSERT INTO DegreeClassTopicTranslations(degreeClassTopic, language, description) VALUES (760, 'EN_UK', 'Standards for mobile applications: caches');
INSERT INTO DegreeClassTopicTranslations(degreeClassTopic, language, description) VALUES (761, 'EN_UK', 'Standards for mobile applications: local databases and synchronization');
INSERT INTO DegreeClassTopicTranslations(degreeClassTopic, language, description) VALUES (762, 'EN_UK', 'Use of current programming and development frameworks: native Android');
INSERT INTO DegreeClassTopicTranslations(degreeClassTopic, language, description) VALUES (763, 'EN_UK', 'Use of current programming and development frameworks: aspects of interface construction');
INSERT INTO DegreeClassTopicTranslations(degreeClassTopic, language, description) VALUES (764, 'EN_UK', 'Use of current programming and development frameworks: use of sensors');
INSERT INTO DegreeClassTopicTranslations(degreeClassTopic, language, description) VALUES (765, 'EN_UK', 'Use of current programming and development frameworks: communications');
INSERT INTO DegreeClassTopicTranslations(degreeClassTopic, language, description) VALUES (766, 'EN_UK', 'Use of current programming and development frameworks: access to local and remote data');
INSERT INTO DegreeClassTopicTranslations(degreeClassTopic, language, description) VALUES (767, 'EN_UK', 'Use of current programming and development frameworks: a generic framework for Android, Windows Phone and iOS');
INSERT INTO DegreeClassTopicTranslations(degreeClassTopic, language, description) VALUES (768, 'EN_UK', 'Service-oriented applications: access to web services');
INSERT INTO DegreeClassTopicTranslations(degreeClassTopic, language, description) VALUES (769, 'EN_UK', 'Distribution and installation of applications on devices');
INSERT INTO DegreeClassTopicTranslations(degreeClassTopic, language, description) VALUES (770, 'EN_UK', 'Some security aspects');
INSERT INTO DegreeClassTopicTranslations(degreeClassTopic, language, description) VALUES (771, 'EN_UK', 'Development of applications for mobile devices using current and generic frameworks.');
INSERT INTO DegreeClassTopicTranslations(degreeClassTopic, language, description) VALUES (772, 'EN_UK', 'Use of development tools and emulators of devices.');

INSERT INTO DegreeClasses(id, year, semester, ects , isOptional, degree) VALUES (59, 5, 1, 6, true, 1);
INSERT INTO DegreeClassTranslations(degreeClass, language, name, description) VALUES  (59, 'PT_PT', 'Descrição, Armazenamento e Pesquisa de Informação' , 'A unidade curricular "Descrição, Armazenamento e Pesquisa de Informação" tem como objectivo:\n-Sensibilizar os estudantes para os problemas do armazenamento e organização de grandes coleções de dados;\n-Familiarizar os estudantes com os conceitos principais na pesquisa de documentos textuais e da sua aplicação em ferramentas;\n-Explorar os métodos e ferramentas para a descrição de recursos na web e para o uso da descrição em aplicações que fazem uso do significado dos dados.');
INSERT INTO DegreeClassTopics(id, degreeClass, ordering) VALUES (773, 59, 1);
INSERT INTO DegreeClassTopics(id, degreeClass, ordering) VALUES (774, 59, 2);
INSERT INTO DegreeClassTopics(id, degreeClass, ordering) VALUES (775, 59, 3);
INSERT INTO DegreeClassTopics(id, degreeClass, ordering) VALUES (776, 59, 4);
INSERT INTO DegreeClassTopics(id, degreeClass, ordering) VALUES (777, 59, 5);
INSERT INTO DegreeClassTopics(id, degreeClass, ordering) VALUES (778, 59, 6);
INSERT INTO DegreeClassTopics(id, degreeClass, ordering) VALUES (779, 59, 7);
INSERT INTO DegreeClassTopics(id, degreeClass, ordering) VALUES (780, 59, 8);
INSERT INTO DegreeClassTopics(id, degreeClass, ordering) VALUES (781, 59, 9);
INSERT INTO DegreeClassTopicTranslations(degreeClassTopic, language, description) VALUES (773, 'PT_PT', 'Introdução às colecções de dados');
INSERT INTO DegreeClassTopicTranslations(degreeClassTopic, language, description) VALUES (774, 'PT_PT', 'Ferramentas para recolha, preparação e acesso a dados');
INSERT INTO DegreeClassTopicTranslations(degreeClassTopic, language, description) VALUES (775, 'PT_PT', 'Modelos de dados e armazenamento de colecções');
INSERT INTO DegreeClassTopicTranslations(degreeClassTopic, language, description) VALUES (776, 'PT_PT', 'Pesquisa de informação de base textual');
INSERT INTO DegreeClassTopicTranslations(degreeClassTopic, language, description) VALUES (777, 'PT_PT', 'Modelos de recuperação e avaliação');
INSERT INTO DegreeClassTopicTranslations(degreeClassTopic, language, description) VALUES (778, 'PT_PT', 'Recuperação de informação na web');
INSERT INTO DegreeClassTopicTranslations(degreeClassTopic, language, description) VALUES (779, 'PT_PT', 'Descrição de informação: linguagens da Web semântica');
INSERT INTO DegreeClassTopicTranslations(degreeClassTopic, language, description) VALUES (780, 'PT_PT', 'RDF, RDF-Schema, OWL');
INSERT INTO DegreeClassTopicTranslations(degreeClassTopic, language, description) VALUES (781, 'PT_PT', 'Ontologias para dados de um domínio');
INSERT INTO DegreeClassTopicTranslations(degreeClassTopic, language, description) VALUES (773, 'EN_UK', 'Introduction to data collections');
INSERT INTO DegreeClassTopicTranslations(degreeClassTopic, language, description) VALUES (774, 'EN_UK', 'Tools for data collection, preparation and access');
INSERT INTO DegreeClassTopicTranslations(degreeClassTopic, language, description) VALUES (775, 'EN_UK', 'Data models and collection storage');
INSERT INTO DegreeClassTopicTranslations(degreeClassTopic, language, description) VALUES (776, 'EN_UK', 'Text-based information retrieval');
INSERT INTO DegreeClassTopicTranslations(degreeClassTopic, language, description) VALUES (777, 'EN_UK', 'Retrieval and evaluation models');
INSERT INTO DegreeClassTopicTranslations(degreeClassTopic, language, description) VALUES (778, 'EN_UK', 'Web information retrieval');
INSERT INTO DegreeClassTopicTranslations(degreeClassTopic, language, description) VALUES (779, 'EN_UK', 'Information description: Semantic Web languages');
INSERT INTO DegreeClassTopicTranslations(degreeClassTopic, language, description) VALUES (780, 'EN_UK', 'RDF, RDF-Schema, OWL');
INSERT INTO DegreeClassTopicTranslations(degreeClassTopic, language, description) VALUES (781, 'EN_UK', 'Ontologies for domain data');

INSERT INTO DegreeClasses(id, year, semester, ects , isOptional, degree) VALUES (60, 5, 1, 6, true, 1);
INSERT INTO DegreeClassTranslations(degreeClass, language, name, description) VALUES  (60, 'PT_PT', 'Extracção de Conhecimento e Aprendizagem Computacional' , 'Os objectivos desta UC são:\n-Motivar para a utilização de técnicas de extração de conhecimento (EC) de dados, ou data mining, no apoio à decisão.\n-Desenvolver a capacidade de utilizar corretamente essas técnicas para análise automática de grandes quantidades de dados.');
INSERT INTO DegreeClassTopics(id, degreeClass, ordering) VALUES (782, 60, 1);
INSERT INTO DegreeClassTopics(id, degreeClass, ordering) VALUES (783, 60, 2);
INSERT INTO DegreeClassTopics(id, degreeClass, ordering) VALUES (784, 60, 3);
INSERT INTO DegreeClassTopics(id, degreeClass, ordering) VALUES (785, 60, 4);
INSERT INTO DegreeClassTopics(id, degreeClass, ordering) VALUES (786, 60, 5);
INSERT INTO DegreeClassTopics(id, degreeClass, ordering) VALUES (787, 60, 6);
INSERT INTO DegreeClassTopics(id, degreeClass, ordering) VALUES (788, 60, 7);
INSERT INTO DegreeClassTopics(id, degreeClass, ordering) VALUES (789, 60, 8);
INSERT INTO DegreeClassTopics(id, degreeClass, ordering) VALUES (790, 60, 9);
INSERT INTO DegreeClassTopicTranslations(degreeClassTopic, language, description) VALUES (782, 'PT_PT', 'Introdução à extracção de conhecimento (Data Mining).');
INSERT INTO DegreeClassTopicTranslations(degreeClassTopic, language, description) VALUES (783, 'PT_PT', 'Clustering: Algoritmos de partição (revisão do K-means, K-medoids) e algoritmos hierárquicos. Outros algoritmos. Medidas de avaliação.');
INSERT INTO DegreeClassTopicTranslations(degreeClassTopic, language, description) VALUES (784, 'PT_PT', 'Regras de associação: Algoritmo APRIORI. Outros algoritmos. Medidas de avaliação.');
INSERT INTO DegreeClassTopicTranslations(degreeClassTopic, language, description) VALUES (785, 'PT_PT', 'Metodologias de Data Mining: Processo de extracção de conhecimento. Metodologia CRISP-DM. Gestão de projectos.');
INSERT INTO DegreeClassTopicTranslations(degreeClassTopic, language, description) VALUES (786, 'PT_PT', 'Pré-processamento de dados: Limpeza de dados e transformação de dados (normalização, redução e discretização).');
INSERT INTO DegreeClassTopicTranslations(degreeClassTopic, language, description) VALUES (787, 'PT_PT', 'Avaliação de modelos preditivos: Revisão sobre árvores de decisão. Sobre-ajustamento em árvores de decisão. Metodologias de avaliação.');
INSERT INTO DegreeClassTopicTranslations(degreeClassTopic, language, description) VALUES (788, 'PT_PT', 'Classificação: Algoritmos de classificação (métodos baseados em regras, distâncias e kernels; métodos Bayesianos). Questões comuns em classificação (distribuição de classes desequilibrada e custos). Medidas de avaliação.');
INSERT INTO DegreeClassTopicTranslations(degreeClassTopic, language, description) VALUES (789, 'PT_PT', 'Regressão: Algoritmos de regressão (regressão linear e não linear, árvores de regressão, MARS). Medidas de avaliação.');
INSERT INTO DegreeClassTopicTranslations(degreeClassTopic, language, description) VALUES (790, 'PT_PT', 'Text mining: Representação de dados para text mining. Medidas de avaliação. - Web Mining e sistemas de recomendação.');
INSERT INTO DegreeClassTopicTranslations(degreeClassTopic, language, description) VALUES (782, 'EN_UK', 'Introduction to knowledge extraction (Data Mining).');
INSERT INTO DegreeClassTopicTranslations(degreeClassTopic, language, description) VALUES (783, 'EN_UK', 'Clustering: Partitioning algorithms (review of K-means, K-medoids) and hierarchical algorithms. Other algorithms. Evaluation measures.');
INSERT INTO DegreeClassTopicTranslations(degreeClassTopic, language, description) VALUES (784, 'EN_UK', 'Association rules: APRIORI algorithm. Other algorithms. Evaluation measures.');
INSERT INTO DegreeClassTopicTranslations(degreeClassTopic, language, description) VALUES (785, 'EN_UK', 'Data Mining methodologies: Knowledge extraction process. CRISP-DM methodology. Project management.');
INSERT INTO DegreeClassTopicTranslations(degreeClassTopic, language, description) VALUES (786, 'EN_UK', 'Data preprocessing: Data cleaning and data transformation (normalization, reduction and discretization).');
INSERT INTO DegreeClassTopicTranslations(degreeClassTopic, language, description) VALUES (787, 'EN_UK', 'Evaluation of predictive models: Review of decision trees. Overfitting in decision trees. Evaluation methodologies.');
INSERT INTO DegreeClassTopicTranslations(degreeClassTopic, language, description) VALUES (788, 'EN_UK', 'Classification: Classification algorithms (rule-based, distance-based and kernel-based methods; Bayesian methods). Common issues in classification (imbalanced class distribution and costs). Evaluation measures.');
INSERT INTO DegreeClassTopicTranslations(degreeClassTopic, language, description) VALUES (789, 'EN_UK', 'Regression: Regression algorithms (linear and nonlinear regression, regression trees, MARS). Evaluation measures.');
INSERT INTO DegreeClassTopicTranslations(degreeClassTopic, language, description) VALUES (790, 'EN_UK', 'Text mining: Data representation for text mining. Evaluation measures. - Web Mining and recommendation systems.');

INSERT INTO DegreeClasses(id, year, semester, ects , isOptional, degree) VALUES (61, 5, 1, 6, true, 1);
INSERT INTO DegreeClassTranslations(degreeClass, language, name, description) VALUES  (61, 'PT_PT', 'Interacção Pessoa-Computador' , 'O principal objectivo da disciplina é o de preparar os estudantes para analisarem e projectarem as componentes interactivas dos sistemas, em particular da interface com os utilizadores, de uma forma adequada às suas necessidades, considerando o curto, médio e longo prazo.');
INSERT INTO DegreeClassTopics(id, degreeClass, ordering) VALUES (791, 61, 1);
INSERT INTO DegreeClassTopics(id, degreeClass, ordering) VALUES (792, 61, 2);
INSERT INTO DegreeClassTopics(id, degreeClass, ordering) VALUES (793, 61, 3);
INSERT INTO DegreeClassTopics(id, degreeClass, ordering) VALUES (794, 61, 4);
INSERT INTO DegreeClassTopics(id, degreeClass, ordering) VALUES (795, 61, 5);
INSERT INTO DegreeClassTopics(id, degreeClass, ordering) VALUES (796, 61, 6);
INSERT INTO DegreeClassTopics(id, degreeClass, ordering) VALUES (797, 61, 7);
INSERT INTO DegreeClassTopics(id, degreeClass, ordering) VALUES (798, 61, 8);
INSERT INTO DegreeClassTopicTranslations(degreeClassTopic, language, description) VALUES (791, 'PT_PT', 'Projecto de Concepção da Interacção.');
INSERT INTO DegreeClassTopicTranslations(degreeClassTopic, language, description) VALUES (792, 'PT_PT', 'Compreender e Conceitualizar a Interacção.');
INSERT INTO DegreeClassTopicTranslations(degreeClassTopic, language, description) VALUES (793, 'PT_PT', 'Compreender os Utilizadores.');
INSERT INTO DegreeClassTopicTranslations(degreeClassTopic, language, description) VALUES (794, 'PT_PT', 'Compreender como as interfaces afectam os utilizadores.');
INSERT INTO DegreeClassTopicTranslations(degreeClassTopic, language, description) VALUES (795, 'PT_PT', 'Interfaces e Interacção');
INSERT INTO DegreeClassTopicTranslations(degreeClassTopic, language, description) VALUES (796, 'PT_PT', 'O Processo de concepção da Interacção.');
INSERT INTO DegreeClassTopicTranslations(degreeClassTopic, language, description) VALUES (797, 'PT_PT', 'Identificar Necessidades de Definir Requisitos e construção de protótipos.');
INSERT INTO DegreeClassTopicTranslations(degreeClassTopic, language, description) VALUES (798, 'PT_PT', 'Introdução à Avaliação de Usabilidade.');
INSERT INTO DegreeClassTopicTranslations(degreeClassTopic, language, description) VALUES (791, 'EN_UK', 'Interaction Design Project.');
INSERT INTO DegreeClassTopicTranslations(degreeClassTopic, language, description) VALUES (792, 'EN_UK', 'Understanding and Conceptualizing Interaction.');
INSERT INTO DegreeClassTopicTranslations(degreeClassTopic, language, description) VALUES (793, 'EN_UK', 'Understanding Users.');
INSERT INTO DegreeClassTopicTranslations(degreeClassTopic, language, description) VALUES (794, 'EN_UK', 'Understanding how interfaces affect users.');
INSERT INTO DegreeClassTopicTranslations(degreeClassTopic, language, description) VALUES (795, 'EN_UK', 'Interfaces and Interaction');
INSERT INTO DegreeClassTopicTranslations(degreeClassTopic, language, description) VALUES (796, 'EN_UK', 'The Interaction Design Process.');
INSERT INTO DegreeClassTopicTranslations(degreeClassTopic, language, description) VALUES (797, 'EN_UK', 'Identifying Needs, Defining Requirements, and Building Prototypes.');
INSERT INTO DegreeClassTopicTranslations(degreeClassTopic, language, description) VALUES (798, 'EN_UK', 'Introduction to Usability Evaluation.');

INSERT INTO DegreeClasses(id, year, semester, ects , isOptional, degree) VALUES (62, 5, 1, 6, true, 1);
INSERT INTO DegreeClassTranslations(degreeClass, language, name, description) VALUES  (62, 'PT_PT', 'Metodologias Ágeis de Desenvolvimento de Software' , 'Os principais objectivos da unidade curricular é dotar os estudantes de conhecimentos e experiência concreta na definição, utilização e refinamento de processos ágeis para a especificidade de um projecto.');
INSERT INTO DegreeClassTopics(id, degreeClass, ordering) VALUES (799, 62, 1);
INSERT INTO DegreeClassTopics(id, degreeClass, ordering) VALUES (800, 62, 2);
INSERT INTO DegreeClassTopics(id, degreeClass, ordering) VALUES (801, 62, 3);
INSERT INTO DegreeClassTopics(id, degreeClass, ordering) VALUES (802, 62, 4);
INSERT INTO DegreeClassTopics(id, degreeClass, ordering) VALUES (803, 62, 5);
INSERT INTO DegreeClassTopics(id, degreeClass, ordering) VALUES (804, 62, 6);
INSERT INTO DegreeClassTopics(id, degreeClass, ordering) VALUES (805, 62, 7);
INSERT INTO DegreeClassTopics(id, degreeClass, ordering) VALUES (806, 62, 8);
INSERT INTO DegreeClassTopics(id, degreeClass, ordering) VALUES (807, 62, 9);
INSERT INTO DegreeClassTopics(id, degreeClass, ordering) VALUES (808, 62, 10);
INSERT INTO DegreeClassTopicTranslations(degreeClassTopic, language, description) VALUES (799, 'PT_PT', 'Introdução às Metodologias Ágeis.');
INSERT INTO DegreeClassTopicTranslations(degreeClassTopic, language, description) VALUES (800, 'PT_PT', 'A necessidade de métodos ágeis para desenvolvimento de software.');
INSERT INTO DegreeClassTopicTranslations(degreeClassTopic, language, description) VALUES (801, 'PT_PT', 'Software ágil: valores e princípios fundamentais.');
INSERT INTO DegreeClassTopicTranslations(degreeClassTopic, language, description) VALUES (802, 'PT_PT', 'Principais práticas das metodologias ágeis: visão geral sobre as principais práticas usadas.');
INSERT INTO DegreeClassTopicTranslations(degreeClassTopic, language, description) VALUES (803, 'PT_PT', 'Exemplos de metodologias ágeis: revisão sobre as mais populares metodologias ágeis.');
INSERT INTO DegreeClassTopicTranslations(degreeClassTopic, language, description) VALUES (804, 'PT_PT', 'Trabalho em Equipa: “Coaching”, “Technical Environment”, “On-site customer”.');
INSERT INTO DegreeClassTopicTranslations(degreeClassTopic, language, description) VALUES (805, 'PT_PT', 'Planeamento: “Planning Game”, “Small Releases”-');
INSERT INTO DegreeClassTopicTranslations(degreeClassTopic, language, description) VALUES (806, 'PT_PT', 'Testes: “Acceptance tests”, “Unit-tests”, “Test-first programming”.');
INSERT INTO DegreeClassTopicTranslations(degreeClassTopic, language, description) VALUES (807, 'PT_PT', 'Desenho: “Simple Design”, “Refactoring”, “Design patterns”.');
INSERT INTO DegreeClassTopicTranslations(degreeClassTopic, language, description) VALUES (808, 'PT_PT', 'Desenvolvimento de projectos ágeis reais e sua relação com o utilizador.');
INSERT INTO DegreeClassTopicTranslations(degreeClassTopic, language, description) VALUES (799, 'EN_UK', 'Introduction to Agile Methodologies.');
INSERT INTO DegreeClassTopicTranslations(degreeClassTopic, language, description) VALUES (800, 'EN_UK', 'The need for agile methods for software development.');
INSERT INTO DegreeClassTopicTranslations(degreeClassTopic, language, description) VALUES (801, 'EN_UK', 'Agile software: core values and principles.');
INSERT INTO DegreeClassTopicTranslations(degreeClassTopic, language, description) VALUES (802, 'EN_UK', 'Main practices of agile methodologies: overview of the main practices used.');
INSERT INTO DegreeClassTopicTranslations(degreeClassTopic, language, description) VALUES (803, 'EN_UK', 'Examples of agile methodologies: review of the most popular agile methodologies.');
INSERT INTO DegreeClassTopicTranslations(degreeClassTopic, language, description) VALUES (804, 'EN_UK', 'Teamwork: “Coaching”, “Technical Environment”, “On-site customer”.');
INSERT INTO DegreeClassTopicTranslations(degreeClassTopic, language, description) VALUES (805, 'EN_UK', 'Planning: “Planning Game”, “Small Releases”.');
INSERT INTO DegreeClassTopicTranslations(degreeClassTopic, language, description) VALUES (806, 'EN_UK', 'Testing: “Acceptance tests”, “Unit-tests”, “Test-first programming”.');
INSERT INTO DegreeClassTopicTranslations(degreeClassTopic, language, description) VALUES (807, 'EN_UK', 'Design: “Simple Design”, “Refactoring”, “Design patterns”.');
INSERT INTO DegreeClassTopicTranslations(degreeClassTopic, language, description) VALUES (808, 'EN_UK', 'Developing real agile projects and their relationship with the user.');

INSERT INTO DegreeClasses(id, year, semester, ects , isOptional, degree) VALUES (63, 5, 1, 6, true, 1);
INSERT INTO DegreeClassTranslations(degreeClass, language, name, description) VALUES  (63, 'PT_PT', 'Realidade Virtual e Aumentada' , 'Realidade Aumentada é uma tecnologia através da qual se pretende melhorar ou aumentar a visão que um utilizador tem do mundo real com imagens virtuais, usando técnicas de Visão por Computador e de Computação Gráfica/Realidade Virtual. O principal objectivo desta disciplina é transmitir aos alunos um conjunto de conhecimentos básicos destas técnicas, que lhes permitam prosseguir estudos mais avançados na área emergente da Realidade Aumentada, e a capacidade de realizar pequenos trabalhos ilustrativos das metodologias estudadas.');
INSERT INTO DegreeClassTopics(id, degreeClass, ordering) VALUES (809, 63, 1);
INSERT INTO DegreeClassTopics(id, degreeClass, ordering) VALUES (810, 63, 2);
INSERT INTO DegreeClassTopics(id, degreeClass, ordering) VALUES (811, 63, 3);
INSERT INTO DegreeClassTopics(id, degreeClass, ordering) VALUES (812, 63, 4);
INSERT INTO DegreeClassTopics(id, degreeClass, ordering) VALUES (813, 63, 5);
INSERT INTO DegreeClassTopics(id, degreeClass, ordering) VALUES (814, 63, 6);
INSERT INTO DegreeClassTopics(id, degreeClass, ordering) VALUES (815, 63, 7);
INSERT INTO DegreeClassTopics(id, degreeClass, ordering) VALUES (816, 63, 8);
INSERT INTO DegreeClassTopics(id, degreeClass, ordering) VALUES (817, 63, 9);
INSERT INTO DegreeClassTopics(id, degreeClass, ordering) VALUES (818, 63, 10);
INSERT INTO DegreeClassTopics(id, degreeClass, ordering) VALUES (819, 63, 11);
INSERT INTO DegreeClassTopics(id, degreeClass, ordering) VALUES (820, 63, 12);
INSERT INTO DegreeClassTopics(id, degreeClass, ordering) VALUES (821, 63, 13);
INSERT INTO DegreeClassTopics(id, degreeClass, ordering) VALUES (822, 63, 14);
INSERT INTO DegreeClassTopics(id, degreeClass, ordering) VALUES (823, 63, 15);
INSERT INTO DegreeClassTopics(id, degreeClass, ordering) VALUES (824, 63, 16);
INSERT INTO DegreeClassTopics(id, degreeClass, ordering) VALUES (825, 63, 17);
INSERT INTO DegreeClassTopics(id, degreeClass, ordering) VALUES (826, 63, 18);
INSERT INTO DegreeClassTopics(id, degreeClass, ordering) VALUES (827, 63, 19);
INSERT INTO DegreeClassTopics(id, degreeClass, ordering) VALUES (828, 63, 20);
INSERT INTO DegreeClassTopicTranslations(degreeClassTopic, language, description) VALUES (809, 'PT_PT', 'Conceitos');
INSERT INTO DegreeClassTopicTranslations(degreeClassTopic, language, description) VALUES (810, 'PT_PT', 'Aplicações');
INSERT INTO DegreeClassTopicTranslations(degreeClassTopic, language, description) VALUES (811, 'PT_PT', 'Tecnologias de visualização');
INSERT INTO DegreeClassTopicTranslations(degreeClassTopic, language, description) VALUES (812, 'PT_PT', 'Componentes de um sistema de Realidade Aumentada');
INSERT INTO DegreeClassTopicTranslations(degreeClassTopic, language, description) VALUES (813, 'PT_PT', 'Funcionamento geral de um sistema de Realidade Aumentada');
INSERT INTO DegreeClassTopicTranslations(degreeClassTopic, language, description) VALUES (814, 'PT_PT', 'Estrutura geral de um sistema de visão por computador');
INSERT INTO DegreeClassTopicTranslations(degreeClassTopic, language, description) VALUES (815, 'PT_PT', 'Introdução às técnicas de aquisição, processamento e análise de imagem');
INSERT INTO DegreeClassTopicTranslations(degreeClassTopic, language, description) VALUES (816, 'PT_PT', 'Técnicas de aquisição de informação 3D (breve referência)');
INSERT INTO DegreeClassTopicTranslations(degreeClassTopic, language, description) VALUES (817, 'PT_PT', 'Modelação e calibração geométrica de uma câmara');
INSERT INTO DegreeClassTopicTranslations(degreeClassTopic, language, description) VALUES (818, 'PT_PT', 'Sobreposição de imagens virtuais e reais');
INSERT INTO DegreeClassTopicTranslations(degreeClassTopic, language, description) VALUES (819, 'PT_PT', 'Descrição das fases principais de processamento: reconhecimento e seguimento do padrão');
INSERT INTO DegreeClassTopicTranslations(degreeClassTopic, language, description) VALUES (820, 'PT_PT', 'Análise das etapas principais da fase de reconhecimento');
INSERT INTO DegreeClassTopicTranslations(degreeClassTopic, language, description) VALUES (821, 'PT_PT', 'Análise das etapas principais da fase de seguimento');
INSERT INTO DegreeClassTopicTranslations(degreeClassTopic, language, description) VALUES (822, 'PT_PT', 'Percepção visual, auditiva e outras em ambientes virtuais');
INSERT INTO DegreeClassTopicTranslations(degreeClassTopic, language, description) VALUES (823, 'PT_PT', 'Equipamentos e Software para realidade virtual e aumentada');
INSERT INTO DegreeClassTopicTranslations(degreeClassTopic, language, description) VALUES (824, 'PT_PT', 'Modelação de objectos 3D');
INSERT INTO DegreeClassTopicTranslations(degreeClassTopic, language, description) VALUES (825, 'PT_PT', 'Visualização de objectos 3D');
INSERT INTO DegreeClassTopicTranslations(degreeClassTopic, language, description) VALUES (826, 'PT_PT', 'Técnicas de aceleração em visualização 3D');
INSERT INTO DegreeClassTopicTranslations(degreeClassTopic, language, description) VALUES (827, 'PT_PT', 'Oclusão');
INSERT INTO DegreeClassTopicTranslations(degreeClassTopic, language, description) VALUES (828, 'PT_PT', 'Detecção de colisões');
INSERT INTO DegreeClassTopicTranslations(degreeClassTopic, language, description) VALUES (809, 'EN_UK', 'Concepts');
INSERT INTO DegreeClassTopicTranslations(degreeClassTopic, language, description) VALUES (810, 'EN_UK', 'Applications');
INSERT INTO DegreeClassTopicTranslations(degreeClassTopic, language, description) VALUES (811, 'EN_UK', 'Visualization technologies');
INSERT INTO DegreeClassTopicTranslations(degreeClassTopic, language, description) VALUES (812, 'EN_UK', 'Components of an Augmented Reality system');
INSERT INTO DegreeClassTopicTranslations(degreeClassTopic, language, description) VALUES (813, 'EN_UK', 'General operation of an Augmented Reality system');
INSERT INTO DegreeClassTopicTranslations(degreeClassTopic, language, description) VALUES (814, 'EN_UK', 'General structure of a computer vision system');
INSERT INTO DegreeClassTopicTranslations(degreeClassTopic, language, description) VALUES (815, 'EN_UK', 'Introduction to image acquisition, processing and analysis techniques');
INSERT INTO DegreeClassTopicTranslations(degreeClassTopic, language, description) VALUES (816, 'EN_UK', '3D information acquisition techniques (brief reference)');
INSERT INTO DegreeClassTopicTranslations(degreeClassTopic, language, description) VALUES (817, 'EN_UK', 'Modeling and geometric calibration of a camera');
INSERT INTO DegreeClassTopicTranslations(degreeClassTopic, language, description) VALUES (818, 'EN_UK', 'Overlay of virtual and real images');
INSERT INTO DegreeClassTopicTranslations(degreeClassTopic, language, description) VALUES (819, 'EN_UK', 'Description of the main processing phases: pattern recognition and tracking');
INSERT INTO DegreeClassTopicTranslations(degreeClassTopic, language, description) VALUES (820, 'EN_UK', 'Analysis of the main steps of the recognition phase');
INSERT INTO DegreeClassTopicTranslations(degreeClassTopic, language, description) VALUES (821, 'EN_UK', 'Analysis of the main steps of the tracking phase');
INSERT INTO DegreeClassTopicTranslations(degreeClassTopic, language, description) VALUES (822, 'EN_UK', 'Visual, auditory and other perception in virtual environments');
INSERT INTO DegreeClassTopicTranslations(degreeClassTopic, language, description) VALUES (823, 'EN_UK', 'Equipment and Software for virtual and augmented reality');
INSERT INTO DegreeClassTopicTranslations(degreeClassTopic, language, description) VALUES (824, 'EN_UK', '3D object modeling');
INSERT INTO DegreeClassTopicTranslations(degreeClassTopic, language, description) VALUES (825, 'EN_UK', '3D object visualization');
INSERT INTO DegreeClassTopicTranslations(degreeClassTopic, language, description) VALUES (826, 'EN_UK', 'Acceleration techniques in 3D visualization');
INSERT INTO DegreeClassTopicTranslations(degreeClassTopic, language, description) VALUES (827, 'EN_UK', 'Occlusion');
INSERT INTO DegreeClassTopicTranslations(degreeClassTopic, language, description) VALUES (828, 'EN_UK', 'Collision detection');


INSERT INTO DegreeClasses(id, year, semester, ects , isOptional, degree) VALUES (64, 5, 1, 6, true, 1);
INSERT INTO DegreeClassTranslations(degreeClass, language, name, description) VALUES  (64, 'PT_PT', 'Robótica' , 'Os principais objectivos da UC Robótica são:\n-Compreender os conceitos básicos de Robótica e o enquadramento da Inteligência Artificial na Robótica.\n-Estudar métodos de perceção e interpretação sensorial (com ênfase na visão por computador)\n-Estudar os fundamentos da robótica cooperativa e da construção de equipas de robôs\n-Analisar as principais competições robóticas nacionais e internacionais, os simuladores robóticos mais realistas e as plataformas robóticas mais avançadas disponíveis no mercado.');
INSERT INTO DegreeClassTopics(id, degreeClass, ordering) VALUES (829, 64, 1);
INSERT INTO DegreeClassTopics(id, degreeClass, ordering) VALUES (830, 64, 2);
INSERT INTO DegreeClassTopics(id, degreeClass, ordering) VALUES (831, 64, 3);
INSERT INTO DegreeClassTopics(id, degreeClass, ordering) VALUES (832, 64, 4);
INSERT INTO DegreeClassTopics(id, degreeClass, ordering) VALUES (833, 64, 5);
INSERT INTO DegreeClassTopics(id, degreeClass, ordering) VALUES (834, 64, 6);
INSERT INTO DegreeClassTopics(id, degreeClass, ordering) VALUES (835, 64, 7);
INSERT INTO DegreeClassTopics(id, degreeClass, ordering) VALUES (836, 64, 8);
INSERT INTO DegreeClassTopics(id, degreeClass, ordering) VALUES (837, 64, 9);
INSERT INTO DegreeClassTopics(id, degreeClass, ordering) VALUES (838, 64, 10);
INSERT INTO DegreeClassTopics(id, degreeClass, ordering) VALUES (839, 64, 11);
INSERT INTO DegreeClassTopics(id, degreeClass, ordering) VALUES (840, 64, 12);
INSERT INTO DegreeClassTopics(id, degreeClass, ordering) VALUES (841, 64, 13);
INSERT INTO DegreeClassTopics(id, degreeClass, ordering) VALUES (842, 64, 14);
INSERT INTO DegreeClassTopics(id, degreeClass, ordering) VALUES (843, 64, 15);
INSERT INTO DegreeClassTopics(id, degreeClass, ordering) VALUES (844, 64, 16);
INSERT INTO DegreeClassTopics(id, degreeClass, ordering) VALUES (845, 64, 17);
INSERT INTO DegreeClassTopics(id, degreeClass, ordering) VALUES (846, 64, 18);
INSERT INTO DegreeClassTopics(id, degreeClass, ordering) VALUES (847, 64, 19);
INSERT INTO DegreeClassTopics(id, degreeClass, ordering) VALUES (848, 64, 20);
INSERT INTO DegreeClassTopics(id, degreeClass, ordering) VALUES (849, 64, 21);
INSERT INTO DegreeClassTopics(id, degreeClass, ordering) VALUES (850, 64, 22);
INSERT INTO DegreeClassTopics(id, degreeClass, ordering) VALUES (851, 64, 23);
INSERT INTO DegreeClassTopics(id, degreeClass, ordering) VALUES (852, 64, 24);
INSERT INTO DegreeClassTopics(id, degreeClass, ordering) VALUES (853, 64, 25);
INSERT INTO DegreeClassTopics(id, degreeClass, ordering) VALUES (854, 64, 26);
INSERT INTO DegreeClassTopics(id, degreeClass, ordering) VALUES (855, 64, 27);
INSERT INTO DegreeClassTopics(id, degreeClass, ordering) VALUES (856, 64, 28);
INSERT INTO DegreeClassTopics(id, degreeClass, ordering) VALUES (857, 64, 29);
INSERT INTO DegreeClassTopicTranslations(degreeClassTopic, language, description) VALUES (829, 'PT_PT', 'Conceitos de Inteligência Artificial');
INSERT INTO DegreeClassTopicTranslations(degreeClassTopic, language, description) VALUES (830, 'PT_PT', 'Conceitos Básicos de Robótica');
INSERT INTO DegreeClassTopicTranslations(degreeClassTopic, language, description) VALUES (831, 'PT_PT', 'Enquadramento da Inteligência Artificial na Robótica');
INSERT INTO DegreeClassTopicTranslations(degreeClassTopic, language, description) VALUES (832, 'PT_PT', 'História, evolução e direcções actuais da Robótica Inteligente');
INSERT INTO DegreeClassTopicTranslations(degreeClassTopic, language, description) VALUES (833, 'PT_PT', 'Arquitecturas baseadas em Agentes para Robôs: Reactivas, Deliberativas e Híbridas');
INSERT INTO DegreeClassTopicTranslations(degreeClassTopic, language, description) VALUES (834, 'PT_PT', 'Arquitecturas baseadas em Agentes para Robôs: Arquitecturas Belief, Desire and Intentions (BDI)');
INSERT INTO DegreeClassTopicTranslations(degreeClassTopic, language, description) VALUES (835, 'PT_PT', 'Arquitecturas baseadas em Agentes para Robôs: Arquitecturas Cooperativas');
INSERT INTO DegreeClassTopicTranslations(degreeClassTopic, language, description) VALUES (836, 'PT_PT', 'Percepção Robótica: Hodometria, Rotação e Bússolas');
INSERT INTO DegreeClassTopicTranslations(degreeClassTopic, language, description) VALUES (837, 'PT_PT', 'Percepção Robótica: Sensores comuns em robótica incluindo visão artificial e profundidade');
INSERT INTO DegreeClassTopicTranslations(degreeClassTopic, language, description) VALUES (838, 'PT_PT', 'Percepção Robótica: Técnicas de Fusão Sensorial');
INSERT INTO DegreeClassTopicTranslations(degreeClassTopic, language, description) VALUES (839, 'PT_PT', 'Localização e Mapeamento: Criação, representação a actualização de Estados do Mundo');
INSERT INTO DegreeClassTopicTranslations(degreeClassTopic, language, description) VALUES (840, 'PT_PT', 'Localização e Mapeamento: Localização de Markov e Gaussiana');
INSERT INTO DegreeClassTopicTranslations(degreeClassTopic, language, description) VALUES (841, 'PT_PT', 'Localização e Mapeamento: Localização Grid e Monte-Carlo');
INSERT INTO DegreeClassTopicTranslations(degreeClassTopic, language, description) VALUES (842, 'PT_PT', 'Localização e Mapeamento: Mapeamento: Occupancy Grids e SLAM');
INSERT INTO DegreeClassTopicTranslations(degreeClassTopic, language, description) VALUES (843, 'PT_PT', 'Localização e Mapeamento: Exploração do Mundo');
INSERT INTO DegreeClassTopicTranslations(degreeClassTopic, language, description) VALUES (844, 'PT_PT', 'Actuação e Controlo em Robótica: Locomoção, questões cinemáticas e dinâmicas');
INSERT INTO DegreeClassTopicTranslations(degreeClassTopic, language, description) VALUES (845, 'PT_PT', 'Actuação e Controlo em Robótica: Actuadores e grandezas físicas associadas');
INSERT INTO DegreeClassTopicTranslations(degreeClassTopic, language, description) VALUES (846, 'PT_PT', 'Actuação e Controlo em Robótica: Simulação de locomoção');
INSERT INTO DegreeClassTopicTranslations(degreeClassTopic, language, description) VALUES (847, 'PT_PT', 'Navegação: Algoritmos de navegação em ambientes conhecidos/Desconhecidos');
INSERT INTO DegreeClassTopicTranslations(degreeClassTopic, language, description) VALUES (848, 'PT_PT', 'Navegação: Diagramas de Voronoi');
INSERT INTO DegreeClassTopicTranslations(degreeClassTopic, language, description) VALUES (849, 'PT_PT', 'Navegação: Algoritmos A* e D*');
INSERT INTO DegreeClassTopicTranslations(degreeClassTopic, language, description) VALUES (850, 'PT_PT', 'Navegação: Decomposição celular');
INSERT INTO DegreeClassTopicTranslations(degreeClassTopic, language, description) VALUES (851, 'PT_PT', 'Robótica Cooperativa: Introdução à cooperação entre robôs para a realização de tarefas em equipa');
INSERT INTO DegreeClassTopicTranslations(degreeClassTopic, language, description) VALUES (852, 'PT_PT', 'Robótica Cooperativa: Joint Intentions, TAEMS, Role-Based, Social Rules');
INSERT INTO DegreeClassTopicTranslations(degreeClassTopic, language, description) VALUES (853, 'PT_PT', 'Robótica Cooperativa: Comunicação e Modelação Mútua');
INSERT INTO DegreeClassTopicTranslations(degreeClassTopic, language, description) VALUES (854, 'PT_PT', 'Robótica Cooperativa: Locker-Room, Coordenação Estratégica, Parcialmente Hierárquica');
INSERT INTO DegreeClassTopicTranslations(degreeClassTopic, language, description) VALUES (855, 'PT_PT', 'Aplicações: Competições Robóticas Nacionais e Internacionais: RoboCup, RoboOlympics, Fira Cup, DARPA Grand-Challenge, Festival Nacional de Robótica, Micro-Rato, Robô Bombeiro');
INSERT INTO DegreeClassTopicTranslations(degreeClassTopic, language, description) VALUES (856, 'PT_PT', 'Aplicações: Simuladores robóticos: Soccerserver 2D e 3D, RoboCup Rescue, Virtual Rescue, Ciber-Rato.');
INSERT INTO DegreeClassTopicTranslations(degreeClassTopic, language, description) VALUES (857, 'PT_PT', 'Aplicações: Plataformas Robóticas: Lego MindStorms NXT, ERS210A e ERS-7 (AIBOS da Sony), EcoBees, Humanóides RoboNova: Arquitecturas de Hardware e Software. Programação Prática de robôs e equipas de robôs');
INSERT INTO DegreeClassTopicTranslations(degreeClassTopic, language, description) VALUES (829, 'EN_UK', 'Concepts of Artificial Intelligence');
INSERT INTO DegreeClassTopicTranslations(degreeClassTopic, language, description) VALUES (830, 'EN_UK', 'Basic Concepts of Robotics');
INSERT INTO DegreeClassTopicTranslations(degreeClassTopic, language, description) VALUES (831, 'EN_UK', 'Framing of Artificial Intelligence in Robotics');
INSERT INTO DegreeClassTopicTranslations(degreeClassTopic, language, description) VALUES (832, 'EN_UK', 'History, evolution and current directions of Intelligent Robotics');
INSERT INTO DegreeClassTopicTranslations(degreeClassTopic, language, description) VALUES (833, 'EN_UK', 'Agent-Based Architectures for Robots: Reactive, Deliberative and Hybrid');
INSERT INTO DegreeClassTopicTranslations(degreeClassTopic, language, description) VALUES (834, 'EN_UK', 'Agent-Based Architectures for Robots: Belief, Desire and Intentions (BDI) Architectures');
INSERT INTO DegreeClassTopicTranslations(degreeClassTopic, language, description) VALUES (835, 'EN_UK', 'Agent-Based Architectures for Robots: Cooperative Architectures');
INSERT INTO DegreeClassTopicTranslations(degreeClassTopic, language, description) VALUES (836, 'EN_UK', 'Robotic Perception: Odometry, Rotation and Compasses');
INSERT INTO DegreeClassTopicTranslations(degreeClassTopic, language, description) VALUES (837, 'EN_UK', 'Robotic Perception: Common sensors in robotics including computer vision and depth');
INSERT INTO DegreeClassTopicTranslations(degreeClassTopic, language, description) VALUES (838, 'EN_UK', 'Robotic Perception: Sensor Fusion Techniques');
INSERT INTO DegreeClassTopicTranslations(degreeClassTopic, language, description) VALUES (839, 'EN_UK', 'Localization and Mapping: Creation, representation and updating of World States');
INSERT INTO DegreeClassTopicTranslations(degreeClassTopic, language, description) VALUES (840, 'EN_UK', 'Localization and Mapping: Markov and Gaussian Localization');
INSERT INTO DegreeClassTopicTranslations(degreeClassTopic, language, description) VALUES (841, 'EN_UK', 'Localization and Mapping: Grid and Monte-Carlo Localization');
INSERT INTO DegreeClassTopicTranslations(degreeClassTopic, language, description) VALUES (842, 'EN_UK', 'Localization and Mapping: Mapping: Occupancy Grids and SLAM');
INSERT INTO DegreeClassTopicTranslations(degreeClassTopic, language, description) VALUES (843, 'EN_UK', 'Localization and Mapping: World Exploration');
INSERT INTO DegreeClassTopicTranslations(degreeClassTopic, language, description) VALUES (844, 'EN_UK', 'Actuation and Control in Robotics: Locomotion, kinematic and dynamic issues');
INSERT INTO DegreeClassTopicTranslations(degreeClassTopic, language, description) VALUES (845, 'EN_UK', 'Actuation and Control in Robotics: Actuators and associated physical quantities');
INSERT INTO DegreeClassTopicTranslations(degreeClassTopic, language, description) VALUES (846, 'EN_UK', 'Actuation and Control in Robotics: Locomotion simulation');
INSERT INTO DegreeClassTopicTranslations(degreeClassTopic, language, description) VALUES (847, 'EN_UK', 'Navigation: Navigation algorithms in known/unknown environments');
INSERT INTO DegreeClassTopicTranslations(degreeClassTopic, language, description) VALUES (848, 'EN_UK', 'Navigation: Voronoi Diagrams');
INSERT INTO DegreeClassTopicTranslations(degreeClassTopic, language, description) VALUES (849, 'EN_UK', 'Navigation: A* and D* Algorithms');
INSERT INTO DegreeClassTopicTranslations(degreeClassTopic, language, description) VALUES (850, 'EN_UK', 'Navigation: Cell decomposition');
INSERT INTO DegreeClassTopicTranslations(degreeClassTopic, language, description) VALUES (851, 'EN_UK', 'Cooperative Robotics: Introduction to cooperation between robots for task accomplishment');
INSERT INTO DegreeClassTopicTranslations(degreeClassTopic, language, description) VALUES (852, 'EN_UK', 'Cooperative Robotics: Joint Intentions, TAEMS, Role-Based, Social Rules');
INSERT INTO DegreeClassTopicTranslations(degreeClassTopic, language, description) VALUES (853, 'EN_UK', 'Cooperative Robotics: Communication and Mutual Modeling');
INSERT INTO DegreeClassTopicTranslations(degreeClassTopic, language, description) VALUES (854, 'EN_UK', 'Cooperative Robotics: Locker-Room, Strategic Coordination, Partially Hierarchical');
INSERT INTO DegreeClassTopicTranslations(degreeClassTopic, language, description) VALUES (855, 'EN_UK', 'Applications: National and International Robotic Competitions: RoboCup, RoboOlympics, Fira Cup, DARPA Grand-Challenge, National Robotics Festival, Micro-Mouse, Firefighter Robot');
INSERT INTO DegreeClassTopicTranslations(degreeClassTopic, language, description) VALUES (856, 'EN_UK', 'Applications: Robotic Simulators: Soccerserver 2D and 3D, RoboCup Rescue, Virtual Rescue, Cyber-Rat.');
INSERT INTO DegreeClassTopicTranslations(degreeClassTopic, language, description) VALUES (857, 'EN_UK', 'Applications: Robotic Platforms: Lego MindStorms NXT, ERS210A and ERS-7 (Sony AIBOS), EcoBees, RoboNova Humanoids: Hardware and Software Architectures. Practical Programming of Robots and Robot Teams');

INSERT INTO DegreeClasses(id, year, semester, ects , isOptional, degree) VALUES (65, 5, 1, 6, true, 1);
INSERT INTO DegreeClassTranslations(degreeClass, language, name, description) VALUES  (65, 'PT_PT', 'Segurança em Sistemas Informáticos' , 'Esta Unidade Curricular tem por âmbito o estudo da problemática de segurança de sistemas Informáticos, de forma a fornecer aos estudantes um painel básico dos conceitos e das ameaças e defesas de uma utilização abusiva e destrutiva de tais sistemas.');
INSERT INTO DegreeClassTopics(id, degreeClass, ordering) VALUES (858, 65, 1);
INSERT INTO DegreeClassTopics(id, degreeClass, ordering) VALUES (859, 65, 2);
INSERT INTO DegreeClassTopics(id, degreeClass, ordering) VALUES (860, 65, 3);
INSERT INTO DegreeClassTopics(id, degreeClass, ordering) VALUES (861, 65, 4);
INSERT INTO DegreeClassTopics(id, degreeClass, ordering) VALUES (862, 65, 5);
INSERT INTO DegreeClassTopicTranslations(degreeClassTopic, language, description) VALUES (858, 'PT_PT', 'Fundamentos');
INSERT INTO DegreeClassTopicTranslations(degreeClassTopic, language, description) VALUES (859, 'PT_PT', 'Políticas de segurança');
INSERT INTO DegreeClassTopicTranslations(degreeClassTopic, language, description) VALUES (860, 'PT_PT', 'Criptografia: teoria e aplicações');
INSERT INTO DegreeClassTopicTranslations(degreeClassTopic, language, description) VALUES (861, 'PT_PT', 'Mecanismos de segurança e seu uso na implementação de políticas de segurança e na monitorização de sistemas');
INSERT INTO DegreeClassTopicTranslations(degreeClassTopic, language, description) VALUES (862, 'PT_PT', 'Aspectos práticos em redes, em sistemas e na programação');
INSERT INTO DegreeClassTopicTranslations(degreeClassTopic, language, description) VALUES (858, 'EN_UK', 'Fundamentals');
INSERT INTO DegreeClassTopicTranslations(degreeClassTopic, language, description) VALUES (859, 'EN_UK', 'Security policies');
INSERT INTO DegreeClassTopicTranslations(degreeClassTopic, language, description) VALUES (860, 'EN_UK', 'Cryptography: theory and applications');
INSERT INTO DegreeClassTopicTranslations(degreeClassTopic, language, description) VALUES (861, 'EN_UK', 'Security mechanisms and their use in implementing security policies and monitoring systems');
INSERT INTO DegreeClassTopicTranslations(degreeClassTopic, language, description) VALUES (862, 'EN_UK', 'Practical aspects in networks, systems and programming');

INSERT INTO DegreeClasses(id, year, semester, ects , isOptional, degree) VALUES (66, 5, 1, 6, true, 1);
INSERT INTO DegreeClassTranslations(degreeClass, language, name, description) VALUES  (66, 'PT_PT', 'Seminário de Engenharia de Software e Sistemas de Informação' , 'O objectivo fundamental desta unidade curricular é aprender, discutir e desenhar soluções para as várias problemáticas que surgem pela influência da engenharia de software (e do uso do software em geral) pelas pessoas e pela sociedade como um todo.');
INSERT INTO DegreeClassTopics(id, degreeClass, ordering) VALUES (863, 66, 1);
INSERT INTO DegreeClassTopics(id, degreeClass, ordering) VALUES (864, 66, 2);
INSERT INTO DegreeClassTopics(id, degreeClass, ordering) VALUES (865, 66, 3);
INSERT INTO DegreeClassTopicTranslations(degreeClassTopic, language, description) VALUES (863, 'PT_PT', 'Áreas de aplicação mais influenciadas pelo software actualmente: Identificação e discussão de factores de qualidade chave com elevado impacto na área de aplicação');
INSERT INTO DegreeClassTopicTranslations(degreeClassTopic, language, description) VALUES (864, 'PT_PT', 'Áreas de aplicação mais influenciadas pelo software actualmente: Identificação e análise crítica de bons e maus exemplos, e das melhores práticas da engenharia de software, na forma como este afecta o indivíduo e a sociedade');
INSERT INTO DegreeClassTopicTranslations(degreeClassTopic, language, description) VALUES (865, 'PT_PT', 'Áreas de aplicação mais influenciadas pelo software actualmente: Discussão e proposta de novas abordagens para mitigar problemas recorrentes');
INSERT INTO DegreeClassTopicTranslations(degreeClassTopic, language, description) VALUES (863, 'EN_UK', 'Areas of application most influenced by software today: Identification and discussion of key quality factors with high impact in the application area');
INSERT INTO DegreeClassTopicTranslations(degreeClassTopic, language, description) VALUES (864, 'EN_UK', 'Areas of application most influenced by software today: Identification and critical analysis of good and bad examples, and best practices in software engineering, in the way it affects the individual and society');
INSERT INTO DegreeClassTopicTranslations(degreeClassTopic, language, description) VALUES (865, 'EN_UK', 'Areas of application most influenced by software today: Discussion and proposal of new approaches to mitigate recurring problems');

INSERT INTO DegreeClasses(id, year, semester, ects , isOptional, degree) VALUES (67, 5, 1, 6, true, 1);
INSERT INTO DegreeClassTranslations(degreeClass, language, name, description) VALUES  (67, 'PT_PT', 'Seminário de Sistemas Inteligentes, Interacção e Multimédia' , 'Este Seminário tem como objectivos principais:\n-Tomar conhecimento e discutir sobre trabalhos de investigação em curso nas áreas dos Sistemas Inteligentes.\n-Tomar contacto com diferentes investigadores em Sistemas Inteligentes e, através deles, com vários grupos de investigação activos nos tópicos apresentados.');
INSERT INTO DegreeClassTopics(id, degreeClass, ordering) VALUES (866, 67, 1);
INSERT INTO DegreeClassTopics(id, degreeClass, ordering) VALUES (867, 67, 2);
INSERT INTO DegreeClassTopics(id, degreeClass, ordering) VALUES (868, 67, 3);
INSERT INTO DegreeClassTopics(id, degreeClass, ordering) VALUES (869, 67, 4);
INSERT INTO DegreeClassTopics(id, degreeClass, ordering) VALUES (870, 67, 5);
INSERT INTO DegreeClassTopics(id, degreeClass, ordering) VALUES (871, 67, 6);
INSERT INTO DegreeClassTopics(id, degreeClass, ordering) VALUES (872, 67, 7);
INSERT INTO DegreeClassTopics(id, degreeClass, ordering) VALUES (873, 67, 8);
INSERT INTO DegreeClassTopics(id, degreeClass, ordering) VALUES (874, 67, 9);
INSERT INTO DegreeClassTopics(id, degreeClass, ordering) VALUES (875, 67, 10);
INSERT INTO DegreeClassTopicTranslations(degreeClassTopic, language, description) VALUES (866, 'PT_PT', 'Modelação e Simulação: Aplicações a Gestão de Tráfego e evacuação de peões');
INSERT INTO DegreeClassTopicTranslations(degreeClassTopic, language, description) VALUES (867, 'PT_PT', '"Text Mining": Aplicações na web e na análise de Repositórios de texto em Português');
INSERT INTO DegreeClassTopicTranslations(degreeClassTopic, language, description) VALUES (868, 'PT_PT', 'Instituições Electrónicas: Contratação, Confiança e Negociação Electrónica');
INSERT INTO DegreeClassTopicTranslations(degreeClassTopic, language, description) VALUES (869, 'PT_PT', 'Coordenação e Sistemas Multi-Agente');
INSERT INTO DegreeClassTopicTranslations(degreeClassTopic, language, description) VALUES (870, 'PT_PT', 'Aplicações em robótica e missões com veículos heterogéneos');
INSERT INTO DegreeClassTopicTranslations(degreeClassTopic, language, description) VALUES (871, 'PT_PT', 'Gestão de Disrupção de planos em Operações de Transporte Aéreo');
INSERT INTO DegreeClassTopicTranslations(degreeClassTopic, language, description) VALUES (872, 'PT_PT', 'Análise de Redes Sociais');
INSERT INTO DegreeClassTopicTranslations(degreeClassTopic, language, description) VALUES (873, 'PT_PT', '"Cloud Computing"');
INSERT INTO DegreeClassTopicTranslations(degreeClassTopic, language, description) VALUES (874, 'PT_PT', 'Visualização da informação, jogos sérios e HMI (human-machine interaction)');
INSERT INTO DegreeClassTopicTranslations(degreeClassTopic, language, description) VALUES (875, 'PT_PT', 'Apresentações dos trabalhos realizados pelos alunos');
INSERT INTO DegreeClassTopicTranslations(degreeClassTopic, language, description) VALUES (866, 'EN_UK', 'Modeling and Simulation: Applications to Traffic Management and Pedestrian Evacuation');
INSERT INTO DegreeClassTopicTranslations(degreeClassTopic, language, description) VALUES (867, 'EN_UK', '"Text Mining": Applications in the Web and in the Analysis of Portuguese Text Repositories');
INSERT INTO DegreeClassTopicTranslations(degreeClassTopic, language, description) VALUES (868, 'EN_UK', 'Electronic Institutions: Contracting, Trust and Electronic Negotiation');
INSERT INTO DegreeClassTopicTranslations(degreeClassTopic, language, description) VALUES (869, 'EN_UK', 'Coordination and Multi-Agent Systems');
INSERT INTO DegreeClassTopicTranslations(degreeClassTopic, language, description) VALUES (870, 'EN_UK', 'Applications in Robotics and Missions with Heterogeneous Vehicles');
INSERT INTO DegreeClassTopicTranslations(degreeClassTopic, language, description) VALUES (871, 'EN_UK', 'Plan Disruption Management in Air Transport Operations');
INSERT INTO DegreeClassTopicTranslations(degreeClassTopic, language, description) VALUES (872, 'EN_UK', 'Social Network Analysis');
INSERT INTO DegreeClassTopicTranslations(degreeClassTopic, language, description) VALUES (873, 'EN_UK', '"Cloud Computing"');
INSERT INTO DegreeClassTopicTranslations(degreeClassTopic, language, description) VALUES (874, 'EN_UK', 'Information Visualization, Serious Games and HMI (human-machine interaction)');
INSERT INTO DegreeClassTopicTranslations(degreeClassTopic, language, description) VALUES (875, 'EN_UK', 'Presentations of the work done by the students');

INSERT INTO DegreeClasses(id, year, semester, ects , isOptional, degree) VALUES (68, 5, 1, 6, true, 1);
INSERT INTO DegreeClassTranslations(degreeClass, language, name, description) VALUES  (68, 'PT_PT', 'Serviços de Rede e de Sistema' , '(Não disponível)');
INSERT INTO DegreeClassTopics(id, degreeClass, ordering) VALUES (876, 68, 1);
INSERT INTO DegreeClassTopics(id, degreeClass, ordering) VALUES (877, 68, 2);
INSERT INTO DegreeClassTopics(id, degreeClass, ordering) VALUES (878, 68, 3);
INSERT INTO DegreeClassTopics(id, degreeClass, ordering) VALUES (879, 68, 4);
INSERT INTO DegreeClassTopics(id, degreeClass, ordering) VALUES (880, 68, 5);
INSERT INTO DegreeClassTopics(id, degreeClass, ordering) VALUES (881, 68, 6);
INSERT INTO DegreeClassTopics(id, degreeClass, ordering) VALUES (882, 68, 7);
INSERT INTO DegreeClassTopicTranslations(degreeClassTopic, language, description) VALUES (876, 'PT_PT', 'Arquitetura TCP/IP, endereçamento IP');
INSERT INTO DegreeClassTopicTranslations(degreeClassTopic, language, description) VALUES (877, 'PT_PT', 'Protocolos de encaminhamento em redes IP; routing interno e externo');
INSERT INTO DegreeClassTopicTranslations(degreeClassTopic, language, description) VALUES (878, 'PT_PT', 'Serviços básicos e de suporte de rede e de sistemas: serviço de DNS (Domain Name System) e serviço de atribuição de endereços e configurações (DHCP)');
INSERT INTO DegreeClassTopicTranslations(degreeClassTopic, language, description) VALUES (879, 'PT_PT', 'Serviço e protocolos de correio electrónico');
INSERT INTO DegreeClassTopicTranslations(degreeClassTopic, language, description) VALUES (880, 'PT_PT', 'Serviços da Web: servidores e proxies');
INSERT INTO DegreeClassTopicTranslations(degreeClassTopic, language, description) VALUES (881, 'PT_PT', 'Segurança na Internet: autenticação, sockets seguros, firewalls, proxies');
INSERT INTO DegreeClassTopicTranslations(degreeClassTopic, language, description) VALUES (882, 'PT_PT', 'Serviços VoIP e teleconferência');
INSERT INTO DegreeClassTopicTranslations(degreeClassTopic, language, description) VALUES (876, 'EN_UK', 'TCP/IP architecture, IP addressing');
INSERT INTO DegreeClassTopicTranslations(degreeClassTopic, language, description) VALUES (877, 'EN_UK', 'Routing protocols in IP networks; internal and external routing');
INSERT INTO DegreeClassTopicTranslations(degreeClassTopic, language, description) VALUES (878, 'EN_UK', 'Basic and support services for networks and systems: DNS (Domain Name System) service and address and configuration assignment service (DHCP)');
INSERT INTO DegreeClassTopicTranslations(degreeClassTopic, language, description) VALUES (879, 'EN_UK', 'Email service and protocols');
INSERT INTO DegreeClassTopicTranslations(degreeClassTopic, language, description) VALUES (880, 'EN_UK', 'Web services: servers and proxies');
INSERT INTO DegreeClassTopicTranslations(degreeClassTopic, language, description) VALUES (881, 'EN_UK', 'Internet security: authentication, secure sockets, firewalls, proxies');
INSERT INTO DegreeClassTopicTranslations(degreeClassTopic, language, description) VALUES (882, 'EN_UK', 'VoIP services and teleconferencing');

INSERT INTO DegreeClasses(id, year, semester, ects , isOptional, degree) VALUES (69, 5, 1, 6, true, 1);
INSERT INTO DegreeClassTranslations(degreeClass, language, name, description) VALUES  (69, 'PT_PT', 'Teste, Verificação e Validação de Software' , 'O objectivo desta unidade curricular é o de dotar os alunos com conhecimentos consolidados na área das redes de computadores sob uma prespectiva de projectores e gestores de uma rede, nomedadamente, constituição de várias sub-redes para satisfazer requisitos específicos de organizações e utilizadores, atribuição de gamas de enderecos IP, gestão de serviços de encaminhamento de pacotes dentro de um domínio e entre domínios, identificação de servicos de redes necessários, sua instalação e configuração.');
INSERT INTO DegreeClassTopics(id, degreeClass, ordering) VALUES (883, 69, 1);
INSERT INTO DegreeClassTopics(id, degreeClass, ordering) VALUES (884, 69, 2);
INSERT INTO DegreeClassTopics(id, degreeClass, ordering) VALUES (885, 69, 3);
INSERT INTO DegreeClassTopics(id, degreeClass, ordering) VALUES (886, 69, 4);
INSERT INTO DegreeClassTopics(id, degreeClass, ordering) VALUES (887, 69, 5);
INSERT INTO DegreeClassTopics(id, degreeClass, ordering) VALUES (888, 69, 6);
INSERT INTO DegreeClassTopics(id, degreeClass, ordering) VALUES (889, 69, 7);
INSERT INTO DegreeClassTopics(id, degreeClass, ordering) VALUES (890, 69, 8);
INSERT INTO DegreeClassTopics(id, degreeClass, ordering) VALUES (891, 69, 9);
INSERT INTO DegreeClassTopics(id, degreeClass, ordering) VALUES (892, 69, 10);
INSERT INTO DegreeClassTopics(id, degreeClass, ordering) VALUES (893, 69, 11);
INSERT INTO DegreeClassTopics(id, degreeClass, ordering) VALUES (894, 69, 12);
INSERT INTO DegreeClassTopics(id, degreeClass, ordering) VALUES (895, 69, 13);
INSERT INTO DegreeClassTopics(id, degreeClass, ordering) VALUES (896, 69, 14);
INSERT INTO DegreeClassTopics(id, degreeClass, ordering) VALUES (897, 69, 15);
INSERT INTO DegreeClassTopics(id, degreeClass, ordering) VALUES (898, 69, 16);
INSERT INTO DegreeClassTopics(id, degreeClass, ordering) VALUES (899, 69, 17);
INSERT INTO DegreeClassTopics(id, degreeClass, ordering) VALUES (900, 69, 18);
INSERT INTO DegreeClassTopics(id, degreeClass, ordering) VALUES (901, 69, 19);
INSERT INTO DegreeClassTopicTranslations(degreeClassTopic, language, description) VALUES (883, 'PT_PT', 'Conceitos básicos de qualidade de software: noção de qualidade');
INSERT INTO DegreeClassTopicTranslations(degreeClassTopic, language, description) VALUES (884, 'PT_PT', 'Conceitos básicos de qualidade de software: atributos e métricas de qualidade segundo a norma ISO 9126');
INSERT INTO DegreeClassTopicTranslations(degreeClassTopic, language, description) VALUES (885, 'PT_PT', 'Conceitos básicos de qualidade de software: factores de qualidade');
INSERT INTO DegreeClassTopicTranslations(degreeClassTopic, language, description) VALUES (886, 'PT_PT', 'Conceitos básicos de qualidade de software: custos de qualidade');
INSERT INTO DegreeClassTopicTranslations(degreeClassTopic, language, description) VALUES (887, 'PT_PT', 'Conceitos básicos de qualidade de software: verificação e validação versus garantia de qualidade');
INSERT INTO DegreeClassTopicTranslations(degreeClassTopic, language, description) VALUES (888, 'PT_PT', 'Teste de software: conceitos básicos e definições');
INSERT INTO DegreeClassTopicTranslations(degreeClassTopic, language, description) VALUES (889, 'PT_PT', 'Teste de software: técnicas de concepção de casos de teste (testes de caixa negra e de caixa branca)');
INSERT INTO DegreeClassTopicTranslations(degreeClassTopic, language, description) VALUES (890, 'PT_PT', 'Teste de software: testes unitários');
INSERT INTO DegreeClassTopicTranslations(degreeClassTopic, language, description) VALUES (891, 'PT_PT', 'Teste de software: testes de integração');
INSERT INTO DegreeClassTopicTranslations(degreeClassTopic, language, description) VALUES (892, 'PT_PT', 'Teste de software: "test-driven development"');
INSERT INTO DegreeClassTopicTranslations(degreeClassTopic, language, description) VALUES (893, 'PT_PT', 'Teste de software: testes de sistema (teste através da interface para o utilizador, teste de desempenho, fiabilidade, disponibilidade, compatibilidade, etc.)');
INSERT INTO DegreeClassTopicTranslations(degreeClassTopic, language, description) VALUES (894, 'PT_PT', 'Teste de software: teste baseado em modelos');
INSERT INTO DegreeClassTopicTranslations(degreeClassTopic, language, description) VALUES (895, 'PT_PT', 'Teste de software: testes de aceitação');
INSERT INTO DegreeClassTopicTranslations(degreeClassTopic, language, description) VALUES (896, 'PT_PT', 'Teste de software: planeamento e documentação de testes');
INSERT INTO DegreeClassTopicTranslations(degreeClassTopic, language, description) VALUES (897, 'PT_PT', 'Teste de software: reporte e seguimento de problemas');
INSERT INTO DegreeClassTopicTranslations(degreeClassTopic, language, description) VALUES (898, 'PT_PT', 'Teste de software: métricas relacionadas com testes');
INSERT INTO DegreeClassTopicTranslations(degreeClassTopic, language, description) VALUES (899, 'PT_PT', 'Teste de software: gestão do processo de testes');
INSERT INTO DegreeClassTopicTranslations(degreeClassTopic, language, description) VALUES (900, 'PT_PT', 'Teste de software: automatização dos testes');
INSERT INTO DegreeClassTopicTranslations(degreeClassTopic, language, description) VALUES (901, 'PT_PT', 'Inspecções, revisões e outras técnicas de análise estática de software');
INSERT INTO DegreeClassTopicTranslations(degreeClassTopic, language, description) VALUES (883, 'EN_UK', 'Basic concepts of software quality: notion of quality');
INSERT INTO DegreeClassTopicTranslations(degreeClassTopic, language, description) VALUES (884, 'EN_UK', 'Basic concepts of software quality: quality attributes and metrics according to ISO 9126');
INSERT INTO DegreeClassTopicTranslations(degreeClassTopic, language, description) VALUES (885, 'EN_UK', 'Basic concepts of software quality: quality factors');
INSERT INTO DegreeClassTopicTranslations(degreeClassTopic, language, description) VALUES (886, 'EN_UK', 'Basic concepts of software quality: quality costs');
INSERT INTO DegreeClassTopicTranslations(degreeClassTopic, language, description) VALUES (887, 'EN_UK', 'Basic concepts of software quality: verification and validation versus quality assurance');
INSERT INTO DegreeClassTopicTranslations(degreeClassTopic, language, description) VALUES (888, 'EN_UK', 'Software testing: basic concepts and definitions');
INSERT INTO DegreeClassTopicTranslations(degreeClassTopic, language, description) VALUES (889, 'EN_UK', 'Software testing: test case design techniques (black box and white box testing)');
INSERT INTO DegreeClassTopicTranslations(degreeClassTopic, language, description) VALUES (890, 'EN_UK', 'Software testing: unit testing');
INSERT INTO DegreeClassTopicTranslations(degreeClassTopic, language, description) VALUES (891, 'EN_UK', 'Software testing: integration testing');
INSERT INTO DegreeClassTopicTranslations(degreeClassTopic, language, description) VALUES (892, 'EN_UK', 'Software testing: test-driven development');
INSERT INTO DegreeClassTopicTranslations(degreeClassTopic, language, description) VALUES (893, 'EN_UK', 'Software testing: system testing (user interface testing, performance testing, reliability, availability, compatibility, etc.)');
INSERT INTO DegreeClassTopicTranslations(degreeClassTopic, language, description) VALUES (894, 'EN_UK', 'Software testing: model-based testing');
INSERT INTO DegreeClassTopicTranslations(degreeClassTopic, language, description) VALUES (895, 'EN_UK', 'Software testing: acceptance testing');
INSERT INTO DegreeClassTopicTranslations(degreeClassTopic, language, description) VALUES (896, 'EN_UK', 'Software testing: test planning and documentation');
INSERT INTO DegreeClassTopicTranslations(degreeClassTopic, language, description) VALUES (897, 'EN_UK', 'Software testing: test reporting and issue tracking');
INSERT INTO DegreeClassTopicTranslations(degreeClassTopic, language, description) VALUES (898, 'EN_UK', 'Software testing: testing-related metrics');
INSERT INTO DegreeClassTopicTranslations(degreeClassTopic, language, description) VALUES (899, 'EN_UK', 'Software testing: test process management');
INSERT INTO DegreeClassTopicTranslations(degreeClassTopic, language, description) VALUES (900, 'EN_UK', 'Software testing: test automation');
INSERT INTO DegreeClassTopicTranslations(degreeClassTopic, language, description) VALUES (901, 'EN_UK', 'Inspections, reviews and other static software analysis techniques');

INSERT INTO DegreeClasses(id, year, semester, ects , isOptional, degree) VALUES (70, 5, 1, 6, true, 1);
INSERT INTO DegreeClassTranslations(degreeClass, language, name, description) VALUES  (70, 'PT_PT', 'Visão por Computador' , 'A visão por computador é uma área da ciência da computação focada na extracção de "informação útil" de imagens e vídeos. O objectivo da visão por computador é "descobrir a partir de imagens o que está presente no mundo, onde estão localizadas as coisas, que acções estão a ser executadas" (Marr,1982).');
INSERT INTO DegreeClassTopics(id, degreeClass, ordering) VALUES (902, 70, 1);
INSERT INTO DegreeClassTopics(id, degreeClass, ordering) VALUES (903, 70, 2);
INSERT INTO DegreeClassTopics(id, degreeClass, ordering) VALUES (904, 70, 3);
INSERT INTO DegreeClassTopics(id, degreeClass, ordering) VALUES (905, 70, 4);
INSERT INTO DegreeClassTopics(id, degreeClass, ordering) VALUES (906, 70, 5);
INSERT INTO DegreeClassTopics(id, degreeClass, ordering) VALUES (907, 70, 6);
INSERT INTO DegreeClassTopics(id, degreeClass, ordering) VALUES (908, 70, 7);
INSERT INTO DegreeClassTopics(id, degreeClass, ordering) VALUES (909, 70, 8);
INSERT INTO DegreeClassTopics(id, degreeClass, ordering) VALUES (910, 70, 9);
INSERT INTO DegreeClassTopics(id, degreeClass, ordering) VALUES (911, 70, 10);
INSERT INTO DegreeClassTopics(id, degreeClass, ordering) VALUES (912, 70, 11);
INSERT INTO DegreeClassTopics(id, degreeClass, ordering) VALUES (913, 70, 12);
INSERT INTO DegreeClassTopicTranslations(degreeClassTopic, language, description) VALUES (902, 'PT_PT', 'Aquisição de imagens digitais: imagens de intensidade (2D) e de distância/posição (3D)');
INSERT INTO DegreeClassTopicTranslations(degreeClassTopic, language, description) VALUES (903, 'PT_PT', 'Aquisição de imagens digitais: modelo geométrico e radiométrico de uma câmara');
INSERT INTO DegreeClassTopicTranslations(degreeClassTopic, language, description) VALUES (904, 'PT_PT', 'Processamento e análise de imagens de intensidade: filtragem');
INSERT INTO DegreeClassTopicTranslations(degreeClassTopic, language, description) VALUES (905, 'PT_PT', 'Processamento e análise de imagens de intensidade: extracção de características');
INSERT INTO DegreeClassTopicTranslations(degreeClassTopic, language, description) VALUES (906, 'PT_PT', 'Processamento e análise de imagens de intensidade: segmentação');
INSERT INTO DegreeClassTopicTranslations(degreeClassTopic, language, description) VALUES (907, 'PT_PT', 'Calibração geométrica de uma câmara: métodos de calibração');
INSERT INTO DegreeClassTopicTranslations(degreeClassTopic, language, description) VALUES (908, 'PT_PT', 'Estereoscopia: geometria epipolar');
INSERT INTO DegreeClassTopicTranslations(degreeClassTopic, language, description) VALUES (909, 'PT_PT', 'Estereoscopia: estabelecimento de correspondências');
INSERT INTO DegreeClassTopicTranslations(degreeClassTopic, language, description) VALUES (910, 'PT_PT', 'Movimento e seguimento: estimação de movimento');
INSERT INTO DegreeClassTopicTranslations(degreeClassTopic, language, description) VALUES (911, 'PT_PT', 'Movimento e seguimento: seguimento baseado em modelos lineares');
INSERT INTO DegreeClassTopicTranslations(degreeClassTopic, language, description) VALUES (912, 'PT_PT', 'Reconhecimento de objectos: selecção de características');
INSERT INTO DegreeClassTopicTranslations(degreeClassTopic, language, description) VALUES (913, 'PT_PT', 'Reconhecimento de objectos: descrição baseada em características locais invariantes');
INSERT INTO DegreeClassTopicTranslations(degreeClassTopic, language, description) VALUES (902, 'EN_UK', 'Digital image acquisition: intensity (2D) and distance/position (3D) images');
INSERT INTO DegreeClassTopicTranslations(degreeClassTopic, language, description) VALUES (903, 'EN_UK', 'Digital image acquisition: geometric and radiometric model of a camera');
INSERT INTO DegreeClassTopicTranslations(degreeClassTopic, language, description) VALUES (904, 'EN_UK', 'Intensity image processing and analysis: filtering');
INSERT INTO DegreeClassTopicTranslations(degreeClassTopic, language, description) VALUES (905, 'EN_UK', 'Intensity image processing and analysis: feature extraction');
INSERT INTO DegreeClassTopicTranslations(degreeClassTopic, language, description) VALUES (906, 'EN_UK', 'Intensity image processing and analysis: segmentation');
INSERT INTO DegreeClassTopicTranslations(degreeClassTopic, language, description) VALUES (907, 'EN_UK', 'Geometric calibration of a camera: calibration methods');
INSERT INTO DegreeClassTopicTranslations(degreeClassTopic, language, description) VALUES (908, 'EN_UK', 'Stereoscopy: epipolar geometry');
INSERT INTO DegreeClassTopicTranslations(degreeClassTopic, language, description) VALUES (909, 'EN_UK', 'Stereoscopy: correspondence establishment');
INSERT INTO DegreeClassTopicTranslations(degreeClassTopic, language, description) VALUES (910, 'EN_UK', 'Motion and tracking: motion estimation');
INSERT INTO DegreeClassTopicTranslations(degreeClassTopic, language, description) VALUES (911, 'EN_UK', 'Motion and tracking: tracking based on linear models');
INSERT INTO DegreeClassTopicTranslations(degreeClassTopic, language, description) VALUES (912, 'EN_UK', 'Object recognition: feature selection');
INSERT INTO DegreeClassTopicTranslations(degreeClassTopic, language, description) VALUES (913, 'EN_UK', 'Object recognition: description based on local invariant features');


-- Degree Classes
-- Universidade de Coimbra

-- UCoimbra 1st year

INSERT INTO DegreeClasses(id, year, semester, ects , isOptional, degree) VALUES (71, 1, 1, 6, false, 2);
INSERT INTO DegreeClassTranslations(degreeClass, language, name, description) VALUES  (71, 'PT_PT', 'Análise Matemática' , 'Dotar os alunos dos conhecimentos básicos de Cálculo Diferencial e Integral para funções reais de uma variável real. Saber resolver equações diferenciais e aplicar os conhecimentos obtidos na modelação e resolução de problemas.');
INSERT INTO DegreeClassTopics(id, degreeClass, ordering) VALUES (914, 71, 1);
INSERT INTO DegreeClassTopics(id, degreeClass, ordering) VALUES (915, 71, 2);
INSERT INTO DegreeClassTopics(id, degreeClass, ordering) VALUES (916, 71, 3);
INSERT INTO DegreeClassTopics(id, degreeClass, ordering) VALUES (917, 71, 4);
INSERT INTO DegreeClassTopics(id, degreeClass, ordering) VALUES (918, 71, 5);
INSERT INTO DegreeClassTopics(id, degreeClass, ordering) VALUES (919, 71, 6);
INSERT INTO DegreeClassTopics(id, degreeClass, ordering) VALUES (920, 71, 7);
INSERT INTO DegreeClassTopics(id, degreeClass, ordering) VALUES (921, 71, 8);
INSERT INTO DegreeClassTopics(id, degreeClass, ordering) VALUES (922, 71, 9);
INSERT INTO DegreeClassTopics(id, degreeClass, ordering) VALUES (923, 71, 10);
INSERT INTO DegreeClassTopics(id, degreeClass, ordering) VALUES (924, 71, 11);
INSERT INTO DegreeClassTopics(id, degreeClass, ordering) VALUES (925, 71, 12);
INSERT INTO DegreeClassTopics(id, degreeClass, ordering) VALUES (926, 71, 13);
INSERT INTO DegreeClassTopics(id, degreeClass, ordering) VALUES (927, 71, 14);
INSERT INTO DegreeClassTopics(id, degreeClass, ordering) VALUES (928, 71, 15);
INSERT INTO DegreeClassTopics(id, degreeClass, ordering) VALUES (929, 71, 16);
INSERT INTO DegreeClassTopicTranslations(degreeClassTopic, language, description) VALUES (914, 'PT_PT', 'Sucessões numéricas: limites e propriedades básicas');
INSERT INTO DegreeClassTopicTranslations(degreeClassTopic, language, description) VALUES (915, 'PT_PT', 'Funções reais de variável real: limites, continuidade, diferenciabilidade');
INSERT INTO DegreeClassTopicTranslations(degreeClassTopic, language, description) VALUES (916, 'PT_PT', 'Funções trigonométricas inversas');
INSERT INTO DegreeClassTopicTranslations(degreeClassTopic, language, description) VALUES (917, 'PT_PT', 'Funções hiperbólicas e funções hiperbólicas inversas');
INSERT INTO DegreeClassTopicTranslations(degreeClassTopic, language, description) VALUES (918, 'PT_PT', 'Primitivas de funções');
INSERT INTO DegreeClassTopicTranslations(degreeClassTopic, language, description) VALUES (919, 'PT_PT', 'Aplicações do Cálculo Integral: áreas, volumes e comprimentos de curvas');
INSERT INTO DegreeClassTopicTranslations(degreeClassTopic, language, description) VALUES (920, 'PT_PT', 'Integração numérica');
INSERT INTO DegreeClassTopicTranslations(degreeClassTopic, language, description) VALUES (921, 'PT_PT', 'Integrais impróprios');
INSERT INTO DegreeClassTopicTranslations(degreeClassTopic, language, description) VALUES (922, 'PT_PT', 'Números Complexos');
INSERT INTO DegreeClassTopicTranslations(degreeClassTopic, language, description) VALUES (923, 'PT_PT', 'Introdução às funções complexas de variável real');
INSERT INTO DegreeClassTopicTranslations(degreeClassTopic, language, description) VALUES (924, 'PT_PT', 'Integração de funções complexas de variável real');
INSERT INTO DegreeClassTopicTranslations(degreeClassTopic, language, description) VALUES (925, 'PT_PT', 'Séries numéricas');
INSERT INTO DegreeClassTopicTranslations(degreeClassTopic, language, description) VALUES (926, 'PT_PT', 'Sucessões de funções');
INSERT INTO DegreeClassTopicTranslations(degreeClassTopic, language, description) VALUES (927, 'PT_PT', 'Séries de funções');
INSERT INTO DegreeClassTopicTranslations(degreeClassTopic, language, description) VALUES (928, 'PT_PT', 'Séries de Taylor');
INSERT INTO DegreeClassTopicTranslations(degreeClassTopic, language, description) VALUES (929, 'PT_PT', 'Séries de Fourier: versão trigonométrica e complexa');

INSERT INTO DegreeClassTopicTranslations(degreeClassTopic, language, description) VALUES (914, 'EN_UK', 'Numerical sequences: limits and basic properties');
INSERT INTO DegreeClassTopicTranslations(degreeClassTopic, language, description) VALUES (915, 'EN_UK', 'Real functions of a real variable: limits, continuity, differentiability');
INSERT INTO DegreeClassTopicTranslations(degreeClassTopic, language, description) VALUES (916, 'EN_UK', 'Inverse trigonometric functions');
INSERT INTO DegreeClassTopicTranslations(degreeClassTopic, language, description) VALUES (917, 'EN_UK', 'Hyperbolic functions and inverse hyperbolic functions');
INSERT INTO DegreeClassTopicTranslations(degreeClassTopic, language, description) VALUES (918, 'EN_UK', 'Indefinite integrals');
INSERT INTO DegreeClassTopicTranslations(degreeClassTopic, language, description) VALUES (919, 'EN_UK', 'Applications of Integral Calculus: areas, volumes and arc lengths');
INSERT INTO DegreeClassTopicTranslations(degreeClassTopic, language, description) VALUES (920, 'EN_UK', 'Numerical integration');
INSERT INTO DegreeClassTopicTranslations(degreeClassTopic, language, description) VALUES (921, 'EN_UK', 'Improper integrals');
INSERT INTO DegreeClassTopicTranslations(degreeClassTopic, language, description) VALUES (922, 'EN_UK', 'Complex numbers');
INSERT INTO DegreeClassTopicTranslations(degreeClassTopic, language, description) VALUES (923, 'EN_UK', 'Introduction to complex functions of a real variable');
INSERT INTO DegreeClassTopicTranslations(degreeClassTopic, language, description) VALUES (924, 'EN_UK', 'Integration of complex functions of a real variable');
INSERT INTO DegreeClassTopicTranslations(degreeClassTopic, language, description) VALUES (925, 'EN_UK', 'Numerical series');
INSERT INTO DegreeClassTopicTranslations(degreeClassTopic, language, description) VALUES (926, 'EN_UK', 'Sequences of functions');
INSERT INTO DegreeClassTopicTranslations(degreeClassTopic, language, description) VALUES (927, 'EN_UK', 'Series of functions');  
INSERT INTO DegreeClassTopicTranslations(degreeClassTopic, language, description) VALUES (928, 'EN_UK', 'Taylor series');
INSERT INTO DegreeClassTopicTranslations(degreeClassTopic, language, description) VALUES (929, 'EN_UK', 'Fourier series: trigonometric and complex versions');

INSERT INTO DegreeClasses(id, year, semester, ects , isOptional, degree) VALUES (72, 1, 1, 6, false, 2);
INSERT INTO DegreeClassTranslations(degreeClass, language, name, description) VALUES  (72, 'PT_PT', 'Estruturas Discretas' , 'Um curso de matemática discreta tem vários objectivos. Os estudantes deverão aprender um conjunto de factos matemáticos e como aplicá-los; mas, mais importante, deverão aprender a pensar matematicamente. Para tal, é realçado o raciocínio matemático e as diferentes formas de abordar e resolver problemas.');
INSERT INTO DegreeClassTopics(id, degreeClass, ordering) VALUES (930, 72, 1);
INSERT INTO DegreeClassTopics(id, degreeClass, ordering) VALUES (931, 72, 2);
INSERT INTO DegreeClassTopics(id, degreeClass, ordering) VALUES (932, 72, 3);
INSERT INTO DegreeClassTopics(id, degreeClass, ordering) VALUES (933, 72, 4);
INSERT INTO DegreeClassTopics(id, degreeClass, ordering) VALUES (934, 72, 5);
INSERT INTO DegreeClassTopics(id, degreeClass, ordering) VALUES (935, 72, 6);
INSERT INTO DegreeClassTopics(id, degreeClass, ordering) VALUES (936, 72, 7);
INSERT INTO DegreeClassTopics(id, degreeClass, ordering) VALUES (937, 72, 8);
INSERT INTO DegreeClassTopicTranslations(degreeClassTopic, language, description) VALUES (930, 'PT_PT', 'Fundamentos: Como raciocinamos? Lógica proposicional');
INSERT INTO DegreeClassTopicTranslations(degreeClassTopic, language, description) VALUES (931, 'PT_PT', 'Fundamentos: Raciocínio matemático, indução e recursão.');
INSERT INTO DegreeClassTopicTranslations(degreeClassTopic, language, description) VALUES (932, 'PT_PT', 'Fundamentos: Algoritmos e complexidade');
INSERT INTO DegreeClassTopicTranslations(degreeClassTopic, language, description) VALUES (933, 'PT_PT', 'Teoria dos Grafos: Grafos');
INSERT INTO DegreeClassTopicTranslations(degreeClassTopic, language, description) VALUES (934, 'PT_PT', 'Teoria dos Grafos: Árvores');
INSERT INTO DegreeClassTopicTranslations(degreeClassTopic, language, description) VALUES (935, 'PT_PT', 'Os números inteiros: Criptografia');
INSERT INTO DegreeClassTopicTranslations(degreeClassTopic, language, description) VALUES (936, 'PT_PT', 'Contagem: Técnicas básicas e probabilidade discreta');
INSERT INTO DegreeClassTopicTranslations(degreeClassTopic, language, description) VALUES (937, 'PT_PT', 'Contagem: Técnicas avançadas');
INSERT INTO DegreeClassTopicTranslations(degreeClassTopic, language, description) VALUES (930, 'EN_UK', 'Fundamentals: How do we reason? Propositional logic');
INSERT INTO DegreeClassTopicTranslations(degreeClassTopic, language, description) VALUES (931, 'EN_UK', 'Fundamentals: Mathematical reasoning, induction and recursion.');
INSERT INTO DegreeClassTopicTranslations(degreeClassTopic, language, description) VALUES (932, 'EN_UK', 'Fundamentals: Algorithms and complexity');
INSERT INTO DegreeClassTopicTranslations(degreeClassTopic, language, description) VALUES (933, 'EN_UK', 'Graph Theory: Graphs');
INSERT INTO DegreeClassTopicTranslations(degreeClassTopic, language, description) VALUES (934, 'EN_UK', 'Graph Theory: Trees');
INSERT INTO DegreeClassTopicTranslations(degreeClassTopic, language, description) VALUES (935, 'EN_UK', 'The Integers: Cryptography');
INSERT INTO DegreeClassTopicTranslations(degreeClassTopic, language, description) VALUES (936, 'EN_UK', 'Counting: Basic techniques and discrete probability');
INSERT INTO DegreeClassTopicTranslations(degreeClassTopic, language, description) VALUES (937, 'EN_UK', 'Counting: Advanced techniques');

INSERT INTO DegreeClasses(id, year, semester, ects , isOptional, degree) VALUES (73, 1, 1, 6, false, 2);
INSERT INTO DegreeClassTranslations(degreeClass, language, name, description) VALUES  (73, 'PT_PT', 'Introdução à Programação e Resolução de Problemas' , 'Aprender os princípios básicos de programação e gestão de dados num contexto de resolução de problemas. São exploradas as vertentes algorítmica e de modelação e manipulação de dados, sendo ainda introduzido contexto sobre sistemas informáticos em geral.');
INSERT INTO DegreeClassTopics(id, degreeClass, ordering) VALUES (938, 73, 1);
INSERT INTO DegreeClassTopics(id, degreeClass, ordering) VALUES (939, 73, 2);
INSERT INTO DegreeClassTopics(id, degreeClass, ordering) VALUES (940, 73, 3);
INSERT INTO DegreeClassTopics(id, degreeClass, ordering) VALUES (941, 73, 4);
INSERT INTO DegreeClassTopics(id, degreeClass, ordering) VALUES (942, 73, 5);
INSERT INTO DegreeClassTopics(id, degreeClass, ordering) VALUES (943, 73, 6);
INSERT INTO DegreeClassTopics(id, degreeClass, ordering) VALUES (944, 73, 7);
INSERT INTO DegreeClassTopics(id, degreeClass, ordering) VALUES (945, 73, 8);
INSERT INTO DegreeClassTopics(id, degreeClass, ordering) VALUES (946, 73, 9);
INSERT INTO DegreeClassTopics(id, degreeClass, ordering) VALUES (947, 73, 10);
INSERT INTO DegreeClassTopics(id, degreeClass, ordering) VALUES (948, 73, 11);
INSERT INTO DegreeClassTopics(id, degreeClass, ordering) VALUES (949, 73, 12);
INSERT INTO DegreeClassTopics(id, degreeClass, ordering) VALUES (950, 73, 13);
INSERT INTO DegreeClassTopics(id, degreeClass, ordering) VALUES (951, 73, 14);
INSERT INTO DegreeClassTopicTranslations(degreeClassTopic, language, description) VALUES (938, 'PT_PT', 'Noções gerais sobre computadores e internet');
INSERT INTO DegreeClassTopicTranslations(degreeClassTopic, language, description) VALUES (939, 'PT_PT', 'Numeração e representação de dados');
INSERT INTO DegreeClassTopicTranslations(degreeClassTopic, language, description) VALUES (940, 'PT_PT', 'Sistemas operativos: Processos');
INSERT INTO DegreeClassTopicTranslations(degreeClassTopic, language, description) VALUES (941, 'PT_PT', 'Sistemas operativos: Memória e armazenamento');
INSERT INTO DegreeClassTopicTranslations(degreeClassTopic, language, description) VALUES (942, 'PT_PT', 'Sistemas distribuidos: Conceitos base. HTTP e Email');
INSERT INTO DegreeClassTopicTranslations(degreeClassTopic, language, description) VALUES (943, 'PT_PT', 'Python: Noções básicas sobre resolução de problemas e lógica');
INSERT INTO DegreeClassTopicTranslations(degreeClassTopic, language, description) VALUES (944, 'PT_PT', 'Python: Introdução ao Python e tipos de dados');
INSERT INTO DegreeClassTopicTranslations(degreeClassTopic, language, description) VALUES (945, 'PT_PT', 'Python: Instruções de controlo condicionais');
INSERT INTO DegreeClassTopicTranslations(degreeClassTopic, language, description) VALUES (946, 'PT_PT', 'Python: Instruções de controlo: ciclos');
INSERT INTO DegreeClassTopicTranslations(degreeClassTopic, language, description) VALUES (947, 'PT_PT', 'Python: Cadeias de caracteres');
INSERT INTO DegreeClassTopicTranslations(degreeClassTopic, language, description) VALUES (948, 'PT_PT', 'Bases de dados: Introdução e modelo de dados relacional');
INSERT INTO DegreeClassTopicTranslations(degreeClassTopic, language, description) VALUES (949, 'PT_PT', 'Bases de dados: Diagramas de Entidade-Relacionamento');
INSERT INTO DegreeClassTopicTranslations(degreeClassTopic, language, description) VALUES (950, 'PT_PT', 'Bases de dados: Consulta e manipulação de dados');
INSERT INTO DegreeClassTopicTranslations(degreeClassTopic, language, description) VALUES (951, 'PT_PT', 'Python e bases de dados');
INSERT INTO DegreeClassTopicTranslations(degreeClassTopic, language, description) VALUES (938, 'EN_UK', 'General introduction to computers and the internet');
INSERT INTO DegreeClassTopicTranslations(degreeClassTopic, language, description) VALUES (939, 'EN_UK', 'Numbering and data representation');
INSERT INTO DegreeClassTopicTranslations(degreeClassTopic, language, description) VALUES (940, 'EN_UK', 'Operating systems: Processes');
INSERT INTO DegreeClassTopicTranslations(degreeClassTopic, language, description) VALUES (941, 'EN_UK', 'Operating systems: Memory and storage');
INSERT INTO DegreeClassTopicTranslations(degreeClassTopic, language, description) VALUES (942, 'EN_UK', 'Distributed systems: Basic concepts. HTTP and Email');
INSERT INTO DegreeClassTopicTranslations(degreeClassTopic, language, description) VALUES (943, 'EN_UK', 'Python: Basic notions of problem solving and logic');
INSERT INTO DegreeClassTopicTranslations(degreeClassTopic, language, description) VALUES (944, 'EN_UK', 'Python: Introduction to Python and data types');
INSERT INTO DegreeClassTopicTranslations(degreeClassTopic, language, description) VALUES (945, 'EN_UK', 'Python: Conditional control statements');
INSERT INTO DegreeClassTopicTranslations(degreeClassTopic, language, description) VALUES (946, 'EN_UK', 'Python: Control statements: loops');
INSERT INTO DegreeClassTopicTranslations(degreeClassTopic, language, description) VALUES (947, 'EN_UK', 'Python: Strings');
INSERT INTO DegreeClassTopicTranslations(degreeClassTopic, language, description) VALUES (948, 'EN_UK', 'Databases: Introduction and relational data model');
INSERT INTO DegreeClassTopicTranslations(degreeClassTopic, language, description) VALUES (949, 'EN_UK', 'Databases: Entity-Relationship Diagrams');
INSERT INTO DegreeClassTopicTranslations(degreeClassTopic, language, description) VALUES (950, 'EN_UK', 'Databases: Data query and manipulation');
INSERT INTO DegreeClassTopicTranslations(degreeClassTopic, language, description) VALUES (951, 'EN_UK', 'Python and databases');

INSERT INTO DegreeClasses(id, year, semester, ects , isOptional, degree) VALUES (74, 1, 1, 6, false, 2);
INSERT INTO DegreeClassTranslations(degreeClass, language, name, description) VALUES  (74, 'PT_PT', 'Tecnologia dos Computadores' , 'Tem como objectivos dar uma perspectiva geral das diversas áreas da informática. A componente prática concentra-se na aplicação de conceitos de electrónica digital utilizados no desenho de computadores.');
INSERT INTO DegreeClassTopics(id, degreeClass, ordering) VALUES (952, 74, 1);
INSERT INTO DegreeClassTopics(id, degreeClass, ordering) VALUES (953, 74, 2);
INSERT INTO DegreeClassTopics(id, degreeClass, ordering) VALUES (954, 74, 3);
INSERT INTO DegreeClassTopics(id, degreeClass, ordering) VALUES (955, 74, 4);
INSERT INTO DegreeClassTopics(id, degreeClass, ordering) VALUES (956, 74, 5);
INSERT INTO DegreeClassTopics(id, degreeClass, ordering) VALUES (957, 74, 6);
INSERT INTO DegreeClassTopics(id, degreeClass, ordering) VALUES (958, 74, 7);
INSERT INTO DegreeClassTopics(id, degreeClass, ordering) VALUES (959, 74, 8);
INSERT INTO DegreeClassTopics(id, degreeClass, ordering) VALUES (960, 74, 9);
INSERT INTO DegreeClassTopics(id, degreeClass, ordering) VALUES (961, 74, 10);
INSERT INTO DegreeClassTopics(id, degreeClass, ordering) VALUES (962, 74, 11);
INSERT INTO DegreeClassTopics(id, degreeClass, ordering) VALUES (963, 74, 12);
INSERT INTO DegreeClassTopics(id, degreeClass, ordering) VALUES (964, 74, 13);
INSERT INTO DegreeClassTopics(id, degreeClass, ordering) VALUES (965, 74, 14);
INSERT INTO DegreeClassTopics(id, degreeClass, ordering) VALUES (966, 74, 15);
INSERT INTO DegreeClassTopics(id, degreeClass, ordering) VALUES (967, 74, 16);
INSERT INTO DegreeClassTopics(id, degreeClass, ordering) VALUES (968, 74, 17);
INSERT INTO DegreeClassTopicTranslations(degreeClassTopic, language, description) VALUES (952, 'PT_PT', 'Modelo de von Neumann');
INSERT INTO DegreeClassTopicTranslations(degreeClassTopic, language, description) VALUES (953, 'PT_PT', 'Funcionamento de um processador');
INSERT INTO DegreeClassTopicTranslations(degreeClassTopic, language, description) VALUES (954, 'PT_PT', 'Hierarquia de memória');
INSERT INTO DegreeClassTopicTranslations(degreeClassTopic, language, description) VALUES (955, 'PT_PT', 'Organização de um computador e seus periféricos');
INSERT INTO DegreeClassTopicTranslations(degreeClassTopic, language, description) VALUES (956, 'PT_PT', 'Sistemas de Numeração');
INSERT INTO DegreeClassTopicTranslations(degreeClassTopic, language, description) VALUES (957, 'PT_PT', 'Grandezas de armazenamento e transmissão de informação');
INSERT INTO DegreeClassTopicTranslations(degreeClassTopic, language, description) VALUES (958, 'PT_PT', 'Representação e armazenamento de texto, som e imagem');
INSERT INTO DegreeClassTopicTranslations(degreeClassTopic, language, description) VALUES (959, 'PT_PT', 'Técnicas de compressão de dados, de correcção e detecção de erros');
INSERT INTO DegreeClassTopicTranslations(degreeClassTopic, language, description) VALUES (960, 'PT_PT', 'Electrónica digital combinacional');
INSERT INTO DegreeClassTopicTranslations(degreeClassTopic, language, description) VALUES (961, 'PT_PT', 'Eletrónica digital sequencial (flip-flops, tabelas de excitação e transição de estado, diagramas de estados, extracção de equações e desenho de circuitos simples)');
INSERT INTO DegreeClassTopicTranslations(degreeClassTopic, language, description) VALUES (962, 'PT_PT', 'Lógica programável e linguagens de descrição de hardware (VHDL)');
INSERT INTO DegreeClassTopicTranslations(degreeClassTopic, language, description) VALUES (963, 'PT_PT', 'Sistemas operativos: arquitecturas, coordenação, escalonamento e segurança.');
INSERT INTO DegreeClassTopicTranslations(degreeClassTopic, language, description) VALUES (964, 'PT_PT', 'Básicos de linguagens de programação');
INSERT INTO DegreeClassTopicTranslations(degreeClassTopic, language, description) VALUES (965, 'PT_PT', 'Engenharia de software: introdução a conceitos e ferramentas');
INSERT INTO DegreeClassTopicTranslations(degreeClassTopic, language, description) VALUES (966, 'PT_PT', 'Estruturas de dados: conceitos básicos, abstracções de dados');
INSERT INTO DegreeClassTopicTranslations(degreeClassTopic, language, description) VALUES (967, 'PT_PT', 'Redes de computadores: conceitos básicos');
INSERT INTO DegreeClassTopicTranslations(degreeClassTopic, language, description) VALUES (968, 'PT_PT', 'Teoria da Computação e aplicações');
INSERT INTO DegreeClassTopicTranslations(degreeClassTopic, language, description) VALUES (952, 'EN_UK', 'Von Neumann model');
INSERT INTO DegreeClassTopicTranslations(degreeClassTopic, language, description) VALUES (953, 'EN_UK', 'How a processor works');
INSERT INTO DegreeClassTopicTranslations(degreeClassTopic, language, description) VALUES (954, 'EN_UK', 'Memory hierarchy');
INSERT INTO DegreeClassTopicTranslations(degreeClassTopic, language, description) VALUES (955, 'EN_UK', 'Computer organization and peripherals');
INSERT INTO DegreeClassTopicTranslations(degreeClassTopic, language, description) VALUES (956, 'EN_UK', 'Number systems');
INSERT INTO DegreeClassTopicTranslations(degreeClassTopic, language, description) VALUES (957, 'EN_UK', 'Information storage and transmission units');
INSERT INTO DegreeClassTopicTranslations(degreeClassTopic, language, description) VALUES (958, 'EN_UK', 'Representation and storage of text, sound and image');
INSERT INTO DegreeClassTopicTranslations(degreeClassTopic, language, description) VALUES (959, 'EN_UK', 'Data compression, error correction and detection techniques');
INSERT INTO DegreeClassTopicTranslations(degreeClassTopic, language, description) VALUES (960, 'EN_UK', 'Combinational digital electronics');
INSERT INTO DegreeClassTopicTranslations(degreeClassTopic, language, description) VALUES (961, 'EN_UK', 'Sequential digital electronics (flip-flops, excitation and state transition tables, state diagrams, equation extraction and design of simple circuits)');
INSERT INTO DegreeClassTopicTranslations(degreeClassTopic, language, description) VALUES (962, 'EN_UK', 'Programmable logic and hardware description languages (VHDL)');
INSERT INTO DegreeClassTopicTranslations(degreeClassTopic, language, description) VALUES (963, 'EN_UK', 'Operating systems: architectures, coordination, scheduling and security.');
INSERT INTO DegreeClassTopicTranslations(degreeClassTopic, language, description) VALUES (964, 'EN_UK', 'Basics of programming languages');
INSERT INTO DegreeClassTopicTranslations(degreeClassTopic, language, description) VALUES (965, 'EN_UK', 'Software engineering: introduction to concepts and tools');
INSERT INTO DegreeClassTopicTranslations(degreeClassTopic, language, description) VALUES (966, 'EN_UK', 'Data structures: basic concepts, data abstractions');
INSERT INTO DegreeClassTopicTranslations(degreeClassTopic, language, description) VALUES (967, 'EN_UK', 'Computer networks: basic concepts');
INSERT INTO DegreeClassTopicTranslations(degreeClassTopic, language, description) VALUES (968, 'EN_UK', 'Theory of Computation and applications');

INSERT INTO DegreeClasses(id, year, semester, ects , isOptional, degree) VALUES (75, 1, 1, 6, false, 2);
INSERT INTO DegreeClassTranslations(degreeClass, language, name, description) VALUES  (75, 'PT_PT', 'Álgebra Linear e Geometria Analítica' , 'Dotar os alunos dos conhecimentos básicos de Álgebra Linear e Geometria Analítica. Nomeadamente, solucionar sistemas de equações lineares; efectuar operações algébricas com matrizes, compreender e relacionar conceitos e resultados fundamentais de espaços vectoriais, determinar projecções ortogonais e compreender a sua importância no contexto da optimização matemática, compreender e manusear os conceitos de valor próprio e a decomposição espectral de uma matriz');
INSERT INTO DegreeClassTopics(id, degreeClass, ordering) VALUES (969, 75, 1);
INSERT INTO DegreeClassTopics(id, degreeClass, ordering) VALUES (970, 75, 2);
INSERT INTO DegreeClassTopics(id, degreeClass, ordering) VALUES (971, 75, 3);
INSERT INTO DegreeClassTopics(id, degreeClass, ordering) VALUES (972, 75, 4);
INSERT INTO DegreeClassTopics(id, degreeClass, ordering) VALUES (973, 75, 5);
INSERT INTO DegreeClassTopics(id, degreeClass, ordering) VALUES (974, 75, 6);
INSERT INTO DegreeClassTopicTranslations(degreeClassTopic, language, description) VALUES (969, 'PT_PT', 'Matrizes');
INSERT INTO DegreeClassTopicTranslations(degreeClassTopic, language, description) VALUES (970, 'PT_PT', 'Resolução de sistemas de equações lineares - Método de eliminação de Gauss');
INSERT INTO DegreeClassTopicTranslations(degreeClassTopic, language, description) VALUES (971, 'PT_PT', 'Inversão de matrizes');
INSERT INTO DegreeClassTopicTranslations(degreeClassTopic, language, description) VALUES (972, 'PT_PT', 'Determinantes');
INSERT INTO DegreeClassTopicTranslations(degreeClassTopic, language, description) VALUES (973, 'PT_PT', 'Sub-espaços: independência linear; base e dimensão; transformações lineares; produto interno; método dos mínimos quadrados');
INSERT INTO DegreeClassTopicTranslations(degreeClassTopic, language, description) VALUES (974, 'PT_PT', 'Diagonalização de matrizes. Aplicação à resolução de sistemas de equações diferenciais lineares');
INSERT INTO DegreeClassTopicTranslations(degreeClassTopic, language, description) VALUES (969, 'EN_UK', 'Matrices');
INSERT INTO DegreeClassTopicTranslations(degreeClassTopic, language, description) VALUES (970, 'EN_UK', 'Solving systems of linear equations - Gauss elimination method');
INSERT INTO DegreeClassTopicTranslations(degreeClassTopic, language, description) VALUES (971, 'EN_UK', 'Matrix inversion');
INSERT INTO DegreeClassTopicTranslations(degreeClassTopic, language, description) VALUES (972, 'EN_UK', 'Determinants');
INSERT INTO DegreeClassTopicTranslations(degreeClassTopic, language, description) VALUES (973, 'EN_UK', 'Subspaces: linear independence; basis and dimension; linear transformations; inner product; least squares method');
INSERT INTO DegreeClassTopicTranslations(degreeClassTopic, language, description) VALUES (974, 'EN_UK', 'Matrix diagonalization. Application to solving systems of linear differential equations');

INSERT INTO DegreeClasses(id, year, semester, ects , isOptional, degree) VALUES (76, 1, 2, 6, false, 2);
INSERT INTO DegreeClassTranslations(degreeClass, language, name, description) VALUES  (76, 'PT_PT', 'Análise Matemática II' , 'O objectivo principal é dotar os alunos dos conhecimentos básicos de Cálculo Diferencial e Integral para funções de várias variáveis reais e de Análise Complexa. Saber resolver equações diferenciais lineares de coeficientes constantes (recorrendo às transformadas de Laplace) e equações de diferenças (recorrendo às transformadas de Z) e aplicar esses conhecimentos na modelação e resolução de problemas.');
INSERT INTO DegreeClassTopics(id, degreeClass, ordering) VALUES (975, 76, 1);
INSERT INTO DegreeClassTopics(id, degreeClass, ordering) VALUES (976, 76, 2);
INSERT INTO DegreeClassTopics(id, degreeClass, ordering) VALUES (977, 76, 3);
INSERT INTO DegreeClassTopics(id, degreeClass, ordering) VALUES (978, 76, 4);
INSERT INTO DegreeClassTopics(id, degreeClass, ordering) VALUES (979, 76, 5);
INSERT INTO DegreeClassTopics(id, degreeClass, ordering) VALUES (980, 76, 6);
INSERT INTO DegreeClassTopics(id, degreeClass, ordering) VALUES (981, 76, 7);
INSERT INTO DegreeClassTopics(id, degreeClass, ordering) VALUES (982, 76, 8);
INSERT INTO DegreeClassTopics(id, degreeClass, ordering) VALUES (983, 76, 9);
INSERT INTO DegreeClassTopics(id, degreeClass, ordering) VALUES (984, 76, 10);
INSERT INTO DegreeClassTopics(id, degreeClass, ordering) VALUES (985, 76, 11);
INSERT INTO DegreeClassTopics(id, degreeClass, ordering) VALUES (986, 76, 12);
INSERT INTO DegreeClassTopics(id, degreeClass, ordering) VALUES (987, 76, 13);
INSERT INTO DegreeClassTopics(id, degreeClass, ordering) VALUES (988, 76, 14);
INSERT INTO DegreeClassTopics(id, degreeClass, ordering) VALUES (989, 76, 15);
INSERT INTO DegreeClassTopics(id, degreeClass, ordering) VALUES (990, 76, 16);
INSERT INTO DegreeClassTopics(id, degreeClass, ordering) VALUES (991, 76, 17);
INSERT INTO DegreeClassTopics(id, degreeClass, ordering) VALUES (992, 76, 18);
INSERT INTO DegreeClassTopics(id, degreeClass, ordering) VALUES (993, 76, 19);
INSERT INTO DegreeClassTopics(id, degreeClass, ordering) VALUES (994, 76, 20);
INSERT INTO DegreeClassTopics(id, degreeClass, ordering) VALUES (995, 76, 21);
INSERT INTO DegreeClassTopicTranslations(degreeClassTopic, language, description) VALUES (975, 'PT_PT', 'Limites');
INSERT INTO DegreeClassTopicTranslations(degreeClassTopic, language, description) VALUES (976, 'PT_PT', 'Derivadas parciais e direccionais');
INSERT INTO DegreeClassTopicTranslations(degreeClassTopic, language, description) VALUES (977, 'PT_PT', 'Aproximações Lineares e Diferenciais');
INSERT INTO DegreeClassTopicTranslations(degreeClassTopic, language, description) VALUES (978, 'PT_PT', 'Extremos');
INSERT INTO DegreeClassTopicTranslations(degreeClassTopic, language, description) VALUES (979, 'PT_PT', 'Integrais múltiplos: integrais duplos, integrais triplos e suas aplicações');
INSERT INTO DegreeClassTopicTranslations(degreeClassTopic, language, description) VALUES (980, 'PT_PT', 'Números complexos');
INSERT INTO DegreeClassTopicTranslations(degreeClassTopic, language, description) VALUES (981, 'PT_PT', 'Derivação de funções complexas');
INSERT INTO DegreeClassTopicTranslations(degreeClassTopic, language, description) VALUES (982, 'PT_PT', 'Séries de potências e de Laurent');
INSERT INTO DegreeClassTopicTranslations(degreeClassTopic, language, description) VALUES (983, 'PT_PT', 'Singularidades, zeros e resíduos');
INSERT INTO DegreeClassTopicTranslations(degreeClassTopic, language, description) VALUES (984, 'PT_PT', 'Integração de funções complexas e suas aplicações');
INSERT INTO DegreeClassTopicTranslations(degreeClassTopic, language, description) VALUES (985, 'PT_PT', 'Transformada-Z e inversa');
INSERT INTO DegreeClassTopicTranslations(degreeClassTopic, language, description) VALUES (986, 'PT_PT', 'Resolução de equações de diferenças');
INSERT INTO DegreeClassTopicTranslations(degreeClassTopic, language, description) VALUES (987, 'PT_PT', 'Transformada de Laplace e inversa');
INSERT INTO DegreeClassTopicTranslations(degreeClassTopic, language, description) VALUES (988, 'PT_PT', 'Teorema de Heaviside');
INSERT INTO DegreeClassTopicTranslations(degreeClassTopic, language, description) VALUES (989, 'PT_PT', 'Função delta de Dirac e sua transformada (generalizada) de Laplace');
INSERT INTO DegreeClassTopicTranslations(degreeClassTopic, language, description) VALUES (990, 'PT_PT', 'Transformada de Laplace da convolução');
INSERT INTO DegreeClassTopicTranslations(degreeClassTopic, language, description) VALUES (991, 'PT_PT', 'Resolução de equações diferenciais lineares e ordinárias');
INSERT INTO DegreeClassTopicTranslations(degreeClassTopic, language, description) VALUES (992, 'PT_PT', 'Transformada de Fourier e inversa');
INSERT INTO DegreeClassTopicTranslations(degreeClassTopic, language, description) VALUES (993, 'PT_PT', 'Transformada de Fourier da convolução');
INSERT INTO DegreeClassTopicTranslations(degreeClassTopic, language, description) VALUES (994, 'PT_PT', 'Transformadas de Fourier generalizadas: das funções de Heaviside e Delta de Dirac');
INSERT INTO DegreeClassTopicTranslations(degreeClassTopic, language, description) VALUES (995, 'PT_PT', 'Teorema da amostragem');
INSERT INTO DegreeClassTopicTranslations(degreeClassTopic, language, description) VALUES (975, 'EN_UK', 'Limits');
INSERT INTO DegreeClassTopicTranslations(degreeClassTopic, language, description) VALUES (976, 'EN_UK', 'Partial and directional derivatives');
INSERT INTO DegreeClassTopicTranslations(degreeClassTopic, language, description) VALUES (977, 'EN_UK', 'Linear and Differential Approximations');
INSERT INTO DegreeClassTopicTranslations(degreeClassTopic, language, description) VALUES (978, 'EN_UK', 'Extrema');
INSERT INTO DegreeClassTopicTranslations(degreeClassTopic, language, description) VALUES (979, 'EN_UK', 'Multiple integrals: double integrals, triple integrals and their applications');
INSERT INTO DegreeClassTopicTranslations(degreeClassTopic, language, description) VALUES (980, 'EN_UK', 'Complex numbers');
INSERT INTO DegreeClassTopicTranslations(degreeClassTopic, language, description) VALUES (981, 'EN_UK', 'Differentiation of complex functions');
INSERT INTO DegreeClassTopicTranslations(degreeClassTopic, language, description) VALUES (982, 'EN_UK', 'Series of powers and Laurent series');
INSERT INTO DegreeClassTopicTranslations(degreeClassTopic, language, description) VALUES (983, 'EN_UK', 'Singularities, zeros and residues');
INSERT INTO DegreeClassTopicTranslations(degreeClassTopic, language, description) VALUES (984, 'EN_UK', 'Integration of complex functions and their applications');
INSERT INTO DegreeClassTopicTranslations(degreeClassTopic, language, description) VALUES (985, 'EN_UK', 'Z-transform and inverse Z-transform');
INSERT INTO DegreeClassTopicTranslations(degreeClassTopic, language, description) VALUES (986, 'EN_UK', 'Solving difference equations');
INSERT INTO DegreeClassTopicTranslations(degreeClassTopic, language, description) VALUES (987, 'EN_UK', 'Laplace transform and inverse Laplace transform');
INSERT INTO DegreeClassTopicTranslations(degreeClassTopic, language, description) VALUES (988, 'EN_UK', 'Heaviside’s Theorem');
INSERT INTO DegreeClassTopicTranslations(degreeClassTopic, language, description) VALUES (989, 'EN_UK', 'Dirac delta function and its (generalized) Laplace transform');
INSERT INTO DegreeClassTopicTranslations(degreeClassTopic, language, description) VALUES (990, 'EN_UK', 'Convolution theorem for Laplace transforms');
INSERT INTO DegreeClassTopicTranslations(degreeClassTopic, language, description) VALUES (991, 'EN_UK', 'Solving linear ordinary differential equations');
INSERT INTO DegreeClassTopicTranslations(degreeClassTopic, language, description) VALUES (992, 'EN_UK', 'Fourier transform and inverse Fourier transform');
INSERT INTO DegreeClassTopicTranslations(degreeClassTopic, language, description) VALUES (993, 'EN_UK', 'Convolution theorem for Fourier transforms');
INSERT INTO DegreeClassTopicTranslations(degreeClassTopic, language, description) VALUES (994, 'EN_UK', 'Generalized Fourier transforms: of Heaviside and Dirac Delta functions');
INSERT INTO DegreeClassTopicTranslations(degreeClassTopic, language, description) VALUES (995, 'EN_UK', 'Sampling theorem');

INSERT INTO DegreeClasses(id, year, semester, ects , isOptional, degree) VALUES (77, 1, 2, 6, false, 2);
INSERT INTO DegreeClassTranslations(degreeClass, language, name, description) VALUES  (77, 'PT_PT', 'Arquitectura de Computadores' , 'Proporcionar ao aluno uma noção global do funcionamento de um sistema computacional, na perspectiva do programador e do projectista de sistemas digitais, com especial enfoque em: (i) conhecimentos sobre arquitecturas de computadores actuais e compromissos que devem ser tidos em consideração no desenvolvimento de um sistema computacional; (ii) programação em linguagem Assembly; (iii) compreensão da forma como o software interage com o hardware e consequente consolidação das competências de programação em linguagem C.');
INSERT INTO DegreeClassTopics(id, degreeClass, ordering) VALUES (996, 77, 1);
INSERT INTO DegreeClassTopics(id, degreeClass, ordering) VALUES (997, 77, 2);
INSERT INTO DegreeClassTopics(id, degreeClass, ordering) VALUES (998, 77, 3);
INSERT INTO DegreeClassTopics(id, degreeClass, ordering) VALUES (999, 77, 4);
INSERT INTO DegreeClassTopics(id, degreeClass, ordering) VALUES (1000, 77, 5);
INSERT INTO DegreeClassTopics(id, degreeClass, ordering) VALUES (1001, 77, 6);
INSERT INTO DegreeClassTopics(id, degreeClass, ordering) VALUES (1002, 77, 7);
INSERT INTO DegreeClassTopics(id, degreeClass, ordering) VALUES (1003, 77, 8);
INSERT INTO DegreeClassTopics(id, degreeClass, ordering) VALUES (1004, 77, 9);
INSERT INTO DegreeClassTopics(id, degreeClass, ordering) VALUES (1005, 77, 10);
INSERT INTO DegreeClassTopics(id, degreeClass, ordering) VALUES (1006, 77, 11);
INSERT INTO DegreeClassTopics(id, degreeClass, ordering) VALUES (1007, 77, 12);
INSERT INTO DegreeClassTopics(id, degreeClass, ordering) VALUES (1008, 77, 13);
INSERT INTO DegreeClassTopics(id, degreeClass, ordering) VALUES (1009, 77, 14);
INSERT INTO DegreeClassTopics(id, degreeClass, ordering) VALUES (1010, 77, 15);
INSERT INTO DegreeClassTopicTranslations(degreeClassTopic, language, description) VALUES (996, 'PT_PT', 'Organização e funcionamento do CPU (unidade de lógica e controlo (ALU) e datapath)');
INSERT INTO DegreeClassTopicTranslations(degreeClassTopic, language, description) VALUES (997, 'PT_PT', 'Execução paralela usando Pipelining');
INSERT INTO DegreeClassTopicTranslations(degreeClassTopic, language, description) VALUES (998, 'PT_PT', 'Hierarquia de memória');
INSERT INTO DegreeClassTopicTranslations(degreeClassTopic, language, description) VALUES (999, 'PT_PT', 'Pooling e Interrupções');
INSERT INTO DegreeClassTopicTranslations(degreeClassTopic, language, description) VALUES (1000, 'PT_PT', 'Programação em Assembly: Instruções aritméticas básicas');
INSERT INTO DegreeClassTopicTranslations(degreeClassTopic, language, description) VALUES (1001, 'PT_PT', 'Programação em Assembly: Instruções de leitura e escrita da memória');
INSERT INTO DegreeClassTopicTranslations(degreeClassTopic, language, description) VALUES (1002, 'PT_PT', 'Programação em Assembly: Mecanismos para controlo do fluxo de execução');
INSERT INTO DegreeClassTopicTranslations(degreeClassTopic, language, description) VALUES (1003, 'PT_PT', 'Programação em Assembly: Codificação de instruções');
INSERT INTO DegreeClassTopicTranslations(degreeClassTopic, language, description) VALUES (1004, 'PT_PT', 'Programação em Assembly: Números e representação em floating-point');
INSERT INTO DegreeClassTopicTranslations(degreeClassTopic, language, description) VALUES (1005, 'PT_PT', 'Programação em Assembly: Criação de um executável (compilação, assemblagem, linkagem, etc.)');
INSERT INTO DegreeClassTopicTranslations(degreeClassTopic, language, description) VALUES (1006, 'PT_PT', 'A Linguagem C e o Hardware: Linguagem C (revisão de conceitos básicos)');
INSERT INTO DegreeClassTopicTranslations(degreeClassTopic, language, description) VALUES (1007, 'PT_PT', 'A Linguagem C e o Hardware: Apontadores e endereçamento de memória');
INSERT INTO DegreeClassTopicTranslations(degreeClassTopic, language, description) VALUES (1008, 'PT_PT', 'A Linguagem C e o Hardware: Zonas de memória: código, alocação estática, pilha, e “heap” para alocação dinâmica');
INSERT INTO DegreeClassTopicTranslations(degreeClassTopic, language, description) VALUES (1009, 'PT_PT', 'A Linguagem C e o Hardware: Gestão de memória dinâmica');
INSERT INTO DegreeClassTopicTranslations(degreeClassTopic, language, description) VALUES (1010, 'PT_PT', 'A Linguagem C e o Hardware: Portas de I/O e programação de hardware');
INSERT INTO DegreeClassTopicTranslations(degreeClassTopic, language, description) VALUES (996, 'EN_UK', 'Organization and operation of the CPU (arithmetic and logic unit (ALU) and datapath)');
INSERT INTO DegreeClassTopicTranslations(degreeClassTopic, language, description) VALUES (997, 'EN_UK', 'Parallel execution using Pipelining');
INSERT INTO DegreeClassTopicTranslations(degreeClassTopic, language, description) VALUES (998, 'EN_UK', 'Memory hierarchy');
INSERT INTO DegreeClassTopicTranslations(degreeClassTopic, language, description) VALUES (999, 'EN_UK', 'Pooling and Interrupts');
INSERT INTO DegreeClassTopicTranslations(degreeClassTopic, language, description) VALUES (1000, 'EN_UK', 'Assembly Programming: Basic Arithmetic Instructions');
INSERT INTO DegreeClassTopicTranslations(degreeClassTopic, language, description) VALUES (1001, 'EN_UK', 'Assembly Programming: Memory Read and Write Instructions');
INSERT INTO DegreeClassTopicTranslations(degreeClassTopic, language, description) VALUES (1002, 'EN_UK', 'Assembly Programming: Mechanisms for Controlling the Flow of Execution');
INSERT INTO DegreeClassTopicTranslations(degreeClassTopic, language, description) VALUES (1003, 'EN_UK', 'Assembly Programming: Instruction Encoding');
INSERT INTO DegreeClassTopicTranslations(degreeClassTopic, language, description) VALUES (1004, 'EN_UK', 'Assembly Programming: Numbers and Floating-Point Representation');
INSERT INTO DegreeClassTopicTranslations(degreeClassTopic, language, description) VALUES (1005, 'EN_UK', 'Assembly Programming: Creating an Executable (Compilation, Assembly, Linking, etc.)');
INSERT INTO DegreeClassTopicTranslations(degreeClassTopic, language, description) VALUES (1006, 'EN_UK', 'The C Language and Hardware: The C Language (Review of Basic Concepts)');
INSERT INTO DegreeClassTopicTranslations(degreeClassTopic, language, description) VALUES (1007, 'EN_UK', 'The C Language and Hardware: Pointers and Memory Addressing');
INSERT INTO DegreeClassTopicTranslations(degreeClassTopic, language, description) VALUES (1008, 'EN_UK', 'The C Language and Hardware: Memory Zones: Code, Static Allocation, Stack, and Heap for Dynamic Allocation');
INSERT INTO DegreeClassTopicTranslations(degreeClassTopic, language, description) VALUES (1009, 'EN_UK', 'The C Language and Hardware: Dynamic Memory Management');
INSERT INTO DegreeClassTopicTranslations(degreeClassTopic, language, description) VALUES (1010, 'EN_UK', 'The C Language and Hardware: I/O Ports and Hardware Programming');

INSERT INTO DegreeClasses(id, year, semester, ects , isOptional, degree) VALUES (78, 1, 2, 6, false, 2);
INSERT INTO DegreeClassTranslations(degreeClass, language, name, description) VALUES  (78, 'PT_PT', 'Estatística' , 'Introduzir conhecimentos básicos em modelação de comportamentos padrão de fenómenos aleatórios em contextos de Engenharia ou Ciência, contribuindo para uma formação capaz de descrever, analisar e interpretar situações reais através de modelos matemáticos não deterministas.');
INSERT INTO DegreeClassTopics(id, degreeClass, ordering) VALUES (1011, 78, 1);
INSERT INTO DegreeClassTopics(id, degreeClass, ordering) VALUES (1012, 78, 2);
INSERT INTO DegreeClassTopics(id, degreeClass, ordering) VALUES (1013, 78, 3);
INSERT INTO DegreeClassTopics(id, degreeClass, ordering) VALUES (1014, 78, 4);
INSERT INTO DegreeClassTopics(id, degreeClass, ordering) VALUES (1015, 78, 5);
INSERT INTO DegreeClassTopics(id, degreeClass, ordering) VALUES (1016, 78, 6);
INSERT INTO DegreeClassTopics(id, degreeClass, ordering) VALUES (1017, 78, 7);
INSERT INTO DegreeClassTopics(id, degreeClass, ordering) VALUES (1018, 78, 8);
INSERT INTO DegreeClassTopics(id, degreeClass, ordering) VALUES (1019, 78, 9);
INSERT INTO DegreeClassTopics(id, degreeClass, ordering) VALUES (1020, 78, 10);
INSERT INTO DegreeClassTopics(id, degreeClass, ordering) VALUES (1021, 78, 11);
INSERT INTO DegreeClassTopics(id, degreeClass, ordering) VALUES (1022, 78, 12);
INSERT INTO DegreeClassTopics(id, degreeClass, ordering) VALUES (1023, 78, 13);
INSERT INTO DegreeClassTopics(id, degreeClass, ordering) VALUES (1024, 78, 14);
INSERT INTO DegreeClassTopics(id, degreeClass, ordering) VALUES (1025, 78, 15);
INSERT INTO DegreeClassTopics(id, degreeClass, ordering) VALUES (1026, 78, 16);
INSERT INTO DegreeClassTopics(id, degreeClass, ordering) VALUES (1027, 78, 17);
INSERT INTO DegreeClassTopicTranslations(degreeClassTopic, language, description) VALUES (1011, 'PT_PT', 'Experiência aleatória, espaço dos resultados, acontecimentos');
INSERT INTO DegreeClassTopicTranslations(degreeClassTopic, language, description) VALUES (1012, 'PT_PT', 'Definição de Probabilidade segundo Kolmogorov e suas consequências');
INSERT INTO DegreeClassTopicTranslations(degreeClassTopic, language, description) VALUES (1013, 'PT_PT', 'Probabilidade condicionada. Independência de acontecimentos');
INSERT INTO DegreeClassTopicTranslations(degreeClassTopic, language, description) VALUES (1014, 'PT_PT', 'Variáveis aleatórias reais discretas e contínuas');
INSERT INTO DegreeClassTopicTranslations(degreeClassTopic, language, description) VALUES (1015, 'PT_PT', 'Momentos simples e centrados');
INSERT INTO DegreeClassTopicTranslations(degreeClassTopic, language, description) VALUES (1016, 'PT_PT', 'Parâmetros de ordem');
INSERT INTO DegreeClassTopicTranslations(degreeClassTopic, language, description) VALUES (1017, 'PT_PT', 'Modelos probabilistas, discretos e contínuos mais usuais');
INSERT INTO DegreeClassTopicTranslations(degreeClassTopic, language, description) VALUES (1018, 'PT_PT', 'Teorema do limite central e aplicações');
INSERT INTO DegreeClassTopicTranslations(degreeClassTopic, language, description) VALUES (1019, 'PT_PT', 'Introdução à estatística inferencial. Revisão de estatística descritiva.');
INSERT INTO DegreeClassTopicTranslations(degreeClassTopic, language, description) VALUES (1020, 'PT_PT', 'Estimação pontual: estimadores, propriedades da média e da variância empíricas, métodos de estimação pontual');
INSERT INTO DegreeClassTopicTranslations(degreeClassTopic, language, description) VALUES (1021, 'PT_PT', 'Estimação intervalar: intervalos de confiança, método da variável fulcral, aplicações');
INSERT INTO DegreeClassTopicTranslations(degreeClassTopic, language, description) VALUES (1022, 'PT_PT', 'Testes de Hipóteses');
INSERT INTO DegreeClassTopicTranslations(degreeClassTopic, language, description) VALUES (1023, 'PT_PT', 'Testes paramétricos e aplicações');
INSERT INTO DegreeClassTopicTranslations(degreeClassTopic, language, description) VALUES (1024, 'PT_PT', 'Testes de ajustamento do Qui-quadrado');
INSERT INTO DegreeClassTopicTranslations(degreeClassTopic, language, description) VALUES (1025, 'PT_PT', 'Modelo de Regressão Linear Simples: Construção e validação do modelo');
INSERT INTO DegreeClassTopicTranslations(degreeClassTopic, language, description) VALUES (1026, 'PT_PT', 'Intervalo de confiança e testes para os parâmetros do modelo');
INSERT INTO DegreeClassTopicTranslations(degreeClassTopic, language, description) VALUES (1027, 'PT_PT', 'Previsão');
INSERT INTO DegreeClassTopicTranslations(degreeClassTopic, language, description) VALUES (1011, 'EN_UK', 'Random experiment, outcome space, events');
INSERT INTO DegreeClassTopicTranslations(degreeClassTopic, language, description) VALUES (1012, 'EN_UK', 'Kolmogorov''s definition of probability and its consequences');
INSERT INTO DegreeClassTopicTranslations(degreeClassTopic, language, description) VALUES (1013, 'EN_UK', 'Conditional probability. Independence of events');
INSERT INTO DegreeClassTopicTranslations(degreeClassTopic, language, description) VALUES (1014, 'EN_UK', 'Discrete and continuous real random variables');
INSERT INTO DegreeClassTopicTranslations(degreeClassTopic, language, description) VALUES (1015, 'EN_UK', 'Simple and centered moments');
INSERT INTO DegreeClassTopicTranslations(degreeClassTopic, language, description) VALUES (1016, 'EN_UK', 'Order parameters');
INSERT INTO DegreeClassTopicTranslations(degreeClassTopic, language, description) VALUES (1017, 'EN_UK', 'Most common discrete and continuous probability models');
INSERT INTO DegreeClassTopicTranslations(degreeClassTopic, language, description) VALUES (1018, 'EN_UK', 'Central Limit Theorem and applications');
INSERT INTO DegreeClassTopicTranslations(degreeClassTopic, language, description) VALUES (1019, 'EN_UK', 'Introduction to inferential statistics. Review of descriptive statistics.');
INSERT INTO DegreeClassTopicTranslations(degreeClassTopic, language, description) VALUES (1020, 'EN_UK', 'Point estimation: estimators, properties of the empirical mean and variance, point estimation methods');
INSERT INTO DegreeClassTopicTranslations(degreeClassTopic, language, description) VALUES (1021, 'EN_UK', 'Interval estimation: confidence intervals, pivotal variable method, applications');
INSERT INTO DegreeClassTopicTranslations(degreeClassTopic, language, description) VALUES (1022, 'EN_UK', 'Hypothesis Testing');
INSERT INTO DegreeClassTopicTranslations(degreeClassTopic, language, description) VALUES (1023, 'EN_UK', 'Parametric tests and applications');
INSERT INTO DegreeClassTopicTranslations(degreeClassTopic, language, description) VALUES (1024, 'EN_UK', 'Chi-squared goodness-of-fit tests');
INSERT INTO DegreeClassTopicTranslations(degreeClassTopic, language, description) VALUES (1025, 'EN_UK', 'Simple Linear Regression Model: Model building and validation');
INSERT INTO DegreeClassTopicTranslations(degreeClassTopic, language, description) VALUES (1026, 'EN_UK', 'Confidence interval and tests for the model parameters');
INSERT INTO DegreeClassTopicTranslations(degreeClassTopic, language, description) VALUES (1027, 'EN_UK', 'Prediction');

INSERT INTO DegreeClasses(id, year, semester, ects , isOptional, degree) VALUES (79, 1, 2, 6, false, 2);
INSERT INTO DegreeClassTranslations(degreeClass, language, name, description) VALUES  (79, 'PT_PT', 'Princípios de Programação Procedimental' , 'Permitir ao aluno adquirir um conjunto de conhecimentos sólidos sobre programação procedimental utilizando a linguagem C, com particular destaque para apontadores e estruturas de dados dinâmicas simples.');
INSERT INTO DegreeClassTopics(id, degreeClass, ordering) VALUES (1028, 79, 1);
INSERT INTO DegreeClassTopics(id, degreeClass, ordering) VALUES (1029, 79, 2);
INSERT INTO DegreeClassTopics(id, degreeClass, ordering) VALUES (1030, 79, 3);
INSERT INTO DegreeClassTopics(id, degreeClass, ordering) VALUES (1031, 79, 4);
INSERT INTO DegreeClassTopics(id, degreeClass, ordering) VALUES (1032, 79, 5);
INSERT INTO DegreeClassTopics(id, degreeClass, ordering) VALUES (1033, 79, 6);
INSERT INTO DegreeClassTopics(id, degreeClass, ordering) VALUES (1034, 79, 7);
INSERT INTO DegreeClassTopics(id, degreeClass, ordering) VALUES (1035, 79, 8);
INSERT INTO DegreeClassTopics(id, degreeClass, ordering) VALUES (1036, 79, 9);
INSERT INTO DegreeClassTopics(id, degreeClass, ordering) VALUES (1037, 79, 10);
INSERT INTO DegreeClassTopicTranslations(degreeClassTopic, language, description) VALUES (1028, 'PT_PT', 'Estrutura de um Programa em C');
INSERT INTO DegreeClassTopicTranslations(degreeClassTopic, language, description) VALUES (1029, 'PT_PT', 'Tipos de Dados Elementares');
INSERT INTO DegreeClassTopicTranslations(degreeClassTopic, language, description) VALUES (1030, 'PT_PT', 'Instruções de Seleção e Repetição');
INSERT INTO DegreeClassTopicTranslations(degreeClassTopic, language, description) VALUES (1031, 'PT_PT', 'Definição de Funções. Passagem de parâmetros');
INSERT INTO DegreeClassTopicTranslations(degreeClassTopic, language, description) VALUES (1032, 'PT_PT', 'Tabelas e ordenamento');
INSERT INTO DegreeClassTopicTranslations(degreeClassTopic, language, description) VALUES (1033, 'PT_PT', 'Apontadores');
INSERT INTO DegreeClassTopicTranslations(degreeClassTopic, language, description) VALUES (1034, 'PT_PT', 'Acesso a ficheiros');
INSERT INTO DegreeClassTopicTranslations(degreeClassTopic, language, description) VALUES (1035, 'PT_PT', 'Listas Ligadas');
INSERT INTO DegreeClassTopicTranslations(degreeClassTopic, language, description) VALUES (1036, 'PT_PT', 'Pilhas');
INSERT INTO DegreeClassTopicTranslations(degreeClassTopic, language, description) VALUES (1037, 'PT_PT', 'Filas de espera');
INSERT INTO DegreeClassTopicTranslations(degreeClassTopic, language, description) VALUES (1028, 'EN_UK', 'Structure of a C Program');
INSERT INTO DegreeClassTopicTranslations(degreeClassTopic, language, description) VALUES (1029, 'EN_UK', 'Basic Data Types');
INSERT INTO DegreeClassTopicTranslations(degreeClassTopic, language, description) VALUES (1030, 'EN_UK', 'Selection and Repetition Statements');
INSERT INTO DegreeClassTopicTranslations(degreeClassTopic, language, description) VALUES (1031, 'EN_UK', 'Function Definition and Parameter Passing');
INSERT INTO DegreeClassTopicTranslations(degreeClassTopic, language, description) VALUES (1032, 'EN_UK', 'Arrays and Sorting');
INSERT INTO DegreeClassTopicTranslations(degreeClassTopic, language, description) VALUES (1033, 'EN_UK', 'Pointers');
INSERT INTO DegreeClassTopicTranslations(degreeClassTopic, language, description) VALUES (1034, 'EN_UK', 'File Access');
INSERT INTO DegreeClassTopicTranslations(degreeClassTopic, language, description) VALUES (1035, 'EN_UK', 'Linked Lists');
INSERT INTO DegreeClassTopicTranslations(degreeClassTopic, language, description) VALUES (1036, 'EN_UK', 'Stacks');
INSERT INTO DegreeClassTopicTranslations(degreeClassTopic, language, description) VALUES (1037, 'EN_UK', 'Queues');

INSERT INTO DegreeClasses(id, year, semester, ects , isOptional, degree) VALUES (80, 1, 2, 6, false, 2);
INSERT INTO DegreeClassTranslations(degreeClass, language, name, description) VALUES  (80, 'PT_PT', 'Tópicos de Física Moderna' , 'Transmitir aos alunos conceitos básicos e ferramentas de trabalho que permitem explicar, compreender e prever fenómenos em Física Clássica e em Física Quântica e a sua relação com Computação Quântica');
INSERT INTO DegreeClassTopics(id, degreeClass, ordering) VALUES (1038, 80, 1);
INSERT INTO DegreeClassTopics(id, degreeClass, ordering) VALUES (1039, 80, 2);
INSERT INTO DegreeClassTopics(id, degreeClass, ordering) VALUES (1040, 80, 3);
INSERT INTO DegreeClassTopics(id, degreeClass, ordering) VALUES (1041, 80, 4);
INSERT INTO DegreeClassTopics(id, degreeClass, ordering) VALUES (1042, 80, 5);
INSERT INTO DegreeClassTopics(id, degreeClass, ordering) VALUES (1043, 80, 6);
INSERT INTO DegreeClassTopics(id, degreeClass, ordering) VALUES (1044, 80, 7);
INSERT INTO DegreeClassTopics(id, degreeClass, ordering) VALUES (1045, 80, 8);
INSERT INTO DegreeClassTopics(id, degreeClass, ordering) VALUES (1046, 80, 9);
INSERT INTO DegreeClassTopics(id, degreeClass, ordering) VALUES (1047, 80, 10);
INSERT INTO DegreeClassTopics(id, degreeClass, ordering) VALUES (1048, 80, 11);
INSERT INTO DegreeClassTopics(id, degreeClass, ordering) VALUES (1049, 80, 12);
INSERT INTO DegreeClassTopics(id, degreeClass, ordering) VALUES (1050, 80, 13);
INSERT INTO DegreeClassTopics(id, degreeClass, ordering) VALUES (1051, 80, 14);
INSERT INTO DegreeClassTopics(id, degreeClass, ordering) VALUES (1052, 80, 15);
INSERT INTO DegreeClassTopics(id, degreeClass, ordering) VALUES (1053, 80, 16);
INSERT INTO DegreeClassTopics(id, degreeClass, ordering) VALUES (1054, 80, 17);
INSERT INTO DegreeClassTopics(id, degreeClass, ordering) VALUES (1055, 80, 18);
INSERT INTO DegreeClassTopics(id, degreeClass, ordering) VALUES (1056, 80, 19);
INSERT INTO DegreeClassTopicTranslations(degreeClassTopic, language, description) VALUES (1038, 'PT_PT', 'A medida em Física Clássica');
INSERT INTO DegreeClassTopicTranslations(degreeClassTopic, language, description) VALUES (1039, 'PT_PT', 'A equação do movimento de uma partícula a uma dimensão');
INSERT INTO DegreeClassTopicTranslations(degreeClassTopic, language, description) VALUES (1040, 'PT_PT', 'Descrição do comportamento de uma partícula a partir da energia potencial e das condições iniciais');
INSERT INTO DegreeClassTopicTranslations(degreeClassTopic, language, description) VALUES (1041, 'PT_PT', 'Oscilador harmónico clássico');
INSERT INTO DegreeClassTopicTranslations(degreeClassTopic, language, description) VALUES (1042, 'PT_PT', 'Equação geral de uma onda a uma dimensão');
INSERT INTO DegreeClassTopicTranslations(degreeClassTopic, language, description) VALUES (1043, 'PT_PT', 'Sobreposição e interferência');
INSERT INTO DegreeClassTopicTranslations(degreeClassTopic, language, description) VALUES (1044, 'PT_PT', 'Ondas estacionárias');
INSERT INTO DegreeClassTopicTranslations(degreeClassTopic, language, description) VALUES (1045, 'PT_PT', 'Batimentos');
INSERT INTO DegreeClassTopicTranslations(degreeClassTopic, language, description) VALUES (1046, 'PT_PT', 'Pacotes de onda');
INSERT INTO DegreeClassTopicTranslations(degreeClassTopic, language, description) VALUES (1047, 'PT_PT', 'Transmissão de informação');
INSERT INTO DegreeClassTopicTranslations(degreeClassTopic, language, description) VALUES (1048, 'PT_PT', 'Ondas eletromagnéticas: o limite da óptica geométrica e da óptica física');
INSERT INTO DegreeClassTopicTranslations(degreeClassTopic, language, description) VALUES (1049, 'PT_PT', 'Física Quântica: A interpretação probabilística da função de onda de uma partícula');
INSERT INTO DegreeClassTopicTranslations(degreeClassTopic, language, description) VALUES (1050, 'PT_PT', 'Física Quântica: A equação de Schrödinger a uma dimensão: exemplos');
INSERT INTO DegreeClassTopicTranslations(degreeClassTopic, language, description) VALUES (1051, 'PT_PT', 'Física Quântica: O problema da medida em Física Quântica');
INSERT INTO DegreeClassTopicTranslations(degreeClassTopic, language, description) VALUES (1052, 'PT_PT', 'Física Quântica: Os estados de spin como exemplo de um sistema quântico binário');
INSERT INTO DegreeClassTopicTranslations(degreeClassTopic, language, description) VALUES (1053, 'PT_PT', 'Física Quântica: Estados de Bell');
INSERT INTO DegreeClassTopicTranslations(degreeClassTopic, language, description) VALUES (1054, 'PT_PT', 'Computação Quântica: Relação entre bits clássicos e bits quânticos ou qubits');
INSERT INTO DegreeClassTopicTranslations(degreeClassTopic, language, description) VALUES (1055, 'PT_PT', 'Computação Quântica: Operações com qubits');
INSERT INTO DegreeClassTopicTranslations(degreeClassTopic, language, description) VALUES (1056, 'PT_PT', 'Computação Quântica: Potencialidades e dificuldades de implementação');
INSERT INTO DegreeClassTopicTranslations(degreeClassTopic, language, description) VALUES (1038, 'EN_UK', 'Measurement in Classical Physics');
INSERT INTO DegreeClassTopicTranslations(degreeClassTopic, language, description) VALUES (1039, 'EN_UK', 'The equation of motion of a one-dimensional particle');
INSERT INTO DegreeClassTopicTranslations(degreeClassTopic, language, description) VALUES (1040, 'EN_UK', 'Describing the behavior of a particle from its potential energy and initial conditions');
INSERT INTO DegreeClassTopicTranslations(degreeClassTopic, language, description) VALUES (1041, 'EN_UK', 'Classical harmonic oscillator');
INSERT INTO DegreeClassTopicTranslations(degreeClassTopic, language, description) VALUES (1042, 'EN_UK', 'General equation of a one-dimensional wave');
INSERT INTO DegreeClassTopicTranslations(degreeClassTopic, language, description) VALUES (1043, 'EN_UK', 'Superposition and interference');
INSERT INTO DegreeClassTopicTranslations(degreeClassTopic, language, description) VALUES (1044, 'EN_UK', 'Standing waves');
INSERT INTO DegreeClassTopicTranslations(degreeClassTopic, language, description) VALUES (1045, 'EN_UK', 'Beats');
INSERT INTO DegreeClassTopicTranslations(degreeClassTopic, language, description) VALUES (1046, 'EN_UK', 'Wave packets');
INSERT INTO DegreeClassTopicTranslations(degreeClassTopic, language, description) VALUES (1047, 'EN_UK', 'Transmission of information');
INSERT INTO DegreeClassTopicTranslations(degreeClassTopic, language, description) VALUES (1048, 'EN_UK', 'Electromagnetic waves: the limit of geometrical optics and physical optics');
INSERT INTO DegreeClassTopicTranslations(degreeClassTopic, language, description) VALUES (1049, 'EN_UK', 'Quantum Physics: The probabilistic interpretation of the wave function of a particle');
INSERT INTO DegreeClassTopicTranslations(degreeClassTopic, language, description) VALUES (1050, 'EN_UK', 'Quantum Physics: The one-dimensional Schrödinger equation: examples');
INSERT INTO DegreeClassTopicTranslations(degreeClassTopic, language, description) VALUES (1051, 'EN_UK', 'Quantum Physics: The measurement problem in Quantum Physics');
INSERT INTO DegreeClassTopicTranslations(degreeClassTopic, language, description) VALUES (1052, 'EN_UK', 'Quantum Physics: Spin states as an example of a binary quantum system');
INSERT INTO DegreeClassTopicTranslations(degreeClassTopic, language, description) VALUES (1053, 'EN_UK', 'Quantum Physics: Bell states');
INSERT INTO DegreeClassTopicTranslations(degreeClassTopic, language, description) VALUES (1054, 'EN_UK', 'Quantum Computing: Relationship between classical bits and quantum bits or qubits');
INSERT INTO DegreeClassTopicTranslations(degreeClassTopic, language, description) VALUES (1055, 'EN_UK', 'Quantum Computing: Operations with qubits');
INSERT INTO DegreeClassTopicTranslations(degreeClassTopic, language, description) VALUES (1056, 'EN_UK', 'Quantum Computing: Potential and implementation challenges');

INSERT INTO DegreeClasses(id, year, semester, ects , isOptional, degree) VALUES (81, 2, 1, 6, false, 2);
INSERT INTO DegreeClassTranslations(degreeClass, language, name, description) VALUES  (81, 'PT_PT', 'Introdução às Redes de Comunicação' , 'A disciplina de Redes de Comunicações pretende dotar os estudantes de um largo espectro de conhecimento nas áreas das comunicações e de capacidades para projectarem soluções técnicas de elevado potencial.');
INSERT INTO DegreeClassTopics(id, degreeClass, ordering) VALUES (1057, 81, 1);
INSERT INTO DegreeClassTopics(id, degreeClass, ordering) VALUES (1058, 81, 2);
INSERT INTO DegreeClassTopics(id, degreeClass, ordering) VALUES (1059, 81, 3);
INSERT INTO DegreeClassTopics(id, degreeClass, ordering) VALUES (1060, 81, 4);
INSERT INTO DegreeClassTopics(id, degreeClass, ordering) VALUES (1061, 81, 5);
INSERT INTO DegreeClassTopics(id, degreeClass, ordering) VALUES (1062, 81, 6);
INSERT INTO DegreeClassTopics(id, degreeClass, ordering) VALUES (1063, 81, 7);
INSERT INTO DegreeClassTopics(id, degreeClass, ordering) VALUES (1064, 81, 8);
INSERT INTO DegreeClassTopicTranslations(degreeClassTopic, language, description) VALUES (1057, 'PT_PT', 'Fundamentos das Redes de Comunicação');
INSERT INTO DegreeClassTopicTranslations(degreeClassTopic, language, description) VALUES (1058, 'PT_PT', 'Arquiteturas: OSI e TCP/IP');
INSERT INTO DegreeClassTopicTranslations(degreeClassTopic, language, description) VALUES (1059, 'PT_PT', 'A Camada de Aplicação');
INSERT INTO DegreeClassTopicTranslations(degreeClassTopic, language, description) VALUES (1060, 'PT_PT', 'A Camada de Transporte');
INSERT INTO DegreeClassTopicTranslations(degreeClassTopic, language, description) VALUES (1061, 'PT_PT', 'A Camada de Rede');
INSERT INTO DegreeClassTopicTranslations(degreeClassTopic, language, description) VALUES (1062, 'PT_PT', 'A Camada de Ligação');
INSERT INTO DegreeClassTopicTranslations(degreeClassTopic, language, description) VALUES (1063, 'PT_PT', 'Diferentes tecnologias de redes');
INSERT INTO DegreeClassTopicTranslations(degreeClassTopic, language, description) VALUES (1064, 'PT_PT', 'Novas tecnologias e tendências');
INSERT INTO DegreeClassTopicTranslations(degreeClassTopic, language, description) VALUES (1057, 'EN_UK', 'Fundamentals of Communication Networks');
INSERT INTO DegreeClassTopicTranslations(degreeClassTopic, language, description) VALUES (1058, 'EN_UK', 'Architectures: OSI and TCP/IP');
INSERT INTO DegreeClassTopicTranslations(degreeClassTopic, language, description) VALUES (1059, 'EN_UK', 'The Application Layer');
INSERT INTO DegreeClassTopicTranslations(degreeClassTopic, language, description) VALUES (1060, 'EN_UK', 'The Transport Layer');
INSERT INTO DegreeClassTopicTranslations(degreeClassTopic, language, description) VALUES (1061, 'EN_UK', 'The Network Layer');
INSERT INTO DegreeClassTopicTranslations(degreeClassTopic, language, description) VALUES (1062, 'EN_UK', 'The Data Link Layer');
INSERT INTO DegreeClassTopicTranslations(degreeClassTopic, language, description) VALUES (1063, 'EN_UK', 'Different Network Technologies');
INSERT INTO DegreeClassTopicTranslations(degreeClassTopic, language, description) VALUES (1064, 'EN_UK', 'New Technologies and Trends');

INSERT INTO DegreeClasses(id, year, semester, ects , isOptional, degree) VALUES (82, 2, 1, 6, false, 2);
INSERT INTO DegreeClassTranslations(degreeClass, language, name, description) VALUES  (82, 'PT_PT', 'Programação Orientada aos Objectos' , 'O objectivo desta disciplina é dar ao aluno um conjunto de conhecimentos sólidos em Programação Orientada aos Objectos. Estes conhecimentos não se cingirão à sintaxe de uma linguagem de programação particular, mas incluirão aspectos relativos à modelação orientada aos objectos, assim como à sua representação gráfica.');
INSERT INTO DegreeClassTopics(id, degreeClass, ordering) VALUES (1065, 82, 1);
INSERT INTO DegreeClassTopics(id, degreeClass, ordering) VALUES (1066, 82, 2);
INSERT INTO DegreeClassTopics(id, degreeClass, ordering) VALUES (1067, 82, 3);
INSERT INTO DegreeClassTopics(id, degreeClass, ordering) VALUES (1068, 82, 4);
INSERT INTO DegreeClassTopics(id, degreeClass, ordering) VALUES (1069, 82, 5);
INSERT INTO DegreeClassTopics(id, degreeClass, ordering) VALUES (1070, 82, 6);
INSERT INTO DegreeClassTopics(id, degreeClass, ordering) VALUES (1071, 82, 7);
INSERT INTO DegreeClassTopics(id, degreeClass, ordering) VALUES (1072, 82, 8);
INSERT INTO DegreeClassTopics(id, degreeClass, ordering) VALUES (1073, 82, 9);
INSERT INTO DegreeClassTopics(id, degreeClass, ordering) VALUES (1074, 82, 10);
INSERT INTO DegreeClassTopics(id, degreeClass, ordering) VALUES (1075, 82, 11);
INSERT INTO DegreeClassTopicTranslations(degreeClassTopic, language, description) VALUES (1065, 'PT_PT', 'Perspectiva histórica e motivação para a POO');
INSERT INTO DegreeClassTopicTranslations(degreeClassTopic, language, description) VALUES (1066, 'PT_PT', 'Classes, Objectos e Métodos');
INSERT INTO DegreeClassTopicTranslations(degreeClassTopic, language, description) VALUES (1067, 'PT_PT', 'Princípios de modelação OO');
INSERT INTO DegreeClassTopicTranslations(degreeClassTopic, language, description) VALUES (1068, 'PT_PT', 'Definição de Classes');
INSERT INTO DegreeClassTopicTranslations(degreeClassTopic, language, description) VALUES (1069, 'PT_PT', 'Questões de Modelação versus Implementação');
INSERT INTO DegreeClassTopicTranslations(degreeClassTopic, language, description) VALUES (1070, 'PT_PT', 'Herança e Polimorfismo');
INSERT INTO DegreeClassTopicTranslations(degreeClassTopic, language, description) VALUES (1071, 'PT_PT', 'Questões de modelação: relações de composição versus relações de herança');
INSERT INTO DegreeClassTopicTranslations(degreeClassTopic, language, description) VALUES (1072, 'PT_PT', 'Gestão de erros e excepções');
INSERT INTO DegreeClassTopicTranslations(degreeClassTopic, language, description) VALUES (1073, 'PT_PT', 'Programação Baseada em Interfaces');
INSERT INTO DegreeClassTopicTranslations(degreeClassTopic, language, description) VALUES (1074, 'PT_PT', 'Programação Baseada em Eventos');
INSERT INTO DegreeClassTopicTranslations(degreeClassTopic, language, description) VALUES (1075, 'PT_PT', 'Programação Baseada em Genéricos');
INSERT INTO DegreeClassTopicTranslations(degreeClassTopic, language, description) VALUES (1065, 'EN_UK', 'Historical perspective and motivation for OOP');
INSERT INTO DegreeClassTopicTranslations(degreeClassTopic, language, description) VALUES (1066, 'EN_UK', 'Classes, Objects, and Methods');
INSERT INTO DegreeClassTopicTranslations(degreeClassTopic, language, description) VALUES (1067, 'EN_UK', 'Principles of OO modeling');
INSERT INTO DegreeClassTopicTranslations(degreeClassTopic, language, description) VALUES (1068, 'EN_UK', 'Class Definition');
INSERT INTO DegreeClassTopicTranslations(degreeClassTopic, language, description) VALUES (1069, 'EN_UK', 'Modeling vs. Implementation Issues');
INSERT INTO DegreeClassTopicTranslations(degreeClassTopic, language, description) VALUES (1070, 'EN_UK', 'Inheritance and Polymorphism');
INSERT INTO DegreeClassTopicTranslations(degreeClassTopic, language, description) VALUES (1071, 'EN_UK', 'Modeling issues: composition relationships vs. inheritance relationships');
INSERT INTO DegreeClassTopicTranslations(degreeClassTopic, language, description) VALUES (1072, 'EN_UK', 'Error and exception handling');
INSERT INTO DegreeClassTopicTranslations(degreeClassTopic, language, description) VALUES (1073, 'EN_UK', 'Interface-Based Programming');
INSERT INTO DegreeClassTopicTranslations(degreeClassTopic, language, description) VALUES (1074, 'EN_UK', 'Event-Driven Programming');
INSERT INTO DegreeClassTopicTranslations(degreeClassTopic, language, description) VALUES (1075, 'EN_UK', 'Generics-Based Programming');

INSERT INTO DegreeClasses(id, year, semester, ects , isOptional, degree) VALUES (83, 2, 1, 6, false, 2);
INSERT INTO DegreeClassTranslations(degreeClass, language, name, description) VALUES  (83, 'PT_PT', 'Sistemas Operativos' , 'O objectivo desta disciplina é dar a conhecer aos estudantes o funcionamento dos SO modernos e ao mesmo tempo dotar os estudantes das devidas capacidades para desenvolverem aplicações de sistema que façam uso directo do interface de programação do sistema operativo e que explorem as capacidades de concorrência e multi-programa.');
INSERT INTO DegreeClassTopics(id, degreeClass, ordering) VALUES (1076, 83, 1);
INSERT INTO DegreeClassTopics(id, degreeClass, ordering) VALUES (1077, 83, 2);
INSERT INTO DegreeClassTopics(id, degreeClass, ordering) VALUES (1078, 83, 3);
INSERT INTO DegreeClassTopics(id, degreeClass, ordering) VALUES (1079, 83, 4);
INSERT INTO DegreeClassTopics(id, degreeClass, ordering) VALUES (1080, 83, 5);
INSERT INTO DegreeClassTopics(id, degreeClass, ordering) VALUES (1081, 83, 6);
INSERT INTO DegreeClassTopics(id, degreeClass, ordering) VALUES (1082, 83, 7);
INSERT INTO DegreeClassTopics(id, degreeClass, ordering) VALUES (1083, 83, 8);
INSERT INTO DegreeClassTopics(id, degreeClass, ordering) VALUES (1084, 83, 9);
INSERT INTO DegreeClassTopics(id, degreeClass, ordering) VALUES (1085, 83, 10);
INSERT INTO DegreeClassTopics(id, degreeClass, ordering) VALUES (1086, 83, 11);
INSERT INTO DegreeClassTopics(id, degreeClass, ordering) VALUES (1087, 83, 12);
INSERT INTO DegreeClassTopics(id, degreeClass, ordering) VALUES (1088, 83, 13);
INSERT INTO DegreeClassTopics(id, degreeClass, ordering) VALUES (1089, 83, 14);
INSERT INTO DegreeClassTopics(id, degreeClass, ordering) VALUES (1090, 83, 15);
INSERT INTO DegreeClassTopicTranslations(degreeClassTopic, language, description) VALUES (1076, 'PT_PT', 'Funções de um Sistema Operativo');
INSERT INTO DegreeClassTopicTranslations(degreeClassTopic, language, description) VALUES (1077, 'PT_PT', 'Sistemas de Ficheiros');
INSERT INTO DegreeClassTopicTranslations(degreeClassTopic, language, description) VALUES (1078, 'PT_PT', 'Entrada/Saída e escalonamento de disco');
INSERT INTO DegreeClassTopicTranslations(degreeClassTopic, language, description) VALUES (1079, 'PT_PT', 'Gestão de Processos');
INSERT INTO DegreeClassTopicTranslations(degreeClassTopic, language, description) VALUES (1080, 'PT_PT', 'Escalonamento de processos');
INSERT INTO DegreeClassTopicTranslations(degreeClassTopic, language, description) VALUES (1081, 'PT_PT', 'Gestão de memória: Memória virtual');
INSERT INTO DegreeClassTopicTranslations(degreeClassTopic, language, description) VALUES (1082, 'PT_PT', 'Gestão de memória: Memory-Mapped Files');
INSERT INTO DegreeClassTopicTranslations(degreeClassTopic, language, description) VALUES (1083, 'PT_PT', 'Multi-threading');
INSERT INTO DegreeClassTopicTranslations(degreeClassTopic, language, description) VALUES (1084, 'PT_PT', 'Programação em C em Linux; Comandos Linux; Funções de Sistema Linux');
INSERT INTO DegreeClassTopicTranslations(degreeClassTopic, language, description) VALUES (1085, 'PT_PT', 'Programação Multi-processo e multi-threaded');
INSERT INTO DegreeClassTopicTranslations(degreeClassTopic, language, description) VALUES (1086, 'PT_PT', 'Comunicação entre processos: Sinais; Pipes; Named Pipes; Select; Memória partilhada; Filas de Mensagens');
INSERT INTO DegreeClassTopicTranslations(degreeClassTopic, language, description) VALUES (1087, 'PT_PT', 'Sincronização: Exclusão mútua (mutexes), Semáforos, Variáveis de condição');
INSERT INTO DegreeClassTopicTranslations(degreeClassTopic, language, description) VALUES (1088, 'PT_PT', 'Sincronização: Deadlocks e Race Conditions');
INSERT INTO DegreeClassTopicTranslations(degreeClassTopic, language, description) VALUES (1089, 'PT_PT', 'Segurança');
INSERT INTO DegreeClassTopicTranslations(degreeClassTopic, language, description) VALUES (1090, 'PT_PT', 'Virtualização');
INSERT INTO DegreeClassTopicTranslations(degreeClassTopic, language, description) VALUES (1076, 'EN_UK', 'Operating System Functions');
INSERT INTO DegreeClassTopicTranslations(degreeClassTopic, language, description) VALUES (1077, 'EN_UK', 'File Systems');
INSERT INTO DegreeClassTopicTranslations(degreeClassTopic, language, description) VALUES (1078, 'EN_UK', 'Input/Output and Disk Scheduling');
INSERT INTO DegreeClassTopicTranslations(degreeClassTopic, language, description) VALUES (1079, 'EN_UK', 'Process Management');
INSERT INTO DegreeClassTopicTranslations(degreeClassTopic, language, description) VALUES (1080, 'EN_UK', 'Process Scheduling');
INSERT INTO DegreeClassTopicTranslations(degreeClassTopic, language, description) VALUES (1081, 'EN_UK', 'Memory Management: Virtual Memory');
INSERT INTO DegreeClassTopicTranslations(degreeClassTopic, language, description) VALUES (1082, 'EN_UK', 'Memory Management: Memory-Mapped Files');
INSERT INTO DegreeClassTopicTranslations(degreeClassTopic, language, description) VALUES (1083, 'EN_UK', 'Multithreading');
INSERT INTO DegreeClassTopicTranslations(degreeClassTopic, language, description) VALUES (1084, 'EN_UK', 'C Programming in Linux; Linux Commands; Linux System Calls');
INSERT INTO DegreeClassTopicTranslations(degreeClassTopic, language, description) VALUES (1085, 'EN_UK', 'Multi-process and Multi-threaded Programming');
INSERT INTO DegreeClassTopicTranslations(degreeClassTopic, language, description) VALUES (1086, 'EN_UK', 'Inter-Process Communication: Signals; Pipes; Named Pipes; Select; Shared Memory; Message Queues');
INSERT INTO DegreeClassTopicTranslations(degreeClassTopic, language, description) VALUES (1087, 'EN_UK', 'Synchronization: Mutual Exclusion (Mutexes), Semaphores, Condition Variables');
INSERT INTO DegreeClassTopicTranslations(degreeClassTopic, language, description) VALUES (1088, 'EN_UK', 'Synchronization: Deadlocks and Race Conditions');
INSERT INTO DegreeClassTopicTranslations(degreeClassTopic, language, description) VALUES (1089, 'EN_UK', 'Security');
INSERT INTO DegreeClassTopicTranslations(degreeClassTopic, language, description) VALUES (1090, 'EN_UK', 'Virtualization');

INSERT INTO DegreeClasses(id, year, semester, ects , isOptional, degree) VALUES (84, 2, 1, 6, false, 2);
INSERT INTO DegreeClassTranslations(degreeClass, language, name, description) VALUES  (84, 'PT_PT', 'Teoria da Computação' , 'Estudar os diversos tipos de autómatos (finitos, de pilha, Máquinas de Turing) e de gramáticas formais (regulares, independentes e dependentes do contexto, recursivas) e as relações entre eles, bem como sua relação com linguagens de programação e compiladores.');
INSERT INTO DegreeClassTopics(id, degreeClass, ordering) VALUES (1091, 84, 1);
INSERT INTO DegreeClassTopics(id, degreeClass, ordering) VALUES (1092, 84, 2);
INSERT INTO DegreeClassTopics(id, degreeClass, ordering) VALUES (1093, 84, 3);
INSERT INTO DegreeClassTopics(id, degreeClass, ordering) VALUES (1094, 84, 4);
INSERT INTO DegreeClassTopics(id, degreeClass, ordering) VALUES (1095, 84, 5);
INSERT INTO DegreeClassTopics(id, degreeClass, ordering) VALUES (1096, 84, 6);
INSERT INTO DegreeClassTopics(id, degreeClass, ordering) VALUES (1097, 84, 7);
INSERT INTO DegreeClassTopics(id, degreeClass, ordering) VALUES (1098, 84, 8);
INSERT INTO DegreeClassTopics(id, degreeClass, ordering) VALUES (1099, 84, 9);
INSERT INTO DegreeClassTopics(id, degreeClass, ordering) VALUES (1100, 84, 10);
INSERT INTO DegreeClassTopics(id, degreeClass, ordering) VALUES (1101, 84, 11);
INSERT INTO DegreeClassTopics(id, degreeClass, ordering) VALUES (1102, 84, 12);
INSERT INTO DegreeClassTopics(id, degreeClass, ordering) VALUES (1103, 84, 13);
INSERT INTO DegreeClassTopics(id, degreeClass, ordering) VALUES (1104, 84, 14);
INSERT INTO DegreeClassTopicTranslations(degreeClassTopic, language, description) VALUES (1091, 'PT_PT', 'Introdução e definições básicas: linguagens, gramáticas, autómatos');
INSERT INTO DegreeClassTopicTranslations(degreeClassTopic, language, description) VALUES (1092, 'PT_PT', 'Autómatos finitos determinísticos e não-determinísticos e suas relações; Transdutores');
INSERT INTO DegreeClassTopicTranslations(degreeClassTopic, language, description) VALUES (1093, 'PT_PT', 'Linguagens regulares, gramáticas regulares, expressões regulares, autómatos finitos e suas relações');
INSERT INTO DegreeClassTopicTranslations(degreeClassTopic, language, description) VALUES (1094, 'PT_PT', 'Propriedades das linguagens regulares, lema da bombagem');
INSERT INTO DegreeClassTopicTranslations(degreeClassTopic, language, description) VALUES (1095, 'PT_PT', 'Linguagens livres de contexto não-regulares, parsing');
INSERT INTO DegreeClassTopicTranslations(degreeClassTopic, language, description) VALUES (1096, 'PT_PT', 'Simplificação das gramáticas livres de contexto, formas normais');
INSERT INTO DegreeClassTopicTranslations(degreeClassTopic, language, description) VALUES (1097, 'PT_PT', 'Autómatos de Pilha não-determinísticos e determinísticos');
INSERT INTO DegreeClassTopicTranslations(degreeClassTopic, language, description) VALUES (1098, 'PT_PT', 'Propriedades das linguagens livres de contexto (fecho, lemas da bombagem)');
INSERT INTO DegreeClassTopicTranslations(degreeClassTopic, language, description) VALUES (1099, 'PT_PT', 'Máquinas de Turing padrão, tese de Turing');
INSERT INTO DegreeClassTopicTranslations(degreeClassTopic, language, description) VALUES (1100, 'PT_PT', 'Outros modelos de Máquinas de Turing, autómatos linearmente limitados');
INSERT INTO DegreeClassTopicTranslations(degreeClassTopic, language, description) VALUES (1101, 'PT_PT', 'Hierarquias de linguagens formais e autómatos');
INSERT INTO DegreeClassTopicTranslations(degreeClassTopic, language, description) VALUES (1102, 'PT_PT', 'Limites da computação algorítmica');
INSERT INTO DegreeClassTopicTranslations(degreeClassTopic, language, description) VALUES (1103, 'PT_PT', 'Outros modelos de computação (funções recursivas, Post, re-escrita, cálculo-lambda)');
INSERT INTO DegreeClassTopicTranslations(degreeClassTopic, language, description) VALUES (1104, 'PT_PT', 'Uma introdução à teoria da complexidade, problemas P e NP');
INSERT INTO DegreeClassTopicTranslations(degreeClassTopic, language, description) VALUES (1091, 'EN_UK', 'Introduction and basic definitions: languages, grammars, automata');
INSERT INTO DegreeClassTopicTranslations(degreeClassTopic, language, description) VALUES (1092, 'EN_UK', 'Deterministic and non-deterministic finite automata and their relations; Transducers');
INSERT INTO DegreeClassTopicTranslations(degreeClassTopic, language, description) VALUES (1093, 'EN_UK', 'Regular languages, regular grammars, regular expressions, finite automata and their relations');
INSERT INTO DegreeClassTopicTranslations(degreeClassTopic, language, description) VALUES (1094, 'EN_UK', 'Properties of regular languages, pumping lemma');
INSERT INTO DegreeClassTopicTranslations(degreeClassTopic, language, description) VALUES (1095, 'EN_UK', 'Non-regular context-free languages, parsing');
INSERT INTO DegreeClassTopicTranslations(degreeClassTopic, language, description) VALUES (1096, 'EN_UK', 'Simplification of context-free grammars, normal forms');
INSERT INTO DegreeClassTopicTranslations(degreeClassTopic, language, description) VALUES (1097, 'EN_UK', 'Non-deterministic and deterministic pushdown automata');
INSERT INTO DegreeClassTopicTranslations(degreeClassTopic, language, description) VALUES (1098, 'EN_UK', 'Properties of context-free languages (closure, pumping lemmas)');
INSERT INTO DegreeClassTopicTranslations(degreeClassTopic, language, description) VALUES (1099, 'EN_UK', 'Standard Turing machines, Turing thesis');
INSERT INTO DegreeClassTopicTranslations(degreeClassTopic, language, description) VALUES (1100, 'EN_UK', 'Other models of Turing machines, linearly bounded automata');
INSERT INTO DegreeClassTopicTranslations(degreeClassTopic, language, description) VALUES (1101, 'EN_UK', 'Hierarchies of formal languages and automata');
INSERT INTO DegreeClassTopicTranslations(degreeClassTopic, language, description) VALUES (1102, 'EN_UK', 'Limits of algorithmic computation');
INSERT INTO DegreeClassTopicTranslations(degreeClassTopic, language, description) VALUES (1103, 'EN_UK', 'Other models of computation (recursive functions, Post, rewrite, lambda calculus)');
INSERT INTO DegreeClassTopicTranslations(degreeClassTopic, language, description) VALUES (1104, 'EN_UK', 'An introduction to complexity theory, P and NP problems');

INSERT INTO DegreeClasses(id, year, semester, ects , isOptional, degree) VALUES (85, 2, 1, 6, false, 2);
INSERT INTO DegreeClassTranslations(degreeClass, language, name, description) VALUES  (85, 'PT_PT', 'Teoria da Informação' , 'Fornecer de uma forma sistemática as noções fundamentais da teoria da informação e a sua aplicação em contextos de aprendizagem computacional, análise de dados e, sobretudo, aos princípios da codificação nos contextos da codificação de fontes e de canal e na criptografia.');
INSERT INTO DegreeClassTopics(id, degreeClass, ordering) VALUES (1105, 85, 1);
INSERT INTO DegreeClassTopics(id, degreeClass, ordering) VALUES (1106, 85, 2);
INSERT INTO DegreeClassTopics(id, degreeClass, ordering) VALUES (1107, 85, 3);
INSERT INTO DegreeClassTopics(id, degreeClass, ordering) VALUES (1108, 85, 4);
INSERT INTO DegreeClassTopics(id, degreeClass, ordering) VALUES (1109, 85, 5);
INSERT INTO DegreeClassTopics(id, degreeClass, ordering) VALUES (1110, 85, 6);
INSERT INTO DegreeClassTopics(id, degreeClass, ordering) VALUES (1111, 85, 7);
INSERT INTO DegreeClassTopics(id, degreeClass, ordering) VALUES (1112, 85, 8);
INSERT INTO DegreeClassTopics(id, degreeClass, ordering) VALUES (1113, 85, 9);
INSERT INTO DegreeClassTopics(id, degreeClass, ordering) VALUES (1114, 85, 10);
INSERT INTO DegreeClassTopics(id, degreeClass, ordering) VALUES (1115, 85, 11);
INSERT INTO DegreeClassTopics(id, degreeClass, ordering) VALUES (1116, 85, 12);
INSERT INTO DegreeClassTopics(id, degreeClass, ordering) VALUES (1117, 85, 13);
INSERT INTO DegreeClassTopics(id, degreeClass, ordering) VALUES (1118, 85, 14);
INSERT INTO DegreeClassTopics(id, degreeClass, ordering) VALUES (1119, 85, 15);
INSERT INTO DegreeClassTopics(id, degreeClass, ordering) VALUES (1120, 85, 16);
INSERT INTO DegreeClassTopics(id, degreeClass, ordering) VALUES (1121, 85, 17);
INSERT INTO DegreeClassTopics(id, degreeClass, ordering) VALUES (1122, 85, 18);
INSERT INTO DegreeClassTopicTranslations(degreeClassTopic, language, description) VALUES (1105, 'PT_PT', 'Informação: intuição, conceito e propriedades');
INSERT INTO DegreeClassTopicTranslations(degreeClassTopic, language, description) VALUES (1106, 'PT_PT', 'Entropia, incerteza e dispersão');
INSERT INTO DegreeClassTopicTranslations(degreeClassTopic, language, description) VALUES (1107, 'PT_PT', 'Entropia conjunta, condicionada e propriedades');
INSERT INTO DegreeClassTopicTranslations(degreeClassTopic, language, description) VALUES (1108, 'PT_PT', 'Divergência Kullback-Leibler');
INSERT INTO DegreeClassTopicTranslations(degreeClassTopic, language, description) VALUES (1109, 'PT_PT', 'Informação Mútua');
INSERT INTO DegreeClassTopicTranslations(degreeClassTopic, language, description) VALUES (1110, 'PT_PT', 'Regras da Cadeia');
INSERT INTO DegreeClassTopicTranslations(degreeClassTopic, language, description) VALUES (1111, 'PT_PT', 'Princípio da entropia máxima');
INSERT INTO DegreeClassTopicTranslations(degreeClassTopic, language, description) VALUES (1112, 'PT_PT', 'O teorema da codificação da fonte; Códigos e propriedades');
INSERT INTO DegreeClassTopicTranslations(degreeClassTopic, language, description) VALUES (1113, 'PT_PT', 'Teorema de Kraft e de McMillan');
INSERT INTO DegreeClassTopicTranslations(degreeClassTopic, language, description) VALUES (1114, 'PT_PT', 'Códigos Óptimos; Códigos de Shannon-Fano-Elias; Códigos de Huffman; Códigos Aritméticos; Códigos de dicionário');
INSERT INTO DegreeClassTopicTranslations(degreeClassTopic, language, description) VALUES (1115, 'PT_PT', 'Criptografia: Domínios e tipos de algoritmos; Algoritmos clássicos; Sequências pseudo-aleatórias; Encriptação perfeita e imperfeita');
INSERT INTO DegreeClassTopicTranslations(degreeClassTopic, language, description) VALUES (1116, 'PT_PT', 'Criptografia: Distribuição de chaves; Algoritmo de chave assimétrica – o RSA, o teorema de Euler, limites de segurança do RSA, algoritmos de Euclides, pequeno Teorema de Fermat, resto Chinês)');
INSERT INTO DegreeClassTopicTranslations(degreeClassTopic, language, description) VALUES (1117, 'PT_PT', 'Criptografia: Algoritmos de chave simétricas');
INSERT INTO DegreeClassTopicTranslations(degreeClassTopic, language, description) VALUES (1118, 'PT_PT', 'Criptografia: Funções de Hashing');
INSERT INTO DegreeClassTopicTranslations(degreeClassTopic, language, description) VALUES (1119, 'PT_PT', 'Códigos de Recuperação de Erros: Teorema da codificação de Canal');
INSERT INTO DegreeClassTopicTranslations(degreeClassTopic, language, description) VALUES (1120, 'PT_PT', 'Códigos de Recuperação de Erros: Tipos de Canais e de Códigos');
INSERT INTO DegreeClassTopicTranslations(degreeClassTopic, language, description) VALUES (1121, 'PT_PT', 'Códigos de Recuperação de Erros: Códigos lineares, códigos de Hamming');
INSERT INTO DegreeClassTopicTranslations(degreeClassTopic, language, description) VALUES (1122, 'PT_PT', 'Códigos de Recuperação de Erros: Códigos cíclicos, polinómio gerador, Propriedades na detecção e correcção');
INSERT INTO DegreeClassTopicTranslations(degreeClassTopic, language, description) VALUES (1105, 'EN_UK', 'Information: intuition, concept, and properties');
INSERT INTO DegreeClassTopicTranslations(degreeClassTopic, language, description) VALUES (1106, 'EN_UK', 'Entropy, uncertainty, and dispersion');
INSERT INTO DegreeClassTopicTranslations(degreeClassTopic, language, description) VALUES (1107, 'EN_UK', 'Joint, conditional entropy, and properties');
INSERT INTO DegreeClassTopicTranslations(degreeClassTopic, language, description) VALUES (1108, 'EN_UK', 'Kullback-Leibler divergence');
INSERT INTO DegreeClassTopicTranslations(degreeClassTopic, language, description) VALUES (1109, 'EN_UK', 'Mutual information');
INSERT INTO DegreeClassTopicTranslations(degreeClassTopic, language, description) VALUES (1110, 'EN_UK', 'Chain rules');
INSERT INTO DegreeClassTopicTranslations(degreeClassTopic, language, description) VALUES (1111, 'EN_UK', 'Maximum entropy principle');
INSERT INTO DegreeClassTopicTranslations(degreeClassTopic, language, description) VALUES (1112, 'EN_UK', 'Source coding theorem; Codes and properties');
INSERT INTO DegreeClassTopicTranslations(degreeClassTopic, language, description) VALUES (1113, 'EN_UK', 'Kraft''s and McMillan''s theorems');
INSERT INTO DegreeClassTopicTranslations(degreeClassTopic, language, description) VALUES (1114, 'EN_UK', 'Optimal codes; Shannon-Fano-Elias codes; Huffman codes; Arithmetic codes; Dictionary codes');
INSERT INTO DegreeClassTopicTranslations(degreeClassTopic, language, description) VALUES (1115, 'EN_UK', 'Cryptography: Domains and types of algorithms; Classical algorithms; Pseudo-random sequences; Perfect and imperfect encryption');
INSERT INTO DegreeClassTopicTranslations(degreeClassTopic, language, description) VALUES (1116, 'EN_UK', 'Cryptography: Key distribution; Asymmetric key algorithm - RSA, Euler''s theorem, RSA security limits, Euclidean algorithms, Fermat''s little theorem, Chinese remainder');
INSERT INTO DegreeClassTopicTranslations(degreeClassTopic, language, description) VALUES (1117, 'EN_UK', 'Cryptography: Symmetric key algorithms');
INSERT INTO DegreeClassTopicTranslations(degreeClassTopic, language, description) VALUES (1118, 'EN_UK', 'Cryptography: Hash functions');
INSERT INTO DegreeClassTopicTranslations(degreeClassTopic, language, description) VALUES (1119, 'EN_UK', 'Error Correcting Codes: Channel coding theorem');
INSERT INTO DegreeClassTopicTranslations(degreeClassTopic, language, description) VALUES (1120, 'EN_UK', 'Error Correcting Codes: Types of Channels and Codes');
INSERT INTO DegreeClassTopicTranslations(degreeClassTopic, language, description) VALUES (1121, 'EN_UK', 'Error Correcting Codes: Linear codes, Hamming codes');
INSERT INTO DegreeClassTopicTranslations(degreeClassTopic, language, description) VALUES (1122, 'EN_UK', 'Error Correcting Codes: Cyclic codes, generator polynomial, Detection and correction properties');

INSERT INTO DegreeClasses(id, year, semester, ects , isOptional, degree) VALUES (86, 2, 2, 6, false, 2);
INSERT INTO DegreeClassTranslations(degreeClass, language, name, description) VALUES  (86, 'PT_PT', 'Algoritmos e Estruturas de Dados' , 'Após a conclusão da unidade curricular deve demonstrar conhecimento e capacidade de compreensão nos seguintes aspectos: análise de complexidade; técnicas gerais de projecto de algoritmos; estruturas de dados e algoritmos de ordenamento (características, memória ocupada, velocidade de execução).');
INSERT INTO DegreeClassTopics(id, degreeClass, ordering) VALUES (1123, 86, 1);
INSERT INTO DegreeClassTopics(id, degreeClass, ordering) VALUES (1124, 86, 2);
INSERT INTO DegreeClassTopics(id, degreeClass, ordering) VALUES (1125, 86, 3);
INSERT INTO DegreeClassTopics(id, degreeClass, ordering) VALUES (1126, 86, 4);
INSERT INTO DegreeClassTopics(id, degreeClass, ordering) VALUES (1127, 86, 5);
INSERT INTO DegreeClassTopics(id, degreeClass, ordering) VALUES (1128, 86, 6);
INSERT INTO DegreeClassTopics(id, degreeClass, ordering) VALUES (1129, 86, 7);
INSERT INTO DegreeClassTopicTranslations(degreeClassTopic, language, description) VALUES (1123, 'PT_PT', 'Análise de complexidade');
INSERT INTO DegreeClassTopicTranslations(degreeClassTopic, language, description) VALUES (1124, 'PT_PT', 'Técnicas gerais de projecto de algoritmos');
INSERT INTO DegreeClassTopicTranslations(degreeClassTopic, language, description) VALUES (1125, 'PT_PT', 'Árvores: Árvores AVL, VP, amontoados, listas de saltos, árvores Binárias');
INSERT INTO DegreeClassTopicTranslations(degreeClassTopic, language, description) VALUES (1126, 'PT_PT', 'Grafos');
INSERT INTO DegreeClassTopicTranslations(degreeClassTopic, language, description) VALUES (1127, 'PT_PT', 'Algoritmos de ordenamento: shell sort, merge sort, quick sort, radix sort, MSD, LSD');
INSERT INTO DegreeClassTopicTranslations(degreeClassTopic, language, description) VALUES (1128, 'PT_PT', 'Tabelas de dispersão');
INSERT INTO DegreeClassTopicTranslations(degreeClassTopic, language, description) VALUES (1129, 'PT_PT', 'Tópico seleccionado: mapeamento de cadeias de caracteres');
INSERT INTO DegreeClassTopicTranslations(degreeClassTopic, language, description) VALUES (1123, 'EN_UK', 'Complexity analysis');
INSERT INTO DegreeClassTopicTranslations(degreeClassTopic, language, description) VALUES (1124, 'EN_UK', 'General algorithm design techniques');
INSERT INTO DegreeClassTopicTranslations(degreeClassTopic, language, description) VALUES (1125, 'EN_UK', 'Trees: AVL trees, B-trees, heaps, skip lists, binary trees');
INSERT INTO DegreeClassTopicTranslations(degreeClassTopic, language, description) VALUES (1126, 'EN_UK', 'Graphs');
INSERT INTO DegreeClassTopicTranslations(degreeClassTopic, language, description) VALUES (1127, 'EN_UK', 'Sorting algorithms: shell sort, merge sort, quick sort, radix sort, MSD, LSD');
INSERT INTO DegreeClassTopicTranslations(degreeClassTopic, language, description) VALUES (1128, 'EN_UK', 'Hash tables');
INSERT INTO DegreeClassTopicTranslations(degreeClassTopic, language, description) VALUES (1129, 'EN_UK', 'Selected topic: string hashing');

INSERT INTO DegreeClasses(id, year, semester, ects , isOptional, degree) VALUES (87, 2, 2, 6, false, 2);
INSERT INTO DegreeClassTranslations(degreeClass, language, name, description) VALUES  (87, 'PT_PT', 'Análise e Transformação de Dados' , 'A disciplina pretende desenvolver as seguintes competências:\n - Compreensão e interpretação de fenómenos e processos dinâmicos do mundo real e virtual\n - Capacidade de análise de dados suportada por ferramentas computacionais\n - Aprofundamento do raciocínio matemático para extracção de informação\n - Capacidade de resolução de problemas concretos no âmbito da análise e transformação de dados uni e multidimensionais no domínio do tempo, do espaço e da frequência');
INSERT INTO DegreeClassTopics(id, degreeClass, ordering) VALUES (1130, 87, 1);
INSERT INTO DegreeClassTopics(id, degreeClass, ordering) VALUES (1131, 87, 2);
INSERT INTO DegreeClassTopics(id, degreeClass, ordering) VALUES (1132, 87, 3);
INSERT INTO DegreeClassTopics(id, degreeClass, ordering) VALUES (1133, 87, 4);
INSERT INTO DegreeClassTopics(id, degreeClass, ordering) VALUES (1134, 87, 5);
INSERT INTO DegreeClassTopics(id, degreeClass, ordering) VALUES (1135, 87, 6);
INSERT INTO DegreeClassTopics(id, degreeClass, ordering) VALUES (1136, 87, 7);
INSERT INTO DegreeClassTopics(id, degreeClass, ordering) VALUES (1137, 87, 8);
INSERT INTO DegreeClassTopics(id, degreeClass, ordering) VALUES (1138, 87, 9);
INSERT INTO DegreeClassTopics(id, degreeClass, ordering) VALUES (1139, 87, 10);
INSERT INTO DegreeClassTopics(id, degreeClass, ordering) VALUES (1140, 87, 11);
INSERT INTO DegreeClassTopics(id, degreeClass, ordering) VALUES (1141, 87, 12);
INSERT INTO DegreeClassTopics(id, degreeClass, ordering) VALUES (1142, 87, 13);
INSERT INTO DegreeClassTopics(id, degreeClass, ordering) VALUES (1143, 87, 14);
INSERT INTO DegreeClassTopics(id, degreeClass, ordering) VALUES (1144, 87, 15);
INSERT INTO DegreeClassTopics(id, degreeClass, ordering) VALUES (1145, 87, 16);
INSERT INTO DegreeClassTopics(id, degreeClass, ordering) VALUES (1146, 87, 17);
INSERT INTO DegreeClassTopics(id, degreeClass, ordering) VALUES (1147, 87, 18);
INSERT INTO DegreeClassTopics(id, degreeClass, ordering) VALUES (1148, 87, 19);
INSERT INTO DegreeClassTopics(id, degreeClass, ordering) VALUES (1149, 87, 20);
INSERT INTO DegreeClassTopicTranslations(degreeClassTopic, language, description) VALUES (1130, 'PT_PT', 'Razões para a Análise e Transformação de Dados');
INSERT INTO DegreeClassTopicTranslations(degreeClassTopic, language, description) VALUES (1131, 'PT_PT', 'Análise de fenómenos dinâmicos');
INSERT INTO DegreeClassTopicTranslations(degreeClassTopic, language, description) VALUES (1132, 'PT_PT', 'Interacção do computador com o mundo exterior');
INSERT INTO DegreeClassTopicTranslations(degreeClassTopic, language, description) VALUES (1133, 'PT_PT', 'Sinais e suas propriedades');
INSERT INTO DegreeClassTopicTranslations(degreeClassTopic, language, description) VALUES (1134, 'PT_PT', 'Sistemas em Tempo Discreto');
INSERT INTO DegreeClassTopicTranslations(degreeClassTopic, language, description) VALUES (1135, 'PT_PT', 'Transformada de Z');
INSERT INTO DegreeClassTopicTranslations(degreeClassTopic, language, description) VALUES (1136, 'PT_PT', 'Propriedades dos sistemas (causalidade, convolução, estabilidade, etc.)');
INSERT INTO DegreeClassTopicTranslations(degreeClassTopic, language, description) VALUES (1137, 'PT_PT', 'Análise de Sistemas (feedback, função de transferência, resposta a impulso, etc.)');
INSERT INTO DegreeClassTopicTranslations(degreeClassTopic, language, description) VALUES (1138, 'PT_PT', 'Transformadas de Fourier (FS, FT, DTFT, DFT)');
INSERT INTO DegreeClassTopicTranslations(degreeClassTopic, language, description) VALUES (1139, 'PT_PT', 'Resposta em frequência e teorema da amostragem');
INSERT INTO DegreeClassTopicTranslations(degreeClassTopic, language, description) VALUES (1140, 'PT_PT', 'Resolução e Ruído');
INSERT INTO DegreeClassTopicTranslations(degreeClassTopic, language, description) VALUES (1141, 'PT_PT', 'Filtros digitais');
INSERT INTO DegreeClassTopicTranslations(degreeClassTopic, language, description) VALUES (1142, 'PT_PT', 'Transformada de Fourier em Janelas (STFT)');
INSERT INTO DegreeClassTopicTranslations(degreeClassTopic, language, description) VALUES (1143, 'PT_PT', 'O dilema do princípio da incerteza');
INSERT INTO DegreeClassTopicTranslations(degreeClassTopic, language, description) VALUES (1144, 'PT_PT', 'Transformada de Wavelets (análise multi-resolução e função de escala)');
INSERT INTO DegreeClassTopicTranslations(degreeClassTopic, language, description) VALUES (1145, 'PT_PT', 'Análise de séries temporais não estacionárias');
INSERT INTO DegreeClassTopicTranslations(degreeClassTopic, language, description) VALUES (1146, 'PT_PT', 'Transformada Karhunen-Loève');
INSERT INTO DegreeClassTopicTranslations(degreeClassTopic, language, description) VALUES (1147, 'PT_PT', 'Outras transformadas de base ortogonal');
INSERT INTO DegreeClassTopicTranslations(degreeClassTopic, language, description) VALUES (1148, 'PT_PT', 'Transformações para compressão de dados');
INSERT INTO DegreeClassTopicTranslations(degreeClassTopic, language, description) VALUES (1149, 'PT_PT', 'Exemplos em vários domínios de aplicação');
INSERT INTO DegreeClassTopicTranslations(degreeClassTopic, language, description) VALUES (1130, 'EN_UK', 'Reasons for Data Analysis and Transformation');
INSERT INTO DegreeClassTopicTranslations(degreeClassTopic, language, description) VALUES (1131, 'EN_UK', 'Analysis of Dynamic Phenomena');
INSERT INTO DegreeClassTopicTranslations(degreeClassTopic, language, description) VALUES (1132, 'EN_UK', 'Interaction of the Computer with the External World');
INSERT INTO DegreeClassTopicTranslations(degreeClassTopic, language, description) VALUES (1133, 'EN_UK', 'Signals and their Properties');
INSERT INTO DegreeClassTopicTranslations(degreeClassTopic, language, description) VALUES (1134, 'EN_UK', 'Discrete-Time Systems');
INSERT INTO DegreeClassTopicTranslations(degreeClassTopic, language, description) VALUES (1135, 'EN_UK', 'Z-Transform');
INSERT INTO DegreeClassTopicTranslations(degreeClassTopic, language, description) VALUES (1136, 'EN_UK', 'System Properties (causality, convolution, stability, etc.)');
INSERT INTO DegreeClassTopicTranslations(degreeClassTopic, language, description) VALUES (1137, 'EN_UK', 'System Analysis (feedback, transfer function, impulse response, etc.)');
INSERT INTO DegreeClassTopicTranslations(degreeClassTopic, language, description) VALUES (1138, 'EN_UK', 'Fourier Transforms (FS, FT, DTFT, DFT)');
INSERT INTO DegreeClassTopicTranslations(degreeClassTopic, language, description) VALUES (1139, 'EN_UK', 'Frequency Response and Sampling Theorem');
INSERT INTO DegreeClassTopicTranslations(degreeClassTopic, language, description) VALUES (1140, 'EN_UK', 'Resolution and Noise');
INSERT INTO DegreeClassTopicTranslations(degreeClassTopic, language, description) VALUES (1141, 'EN_UK', 'Digital Filters');
INSERT INTO DegreeClassTopicTranslations(degreeClassTopic, language, description) VALUES (1142, 'EN_UK', 'Short-Time Fourier Transform (STFT)');
INSERT INTO DegreeClassTopicTranslations(degreeClassTopic, language, description) VALUES (1143, 'EN_UK', 'The Uncertainty Principle');
INSERT INTO DegreeClassTopicTranslations(degreeClassTopic, language, description) VALUES (1144, 'EN_UK', 'Wavelet Transform (multi-resolution analysis and scale function)');
INSERT INTO DegreeClassTopicTranslations(degreeClassTopic, language, description) VALUES (1145, 'EN_UK', 'Analysis of Non-Stationary Time Series');
INSERT INTO DegreeClassTopicTranslations(degreeClassTopic, language, description) VALUES (1146, 'EN_UK', 'Karhunen-Loève Transform (KLT)');
INSERT INTO DegreeClassTopicTranslations(degreeClassTopic, language, description) VALUES (1147, 'EN_UK', 'Other Orthogonal Basis Transforms');
INSERT INTO DegreeClassTopicTranslations(degreeClassTopic, language, description) VALUES (1148, 'EN_UK', 'Transforms for Data Compression');
INSERT INTO DegreeClassTopicTranslations(degreeClassTopic, language, description) VALUES (1149, 'EN_UK', 'Examples in Various Application Domains');

INSERT INTO DegreeClasses(id, year, semester, ects , isOptional, degree) VALUES (88, 2, 2, 6, false, 2);
INSERT INTO DegreeClassTranslations(degreeClass, language, name, description) VALUES  (88, 'PT_PT', 'Multimédia' , 'Após a conclusão da unidade curricular, o estudante deve demonstrar ter adquirido, ter compreendido e saber aplicar os conhecimentos e competências em:\n i) projecto multimédia\n ii) fundamentos de multimédia\n Nomeadamente:\n - planeamento, design, desenvolvimento e gestão de projectos multimédia em equipa;\n - tópicos de usabilidade e sua aplicação em projectos multimédia;\n - imagem, áudio e vídeo digital, com enfoque nos aspectos fisiológicos e perceptuais envolvidos e na representação e compressão desses tipo de dados multimédia.');
INSERT INTO DegreeClassTopics(id, degreeClass, ordering) VALUES (1150, 88, 1);
INSERT INTO DegreeClassTopics(id, degreeClass, ordering) VALUES (1151, 88, 2);
INSERT INTO DegreeClassTopics(id, degreeClass, ordering) VALUES (1152, 88, 3);
INSERT INTO DegreeClassTopics(id, degreeClass, ordering) VALUES (1153, 88, 4);
INSERT INTO DegreeClassTopics(id, degreeClass, ordering) VALUES (1154, 88, 5);
INSERT INTO DegreeClassTopics(id, degreeClass, ordering) VALUES (1155, 88, 6);
INSERT INTO DegreeClassTopics(id, degreeClass, ordering) VALUES (1156, 88, 7);
INSERT INTO DegreeClassTopics(id, degreeClass, ordering) VALUES (1157, 88, 8);
INSERT INTO DegreeClassTopics(id, degreeClass, ordering) VALUES (1158, 88, 9);
INSERT INTO DegreeClassTopics(id, degreeClass, ordering) VALUES (1159, 88, 10);
INSERT INTO DegreeClassTopics(id, degreeClass, ordering) VALUES (1160, 88, 11);
INSERT INTO DegreeClassTopics(id, degreeClass, ordering) VALUES (1161, 88, 12);
INSERT INTO DegreeClassTopicTranslations(degreeClassTopic, language, description) VALUES (1150, 'PT_PT', 'Flash CS5 e programação em ActionScript 3.0');
INSERT INTO DegreeClassTopicTranslations(degreeClassTopic, language, description) VALUES (1151, 'PT_PT', 'Projecto multimédia: planeamento, design, desenvolvimento e gestão');
INSERT INTO DegreeClassTopicTranslations(degreeClassTopic, language, description) VALUES (1152, 'PT_PT', 'Tópicos de Usabilidade');
INSERT INTO DegreeClassTopicTranslations(degreeClassTopic, language, description) VALUES (1153, 'PT_PT', 'Imagem Digital: noções de cor, visão humana (fisiologia e percepção) e modelos e espaços de cor');
INSERT INTO DegreeClassTopicTranslations(degreeClassTopic, language, description) VALUES (1154, 'PT_PT', 'Imagem Digital: representação de imagem digital (mapas de bits e imagens vectoriais)');
INSERT INTO DegreeClassTopicTranslations(degreeClassTopic, language, description) VALUES (1155, 'PT_PT', 'Imagem Digital: codecs de imagem digital (destrutivos e não destrutivos) e compressão perceptual de imagem digital - Áudio Digital');
INSERT INTO DegreeClassTopicTranslations(degreeClassTopic, language, description) VALUES (1156, 'PT_PT', 'Imagem Digital: noções de som e audição humana (fisiologia e percepção)');
INSERT INTO DegreeClassTopicTranslations(degreeClassTopic, language, description) VALUES (1157, 'PT_PT', 'Imagem Digital: representação de áudio digital (áudio amostrado e MIDI)');
INSERT INTO DegreeClassTopicTranslations(degreeClassTopic, language, description) VALUES (1158, 'PT_PT', 'Imagem Digital: codecs de áudio digital (destrutivos e não destrutivos) e compressão perceptual de áudio digital');
INSERT INTO DegreeClassTopicTranslations(degreeClassTopic, language, description) VALUES (1159, 'PT_PT', 'Vídeo Digital: noções de vídeo e fenómenos perceptuais de imagens em movimento');
INSERT INTO DegreeClassTopicTranslations(degreeClassTopic, language, description) VALUES (1160, 'PT_PT', 'Vídeo Digital: representação de vídeo digital');
INSERT INTO DegreeClassTopicTranslations(degreeClassTopic, language, description) VALUES (1161, 'PT_PT', 'Vídeo Digital: codecs de vídeo digital (destrutivos e não destrutivos)');
INSERT INTO DegreeClassTopicTranslations(degreeClassTopic, language, description) VALUES (1150, 'EN_UK', 'Flash CS5 and ActionScript 3.0 Programming');
INSERT INTO DegreeClassTopicTranslations(degreeClassTopic, language, description) VALUES (1151, 'EN_UK', 'Multimedia Project: Planning, Design, Development and Management');
INSERT INTO DegreeClassTopicTranslations(degreeClassTopic, language, description) VALUES (1152, 'EN_UK', 'Usability Topics');
INSERT INTO DegreeClassTopicTranslations(degreeClassTopic, language, description) VALUES (1153, 'EN_UK', 'Digital Image: Concepts of Color, Human Vision (Physiology and Perception), and Color Models and Spaces');
INSERT INTO DegreeClassTopicTranslations(degreeClassTopic, language, description) VALUES (1154, 'EN_UK', 'Digital Image: Digital Image Representation (Bitmaps and Vector Images)');
INSERT INTO DegreeClassTopicTranslations(degreeClassTopic, language, description) VALUES (1155, 'EN_UK', 'Digital Image: Digital Image Codecs (Destructive and Non-Destructive) and Perceptual Compression of Digital Image - Digital Audio');
INSERT INTO DegreeClassTopicTranslations(degreeClassTopic, language, description) VALUES (1156, 'EN_UK', 'Digital Image: Concepts of Sound and Human Hearing (Physiology and Perception)');
INSERT INTO DegreeClassTopicTranslations(degreeClassTopic, language, description) VALUES (1157, 'EN_UK', 'Digital Image: Digital Audio Representation (Sampled Audio and MIDI)');
INSERT INTO DegreeClassTopicTranslations(degreeClassTopic, language, description) VALUES (1158, 'EN_UK', 'Digital Image: Digital Audio Codecs (Destructive and Non-Destructive) and Perceptual Compression of Digital Audio');
INSERT INTO DegreeClassTopicTranslations(degreeClassTopic, language, description) VALUES (1159, 'EN_UK', 'Digital Video: Concepts of Video and Perceptual Phenomena of Moving Images');
INSERT INTO DegreeClassTopicTranslations(degreeClassTopic, language, description) VALUES (1160, 'EN_UK', 'Digital Video: Digital Video Representation');
INSERT INTO DegreeClassTopicTranslations(degreeClassTopic, language, description) VALUES (1161, 'EN_UK', 'Digital Video: Digital Video Codecs (Destructive and Non-Destructive)');

INSERT INTO DegreeClasses(id, year, semester, ects , isOptional, degree) VALUES (89, 2, 2, 6, false, 2);
INSERT INTO DegreeClassTranslations(degreeClass, language, name, description) VALUES  (89, 'PT_PT', 'Protocolos de Comunicação' , 'Os objectivos centrais da disciplina são o estudo e compreensão dos aspectos protocolares dos modernos sistemas de comunicação, sendo dada especial ênfase ao ambiente protocolar da Internet, tendo em vista um conhecimento das principais questões que caracterizam e condicionam os serviços e aplicações.');
INSERT INTO DegreeClassTopics(id, degreeClass, ordering) VALUES (1162, 89, 1);
INSERT INTO DegreeClassTopics(id, degreeClass, ordering) VALUES (1163, 89, 2);
INSERT INTO DegreeClassTopics(id, degreeClass, ordering) VALUES (1164, 89, 3);
INSERT INTO DegreeClassTopics(id, degreeClass, ordering) VALUES (1165, 89, 4);
INSERT INTO DegreeClassTopicTranslations(degreeClassTopic, language, description) VALUES (1162, 'PT_PT', 'Protocolos de comunicação: questões e tendências');
INSERT INTO DegreeClassTopicTranslations(degreeClassTopic, language, description) VALUES (1163, 'PT_PT', 'Endereçamento IP (v4 e v6)');
INSERT INTO DegreeClassTopicTranslations(degreeClassTopic, language, description) VALUES (1164, 'PT_PT', 'Protocolos de encaminhamento: RIP, OSPF, BGP, outros');
INSERT INTO DegreeClassTopicTranslations(degreeClassTopic, language, description) VALUES (1165, 'PT_PT', 'Protocolos de transporte: TCP, RTP/RTCP, SCTP, outros');
INSERT INTO DegreeClassTopicTranslations(degreeClassTopic, language, description) VALUES (1162, 'EN_UK', 'Communication Protocols: Issues and Trends');
INSERT INTO DegreeClassTopicTranslations(degreeClassTopic, language, description) VALUES (1163, 'EN_UK', 'IP Addressing (v4 and v6)');
INSERT INTO DegreeClassTopicTranslations(degreeClassTopic, language, description) VALUES (1164, 'EN_UK', 'Routing Protocols: RIP, OSPF, BGP, Others');
INSERT INTO DegreeClassTopicTranslations(degreeClassTopic, language, description) VALUES (1165, 'EN_UK', 'Transport Protocols: TCP, RTP/RTCP, SCTP, Others');

INSERT INTO DegreeClasses(id, year, semester, ects , isOptional, degree) VALUES (90, 2, 2, 6, false, 2);
INSERT INTO DegreeClassTranslations(degreeClass, language, name, description) VALUES  (90, 'PT_PT', 'Simulação e Computação Científica' , 'Esta é uma disciplina transversal, de vastíssimo campo de aplicação. Um dos objectivos fundamentais é a aquisição de um conjunto de conhecimentos e competências que permitam, perante uma situação específica, desenvolver um modelo de simulação, implementá-lo, validá-lo e utilizá-lo de forma correcta, tomando em consideração as vantagens e limitações do uso da simulação.');
INSERT INTO DegreeClassTopics(id, degreeClass, ordering) VALUES (1166, 90, 1);
INSERT INTO DegreeClassTopics(id, degreeClass, ordering) VALUES (1167, 90, 2);
INSERT INTO DegreeClassTopics(id, degreeClass, ordering) VALUES (1168, 90, 3);
INSERT INTO DegreeClassTopics(id, degreeClass, ordering) VALUES (1169, 90, 4);
INSERT INTO DegreeClassTopics(id, degreeClass, ordering) VALUES (1170, 90, 5);
INSERT INTO DegreeClassTopics(id, degreeClass, ordering) VALUES (1171, 90, 6);
INSERT INTO DegreeClassTopics(id, degreeClass, ordering) VALUES (1172, 90, 7);
INSERT INTO DegreeClassTopics(id, degreeClass, ordering) VALUES (1173, 90, 8);
INSERT INTO DegreeClassTopics(id, degreeClass, ordering) VALUES (1174, 90, 9);
INSERT INTO DegreeClassTopicTranslations(degreeClassTopic, language, description) VALUES (1166, 'PT_PT', 'Introdução à Simulação: sistema, modelo e simulação; tipos de modelos');
INSERT INTO DegreeClassTopicTranslations(degreeClassTopic, language, description) VALUES (1167, 'PT_PT', 'Simulação de modelos de sistemas contínuos: sistemas para simulação contínua e integração numérica');
INSERT INTO DegreeClassTopicTranslations(degreeClassTopic, language, description) VALUES (1168, 'PT_PT', 'Simulação de modelos de sistemas discretos: linguagens de simulação e linguagens de programação genéricas');
INSERT INTO DegreeClassTopicTranslations(degreeClassTopic, language, description) VALUES (1169, 'PT_PT', 'Modelos estatísticos em simulação');
INSERT INTO DegreeClassTopicTranslations(degreeClassTopic, language, description) VALUES (1170, 'PT_PT', 'Geração de números aleatórios');
INSERT INTO DegreeClassTopicTranslations(degreeClassTopic, language, description) VALUES (1171, 'PT_PT', 'Modelos de filas de espera');
INSERT INTO DegreeClassTopicTranslations(degreeClassTopic, language, description) VALUES (1172, 'PT_PT', 'Análise de dados e de resultados de simulação');
INSERT INTO DegreeClassTopicTranslations(degreeClassTopic, language, description) VALUES (1173, 'PT_PT', 'Verificação e validação de modelos de simulação');
INSERT INTO DegreeClassTopicTranslations(degreeClassTopic, language, description) VALUES (1174, 'PT_PT', 'Optimização: conceitos básicos, métodos lineares e não lineares, com e sem restrições');
INSERT INTO DegreeClassTopicTranslations(degreeClassTopic, language, description) VALUES (1166, 'EN_UK', 'Introduction to Simulation: System, Model, and Simulation; Types of Models');
INSERT INTO DegreeClassTopicTranslations(degreeClassTopic, language, description) VALUES (1167, 'EN_UK', 'Simulation of Continuous System Models: Continuous Simulation Systems and Numerical Integration');
INSERT INTO DegreeClassTopicTranslations(degreeClassTopic, language, description) VALUES (1168, 'EN_UK', 'Simulation of Discrete System Models: Simulation Languages and General Programming Languages');
INSERT INTO DegreeClassTopicTranslations(degreeClassTopic, language, description) VALUES (1169, 'EN_UK', 'Statistical Models in Simulation');
INSERT INTO DegreeClassTopicTranslations(degreeClassTopic, language, description) VALUES (1170, 'EN_UK', 'Random Number Generation');
INSERT INTO DegreeClassTopicTranslations(degreeClassTopic, language, description) VALUES (1171, 'EN_UK', 'Queueing Models');
INSERT INTO DegreeClassTopicTranslations(degreeClassTopic, language, description) VALUES (1172, 'EN_UK', 'Analysis of Simulation Data and Results');
INSERT INTO DegreeClassTopicTranslations(degreeClassTopic, language, description) VALUES (1173, 'EN_UK', 'Verification and Validation of Simulation Models');
INSERT INTO DegreeClassTopicTranslations(degreeClassTopic, language, description) VALUES (1174, 'EN_UK', 'Optimization: Basic Concepts, Linear and Nonlinear Methods, with and without Constraints');

INSERT INTO DegreeClasses(id, year, semester, ects , isOptional, degree) VALUES (91, 2, 2, 6, false, 2);
INSERT INTO DegreeClassTranslations(degreeClass, language, name, description) VALUES  (91, 'PT_PT', 'Bases de Dados' , 'Esta UC debrucça-se sobre of fundamentos das bases de dados relacionais, incluindo modelo relacional, normalização, operações relacionais, linguagem SQL, transacções e controlo de concorrência, indexação, etc, Para além disso, também pretende operacionalizar estes conceitos através da análise, concepção e construção prática de bases de dados relacionais em ambiente cliente-servidor.');
INSERT INTO DegreeClassTopics(id, degreeClass, ordering) VALUES (1175, 91, 1);
INSERT INTO DegreeClassTopics(id, degreeClass, ordering) VALUES (1176, 91, 2);
INSERT INTO DegreeClassTopics(id, degreeClass, ordering) VALUES (1177, 91, 3);
INSERT INTO DegreeClassTopics(id, degreeClass, ordering) VALUES (1178, 91, 4);
INSERT INTO DegreeClassTopics(id, degreeClass, ordering) VALUES (1179, 91, 5);
INSERT INTO DegreeClassTopics(id, degreeClass, ordering) VALUES (1180, 91, 6);
INSERT INTO DegreeClassTopics(id, degreeClass, ordering) VALUES (1181, 91, 7);
INSERT INTO DegreeClassTopics(id, degreeClass, ordering) VALUES (1182, 91, 8);
INSERT INTO DegreeClassTopics(id, degreeClass, ordering) VALUES (1183, 91, 9);
INSERT INTO DegreeClassTopics(id, degreeClass, ordering) VALUES (1184, 91, 10);
INSERT INTO DegreeClassTopics(id, degreeClass, ordering) VALUES (1185, 91, 11);
INSERT INTO DegreeClassTopics(id, degreeClass, ordering) VALUES (1186, 91, 12);
INSERT INTO DegreeClassTopics(id, degreeClass, ordering) VALUES (1187, 91, 13);
INSERT INTO DegreeClassTopics(id, degreeClass, ordering) VALUES (1188, 91, 14);
INSERT INTO DegreeClassTopics(id, degreeClass, ordering) VALUES (1189, 91, 15);
INSERT INTO DegreeClassTopics(id, degreeClass, ordering) VALUES (1190, 91, 16);
INSERT INTO DegreeClassTopics(id, degreeClass, ordering) VALUES (1191, 91, 17);
INSERT INTO DegreeClassTopicTranslations(degreeClassTopic, language, description) VALUES (1175, 'PT_PT', 'Visão geral dos sistemas de bases de dados: SGBDs, SQL, aplicações de bases de dados, etc');
INSERT INTO DegreeClassTopicTranslations(degreeClassTopic, language, description) VALUES (1176, 'PT_PT', 'Modelo relacional: Integridade dos dados');
INSERT INTO DegreeClassTopicTranslations(degreeClassTopic, language, description) VALUES (1177, 'PT_PT', 'Modelo relacional: Chaves e restrições de integridade relacional');
INSERT INTO DegreeClassTopicTranslations(degreeClassTopic, language, description) VALUES (1178, 'PT_PT', 'Modelo relacional: Restrições de integridade complexas: regras de negócio');
INSERT INTO DegreeClassTopicTranslations(degreeClassTopic, language, description) VALUES (1179, 'PT_PT', 'Modelo relacional: Exemplos e casos de estudo');
INSERT INTO DegreeClassTopicTranslations(degreeClassTopic, language, description) VALUES (1180, 'PT_PT', 'Álgebra relacional e aspectos básicos de SQL');
INSERT INTO DegreeClassTopicTranslations(degreeClassTopic, language, description) VALUES (1181, 'PT_PT', 'Diagramas de Entidade-Relacionamento (ER)');
INSERT INTO DegreeClassTopicTranslations(degreeClassTopic, language, description) VALUES (1182, 'PT_PT', 'Heranças e outros conceitos de modelação avançados');
INSERT INTO DegreeClassTopicTranslations(degreeClassTopic, language, description) VALUES (1183, 'PT_PT', 'Tradução de diagramas ER para esquemas relacionais');
INSERT INTO DegreeClassTopicTranslations(degreeClassTopic, language, description) VALUES (1184, 'PT_PT', 'Dependências funcionais e normalização');
INSERT INTO DegreeClassTopicTranslations(degreeClassTopic, language, description) VALUES (1185, 'PT_PT', 'Exemplos e casos de estudo');
INSERT INTO DegreeClassTopicTranslations(degreeClassTopic, language, description) VALUES (1186, 'PT_PT', 'Transacções e controlo de concorrência');
INSERT INTO DegreeClassTopicTranslations(degreeClassTopic, language, description) VALUES (1187, 'PT_PT', 'Índices e indexação de tabelas');
INSERT INTO DegreeClassTopicTranslations(degreeClassTopic, language, description) VALUES (1188, 'PT_PT', 'Vistas: definição e diferentes utilizações');
INSERT INTO DegreeClassTopicTranslations(degreeClassTopic, language, description) VALUES (1189, 'PT_PT', 'Execução e optimização de queries: aspectos básicos');
INSERT INTO DegreeClassTopicTranslations(degreeClassTopic, language, description) VALUES (1190, 'PT_PT', 'Arquitectura e aspectos da implementação de um SGBD');
INSERT INTO DegreeClassTopicTranslations(degreeClassTopic, language, description) VALUES (1191, 'PT_PT', 'Aspectos básicos de PL/SQL');
INSERT INTO DegreeClassTopicTranslations(degreeClassTopic, language, description) VALUES (1175, 'EN_UK', 'Overview of Database Systems: DBMSs, SQL, Database Applications, etc.');
INSERT INTO DegreeClassTopicTranslations(degreeClassTopic, language, description) VALUES (1176, 'EN_UK', 'Relational Model: Data Integrity');
INSERT INTO DegreeClassTopicTranslations(degreeClassTopic, language, description) VALUES (1177, 'EN_UK', 'Relational Model: Keys and Relational Integrity Constraints');
INSERT INTO DegreeClassTopicTranslations(degreeClassTopic, language, description) VALUES (1178, 'EN_UK', 'Relational Model: Complex Integrity Constraints: Business Rules');
INSERT INTO DegreeClassTopicTranslations(degreeClassTopic, language, description) VALUES (1179, 'EN_UK', 'Relational Model: Examples and Case Studies');
INSERT INTO DegreeClassTopicTranslations(degreeClassTopic, language, description) VALUES (1180, 'EN_UK', 'Relational Algebra and Basic SQL');
INSERT INTO DegreeClassTopicTranslations(degreeClassTopic, language, description) VALUES (1181, 'EN_UK', 'Entity-Relationship (ER) Diagrams');
INSERT INTO DegreeClassTopicTranslations(degreeClassTopic, language, description) VALUES (1182, 'EN_UK', 'Inheritance and Other Advanced Modeling Concepts');
INSERT INTO DegreeClassTopicTranslations(degreeClassTopic, language, description) VALUES (1183, 'EN_UK', 'Translating ER Diagrams to Relational Schemas');
INSERT INTO DegreeClassTopicTranslations(degreeClassTopic, language, description) VALUES (1184, 'EN_UK', 'Functional Dependencies and Normalization');
INSERT INTO DegreeClassTopicTranslations(degreeClassTopic, language, description) VALUES (1185, 'EN_UK', 'Examples and Case Studies');
INSERT INTO DegreeClassTopicTranslations(degreeClassTopic, language, description) VALUES (1186, 'EN_UK', 'Transactions and Concurrency Control');
INSERT INTO DegreeClassTopicTranslations(degreeClassTopic, language, description) VALUES (1187, 'EN_UK', 'Indexes and Table Indexing');
INSERT INTO DegreeClassTopicTranslations(degreeClassTopic, language, description) VALUES (1188, 'EN_UK', 'Views: Definition and Different Uses');
INSERT INTO DegreeClassTopicTranslations(degreeClassTopic, language, description) VALUES (1189, 'EN_UK', 'Query Execution and Optimization: Basic Concepts');
INSERT INTO DegreeClassTopicTranslations(degreeClassTopic, language, description) VALUES (1190, 'EN_UK', 'DBMS Architecture and Implementation Aspects');
INSERT INTO DegreeClassTopicTranslations(degreeClassTopic, language, description) VALUES (1191, 'EN_UK', 'Basic PL/SQL Concepts');

-- UCoimbra 2nd year

INSERT INTO DegreeClasses(id, year, semester, ects , isOptional, degree) VALUES (92, 3, 1, 6, false, 2);
INSERT INTO DegreeClassTranslations(degreeClass, language, name, description) VALUES  (92, 'PT_PT', 'Comunicação Técnica' , 'No final do semestre, os estudantes serão capazes de:\n(i) utilizar diferentes formas de comunicação em contextos académicos e profissionais (ex: redigir um relatório);\n(ii) argumentar, utilizando códigos distintos, em questões de natureza social associadas ao exercício da profissão (ex: apresentações formais);\n(iii) adequar as suas formas de comunicação aos públicos-alvo (ex: textos técnicos e de divulgação).');
INSERT INTO DegreeClassTopics(id, degreeClass, ordering) VALUES (1192, 92, 1);
INSERT INTO DegreeClassTopics(id, degreeClass, ordering) VALUES (1193, 92, 2);
INSERT INTO DegreeClassTopics(id, degreeClass, ordering) VALUES (1194, 92, 3);
INSERT INTO DegreeClassTopics(id, degreeClass, ordering) VALUES (1195, 92, 4);
INSERT INTO DegreeClassTopics(id, degreeClass, ordering) VALUES (1196, 92, 5);
INSERT INTO DegreeClassTopics(id, degreeClass, ordering) VALUES (1197, 92, 6);
INSERT INTO DegreeClassTopics(id, degreeClass, ordering) VALUES (1198, 92, 7);
INSERT INTO DegreeClassTopics(id, degreeClass, ordering) VALUES (1199, 92, 8);
INSERT INTO DegreeClassTopics(id, degreeClass, ordering) VALUES (1200, 92, 9);
INSERT INTO DegreeClassTopicTranslations(degreeClassTopic, language, description) VALUES (1192, 'PT_PT', 'Aspectos básicos do processo de escrita técnica para engenheiros');
INSERT INTO DegreeClassTopicTranslations(degreeClassTopic, language, description) VALUES (1193, 'PT_PT', 'Tipos de “texto”: expositivo (descritivo, narrativo) argumentativo, instrucional');
INSERT INTO DegreeClassTopicTranslations(degreeClassTopic, language, description) VALUES (1194, 'PT_PT', 'Escrita de documentos técnicos (correspondência formal - manual de instruções / de utilizador / de referência – relatório – proposta – artigo científico – resumo / abstract)');
INSERT INTO DegreeClassTopicTranslations(degreeClassTopic, language, description) VALUES (1195, 'PT_PT', 'Técnicas de escrita, revisão e edição de texto – construção de frases / parágrafos / textos – estilo – pontuação – correcção');
INSERT INTO DegreeClassTopicTranslations(degreeClassTopic, language, description) VALUES (1196, 'PT_PT', 'Comunicação verbal e comunicação não-verbal');
INSERT INTO DegreeClassTopicTranslations(degreeClassTopic, language, description) VALUES (1197, 'PT_PT', 'Apresentações orais: concepção e execução');
INSERT INTO DegreeClassTopicTranslations(degreeClassTopic, language, description) VALUES (1198, 'PT_PT', 'Técnicas de argumentação e persuasão');
INSERT INTO DegreeClassTopicTranslations(degreeClassTopic, language, description) VALUES (1199, 'PT_PT', 'Trabalho em grupo e liderança');
INSERT INTO DegreeClassTopicTranslations(degreeClassTopic, language, description) VALUES (1200, 'PT_PT', 'A entrevista de emprego e o protocolo na vida profissional');
INSERT INTO DegreeClassTopicTranslations(degreeClassTopic, language, description) VALUES (1192, 'EN_UK', 'Technical Writing Process Basics for Engineers');
INSERT INTO DegreeClassTopicTranslations(degreeClassTopic, language, description) VALUES (1193, 'EN_UK', 'Types of "Text": Expository (descriptive, narrative), argumentative, instructional');
INSERT INTO DegreeClassTopicTranslations(degreeClassTopic, language, description) VALUES (1194, 'EN_UK', 'Writing Technical Documents (formal correspondence - instruction / user / reference manual - report - proposal - scientific article - abstract)');
INSERT INTO DegreeClassTopicTranslations(degreeClassTopic, language, description) VALUES (1195, 'EN_UK', 'Writing, revision and editing techniques - sentence/paragraph/text construction - style - punctuation - proofreading');
INSERT INTO DegreeClassTopicTranslations(degreeClassTopic, language, description) VALUES (1196, 'EN_UK', 'Verbal and nonverbal communication');
INSERT INTO DegreeClassTopicTranslations(degreeClassTopic, language, description) VALUES (1197, 'EN_UK', 'Oral presentations: design and execution');
INSERT INTO DegreeClassTopicTranslations(degreeClassTopic, language, description) VALUES (1198, 'EN_UK', 'Argumentation and persuasion techniques');
INSERT INTO DegreeClassTopicTranslations(degreeClassTopic, language, description) VALUES (1199, 'EN_UK', 'Group work and leadership');
INSERT INTO DegreeClassTopicTranslations(degreeClassTopic, language, description) VALUES (1200, 'EN_UK', 'Job interview and protocol in professional life');

INSERT INTO DegreeClasses(id, year, semester, ects , isOptional, degree) VALUES (93, 3, 1, 6, false, 2);
INSERT INTO DegreeClassTranslations(degreeClass, language, name, description) VALUES  (93, 'PT_PT', 'Engenharia de Software' , 'O aluno deverá ser capaz de perceber porque razão a complexidade do software exige uma abordagem de engenharia e as diversas formas de organizar as pessoas e actividades para o desenvolvimento de um produto de qualidade, nomeadamente abordagens lineares, iterativas e incrementais. Deverá ainda ser capaz de perceber as diferenças entre elas e escolher a(s) mais indicada(s) em função do contexto concreto do projecto. Deverá também ser capaz de usar técnicas e artefactos genéricos de gestão de projecto (diagramas Gantt e PERT/CPM, análise de riscos,etc.). Finalmente, deverá ser capaz de descrever o artefacto de software a desenvolver usado a linguagem UML.');
INSERT INTO DegreeClassTopics(id, degreeClass, ordering) VALUES (1201, 93, 1);
INSERT INTO DegreeClassTopics(id, degreeClass, ordering) VALUES (1202, 93, 2);
INSERT INTO DegreeClassTopics(id, degreeClass, ordering) VALUES (1203, 93, 3);
INSERT INTO DegreeClassTopics(id, degreeClass, ordering) VALUES (1204, 93, 4);
INSERT INTO DegreeClassTopics(id, degreeClass, ordering) VALUES (1205, 93, 5);
INSERT INTO DegreeClassTopics(id, degreeClass, ordering) VALUES (1206, 93, 6);
INSERT INTO DegreeClassTopics(id, degreeClass, ordering) VALUES (1207, 93, 7);
INSERT INTO DegreeClassTopics(id, degreeClass, ordering) VALUES (1208, 93, 8);
INSERT INTO DegreeClassTopics(id, degreeClass, ordering) VALUES (1209, 93, 9);
INSERT INTO DegreeClassTopics(id, degreeClass, ordering) VALUES (1210, 93, 10);
INSERT INTO DegreeClassTopics(id, degreeClass, ordering) VALUES (1211, 93, 11);
INSERT INTO DegreeClassTopics(id, degreeClass, ordering) VALUES (1212, 93, 12);
INSERT INTO DegreeClassTopics(id, degreeClass, ordering) VALUES (1213, 93, 13);
INSERT INTO DegreeClassTopics(id, degreeClass, ordering) VALUES (1214, 93, 14);
INSERT INTO DegreeClassTopics(id, degreeClass, ordering) VALUES (1215, 93, 15);
INSERT INTO DegreeClassTopics(id, degreeClass, ordering) VALUES (1216, 93, 16);
INSERT INTO DegreeClassTopics(id, degreeClass, ordering) VALUES (1217, 93, 17);
INSERT INTO DegreeClassTopics(id, degreeClass, ordering) VALUES (1218, 93, 18);
INSERT INTO DegreeClassTopics(id, degreeClass, ordering) VALUES (1219, 93, 19);
INSERT INTO DegreeClassTopics(id, degreeClass, ordering) VALUES (1220, 93, 20);
INSERT INTO DegreeClassTopics(id, degreeClass, ordering) VALUES (1221, 93, 21);
INSERT INTO DegreeClassTopics(id, degreeClass, ordering) VALUES (1222, 93, 22);
INSERT INTO DegreeClassTopics(id, degreeClass, ordering) VALUES (1223, 93, 23);
INSERT INTO DegreeClassTopicTranslations(degreeClassTopic, language, description) VALUES (1201, 'PT_PT', 'Introdução à Engenharia de software');
INSERT INTO DegreeClassTopicTranslations(degreeClassTopic, language, description) VALUES (1202, 'PT_PT', 'A natureza do software');
INSERT INTO DegreeClassTopicTranslations(degreeClassTopic, language, description) VALUES (1203, 'PT_PT', 'Tipos de software');
INSERT INTO DegreeClassTopicTranslations(degreeClassTopic, language, description) VALUES (1204, 'PT_PT', 'Qualidade do software');
INSERT INTO DegreeClassTopicTranslations(degreeClassTopic, language, description) VALUES (1205, 'PT_PT', 'Recolha e análise de requisitos');
INSERT INTO DegreeClassTopicTranslations(degreeClassTopic, language, description) VALUES (1206, 'PT_PT', 'Processo de desenvolvimento em cascata');
INSERT INTO DegreeClassTopicTranslations(degreeClassTopic, language, description) VALUES (1207, 'PT_PT', 'Desenvolvimento iterativo e evolutivo');
INSERT INTO DegreeClassTopicTranslations(degreeClassTopic, language, description) VALUES (1208, 'PT_PT', 'Actividades de gestão de software');
INSERT INTO DegreeClassTopicTranslations(degreeClassTopic, language, description) VALUES (1209, 'PT_PT', 'Planeamento do projecto');
INSERT INTO DegreeClassTopicTranslations(degreeClassTopic, language, description) VALUES (1210, 'PT_PT', 'Escalonamento do projecto');
INSERT INTO DegreeClassTopicTranslations(degreeClassTopic, language, description) VALUES (1211, 'PT_PT', 'Diagramas PERT/CPM. Diagramas de Gantt');
INSERT INTO DegreeClassTopicTranslations(degreeClassTopic, language, description) VALUES (1212, 'PT_PT', 'Gestão de risco em projectos de software');
INSERT INTO DegreeClassTopicTranslations(degreeClassTopic, language, description) VALUES (1213, 'PT_PT', 'Identificação, análise, planeamento e monitorização de riscos');
INSERT INTO DegreeClassTopicTranslations(degreeClassTopic, language, description) VALUES (1214, 'PT_PT', 'Linguagem UML: Diagramas de casos de uso');
INSERT INTO DegreeClassTopicTranslations(degreeClassTopic, language, description) VALUES (1215, 'PT_PT', 'Linguagem UML: Diagramas de classes');
INSERT INTO DegreeClassTopicTranslations(degreeClassTopic, language, description) VALUES (1216, 'PT_PT', 'Linguagem UML: Introdução à OCL (Object Constraint Language)');
INSERT INTO DegreeClassTopicTranslations(degreeClassTopic, language, description) VALUES (1217, 'PT_PT', 'Linguagem UML: Diagramas de objectos');
INSERT INTO DegreeClassTopicTranslations(degreeClassTopic, language, description) VALUES (1218, 'PT_PT', 'Linguagem UML: Diagramas de interacção');
INSERT INTO DegreeClassTopicTranslations(degreeClassTopic, language, description) VALUES (1219, 'PT_PT', 'Linguagem UML: Diagramas de sequência');
INSERT INTO DegreeClassTopicTranslations(degreeClassTopic, language, description) VALUES (1220, 'PT_PT', 'Linguagem UML: Diagramas de actividades');
INSERT INTO DegreeClassTopicTranslations(degreeClassTopic, language, description) VALUES (1221, 'PT_PT', 'Linguagem UML: Diagramas de estados');
INSERT INTO DegreeClassTopicTranslations(degreeClassTopic, language, description) VALUES (1222, 'PT_PT', 'Linguagem UML: Diagramas de instalação');
INSERT INTO DegreeClassTopicTranslations(degreeClassTopic, language, description) VALUES (1223, 'PT_PT', 'Linguagem UML: Mapeamento de diagramas UML em código');
INSERT INTO DegreeClassTopicTranslations(degreeClassTopic, language, description) VALUES (1201, 'EN_UK', 'Introduction to Software Engineering');
INSERT INTO DegreeClassTopicTranslations(degreeClassTopic, language, description) VALUES (1202, 'EN_UK', 'The Nature of Software');
INSERT INTO DegreeClassTopicTranslations(degreeClassTopic, language, description) VALUES (1203, 'EN_UK', 'Types of Software');
INSERT INTO DegreeClassTopicTranslations(degreeClassTopic, language, description) VALUES (1204, 'EN_UK', 'Software Quality');
INSERT INTO DegreeClassTopicTranslations(degreeClassTopic, language, description) VALUES (1205, 'EN_UK', 'Requirements Gathering and Analysis');
INSERT INTO DegreeClassTopicTranslations(degreeClassTopic, language, description) VALUES (1206, 'EN_UK', 'Waterfall Development Process');
INSERT INTO DegreeClassTopicTranslations(degreeClassTopic, language, description) VALUES (1207, 'EN_UK', 'Iterative and Incremental Development');
INSERT INTO DegreeClassTopicTranslations(degreeClassTopic, language, description) VALUES (1208, 'EN_UK', 'Software Project Management Activities');
INSERT INTO DegreeClassTopicTranslations(degreeClassTopic, language, description) VALUES (1209, 'EN_UK', 'Project Planning');
INSERT INTO DegreeClassTopicTranslations(degreeClassTopic, language, description) VALUES (1210, 'EN_UK', 'Project Scheduling');
INSERT INTO DegreeClassTopicTranslations(degreeClassTopic, language, description) VALUES (1211, 'EN_UK', 'PERT/CPM Diagrams. Gantt Charts');
INSERT INTO DegreeClassTopicTranslations(degreeClassTopic, language, description) VALUES (1212, 'EN_UK', 'Risk Management in Software Projects');
INSERT INTO DegreeClassTopicTranslations(degreeClassTopic, language, description) VALUES (1213, 'EN_UK', 'Risk Identification, Analysis, Planning, and Monitoring');
INSERT INTO DegreeClassTopicTranslations(degreeClassTopic, language, description) VALUES (1214, 'EN_UK', 'UML Language: Use Case Diagrams');
INSERT INTO DegreeClassTopicTranslations(degreeClassTopic, language, description) VALUES (1215, 'EN_UK', 'UML Language: Class Diagrams');
INSERT INTO DegreeClassTopicTranslations(degreeClassTopic, language, description) VALUES (1216, 'EN_UK', 'UML Language: Introduction to OCL (Object Constraint Language)');
INSERT INTO DegreeClassTopicTranslations(degreeClassTopic, language, description) VALUES (1217, 'EN_UK', 'UML Language: Object Diagrams');
INSERT INTO DegreeClassTopicTranslations(degreeClassTopic, language, description) VALUES (1218, 'EN_UK', 'UML Language: Interaction Diagrams');
INSERT INTO DegreeClassTopicTranslations(degreeClassTopic, language, description) VALUES (1219, 'EN_UK', 'UML Language: Sequence Diagrams');
INSERT INTO DegreeClassTopicTranslations(degreeClassTopic, language, description) VALUES (1220, 'EN_UK', 'UML Language: Activity Diagrams');
INSERT INTO DegreeClassTopicTranslations(degreeClassTopic, language, description) VALUES (1221, 'EN_UK', 'UML Language: State Diagrams');
INSERT INTO DegreeClassTopicTranslations(degreeClassTopic, language, description) VALUES (1222, 'EN_UK', 'UML Language: Deployment Diagrams');
INSERT INTO DegreeClassTopicTranslations(degreeClassTopic, language, description) VALUES (1223, 'EN_UK', 'UML Language: Mapping UML Diagrams to Code');

INSERT INTO DegreeClasses(id, year, semester, ects , isOptional, degree) VALUES (94, 3, 1, 6, false, 2);
INSERT INTO DegreeClassTranslations(degreeClass, language, name, description) VALUES  (94, 'PT_PT', 'Processos de Gestão e de Inovação' , 'Nesta disciplina, os estudantes serão sensibilizados para a importância de mdeterminados conceitos, princípios e práticas da gestão da inovação, ao mesmo tempo que se irão familiarizar com algumas metodologias e ferramentas que permitam a sua operacionalização e implementação no terreno.');
INSERT INTO DegreeClassTopics(id, degreeClass, ordering) VALUES (1224, 94, 1);
INSERT INTO DegreeClassTopics(id, degreeClass, ordering) VALUES (1225, 94, 2);
INSERT INTO DegreeClassTopics(id, degreeClass, ordering) VALUES (1226, 94, 3);
INSERT INTO DegreeClassTopics(id, degreeClass, ordering) VALUES (1227, 94, 4);
INSERT INTO DegreeClassTopics(id, degreeClass, ordering) VALUES (1228, 94, 5);
INSERT INTO DegreeClassTopics(id, degreeClass, ordering) VALUES (1229, 94, 6);
INSERT INTO DegreeClassTopics(id, degreeClass, ordering) VALUES (1230, 94, 7);
INSERT INTO DegreeClassTopics(id, degreeClass, ordering) VALUES (1231, 94, 8);
INSERT INTO DegreeClassTopics(id, degreeClass, ordering) VALUES (1232, 94, 9);
INSERT INTO DegreeClassTopics(id, degreeClass, ordering) VALUES (1233, 94, 10);
INSERT INTO DegreeClassTopics(id, degreeClass, ordering) VALUES (1234, 94, 11);
INSERT INTO DegreeClassTopics(id, degreeClass, ordering) VALUES (1235, 94, 12);
INSERT INTO DegreeClassTopics(id, degreeClass, ordering) VALUES (1236, 94, 13);
INSERT INTO DegreeClassTopics(id, degreeClass, ordering) VALUES (1237, 94, 14);
INSERT INTO DegreeClassTopics(id, degreeClass, ordering) VALUES (1238, 94, 15);
INSERT INTO DegreeClassTopicTranslations(degreeClassTopic, language, description) VALUES (1224, 'PT_PT', 'A Gestão e sua evolução: Funções da gestão');
INSERT INTO DegreeClassTopicTranslations(degreeClassTopic, language, description) VALUES (1225, 'PT_PT', 'A Gestão e sua evolução: Os níveis da gestão');
INSERT INTO DegreeClassTopicTranslations(degreeClassTopic, language, description) VALUES (1226, 'PT_PT', 'As organizações e a gestão: breve perspectiva histórica e actuais tendências');
INSERT INTO DegreeClassTopicTranslations(degreeClassTopic, language, description) VALUES (1227, 'PT_PT', 'Planeamento e Estratégia: Missão e objectivos');
INSERT INTO DegreeClassTopicTranslations(degreeClassTopic, language, description) VALUES (1228, 'PT_PT', 'Planeamento e Estratégia: Gestão por objectivos');
INSERT INTO DegreeClassTopicTranslations(degreeClassTopic, language, description) VALUES (1229, 'PT_PT', 'Planeamento e Estratégia: Planeamento estratégico');
INSERT INTO DegreeClassTopicTranslations(degreeClassTopic, language, description) VALUES (1230, 'PT_PT', 'Comunicação Organizacional: Efeitos das novas tecnologias na comunicação organizacional');
INSERT INTO DegreeClassTopicTranslations(degreeClassTopic, language, description) VALUES (1231, 'PT_PT', 'Comunicação Organizacional: Empresa 2.0');
INSERT INTO DegreeClassTopicTranslations(degreeClassTopic, language, description) VALUES (1232, 'PT_PT', 'Comunicação Organizacional: “Elevator- pitch” ');
INSERT INTO DegreeClassTopicTranslations(degreeClassTopic, language, description) VALUES (1233, 'PT_PT', 'Gestão da Inovação: Fundamentos e actual importância da gestão da inovação');
INSERT INTO DegreeClassTopicTranslations(degreeClassTopic, language, description) VALUES (1234, 'PT_PT', 'Gestão da Inovação: “Open Innovation” e redes de inovação');
INSERT INTO DegreeClassTopicTranslations(degreeClassTopic, language, description) VALUES (1235, 'PT_PT', 'Gestão da Inovação: Como inovar? Construir um “business case” e estratégia para implementar novos produtos/serviços');
INSERT INTO DegreeClassTopicTranslations(degreeClassTopic, language, description) VALUES (1236, 'PT_PT', 'Transferência de Tecnologia e Propriedade Industrial: Fundamentos de transferência de tecnologia');
INSERT INTO DegreeClassTopicTranslations(degreeClassTopic, language, description) VALUES (1237, 'PT_PT', 'Transferência de Tecnologia e Propriedade Industrial: Propriedade Industrial');
INSERT INTO DegreeClassTopicTranslations(degreeClassTopic, language, description) VALUES (1238, 'PT_PT', 'Transferência de Tecnologia e Propriedade Industrial: Gestão e licenciamento de tecnologias');
INSERT INTO DegreeClassTopicTranslations(degreeClassTopic, language, description) VALUES (1224, 'EN_UK', 'Management and Its Evolution: Functions of Management');
INSERT INTO DegreeClassTopicTranslations(degreeClassTopic, language, description) VALUES (1225, 'EN_UK', 'Management and Its Evolution: Levels of Management');
INSERT INTO DegreeClassTopicTranslations(degreeClassTopic, language, description) VALUES (1226, 'EN_UK', 'Organizations and Management: Brief Historical Perspective and Current Trends');
INSERT INTO DegreeClassTopicTranslations(degreeClassTopic, language, description) VALUES (1227, 'EN_UK', 'Planning and Strategy: Mission and Objectives');
INSERT INTO DegreeClassTopicTranslations(degreeClassTopic, language, description) VALUES (1228, 'EN_UK', 'Planning and Strategy: Management by Objectives');
INSERT INTO DegreeClassTopicTranslations(degreeClassTopic, language, description) VALUES (1229, 'EN_UK', 'Planning and Strategy: Strategic Planning');
INSERT INTO DegreeClassTopicTranslations(degreeClassTopic, language, description) VALUES (1230, 'EN_UK', 'Organizational Communication: Effects of New Technologies on Organizational Communication');
INSERT INTO DegreeClassTopicTranslations(degreeClassTopic, language, description) VALUES (1231, 'EN_UK', 'Organizational Communication: Company 2.0');
INSERT INTO DegreeClassTopicTranslations(degreeClassTopic, language, description) VALUES (1232, 'EN_UK', 'Organizational Communication: Elevator Pitch');
INSERT INTO DegreeClassTopicTranslations(degreeClassTopic, language, description) VALUES (1233, 'EN_UK', 'Innovation Management: Fundamentals and Current Importance of Innovation Management');
INSERT INTO DegreeClassTopicTranslations(degreeClassTopic, language, description) VALUES (1234, 'EN_UK', 'Innovation Management: Open Innovation and Innovation Networks');
INSERT INTO DegreeClassTopicTranslations(degreeClassTopic, language, description) VALUES (1235, 'EN_UK', 'Innovation Management: How to Innovate? Building a Business Case and Strategy for Implementing New Products/Services');
INSERT INTO DegreeClassTopicTranslations(degreeClassTopic, language, description) VALUES (1236, 'EN_UK', 'Technology Transfer and Intellectual Property: Fundamentals of Technology Transfer');
INSERT INTO DegreeClassTopicTranslations(degreeClassTopic, language, description) VALUES (1237, 'EN_UK', 'Technology Transfer and Intellectual Property: Intellectual Property');
INSERT INTO DegreeClassTopicTranslations(degreeClassTopic, language, description) VALUES (1238, 'EN_UK', 'Technology Transfer and Intellectual Property: Technology Management and Licensing');

INSERT INTO DegreeClasses(id, year, semester, ects , isOptional, degree) VALUES (95, 3, 1, 6, false, 2);
INSERT INTO DegreeClassTranslations(degreeClass, language, name, description) VALUES  (95, 'PT_PT', 'Sistemas Distribuídos' , 'Os alunos deverão adquirir competências no desenvolvimento de aplicações distribuídas usando várias tecnologias e deverão ser capazes de perceber e interligar conhecimentos sobre técnicas fundamentais para o desenho de aplicações distribuídas em ambiente empresarial e para a Internet.');
INSERT INTO DegreeClassTopics(id, degreeClass, ordering) VALUES (1239, 95, 1);
INSERT INTO DegreeClassTopics(id, degreeClass, ordering) VALUES (1240, 95, 2);
INSERT INTO DegreeClassTopics(id, degreeClass, ordering) VALUES (1241, 95, 3);
INSERT INTO DegreeClassTopics(id, degreeClass, ordering) VALUES (1242, 95, 4);
INSERT INTO DegreeClassTopics(id, degreeClass, ordering) VALUES (1243, 95, 5);
INSERT INTO DegreeClassTopics(id, degreeClass, ordering) VALUES (1244, 95, 6);
INSERT INTO DegreeClassTopics(id, degreeClass, ordering) VALUES (1245, 95, 7);
INSERT INTO DegreeClassTopics(id, degreeClass, ordering) VALUES (1246, 95, 8);
INSERT INTO DegreeClassTopics(id, degreeClass, ordering) VALUES (1247, 95, 9);
INSERT INTO DegreeClassTopics(id, degreeClass, ordering) VALUES (1248, 95, 10);
INSERT INTO DegreeClassTopics(id, degreeClass, ordering) VALUES (1249, 95, 11);
INSERT INTO DegreeClassTopics(id, degreeClass, ordering) VALUES (1250, 95, 12);
INSERT INTO DegreeClassTopics(id, degreeClass, ordering) VALUES (1251, 95, 13);
INSERT INTO DegreeClassTopics(id, degreeClass, ordering) VALUES (1252, 95, 14);
INSERT INTO DegreeClassTopics(id, degreeClass, ordering) VALUES (1253, 95, 15);
INSERT INTO DegreeClassTopics(id, degreeClass, ordering) VALUES (1254, 95, 16);
INSERT INTO DegreeClassTopics(id, degreeClass, ordering) VALUES (1255, 95, 17);
INSERT INTO DegreeClassTopics(id, degreeClass, ordering) VALUES (1256, 95, 18);
INSERT INTO DegreeClassTopics(id, degreeClass, ordering) VALUES (1257, 95, 19);
INSERT INTO DegreeClassTopics(id, degreeClass, ordering) VALUES (1258, 95, 20);
INSERT INTO DegreeClassTopics(id, degreeClass, ordering) VALUES (1259, 95, 21);
INSERT INTO DegreeClassTopics(id, degreeClass, ordering) VALUES (1260, 95, 22);
INSERT INTO DegreeClassTopics(id, degreeClass, ordering) VALUES (1261, 95, 23);
INSERT INTO DegreeClassTopics(id, degreeClass, ordering) VALUES (1262, 95, 24);
INSERT INTO DegreeClassTopicTranslations(degreeClassTopic, language, description) VALUES (1239, 'PT_PT', 'Introdução aos Sistemas Distribuídos');
INSERT INTO DegreeClassTopicTranslations(degreeClassTopic, language, description) VALUES (1240, 'PT_PT', 'Desafios no desenvolvimento de aplicações distribuídas');
INSERT INTO DegreeClassTopicTranslations(degreeClassTopic, language, description) VALUES (1241, 'PT_PT', 'Overview sobre Middleware');
INSERT INTO DegreeClassTopicTranslations(degreeClassTopic, language, description) VALUES (1242, 'PT_PT', 'O modelo Cliente/Servidor');
INSERT INTO DegreeClassTopicTranslations(degreeClassTopic, language, description) VALUES (1243, 'PT_PT', 'Programação em Sockets TCP e UDP');
INSERT INTO DegreeClassTopicTranslations(degreeClassTopic, language, description) VALUES (1244, 'PT_PT', 'Comunicação em Multicast');
INSERT INTO DegreeClassTopicTranslations(degreeClassTopic, language, description) VALUES (1245, 'PT_PT', 'O modelo de RPCs e invocação remota de objectos');
INSERT INTO DegreeClassTopicTranslations(degreeClassTopic, language, description) VALUES (1246, 'PT_PT', 'Tratamento de falhas no modelo de RPCs e semânticas dos RPCs');
INSERT INTO DegreeClassTopicTranslations(degreeClassTopic, language, description) VALUES (1247, 'PT_PT', 'Programação distribuída usando Java RMI');
INSERT INTO DegreeClassTopicTranslations(degreeClassTopic, language, description) VALUES (1248, 'PT_PT', 'Introdução ao CORBA');
INSERT INTO DegreeClassTopicTranslations(degreeClassTopic, language, description) VALUES (1249, 'PT_PT', 'Message-Oriented Middleware e o JMS API');
INSERT INTO DegreeClassTopicTranslations(degreeClassTopic, language, description) VALUES (1250, 'PT_PT', 'O protocolo HTTP');
INSERT INTO DegreeClassTopicTranslations(degreeClassTopic, language, description) VALUES (1251, 'PT_PT', 'Modelos 2-tier, 3-tier e N-tier');
INSERT INTO DegreeClassTopicTranslations(degreeClassTopic, language, description) VALUES (1252, 'PT_PT', 'Aplicações distribuídas para a Internet');
INSERT INTO DegreeClassTopicTranslations(degreeClassTopic, language, description) VALUES (1253, 'PT_PT', 'Overview da programação Web');
INSERT INTO DegreeClassTopicTranslations(degreeClassTopic, language, description) VALUES (1254, 'PT_PT', 'A tecnologia de Web-Services: SOAP, XML, UDDI');
INSERT INTO DegreeClassTopicTranslations(degreeClassTopic, language, description) VALUES (1255, 'PT_PT', 'Segurança em Sistemas Distribuídos');
INSERT INTO DegreeClassTopicTranslations(degreeClassTopic, language, description) VALUES (1256, 'PT_PT', 'Servidores de Naming e Serviços de Diretoria');
INSERT INTO DegreeClassTopicTranslations(degreeClassTopic, language, description) VALUES (1257, 'PT_PT', 'Sistemas de Ficheiros Distribuídos');
INSERT INTO DegreeClassTopicTranslations(degreeClassTopic, language, description) VALUES (1258, 'PT_PT', 'Sincronização de relógios em sistemas distribuídos');
INSERT INTO DegreeClassTopicTranslations(degreeClassTopic, language, description) VALUES (1259, 'PT_PT', 'Ordem causal e total nas aplicações distribuídas');
INSERT INTO DegreeClassTopicTranslations(degreeClassTopic, language, description) VALUES (1260, 'PT_PT', 'Manutenção e upgrade de aplicações distribuídas');
INSERT INTO DegreeClassTopicTranslations(degreeClassTopic, language, description) VALUES (1261, 'PT_PT', 'Replicação de servidores e soluções de alta-disponibilidade');
INSERT INTO DegreeClassTopicTranslations(degreeClassTopic, language, description) VALUES (1262, 'PT_PT', 'Sistemas Peer-to-Peer');
INSERT INTO DegreeClassTopicTranslations(degreeClassTopic, language, description) VALUES (1239, 'EN_UK', 'Introduction to Distributed Systems');
INSERT INTO DegreeClassTopicTranslations(degreeClassTopic, language, description) VALUES (1240, 'EN_UK', 'Challenges in Developing Distributed Applications');
INSERT INTO DegreeClassTopicTranslations(degreeClassTopic, language, description) VALUES (1241, 'EN_UK', 'Overview of Middleware');
INSERT INTO DegreeClassTopicTranslations(degreeClassTopic, language, description) VALUES (1242, 'EN_UK', 'The Client/Server Model');
INSERT INTO DegreeClassTopicTranslations(degreeClassTopic, language, description) VALUES (1243, 'EN_UK', 'Programming in TCP and UDP Sockets');
INSERT INTO DegreeClassTopicTranslations(degreeClassTopic, language, description) VALUES (1244, 'EN_UK', 'Multicast Communication');
INSERT INTO DegreeClassTopicTranslations(degreeClassTopic, language, description) VALUES (1245, 'EN_UK', 'The RPC Model and Remote Object Invocation');
INSERT INTO DegreeClassTopicTranslations(degreeClassTopic, language, description) VALUES (1246, 'EN_UK', 'Fault Handling in the RPC Model and RPC Semantics');
INSERT INTO DegreeClassTopicTranslations(degreeClassTopic, language, description) VALUES (1247, 'EN_UK', 'Distributed Programming using Java RMI');
INSERT INTO DegreeClassTopicTranslations(degreeClassTopic, language, description) VALUES (1248, 'EN_UK', 'Introduction to CORBA');
INSERT INTO DegreeClassTopicTranslations(degreeClassTopic, language, description) VALUES (1249, 'EN_UK', 'Message-Oriented Middleware and the JMS API');
INSERT INTO DegreeClassTopicTranslations(degreeClassTopic, language, description) VALUES (1250, 'EN_UK', 'The HTTP Protocol');
INSERT INTO DegreeClassTopicTranslations(degreeClassTopic, language, description) VALUES (1251, 'EN_UK', '2-Tier, 3-Tier, and N-Tier Models');
INSERT INTO DegreeClassTopicTranslations(degreeClassTopic, language, description) VALUES (1252, 'EN_UK', 'Distributed Applications for the Internet');
INSERT INTO DegreeClassTopicTranslations(degreeClassTopic, language, description) VALUES (1253, 'EN_UK', 'Overview of Web Programming');
INSERT INTO DegreeClassTopicTranslations(degreeClassTopic, language, description) VALUES (1254, 'EN_UK', 'Web Services Technology: SOAP, XML, UDDI');
INSERT INTO DegreeClassTopicTranslations(degreeClassTopic, language, description) VALUES (1255, 'EN_UK', 'Security in Distributed Systems');
INSERT INTO DegreeClassTopicTranslations(degreeClassTopic, language, description) VALUES (1256, 'EN_UK', 'Naming Servers and Directory Services');
INSERT INTO DegreeClassTopicTranslations(degreeClassTopic, language, description) VALUES (1257, 'EN_UK', 'Distributed File Systems');
INSERT INTO DegreeClassTopicTranslations(degreeClassTopic, language, description) VALUES (1258, 'EN_UK', 'Clock Synchronization in Distributed Systems');
INSERT INTO DegreeClassTopicTranslations(degreeClassTopic, language, description) VALUES (1259, 'EN_UK', 'Causal and Total Ordering in Distributed Applications');
INSERT INTO DegreeClassTopicTranslations(degreeClassTopic, language, description) VALUES (1260, 'EN_UK', 'Maintenance and Upgrade of Distributed Applications');
INSERT INTO DegreeClassTopicTranslations(degreeClassTopic, language, description) VALUES (1261, 'EN_UK', 'Server Replication and High-Availability Solutions');
INSERT INTO DegreeClassTopicTranslations(degreeClassTopic, language, description) VALUES (1262, 'EN_UK', 'Peer-to-Peer Systems');

INSERT INTO DegreeClasses(id, year, semester, ects , isOptional, degree) VALUES (96, 3, 2, 6, false, 2);
INSERT INTO DegreeClassTranslations(degreeClass, language, name, description) VALUES  (96, 'PT_PT', 'Compiladores' , 'O estudante deverá passar a compreender: os objectivos e a arquitectura de um compilador; os princípios das análises lexical, sintática e semântica e saber implementar essas fases de um compilador, quer de raíz, quer usando ferramentas adequadas; alguns princípios de geração do código final.');
INSERT INTO DegreeClassTopics(id, degreeClass, ordering) VALUES (1263, 96, 1);
INSERT INTO DegreeClassTopics(id, degreeClass, ordering) VALUES (1264, 96, 2);
INSERT INTO DegreeClassTopics(id, degreeClass, ordering) VALUES (1265, 96, 3);
INSERT INTO DegreeClassTopics(id, degreeClass, ordering) VALUES (1266, 96, 4);
INSERT INTO DegreeClassTopics(id, degreeClass, ordering) VALUES (1267, 96, 5);
INSERT INTO DegreeClassTopics(id, degreeClass, ordering) VALUES (1268, 96, 6);
INSERT INTO DegreeClassTopics(id, degreeClass, ordering) VALUES (1269, 96, 7);
INSERT INTO DegreeClassTopics(id, degreeClass, ordering) VALUES (1270, 96, 8);
INSERT INTO DegreeClassTopicTranslations(degreeClassTopic, language, description) VALUES (1263, 'PT_PT', 'Objectivos e arquitectura de um compilador');
INSERT INTO DegreeClassTopicTranslations(degreeClassTopic, language, description) VALUES (1264, 'PT_PT', 'Análise lexical');
INSERT INTO DegreeClassTopicTranslations(degreeClassTopic, language, description) VALUES (1265, 'PT_PT', 'Análise sintáctica (descendente e ascendente)');
INSERT INTO DegreeClassTopicTranslations(degreeClassTopic, language, description) VALUES (1266, 'PT_PT', 'Sintaxe abstracta');
INSERT INTO DegreeClassTopicTranslations(degreeClassTopic, language, description) VALUES (1267, 'PT_PT', 'Análise semântica');
INSERT INTO DegreeClassTopicTranslations(degreeClassTopic, language, description) VALUES (1268, 'PT_PT', 'Registos de activação');
INSERT INTO DegreeClassTopicTranslations(degreeClassTopic, language, description) VALUES (1269, 'PT_PT', 'Representação intermédia');
INSERT INTO DegreeClassTopicTranslations(degreeClassTopic, language, description) VALUES (1270, 'PT_PT', 'Geração de código');
INSERT INTO DegreeClassTopicTranslations(degreeClassTopic, language, description) VALUES (1263, 'EN_UK', 'Objectives and Architecture of a Compiler');
INSERT INTO DegreeClassTopicTranslations(degreeClassTopic, language, description) VALUES (1264, 'EN_UK', 'Lexical Analysis');
INSERT INTO DegreeClassTopicTranslations(degreeClassTopic, language, description) VALUES (1265, 'EN_UK', 'Syntactic Analysis (Top-Down and Bottom-Up)');
INSERT INTO DegreeClassTopicTranslations(degreeClassTopic, language, description) VALUES (1266, 'EN_UK', 'Abstract Syntax Tree');
INSERT INTO DegreeClassTopicTranslations(degreeClassTopic, language, description) VALUES (1267, 'EN_UK', 'Semantic Analysis');
INSERT INTO DegreeClassTopicTranslations(degreeClassTopic, language, description) VALUES (1268, 'EN_UK', 'Activation Records');
INSERT INTO DegreeClassTopicTranslations(degreeClassTopic, language, description) VALUES (1269, 'EN_UK', 'Intermediate Representation');
INSERT INTO DegreeClassTopicTranslations(degreeClassTopic, language, description) VALUES (1270, 'EN_UK', 'Code Generation');

INSERT INTO DegreeClasses(id, year, semester, ects , isOptional, degree) VALUES (97, 3, 2, 6, false, 2);
INSERT INTO DegreeClassTranslations(degreeClass, language, name, description) VALUES  (97, 'PT_PT', 'Computação Gráfica' , 'Nesta unidade curricular pretende-se que o aluno adquira conhecimentos sobre temas centrais à Computação Gráfica, tanto a nível de fundamentos como a nível de utilização de ferramentas gráficas.');
INSERT INTO DegreeClassTopics(id, degreeClass, ordering) VALUES (1271, 97, 1);
INSERT INTO DegreeClassTopics(id, degreeClass, ordering) VALUES (1272, 97, 2);
INSERT INTO DegreeClassTopics(id, degreeClass, ordering) VALUES (1273, 97, 3);
INSERT INTO DegreeClassTopics(id, degreeClass, ordering) VALUES (1274, 97, 4);
INSERT INTO DegreeClassTopics(id, degreeClass, ordering) VALUES (1275, 97, 5);
INSERT INTO DegreeClassTopics(id, degreeClass, ordering) VALUES (1276, 97, 6);
INSERT INTO DegreeClassTopics(id, degreeClass, ordering) VALUES (1277, 97, 7);
INSERT INTO DegreeClassTopics(id, degreeClass, ordering) VALUES (1278, 97, 8);
INSERT INTO DegreeClassTopics(id, degreeClass, ordering) VALUES (1279, 97, 9);
INSERT INTO DegreeClassTopics(id, degreeClass, ordering) VALUES (1280, 97, 10);
INSERT INTO DegreeClassTopics(id, degreeClass, ordering) VALUES (1281, 97, 11);
INSERT INTO DegreeClassTopics(id, degreeClass, ordering) VALUES (1282, 97, 12);
INSERT INTO DegreeClassTopics(id, degreeClass, ordering) VALUES (1283, 97, 13);
INSERT INTO DegreeClassTopicTranslations(degreeClassTopic, language, description) VALUES (1271, 'PT_PT', 'Introdução: Tecnologias de hardware gráfico');
INSERT INTO DegreeClassTopicTranslations(degreeClassTopic, language, description) VALUES (1272, 'PT_PT', 'Modelização, Pipeline de renderização e Dispositivos de Visualização');
INSERT INTO DegreeClassTopicTranslations(degreeClassTopic, language, description) VALUES (1273, 'PT_PT', 'Standards em computação gráfica');
INSERT INTO DegreeClassTopicTranslations(degreeClassTopic, language, description) VALUES (1274, 'PT_PT', 'Standards API, tais como OpenGL, etc.');
INSERT INTO DegreeClassTopicTranslations(degreeClassTopic, language, description) VALUES (1275, 'PT_PT', 'Geometria e transformações geométricas 2D e 3D');
INSERT INTO DegreeClassTopicTranslations(degreeClassTopic, language, description) VALUES (1276, 'PT_PT', 'Cor em computação gráfica: Modelos de cor, modelos de interpolação');
INSERT INTO DegreeClassTopicTranslations(degreeClassTopic, language, description) VALUES (1277, 'PT_PT', 'Cor em computação gráfica: Texturas');
INSERT INTO DegreeClassTopicTranslations(degreeClassTopic, language, description) VALUES (1278, 'PT_PT', 'Iluminação e sombras: Modelos de reflexão local');
INSERT INTO DegreeClassTopicTranslations(degreeClassTopic, language, description) VALUES (1279, 'PT_PT', 'Iluminação e sombras: Sombreamento, texturas e transparência');
INSERT INTO DegreeClassTopicTranslations(degreeClassTopic, language, description) VALUES (1280, 'PT_PT', 'Iluminação e sombras: Ray-tracing');
INSERT INTO DegreeClassTopicTranslations(degreeClassTopic, language, description) VALUES (1281, 'PT_PT', 'Visibilidade e recorte');
INSERT INTO DegreeClassTopicTranslations(degreeClassTopic, language, description) VALUES (1282, 'PT_PT', 'Curvas e superfícies');
INSERT INTO DegreeClassTopicTranslations(degreeClassTopic, language, description) VALUES (1283, 'PT_PT', 'Superfícies curvas de Bezier, Hermite, Splines, B-splines');
INSERT INTO DegreeClassTopicTranslations(degreeClassTopic, language, description) VALUES (1271, 'PT_PT', 'Introdução: Tecnologias de hardware gráfico');
INSERT INTO DegreeClassTopicTranslations(degreeClassTopic, language, description) VALUES (1272, 'PT_PT', 'Modelização, Pipeline de renderização e Dispositivos de Visualização');
INSERT INTO DegreeClassTopicTranslations(degreeClassTopic, language, description) VALUES (1273, 'PT_PT', 'Standards em computação gráfica');
INSERT INTO DegreeClassTopicTranslations(degreeClassTopic, language, description) VALUES (1274, 'PT_PT', 'Standards API, tais como OpenGL, etc.');
INSERT INTO DegreeClassTopicTranslations(degreeClassTopic, language, description) VALUES (1275, 'PT_PT', 'Geometria e transformações geométricas 2D e 3D');
INSERT INTO DegreeClassTopicTranslations(degreeClassTopic, language, description) VALUES (1276, 'PT_PT', 'Cor em computação gráfica: Modelos de cor, modelos de interpolação');
INSERT INTO DegreeClassTopicTranslations(degreeClassTopic, language, description) VALUES (1277, 'PT_PT', 'Cor em computação gráfica: Texturas');
INSERT INTO DegreeClassTopicTranslations(degreeClassTopic, language, description) VALUES (1278, 'PT_PT', 'Iluminação e sombras: Modelos de reflexão local');
INSERT INTO DegreeClassTopicTranslations(degreeClassTopic, language, description) VALUES (1279, 'PT_PT', 'Iluminação e sombras: Sombreamento, texturas e transparência');
INSERT INTO DegreeClassTopicTranslations(degreeClassTopic, language, description) VALUES (1280, 'PT_PT', 'Iluminação e sombras: Ray-tracing');
INSERT INTO DegreeClassTopicTranslations(degreeClassTopic, language, description) VALUES (1281, 'PT_PT', 'Visibilidade e recorte');
INSERT INTO DegreeClassTopicTranslations(degreeClassTopic, language, description) VALUES (1282, 'PT_PT', 'Curvas e superfícies');
INSERT INTO DegreeClassTopicTranslations(degreeClassTopic, language, description) VALUES (1283, 'PT_PT', 'Superfícies curvas de Bezier, Hermite, Splines, B-splines');

INSERT INTO DegreeClasses(id, year, semester, ects , isOptional, degree) VALUES (98, 3, 2, 6, false, 2);
INSERT INTO DegreeClassTranslations(degreeClass, language, name, description) VALUES  (98, 'PT_PT', 'Introdução à Inteligência Artificial' , 'Pretende-se que o aluno adquira conhecimentos de base sólidos sobre a área da inteligência artificial ao nível dos fundamentos, técnicas e aplicação prática. Para o efeito é adoptado o conceito integrador de Agente. Estuda-se o desenvolvimento de agentes de complexidade e capacidade crescente seguindo três metáforas: Simbólica, Conexionista e Biológica.');
INSERT INTO DegreeClassTopics(id, degreeClass, ordering) VALUES (1284, 98, 1);
INSERT INTO DegreeClassTopics(id, degreeClass, ordering) VALUES (1285, 98, 2);
INSERT INTO DegreeClassTopics(id, degreeClass, ordering) VALUES (1286, 98, 3);
INSERT INTO DegreeClassTopics(id, degreeClass, ordering) VALUES (1287, 98, 4);
INSERT INTO DegreeClassTopics(id, degreeClass, ordering) VALUES (1288, 98, 5);
INSERT INTO DegreeClassTopics(id, degreeClass, ordering) VALUES (1289, 98, 6);
INSERT INTO DegreeClassTopics(id, degreeClass, ordering) VALUES (1290, 98, 7);
INSERT INTO DegreeClassTopics(id, degreeClass, ordering) VALUES (1291, 98, 8);
INSERT INTO DegreeClassTopics(id, degreeClass, ordering) VALUES (1292, 98, 9);
INSERT INTO DegreeClassTopics(id, degreeClass, ordering) VALUES (1293, 98, 10);
INSERT INTO DegreeClassTopics(id, degreeClass, ordering) VALUES (1294, 98, 11);
INSERT INTO DegreeClassTopicTranslations(degreeClassTopic, language, description) VALUES (1284, 'PT_PT', 'Introdução: Definindo Inteligência Artificial');
INSERT INTO DegreeClassTopicTranslations(degreeClassTopic, language, description) VALUES (1285, 'PT_PT', 'Introdução: Agentes');
INSERT INTO DegreeClassTopicTranslations(degreeClassTopic, language, description) VALUES (1286, 'PT_PT', 'Introdução: Ambientes');
INSERT INTO DegreeClassTopicTranslations(degreeClassTopic, language, description) VALUES (1287, 'PT_PT', 'Introdução: Tarefas');
INSERT INTO DegreeClassTopicTranslations(degreeClassTopic, language, description) VALUES (1288, 'PT_PT', 'Introdução: Estado, operador de mudança de estado, espaço de estados');
INSERT INTO DegreeClassTopicTranslations(degreeClassTopic, language, description) VALUES (1289, 'PT_PT', 'Agentes de estrutura fixa: Reactivos');
INSERT INTO DegreeClassTopicTranslations(degreeClassTopic, language, description) VALUES (1290, 'PT_PT', 'Agentes de estrutura fixa: Procura');
INSERT INTO DegreeClassTopicTranslations(degreeClassTopic, language, description) VALUES (1291, 'PT_PT', 'Agentes de estrutura variável: Aprendizes');
INSERT INTO DegreeClassTopicTranslations(degreeClassTopic, language, description) VALUES (1292, 'PT_PT', 'Agentes de estrutura variável: Adaptativos');
INSERT INTO DegreeClassTopicTranslations(degreeClassTopic, language, description) VALUES (1293, 'PT_PT', 'Sociedade de Agentes');
INSERT INTO DegreeClassTopicTranslations(degreeClassTopic, language, description) VALUES (1294, 'PT_PT', 'Representação, Conhecimento, Incerteza, Raciocínio');
INSERT INTO DegreeClassTopicTranslations(degreeClassTopic, language, description) VALUES (1284, 'EN_UK', 'Introduction: Defining Artificial Intelligence');
INSERT INTO DegreeClassTopicTranslations(degreeClassTopic, language, description) VALUES (1285, 'EN_UK', 'Introduction: Agents');
INSERT INTO DegreeClassTopicTranslations(degreeClassTopic, language, description) VALUES (1286, 'EN_UK', 'Introduction: Environments');
INSERT INTO DegreeClassTopicTranslations(degreeClassTopic, language, description) VALUES (1287, 'EN_UK', 'Introduction: Tasks');
INSERT INTO DegreeClassTopicTranslations(degreeClassTopic, language, description) VALUES (1288, 'EN_UK', 'Introduction: State, State Operator, State Space');
INSERT INTO DegreeClassTopicTranslations(degreeClassTopic, language, description) VALUES (1289, 'EN_UK', 'Fixed-Architecture Agents: Reactive Agents');
INSERT INTO DegreeClassTopicTranslations(degreeClassTopic, language, description) VALUES (1290, 'EN_UK', 'Fixed-Architecture Agents: Search Agents');
INSERT INTO DegreeClassTopicTranslations(degreeClassTopic, language, description) VALUES (1291, 'EN_UK', 'Variable-Architecture Agents: Learning Agents');
INSERT INTO DegreeClassTopicTranslations(degreeClassTopic, language, description) VALUES (1292, 'EN_UK', 'Variable-Architecture Agents: Adaptive Agents');
INSERT INTO DegreeClassTopicTranslations(degreeClassTopic, language, description) VALUES (1293, 'EN_UK', 'Agent Societies');
INSERT INTO DegreeClassTopicTranslations(degreeClassTopic, language, description) VALUES (1294, 'EN_UK', 'Representation, Knowledge, Uncertainty, Reasoning');

INSERT INTO DegreeClasses(id, year, semester, ects , isOptional, degree) VALUES (99, 3, 2, 6, false, 2);
INSERT INTO DegreeClassTranslations(degreeClass, language, name, description) VALUES  (99, 'PT_PT', 'Laboratórios de Programação Avançada' , 'Resolução de problemas avançados típicos de programação. Aula maioritariamente prática.');
INSERT INTO DegreeClassTopics(id, degreeClass, ordering) VALUES (1295, 99, 1);
INSERT INTO DegreeClassTopics(id, degreeClass, ordering) VALUES (1296, 99, 2);
INSERT INTO DegreeClassTopics(id, degreeClass, ordering) VALUES (1297, 99, 3);
INSERT INTO DegreeClassTopics(id, degreeClass, ordering) VALUES (1298, 99, 4);
INSERT INTO DegreeClassTopics(id, degreeClass, ordering) VALUES (1299, 99, 5);
INSERT INTO DegreeClassTopics(id, degreeClass, ordering) VALUES (1300, 99, 6);
INSERT INTO DegreeClassTopics(id, degreeClass, ordering) VALUES (1301, 99, 7);
INSERT INTO DegreeClassTopics(id, degreeClass, ordering) VALUES (1302, 99, 8);
INSERT INTO DegreeClassTopicTranslations(degreeClassTopic, language, description) VALUES (1295, 'PT_PT', 'Modelação e resolução de problemas');
INSERT INTO DegreeClassTopicTranslations(degreeClassTopic, language, description) VALUES (1296, 'PT_PT', 'Complexidade computacional');
INSERT INTO DegreeClassTopicTranslations(degreeClassTopic, language, description) VALUES (1297, 'PT_PT', 'Paradigmas algorítmicos: Procura recursiva');
INSERT INTO DegreeClassTopicTranslations(degreeClassTopic, language, description) VALUES (1298, 'PT_PT', 'Paradigmas algorítmicos: Backtracking');
INSERT INTO DegreeClassTopicTranslations(degreeClassTopic, language, description) VALUES (1299, 'PT_PT', 'Paradigmas algorítmicos: Programação dinâmica');
INSERT INTO DegreeClassTopicTranslations(degreeClassTopic, language, description) VALUES (1300, 'PT_PT', 'Paradigmas algorítmicos: Procura gulosa');
INSERT INTO DegreeClassTopicTranslations(degreeClassTopic, language, description) VALUES (1301, 'PT_PT', 'Paradigmas algorítmicos: Branch-and-bound');
INSERT INTO DegreeClassTopicTranslations(degreeClassTopic, language, description) VALUES (1302, 'PT_PT', 'Casos de aplicação: Grafos, Redes de Fluxo, Geometria computacional');
INSERT INTO DegreeClassTopicTranslations(degreeClassTopic, language, description) VALUES (1295, 'EN_UK', 'Problem Modeling and Solving');
INSERT INTO DegreeClassTopicTranslations(degreeClassTopic, language, description) VALUES (1296, 'EN_UK', 'Computational Complexity');
INSERT INTO DegreeClassTopicTranslations(degreeClassTopic, language, description) VALUES (1297, 'EN_UK', 'Algorithmic Paradigms: Recursive Search');
INSERT INTO DegreeClassTopicTranslations(degreeClassTopic, language, description) VALUES (1298, 'EN_UK', 'Algorithmic Paradigms: Backtracking');
INSERT INTO DegreeClassTopicTranslations(degreeClassTopic, language, description) VALUES (1299, 'EN_UK', 'Algorithmic Paradigms: Dynamic Programming');
INSERT INTO DegreeClassTopicTranslations(degreeClassTopic, language, description) VALUES (1300, 'EN_UK', 'Algorithmic Paradigms: Greedy Search');
INSERT INTO DegreeClassTopicTranslations(degreeClassTopic, language, description) VALUES (1301, 'EN_UK', 'Algorithmic Paradigms: Branch-and-Bound');
INSERT INTO DegreeClassTopicTranslations(degreeClassTopic, language, description) VALUES (1302, 'EN_UK', 'Application Cases: Graphs, Flow Networks, Computational Geometry');

INSERT INTO DegreeClasses(id, year, semester, ects , isOptional, degree) VALUES (100, 3, 2, 6, false, 2);
INSERT INTO DegreeClassTranslations(degreeClass, language, name, description) VALUES  (100, 'PT_PT', 'Sistemas de Informação' , 'Esta uc proporciona aos alunos as competências e ferramentas que permitem discutir o projecto e evolução de sistemas de informação (SI) com responsáveis de negócio. Ao completar o curso, os alunos compreenderão as diferentes e frequentemente contraditórias perspectivas dos responsáveis de negócio e dos informáticos, tornando-se assim interlocutores privilegiados para ajudar ambas as partes a planear o SI da organização.');
INSERT INTO DegreeClassTopics(id, degreeClass, ordering) VALUES (1303, 100, 1);
INSERT INTO DegreeClassTopics(id, degreeClass, ordering) VALUES (1304, 100, 2);
INSERT INTO DegreeClassTopics(id, degreeClass, ordering) VALUES (1305, 100, 3);
INSERT INTO DegreeClassTopics(id, degreeClass, ordering) VALUES (1306, 100, 4);
INSERT INTO DegreeClassTopics(id, degreeClass, ordering) VALUES (1307, 100, 5);
INSERT INTO DegreeClassTopics(id, degreeClass, ordering) VALUES (1308, 100, 6);
INSERT INTO DegreeClassTopics(id, degreeClass, ordering) VALUES (1309, 100, 7);
INSERT INTO DegreeClassTopics(id, degreeClass, ordering) VALUES (1310, 100, 8);
INSERT INTO DegreeClassTopics(id, degreeClass, ordering) VALUES (1311, 100, 9);
INSERT INTO DegreeClassTopics(id, degreeClass, ordering) VALUES (1312, 100, 10);
INSERT INTO DegreeClassTopics(id, degreeClass, ordering) VALUES (1313, 100, 11);
INSERT INTO DegreeClassTopicTranslations(degreeClassTopic, language, description) VALUES (1303, 'PT_PT', 'Os sistemas de informação enquanto carteiras de aplicações');
INSERT INTO DegreeClassTopicTranslations(degreeClassTopic, language, description) VALUES (1304, 'PT_PT', 'O valor para o negócio de distintos componentes do sistema de informação');
INSERT INTO DegreeClassTopicTranslations(degreeClassTopic, language, description) VALUES (1305, 'PT_PT', 'Matriz de McFarlan');
INSERT INTO DegreeClassTopicTranslations(degreeClassTopic, language, description) VALUES (1306, 'PT_PT', 'Análise estratégica: visão, missão, objectivos, factores críticos de sucesso');
INSERT INTO DegreeClassTopicTranslations(degreeClassTopic, language, description) VALUES (1307, 'PT_PT', 'Análise estratégica: análise SWOT, cadeia de valor, cinco forças concorrenciais, matriz de Boston');
INSERT INTO DegreeClassTopicTranslations(degreeClassTopic, language, description) VALUES (1308, 'PT_PT', 'Análise estratégica: competências chave, gerador de opções estratégicas, balanced scorecard');
INSERT INTO DegreeClassTopicTranslations(degreeClassTopic, language, description) VALUES (1309, 'PT_PT', 'Modelos de negócio');
INSERT INTO DegreeClassTopicTranslations(degreeClassTopic, language, description) VALUES (1310, 'PT_PT', 'Arquitectura empresarial: Gestão de processos de negócio');
INSERT INTO DegreeClassTopicTranslations(degreeClassTopic, language, description) VALUES (1311, 'PT_PT', 'Arquitectura empresarial: Reengenharia de processos de negócio');
INSERT INTO DegreeClassTopicTranslations(degreeClassTopic, language, description) VALUES (1312, 'PT_PT', 'Sistema de Informação: Sistemas empresariais integrados');
INSERT INTO DegreeClassTopicTranslations(degreeClassTopic, language, description) VALUES (1313, 'PT_PT', 'Sistema de Informação: Arquitecturas orientadas a serviços');
INSERT INTO DegreeClassTopicTranslations(degreeClassTopic, language, description) VALUES (1303, 'EN_UK', 'Information Systems as Application Portfolios');
INSERT INTO DegreeClassTopicTranslations(degreeClassTopic, language, description) VALUES (1304, 'EN_UK', 'The Business Value of Different Information System Components');
INSERT INTO DegreeClassTopicTranslations(degreeClassTopic, language, description) VALUES (1305, 'EN_UK', 'McFarlan Matrix');
INSERT INTO DegreeClassTopicTranslations(degreeClassTopic, language, description) VALUES (1306, 'EN_UK', 'Strategic Analysis: Vision, Mission, Objectives, Critical Success Factors');
INSERT INTO DegreeClassTopicTranslations(degreeClassTopic, language, description) VALUES (1307, 'EN_UK', 'Strategic Analysis: SWOT Analysis, Value Chain, Five Competitive Forces, Boston Matrix');
INSERT INTO DegreeClassTopicTranslations(degreeClassTopic, language, description) VALUES (1308, 'EN_UK', 'Strategic Analysis: Core Competencies, Strategic Option Generator, Balanced Scorecard');
INSERT INTO DegreeClassTopicTranslations(degreeClassTopic, language, description) VALUES (1309, 'EN_UK', 'Business Models');
INSERT INTO DegreeClassTopicTranslations(degreeClassTopic, language, description) VALUES (1310, 'EN_UK', 'Enterprise Architecture: Business Process Management');
INSERT INTO DegreeClassTopicTranslations(degreeClassTopic, language, description) VALUES (1311, 'EN_UK', 'Enterprise Architecture: Business Process Reengineering');
INSERT INTO DegreeClassTopicTranslations(degreeClassTopic, language, description) VALUES (1312, 'EN_UK', 'Information System: Enterprise Resource Planning Systems');
INSERT INTO DegreeClassTopicTranslations(degreeClassTopic, language, description) VALUES (1313, 'EN_UK', 'Information System: Service-Oriented Architectures');

-- UCoimbra 3rd year

INSERT INTO DegreeClasses(id, year, semester, ects , isOptional, degree) VALUES (101, 4, 1, 4, false, 2);
INSERT INTO DegreeClassTranslations(degreeClass, language, name, description) VALUES  (101, 'PT_PT', 'Empreendedorismo e Gestão de Empresas' , 'São objectivos desta disciplina estimular a criação de competências de empreendedorismo e espírito inovador e familiarizar os futuros profissionais com a realidade do tecido empresarial e os fundamentos teóricos da criação e gestão de pequenas empresas e negócios numa óptica de criação de valor.');
INSERT INTO DegreeClassTopics(id, degreeClass, ordering) VALUES (1314, 101, 1);
INSERT INTO DegreeClassTopics(id, degreeClass, ordering) VALUES (1315, 101, 2);
INSERT INTO DegreeClassTopics(id, degreeClass, ordering) VALUES (1316, 101, 3);
INSERT INTO DegreeClassTopics(id, degreeClass, ordering) VALUES (1317, 101, 4);
INSERT INTO DegreeClassTopics(id, degreeClass, ordering) VALUES (1318, 101, 5);
INSERT INTO DegreeClassTopics(id, degreeClass, ordering) VALUES (1319, 101, 6);
INSERT INTO DegreeClassTopics(id, degreeClass, ordering) VALUES (1320, 101, 7);
INSERT INTO DegreeClassTopics(id, degreeClass, ordering) VALUES (1321, 101, 8);
INSERT INTO DegreeClassTopics(id, degreeClass, ordering) VALUES (1322, 101, 9);
INSERT INTO DegreeClassTopics(id, degreeClass, ordering) VALUES (1323, 101, 10);
INSERT INTO DegreeClassTopics(id, degreeClass, ordering) VALUES (1324, 101, 11);
INSERT INTO DegreeClassTopics(id, degreeClass, ordering) VALUES (1325, 101, 12);
INSERT INTO DegreeClassTopics(id, degreeClass, ordering) VALUES (1326, 101, 13);
INSERT INTO DegreeClassTopicTranslations(degreeClassTopic, language, description) VALUES (1314, 'PT_PT', 'Casos de sucesso empresarial local');
INSERT INTO DegreeClassTopicTranslations(degreeClassTopic, language, description) VALUES (1315, 'PT_PT', 'Liderança e gestão de pessoas nas organizações');
INSERT INTO DegreeClassTopicTranslations(degreeClassTopic, language, description) VALUES (1316, 'PT_PT', 'Geração de modelos de negócio - Business Model Canvas');
INSERT INTO DegreeClassTopicTranslations(degreeClassTopic, language, description) VALUES (1317, 'PT_PT', 'O mercado e a sua análise');
INSERT INTO DegreeClassTopicTranslations(degreeClassTopic, language, description) VALUES (1318, 'PT_PT', 'Marketing-mix e marketing de serviços');
INSERT INTO DegreeClassTopicTranslations(degreeClassTopic, language, description) VALUES (1319, 'PT_PT', 'Criação de valor nas start-ups');
INSERT INTO DegreeClassTopicTranslations(degreeClassTopic, language, description) VALUES (1320, 'PT_PT', 'Financiamento de start-ups');
INSERT INTO DegreeClassTopicTranslations(degreeClassTopic, language, description) VALUES (1321, 'PT_PT', 'Internacionalização');
INSERT INTO DegreeClassTopicTranslations(degreeClassTopic, language, description) VALUES (1322, 'PT_PT', 'Propriedade industrial – licenciamentos');
INSERT INTO DegreeClassTopicTranslations(degreeClassTopic, language, description) VALUES (1323, 'PT_PT', 'Aspectos legais da constituição de sociedades');
INSERT INTO DegreeClassTopicTranslations(degreeClassTopic, language, description) VALUES (1324, 'PT_PT', 'Contabilidade e fiscalidade nas empresas');
INSERT INTO DegreeClassTopicTranslations(degreeClassTopic, language, description) VALUES (1325, 'PT_PT', 'Análise e gestão financeira');
INSERT INTO DegreeClassTopicTranslations(degreeClassTopic, language, description) VALUES (1326, 'PT_PT', 'Introdução ao plano de negócios');
INSERT INTO DegreeClassTopicTranslations(degreeClassTopic, language, description) VALUES (1314, 'EN_UK', 'Local Business Success Cases');
INSERT INTO DegreeClassTopicTranslations(degreeClassTopic, language, description) VALUES (1315, 'EN_UK', 'Leadership and People Management in Organizations');
INSERT INTO DegreeClassTopicTranslations(degreeClassTopic, language, description) VALUES (1316, 'EN_UK', 'Business Model Generation - Business Model Canvas');
INSERT INTO DegreeClassTopicTranslations(degreeClassTopic, language, description) VALUES (1317, 'EN_UK', 'The Market and its Analysis');
INSERT INTO DegreeClassTopicTranslations(degreeClassTopic, language, description) VALUES (1318, 'EN_UK', 'Marketing Mix and Service Marketing');
INSERT INTO DegreeClassTopicTranslations(degreeClassTopic, language, description) VALUES (1319, 'EN_UK', 'Value Creation in Startups');
INSERT INTO DegreeClassTopicTranslations(degreeClassTopic, language, description) VALUES (1320, 'EN_UK', 'Startup Financing');
INSERT INTO DegreeClassTopicTranslations(degreeClassTopic, language, description) VALUES (1321, 'EN_UK', 'Internationalization');
INSERT INTO DegreeClassTopicTranslations(degreeClassTopic, language, description) VALUES (1322, 'EN_UK', 'Intellectual Property - Licensing');
INSERT INTO DegreeClassTopicTranslations(degreeClassTopic, language, description) VALUES (1323, 'EN_UK', 'Legal Aspects of Company Formation');
INSERT INTO DegreeClassTopicTranslations(degreeClassTopic, language, description) VALUES (1324, 'EN_UK', 'Accounting and Taxation in Companies');
INSERT INTO DegreeClassTopicTranslations(degreeClassTopic, language, description) VALUES (1325, 'EN_UK', 'Financial Analysis and Management');
INSERT INTO DegreeClassTopicTranslations(degreeClassTopic, language, description) VALUES (1326, 'EN_UK', 'Introduction to the Business Plan');

INSERT INTO DegreeClasses(id, year, semester, ects , isOptional, degree) VALUES (102, 4, 1, 4, false, 2);
INSERT INTO DegreeClassTranslations(degreeClass, language, name, description) VALUES  (102, 'PT_PT', 'Interacção Humano-Computador' , 'Através desta unidade curricular os estudantes ficarão a conhecer os conceitos fundamentais para compreender a interação entre humanos e sistemas computacionais. O estudante deverá:\n - compreender o papel dos factores humanos na interação e interface;\n - compreender e aplicar técnicas de prototipagem para investigação e ensaio de proposta de design;\n - desenvolver a capacidade para conceber propostas de design de interação e interface para contextos de uso específicos tendo em vista a optimização da experiência de interação, com base em abordagens contextuais e participativas;\n - desenvolver a capacidade de avaliação da usabilidade com domínio de técnicas variadas e sua adequação ao contexto de projecto;\n - desenvolver a capacidade de construção de interfaces inovadoras e coerentes com o propósito;\n - desenvolver a capacidade de combinar as técnicas de uma forma sistemática numa abordagem empírica ao design de interação;\n - desenvolver a capacidade de aprendizagem autónoma no domínio de HCI.');
INSERT INTO DegreeClassTopics(id, degreeClass, ordering) VALUES (1327, 102, 1);
INSERT INTO DegreeClassTopics(id, degreeClass, ordering) VALUES (1328, 102, 2);
INSERT INTO DegreeClassTopics(id, degreeClass, ordering) VALUES (1329, 102, 3);
INSERT INTO DegreeClassTopics(id, degreeClass, ordering) VALUES (1330, 102, 4);
INSERT INTO DegreeClassTopics(id, degreeClass, ordering) VALUES (1331, 102, 5);
INSERT INTO DegreeClassTopics(id, degreeClass, ordering) VALUES (1332, 102, 6);
INSERT INTO DegreeClassTopics(id, degreeClass, ordering) VALUES (1333, 102, 7);
INSERT INTO DegreeClassTopics(id, degreeClass, ordering) VALUES (1334, 102, 8);
INSERT INTO DegreeClassTopics(id, degreeClass, ordering) VALUES (1335, 102, 9);
INSERT INTO DegreeClassTopics(id, degreeClass, ordering) VALUES (1336, 102, 10);
INSERT INTO DegreeClassTopicTranslations(degreeClassTopic, language, description) VALUES (1327, 'PT_PT', 'Breve história da HCI. Modelos da performance humana, teoria cognitiva, teoria da actividade e da acção situada');
INSERT INTO DegreeClassTopicTranslations(degreeClassTopic, language, description) VALUES (1328, 'PT_PT', 'Modelação de utilizadores e tarefas; Personas; Modelação e análise de cenários');
INSERT INTO DegreeClassTopicTranslations(degreeClassTopic, language, description) VALUES (1329, 'PT_PT', 'Engenharia de contextos de interacção pelo design de meios; Design Contextual');
INSERT INTO DegreeClassTopicTranslations(degreeClassTopic, language, description) VALUES (1330, 'PT_PT', 'A prototipagem e o seu papel no design de interacção; Oficinas de design participativo. O conceito de trajectórias no design da experiência de uso');
INSERT INTO DegreeClassTopicTranslations(degreeClassTopic, language, description) VALUES (1331, 'PT_PT', 'Da usabilidade à experiência de uso: modelos e técnicas de avaliação');
INSERT INTO DegreeClassTopicTranslations(degreeClassTopic, language, description) VALUES (1332, 'PT_PT', 'Técnicas de observação e análise: cognitive design walkthrough, avaliação heurística, avaliação formal de laboratório, avaliação de campo, entrevistas e questionários');
INSERT INTO DegreeClassTopicTranslations(degreeClassTopic, language, description) VALUES (1333, 'PT_PT', 'A estética da interacção no design de interface');
INSERT INTO DegreeClassTopicTranslations(degreeClassTopic, language, description) VALUES (1334, 'PT_PT', 'Visualização e sonorização da informação; Elementos de design visual e sonoro');
INSERT INTO DegreeClassTopicTranslations(degreeClassTopic, language, description) VALUES (1335, 'PT_PT', 'A adaptação do design aos dispositivos e contextos de uso; Interface em cenário de smartphone e tablet');
INSERT INTO DegreeClassTopicTranslations(degreeClassTopic, language, description) VALUES (1336, 'PT_PT', 'Arquitecturas e técnicas de interface: da interface linguística às GUI, TUI e NUI');
INSERT INTO DegreeClassTopicTranslations(degreeClassTopic, language, description) VALUES (1327, 'EN_UK', 'Brief History of HCI. Models of Human Performance, Cognitive Theory, Activity Theory, and Situated Action');
INSERT INTO DegreeClassTopicTranslations(degreeClassTopic, language, description) VALUES (1328, 'EN_UK', 'User and Task Modeling; Personas; Scenario Modeling and Analysis');
INSERT INTO DegreeClassTopicTranslations(degreeClassTopic, language, description) VALUES (1329, 'EN_UK', 'Engineering of Interaction Contexts through Design of Means; Contextual Design');
INSERT INTO DegreeClassTopicTranslations(degreeClassTopic, language, description) VALUES (1330, 'EN_UK', 'Prototyping and its Role in Interaction Design; Participatory Design Workshops. The Concept of Trajectories in User Experience Design');
INSERT INTO DegreeClassTopicTranslations(degreeClassTopic, language, description) VALUES (1331, 'EN_UK', 'From Usability to User Experience: Models and Evaluation Techniques');
INSERT INTO DegreeClassTopicTranslations(degreeClassTopic, language, description) VALUES (1332, 'EN_UK', 'Observation and Analysis Techniques: Cognitive Design Walkthrough, Heuristic Evaluation, Formal Laboratory Evaluation, Field Evaluation, Interviews, and Questionnaires');
INSERT INTO DegreeClassTopicTranslations(degreeClassTopic, language, description) VALUES (1333, 'EN_UK', 'The Aesthetics of Interaction in Interface Design');
INSERT INTO DegreeClassTopicTranslations(degreeClassTopic, language, description) VALUES (1334, 'EN_UK', 'Information Visualization and Sonification; Elements of Visual and Sound Design');
INSERT INTO DegreeClassTopicTranslations(degreeClassTopic, language, description) VALUES (1335, 'EN_UK', 'Adapting Design to Devices and Usage Contexts; Interface in Smartphone and Tablet Environments');
INSERT INTO DegreeClassTopicTranslations(degreeClassTopic, language, description) VALUES (1336, 'EN_UK', 'Interface Architectures and Techniques: From Language Interface to GUI, TUI, and NUI');

INSERT INTO DegreeClasses(id, year, semester, ects , isOptional, degree) VALUES (103, 4, 1, 4, false, 2);
INSERT INTO DegreeClassTranslations(degreeClass, language, name, description) VALUES  (103, 'PT_PT', 'Metodologias Experimentais em Informática' , 'Fornecer os métodos experimentais necessários para efetuar avaliação empírica de desempenho de sistemas computacionais que surgem nas várias áreas da informática, de redes de comunicação a algoritmos e inteligência artificial. Aquisição de competências ao nível da análise e síntese, organização e planeamento.');
INSERT INTO DegreeClassTopics(id, degreeClass, ordering) VALUES (1337, 103, 1);
INSERT INTO DegreeClassTopics(id, degreeClass, ordering) VALUES (1338, 103, 2);
INSERT INTO DegreeClassTopics(id, degreeClass, ordering) VALUES (1339, 103, 3);
INSERT INTO DegreeClassTopics(id, degreeClass, ordering) VALUES (1340, 103, 4);
INSERT INTO DegreeClassTopics(id, degreeClass, ordering) VALUES (1341, 103, 5);
INSERT INTO DegreeClassTopics(id, degreeClass, ordering) VALUES (1342, 103, 6);
INSERT INTO DegreeClassTopicTranslations(degreeClassTopic, language, description) VALUES (1337, 'PT_PT', 'O método experimental; cenários de experimentação em informática');
INSERT INTO DegreeClassTopicTranslations(degreeClassTopic, language, description) VALUES (1338, 'PT_PT', 'Análise exploratória de dados');
INSERT INTO DegreeClassTopicTranslations(degreeClassTopic, language, description) VALUES (1339, 'PT_PT', 'Medições e benchmarking');
INSERT INTO DegreeClassTopicTranslations(degreeClassTopic, language, description) VALUES (1340, 'PT_PT', 'Análise de dados: distribuições, correlação, regressão linear');
INSERT INTO DegreeClassTopicTranslations(degreeClassTopic, language, description) VALUES (1341, 'PT_PT', 'Desenho experimental: factores e interacções');
INSERT INTO DegreeClassTopicTranslations(degreeClassTopic, language, description) VALUES (1342, 'PT_PT', 'Metodologia qualitativa: entrevistas e questionários, análise de conteúdo');
INSERT INTO DegreeClassTopicTranslations(degreeClassTopic, language, description) VALUES (1337, 'EN_UK', 'The Experimental Method; Experimentation Scenarios in Computer Science');
INSERT INTO DegreeClassTopicTranslations(degreeClassTopic, language, description) VALUES (1338, 'EN_UK', 'Exploratory Data Analysis');
INSERT INTO DegreeClassTopicTranslations(degreeClassTopic, language, description) VALUES (1339, 'EN_UK', 'Measurements and Benchmarking');
INSERT INTO DegreeClassTopicTranslations(degreeClassTopic, language, description) VALUES (1340, 'EN_UK', 'Data Analysis: Distributions, Correlation, Linear Regression');
INSERT INTO DegreeClassTopicTranslations(degreeClassTopic, language, description) VALUES (1341, 'EN_UK', 'Experimental Design: Factors and Interactions');
INSERT INTO DegreeClassTopicTranslations(degreeClassTopic, language, description) VALUES (1342, 'EN_UK', 'Qualitative Methodology: Interviews and Questionnaires, Content Analysis');

INSERT INTO DegreeClasses(id, year, semester, ects , isOptional, degree) VALUES (104, 4, 1, 6, false, 2);
INSERT INTO DegreeClassTranslations(degreeClass, language, name, description) VALUES  (104, 'PT_PT', 'Modelação e Análise de Sistemas' , 'Esta disciplina foca-se em modelos para a análise de sistemas, com ênfase em problemas de optimização e sistemas de eventos discretos, com aplicações às quatro opções temáticas do curso. Pretende-se que os estudantes venham a ser capazes de:\n 1) formular problemas de optimização, categorizando-os em função das suas características e formalizando-os de modo a poderem ser resolvidos pelos métodos mais adequados\n 2) modelar e analisar sistemas simples de tráfego, de produção, computacionais (hardware e software) e de comunicação enquanto sistemas de eventos discretos\n Os estudantes deverão ainda desenvolver competências em análise e síntese, resolução de problemas, raciocínio crítico, aprendizagem autónoma, e a capacidade de aplicar o conhecimento teórico adquirido a situações práticas concretas.');
INSERT INTO DegreeClassTopics(id, degreeClass, ordering) VALUES (1343, 104, 1);
INSERT INTO DegreeClassTopics(id, degreeClass, ordering) VALUES (1344, 104, 2);
INSERT INTO DegreeClassTopics(id, degreeClass, ordering) VALUES (1345, 104, 3);
INSERT INTO DegreeClassTopics(id, degreeClass, ordering) VALUES (1346, 104, 4);
INSERT INTO DegreeClassTopics(id, degreeClass, ordering) VALUES (1347, 104, 5);
INSERT INTO DegreeClassTopics(id, degreeClass, ordering) VALUES (1348, 104, 6);
INSERT INTO DegreeClassTopics(id, degreeClass, ordering) VALUES (1349, 104, 7);
INSERT INTO DegreeClassTopics(id, degreeClass, ordering) VALUES (1350, 104, 8);
INSERT INTO DegreeClassTopics(id, degreeClass, ordering) VALUES (1351, 104, 9);
INSERT INTO DegreeClassTopics(id, degreeClass, ordering) VALUES (1352, 104, 10);
INSERT INTO DegreeClassTopics(id, degreeClass, ordering) VALUES (1353, 104, 11);
INSERT INTO DegreeClassTopicTranslations(degreeClassTopic, language, description) VALUES (1343, 'PT_PT', 'Programação não-linear: conceitos e resultados gerais para os casos com e sem restrições');
INSERT INTO DegreeClassTopicTranslations(degreeClassTopic, language, description) VALUES (1344, 'PT_PT', 'Programação linear: formalização; dualidade; aplicações');
INSERT INTO DegreeClassTopicTranslations(degreeClassTopic, language, description) VALUES (1345, 'PT_PT', 'Programação linear inteira: unimodularidade; planos de corte; aplicações');
INSERT INTO DegreeClassTopicTranslations(degreeClassTopic, language, description) VALUES (1346, 'PT_PT', 'Programação dinâmica: conceitos; princípio de optimalidade de Bellman; aplicações');
INSERT INTO DegreeClassTopicTranslations(degreeClassTopic, language, description) VALUES (1347, 'PT_PT', 'Sistemas e modelos: conceitos; tipos de sistemas; DES e exemplos de aplicação');
INSERT INTO DegreeClassTopicTranslations(degreeClassTopic, language, description) VALUES (1348, 'PT_PT', 'Autómatos finitos: modelação de DES como linguagens; análise de DES modelados por autómatos');
INSERT INTO DegreeClassTopicTranslations(degreeClassTopic, language, description) VALUES (1349, 'PT_PT', 'Redes de Petri: definição; comparação com autómatos; análise de redes de Petri');
INSERT INTO DegreeClassTopicTranslations(degreeClassTopic, language, description) VALUES (1350, 'PT_PT', 'Modelos temporizados e híbridos: autómatos e redes de Petri temporizados; álgebras de dióides; modelos híbridos');
INSERT INTO DegreeClassTopicTranslations(degreeClassTopic, language, description) VALUES (1351, 'PT_PT', 'Autómatos temporizados estocásticos');
INSERT INTO DegreeClassTopicTranslations(degreeClassTopic, language, description) VALUES (1352, 'PT_PT', 'Cadeias de Markov: tempo discreto e tempo contínuo');
INSERT INTO DegreeClassTopicTranslations(degreeClassTopic, language, description) VALUES (1353, 'PT_PT', 'Introdução à teoria das filas de espera');
INSERT INTO DegreeClassTopicTranslations(degreeClassTopic, language, description) VALUES (1343, 'EN_UK', 'Nonlinear Programming: Concepts and General Results for Cases With and Without Constraints');
INSERT INTO DegreeClassTopicTranslations(degreeClassTopic, language, description) VALUES (1344, 'EN_UK', 'Linear Programming: Formalization; Duality; Applications');
INSERT INTO DegreeClassTopicTranslations(degreeClassTopic, language, description) VALUES (1345, 'EN_UK', 'Integer Linear Programming: Unimodularity; Cutting Planes; Applications');
INSERT INTO DegreeClassTopicTranslations(degreeClassTopic, language, description) VALUES (1346, 'EN_UK', 'Dynamic Programming: Concepts; Bellman''s Principle of Optimality; Applications');
INSERT INTO DegreeClassTopicTranslations(degreeClassTopic, language, description) VALUES (1347, 'EN_UK', 'Systems and Models: Concepts; Types of Systems; Discrete Event Systems (DES) and Application Examples');
INSERT INTO DegreeClassTopicTranslations(degreeClassTopic, language, description) VALUES (1348, 'EN_UK', 'Finite Automata: Modeling DES as Languages; Analysis of DES Modeled by Automata');
INSERT INTO DegreeClassTopicTranslations(degreeClassTopic, language, description) VALUES (1349, 'EN_UK', 'Petri Nets: Definition; Comparison with Automata; Analysis of Petri Nets');
INSERT INTO DegreeClassTopicTranslations(degreeClassTopic, language, description) VALUES (1350, 'EN_UK', 'Timed and Hybrid Models: Timed Automata and Petri Nets; Dioid Algebras; Hybrid Models');
INSERT INTO DegreeClassTopicTranslations(degreeClassTopic, language, description) VALUES (1351, 'EN_UK', 'Stochastic Timed Automata');
INSERT INTO DegreeClassTopicTranslations(degreeClassTopic, language, description) VALUES (1352, 'EN_UK', 'Markov Chains: Discrete Time and Continuous Time');
INSERT INTO DegreeClassTopicTranslations(degreeClassTopic, language, description) VALUES (1353, 'EN_UK', 'Introduction to Queueing Theory');

INSERT INTO DegreeClasses(id, year, semester, ects , isOptional, degree) VALUES (105, 4, 1, 6, true, 2);
INSERT INTO DegreeClassTranslations(degreeClass, language, name, description) VALUES  (105, 'PT_PT', 'Fundamentos de Sistemas de Comunicação' , 'Os objectivos principais desta UC são o estudo dos fundamentos dos sistemas de transmissão e de comutação. Os tópicos incluem: modulação e transmissão de sinais, sistemas de transmissão e de comutação, aspectos de sinalização em sistemas digitais. Esta UC trata dos aspectos dos sistemas relacionados com redes fixas ou móveis e satélites, e com a transmissão de sinais de voz e vídeo. A UC também cobre os fundamentos dos protocolos de comunicação relacionados com controlo de erros, controlo de fluxo e especificação de protocolos.');
INSERT INTO DegreeClassTopics(id, degreeClass, ordering) VALUES (1354, 105, 1);
INSERT INTO DegreeClassTopics(id, degreeClass, ordering) VALUES (1355, 105, 2);
INSERT INTO DegreeClassTopics(id, degreeClass, ordering) VALUES (1356, 105, 3);
INSERT INTO DegreeClassTopics(id, degreeClass, ordering) VALUES (1357, 105, 4);
INSERT INTO DegreeClassTopics(id, degreeClass, ordering) VALUES (1358, 105, 5);
INSERT INTO DegreeClassTopicTranslations(degreeClassTopic, language, description) VALUES (1354, 'PT_PT', 'Fundamentos de comunicação');
INSERT INTO DegreeClassTopicTranslations(degreeClassTopic, language, description) VALUES (1355, 'PT_PT', 'Modulação e amostragem');
INSERT INTO DegreeClassTopicTranslations(degreeClassTopic, language, description) VALUES (1356, 'PT_PT', 'Transmissão de dados');
INSERT INTO DegreeClassTopicTranslations(degreeClassTopic, language, description) VALUES (1357, 'PT_PT', 'Controlo de fluxo e de erros');
INSERT INTO DegreeClassTopicTranslations(degreeClassTopic, language, description) VALUES (1358, 'PT_PT', 'Conceitos básicos de protocolos de comunicação');
INSERT INTO DegreeClassTopicTranslations(degreeClassTopic, language, description) VALUES (1354, 'EN_UK', 'Fundamentals of Communication');
INSERT INTO DegreeClassTopicTranslations(degreeClassTopic, language, description) VALUES (1355, 'EN_UK', 'Modulation and Sampling');
INSERT INTO DegreeClassTopicTranslations(degreeClassTopic, language, description) VALUES (1356, 'EN_UK', 'Data Transmission');
INSERT INTO DegreeClassTopicTranslations(degreeClassTopic, language, description) VALUES (1357, 'EN_UK', 'Flow and Error Control');
INSERT INTO DegreeClassTopicTranslations(degreeClassTopic, language, description) VALUES (1358, 'EN_UK', 'Basic Concepts of Communication Protocols');

INSERT INTO DegreeClasses(id, year, semester, ects , isOptional, degree) VALUES (106, 4, 1, 6, true, 2);
INSERT INTO DegreeClassTranslations(degreeClass, language, name, description) VALUES  (106, 'PT_PT', 'Sistemas de Comunicação Móvel' , 'Objectivos centrais da UC são, por um lado, a abordagem e estudo, teórico e prático, dos principais aspectos relacionados com a mobilidade de sistemas e redes e, por outro, a exploração de protocolos, tecnologias e aplicações de redes de sensores.');
INSERT INTO DegreeClassTopics(id, degreeClass, ordering) VALUES (1359, 106, 1);
INSERT INTO DegreeClassTopics(id, degreeClass, ordering) VALUES (1360, 106, 2);
INSERT INTO DegreeClassTopics(id, degreeClass, ordering) VALUES (1361, 106, 3);
INSERT INTO DegreeClassTopics(id, degreeClass, ordering) VALUES (1362, 106, 4);
INSERT INTO DegreeClassTopics(id, degreeClass, ordering) VALUES (1363, 106, 5);
INSERT INTO DegreeClassTopics(id, degreeClass, ordering) VALUES (1364, 106, 6);
INSERT INTO DegreeClassTopics(id, degreeClass, ordering) VALUES (1365, 106, 7);
INSERT INTO DegreeClassTopicTranslations(degreeClassTopic, language, description) VALUES (1359, 'PT_PT', 'Fundamentos e evolução das redes sem fios');
INSERT INTO DegreeClassTopicTranslations(degreeClassTopic, language, description) VALUES (1360, 'PT_PT', 'Redes locais sem fios');
INSERT INTO DegreeClassTopicTranslations(degreeClassTopic, language, description) VALUES (1361, 'PT_PT', 'Sistemas celulares 3G e 4G');
INSERT INTO DegreeClassTopicTranslations(degreeClassTopic, language, description) VALUES (1362, 'PT_PT', 'Mobilidade em ambiente IP');
INSERT INTO DegreeClassTopicTranslations(degreeClassTopic, language, description) VALUES (1363, 'PT_PT', 'Mobilidade de redes');
INSERT INTO DegreeClassTopicTranslations(degreeClassTopic, language, description) VALUES (1364, 'PT_PT', 'Redes de sensores sem fios: protocolos, tecnologias e aplicações');
INSERT INTO DegreeClassTopicTranslations(degreeClassTopic, language, description) VALUES (1365, 'PT_PT', 'Multicast');
INSERT INTO DegreeClassTopicTranslations(degreeClassTopic, language, description) VALUES (1359, 'EN_UK', 'Fundamentals and Evolution of Wireless Networks');
INSERT INTO DegreeClassTopicTranslations(degreeClassTopic, language, description) VALUES (1360, 'EN_UK', 'Local Area Wireless Networks (LANs)');
INSERT INTO DegreeClassTopicTranslations(degreeClassTopic, language, description) VALUES (1361, 'EN_UK', '3G and 4G Cellular Systems');
INSERT INTO DegreeClassTopicTranslations(degreeClassTopic, language, description) VALUES (1362, 'EN_UK', 'Mobility in IP Environment');
INSERT INTO DegreeClassTopicTranslations(degreeClassTopic, language, description) VALUES (1363, 'EN_UK', 'Network Mobility');
INSERT INTO DegreeClassTopicTranslations(degreeClassTopic, language, description) VALUES (1364, 'EN_UK', 'Wireless Sensor Networks: Protocols, Technologies, and Applications');
INSERT INTO DegreeClassTopicTranslations(degreeClassTopic, language, description) VALUES (1365, 'EN_UK', 'Multicast');

INSERT INTO DegreeClasses(id, year, semester, ects , isOptional, degree) VALUES (107, 4, 1, 6, true, 2);
INSERT INTO DegreeClassTranslations(degreeClass, language, name, description) VALUES  (107, 'PT_PT', 'Engenharia de Requisitos' , 'Nesta unidade curricular os estudantes irão estudar diversos métodos para compreender o problema com que se deparam, os factores que condicionam a gama de soluções possíveis, e as abordagens para decidirem entre essas alternativas.');
INSERT INTO DegreeClassTopics(id, degreeClass, ordering) VALUES (1366, 107, 1);
INSERT INTO DegreeClassTopics(id, degreeClass, ordering) VALUES (1367, 107, 2);
INSERT INTO DegreeClassTopics(id, degreeClass, ordering) VALUES (1368, 107, 3);
INSERT INTO DegreeClassTopics(id, degreeClass, ordering) VALUES (1369, 107, 4);
INSERT INTO DegreeClassTopics(id, degreeClass, ordering) VALUES (1370, 107, 5);
INSERT INTO DegreeClassTopics(id, degreeClass, ordering) VALUES (1371, 107, 6);
INSERT INTO DegreeClassTopics(id, degreeClass, ordering) VALUES (1372, 107, 7);
INSERT INTO DegreeClassTopicTranslations(degreeClassTopic, language, description) VALUES (1366, 'PT_PT', 'Engenharia de Requisitos');
INSERT INTO DegreeClassTopicTranslations(degreeClassTopic, language, description) VALUES (1367, 'PT_PT', 'Classes de problemas');
INSERT INTO DegreeClassTopicTranslations(degreeClassTopic, language, description) VALUES (1368, 'PT_PT', 'Análise Contextual');
INSERT INTO DegreeClassTopicTranslations(degreeClassTopic, language, description) VALUES (1369, 'PT_PT', 'Casos de Uso (como guia para o ciclo de vida do software)');
INSERT INTO DegreeClassTopicTranslations(degreeClassTopic, language, description) VALUES (1370, 'PT_PT', 'Considerações de Usabilidade');
INSERT INTO DegreeClassTopicTranslations(degreeClassTopic, language, description) VALUES (1371, 'PT_PT', 'Condicionantes económicas, de negócio e regulamentares');
INSERT INTO DegreeClassTopicTranslations(degreeClassTopic, language, description) VALUES (1372, 'PT_PT', 'Uma abordagem de engenharia ao desenvolvimento de software');
INSERT INTO DegreeClassTopicTranslations(degreeClassTopic, language, description) VALUES (1366, 'EN_UK', 'Requirements Engineering');
INSERT INTO DegreeClassTopicTranslations(degreeClassTopic, language, description) VALUES (1367, 'EN_UK', 'Problem Classes');
INSERT INTO DegreeClassTopicTranslations(degreeClassTopic, language, description) VALUES (1368, 'EN_UK', 'Contextual Analysis');
INSERT INTO DegreeClassTopicTranslations(degreeClassTopic, language, description) VALUES (1369, 'EN_UK', 'Use Cases (as a Guide for the Software Development Life Cycle)');
INSERT INTO DegreeClassTopicTranslations(degreeClassTopic, language, description) VALUES (1370, 'EN_UK', 'Usability Considerations');
INSERT INTO DegreeClassTopicTranslations(degreeClassTopic, language, description) VALUES (1371, 'EN_UK', 'Economic, Business, and Regulatory Constraints');
INSERT INTO DegreeClassTopicTranslations(degreeClassTopic, language, description) VALUES (1372, 'EN_UK', 'An Engineering Approach to Software Development');

INSERT INTO DegreeClasses(id, year, semester, ects , isOptional, degree) VALUES (108, 4, 1, 6, true, 2);
INSERT INTO DegreeClassTranslations(degreeClass, language, name, description) VALUES  (108, 'PT_PT', 'Integração de Sistemas' , 'Nesta disciplina abordamos múltiplas formas estruturadas de integrar aplicações, não só ao nível de uma organização, mas para além dela. É dada uma forte ênfase à integração utilizando middleware, em particular, utilizando abordagens como SOA (Service Oriented Architecture) e ESB (Enterprise Service Bus).');
INSERT INTO DegreeClassTopics(id, degreeClass, ordering) VALUES (1373, 108, 1);
INSERT INTO DegreeClassTopics(id, degreeClass, ordering) VALUES (1374, 108, 2);
INSERT INTO DegreeClassTopics(id, degreeClass, ordering) VALUES (1375, 108, 3);
INSERT INTO DegreeClassTopics(id, degreeClass, ordering) VALUES (1376, 108, 4);
INSERT INTO DegreeClassTopics(id, degreeClass, ordering) VALUES (1377, 108, 5);
INSERT INTO DegreeClassTopics(id, degreeClass, ordering) VALUES (1378, 108, 6);
INSERT INTO DegreeClassTopics(id, degreeClass, ordering) VALUES (1379, 108, 7);
INSERT INTO DegreeClassTopics(id, degreeClass, ordering) VALUES (1380, 108, 8);
INSERT INTO DegreeClassTopics(id, degreeClass, ordering) VALUES (1381, 108, 9);
INSERT INTO DegreeClassTopics(id, degreeClass, ordering) VALUES (1382, 108, 10);
INSERT INTO DegreeClassTopics(id, degreeClass, ordering) VALUES (1383, 108, 11);
INSERT INTO DegreeClassTopics(id, degreeClass, ordering) VALUES (1384, 108, 12);
INSERT INTO DegreeClassTopics(id, degreeClass, ordering) VALUES (1385, 108, 13);
INSERT INTO DegreeClassTopics(id, degreeClass, ordering) VALUES (1386, 108, 14);
INSERT INTO DegreeClassTopicTranslations(degreeClassTopic, language, description) VALUES (1373, 'PT_PT', 'Desafios da integração');
INSERT INTO DegreeClassTopicTranslations(degreeClassTopic, language, description) VALUES (1374, 'PT_PT', 'Integração de dados: Tecnologias XML (XML, XSL, XSLT, XQUERY, etc.)');
INSERT INTO DegreeClassTopicTranslations(degreeClassTopic, language, description) VALUES (1375, 'PT_PT', 'Integração de dados: Integração semântica');
INSERT INTO DegreeClassTopicTranslations(degreeClassTopic, language, description) VALUES (1376, 'PT_PT', 'Integração de dados: Java Persistence API');
INSERT INTO DegreeClassTopicTranslations(degreeClassTopic, language, description) VALUES (1377, 'PT_PT', 'Integração Funcional: Enterprise Java Beans');
INSERT INTO DegreeClassTopicTranslations(degreeClassTopic, language, description) VALUES (1378, 'PT_PT', 'Integração Funcional: Web Services e Web Services de segunda geração');
INSERT INTO DegreeClassTopicTranslations(degreeClassTopic, language, description) VALUES (1379, 'PT_PT', 'Integração Funcional: Arquitecturas Orientadas aos Serviços (SOA)');
INSERT INTO DegreeClassTopicTranslations(degreeClassTopic, language, description) VALUES (1380, 'PT_PT', 'Middleware para sistemas empresariais: Transacções distribuídas, transacções longas, actividades de negócios, middleware orientado às mensagens');
INSERT INTO DegreeClassTopicTranslations(degreeClassTopic, language, description) VALUES (1381, 'PT_PT', 'Integração de sistemas herdados');
INSERT INTO DegreeClassTopicTranslations(degreeClassTopic, language, description) VALUES (1382, 'PT_PT', 'Outras Plataformas de Integração: Java EE Connector Architecture (JCA)');
INSERT INTO DegreeClassTopicTranslations(degreeClassTopic, language, description) VALUES (1383, 'PT_PT', 'Outras Plataformas de Integração: Microsoft Sharepoint');
INSERT INTO DegreeClassTopicTranslations(degreeClassTopic, language, description) VALUES (1384, 'PT_PT', 'Outras Plataformas de Integração: SAP Netweaver');
INSERT INTO DegreeClassTopicTranslations(degreeClassTopic, language, description) VALUES (1385, 'PT_PT', 'Integração extra-organização e parceiros de negócio: UCCnet, RosettaNet e ebXML');
INSERT INTO DegreeClassTopicTranslations(degreeClassTopic, language, description) VALUES (1386, 'PT_PT', 'Integração com aplicações cloud');
INSERT INTO DegreeClassTopicTranslations(degreeClassTopic, language, description) VALUES (1373, 'PT_PT', 'Desafios da integração');
INSERT INTO DegreeClassTopicTranslations(degreeClassTopic, language, description) VALUES (1374, 'PT_PT', 'Integração de dados: Tecnologias XML (XML, XSL, XSLT, XQUERY, etc.)');
INSERT INTO DegreeClassTopicTranslations(degreeClassTopic, language, description) VALUES (1375, 'PT_PT', 'Integração de dados: Integração semântica');
INSERT INTO DegreeClassTopicTranslations(degreeClassTopic, language, description) VALUES (1376, 'PT_PT', 'Integração de dados: Java Persistence API');
INSERT INTO DegreeClassTopicTranslations(degreeClassTopic, language, description) VALUES (1377, 'PT_PT', 'Integração Funcional: Enterprise Java Beans');
INSERT INTO DegreeClassTopicTranslations(degreeClassTopic, language, description) VALUES (1378, 'PT_PT', 'Integração Funcional: Web Services e Web Services de segunda geração');
INSERT INTO DegreeClassTopicTranslations(degreeClassTopic, language, description) VALUES (1379, 'PT_PT', 'Integração Funcional: Arquitecturas Orientadas aos Serviços (SOA)');
INSERT INTO DegreeClassTopicTranslations(degreeClassTopic, language, description) VALUES (1380, 'PT_PT', 'Middleware para sistemas empresariais: Transacções distribuídas, transacções longas, actividades de negócios, middleware orientado às mensagens');
INSERT INTO DegreeClassTopicTranslations(degreeClassTopic, language, description) VALUES (1381, 'PT_PT', 'Integração de sistemas herdados');
INSERT INTO DegreeClassTopicTranslations(degreeClassTopic, language, description) VALUES (1382, 'PT_PT', 'Outras Plataformas de Integração: Java EE Connector Architecture (JCA)');
INSERT INTO DegreeClassTopicTranslations(degreeClassTopic, language, description) VALUES (1383, 'PT_PT', 'Outras Plataformas de Integração: Microsoft Sharepoint');
INSERT INTO DegreeClassTopicTranslations(degreeClassTopic, language, description) VALUES (1384, 'PT_PT', 'Outras Plataformas de Integração: SAP Netweaver');
INSERT INTO DegreeClassTopicTranslations(degreeClassTopic, language, description) VALUES (1385, 'PT_PT', 'Integração extra-organização e parceiros de negócio: UCCnet, RosettaNet e ebXML');
INSERT INTO DegreeClassTopicTranslations(degreeClassTopic, language, description) VALUES (1386, 'PT_PT', 'Integração com aplicações cloud');

INSERT INTO DegreeClasses(id, year, semester, ects , isOptional, degree) VALUES (109, 4, 1, 6, true, 2);
INSERT INTO DegreeClassTranslations(degreeClass, language, name, description) VALUES  (109, 'PT_PT', 'Aprendizagem Computacional' , 'Estudar  as principais técnicas de aprendizagem computacional no contexto da multiplicidade de tipos de dados disponíveis nas aplicações relevantes nomeadamente desenvolvimento e interpretação de árvores de decisão , configuração e treino de redes neuronais artificiais, de lógica difusa, sistemas difusos e neuro-difusos, e configuração e treino de máquinas de vectores de suporte. Desenvolver as competências para conceber sistemas de classificação de grandes conjuntos de dados, de diagnóstico em contextos industriais e médicos, de controlo inteligente, de análise sistémica dos problemas complexos e de avaliação crítico dos resultados.');
INSERT INTO DegreeClassTopics(id, degreeClass, ordering) VALUES (1387, 109, 1);
INSERT INTO DegreeClassTopics(id, degreeClass, ordering) VALUES (1388, 109, 2);
INSERT INTO DegreeClassTopics(id, degreeClass, ordering) VALUES (1389, 109, 3);
INSERT INTO DegreeClassTopics(id, degreeClass, ordering) VALUES (1390, 109, 4);
INSERT INTO DegreeClassTopics(id, degreeClass, ordering) VALUES (1391, 109, 5);
INSERT INTO DegreeClassTopics(id, degreeClass, ordering) VALUES (1392, 109, 6);
INSERT INTO DegreeClassTopics(id, degreeClass, ordering) VALUES (1393, 109, 7);
INSERT INTO DegreeClassTopics(id, degreeClass, ordering) VALUES (1394, 109, 8);
INSERT INTO DegreeClassTopics(id, degreeClass, ordering) VALUES (1395, 109, 9);
INSERT INTO DegreeClassTopics(id, degreeClass, ordering) VALUES (1396, 109, 10);
INSERT INTO DegreeClassTopicTranslations(degreeClassTopic, language, description) VALUES (1387, 'PT_PT', 'Introdução à aprendizagem computacional');
INSERT INTO DegreeClassTopicTranslations(degreeClassTopic, language, description) VALUES (1388, 'PT_PT', 'Árvores de decisão');
INSERT INTO DegreeClassTopicTranslations(degreeClassTopic, language, description) VALUES (1389, 'PT_PT', 'Redes Neuronais: arquitecturas básicas');
INSERT INTO DegreeClassTopicTranslations(degreeClassTopic, language, description) VALUES (1390, 'PT_PT', 'Redes Multicamada e aprendizagem por retropropagação');
INSERT INTO DegreeClassTopicTranslations(degreeClassTopic, language, description) VALUES (1391, 'PT_PT', 'Redes RBF (Radial Basis Function). Algoritmos de treino');
INSERT INTO DegreeClassTopicTranslations(degreeClassTopic, language, description) VALUES (1392, 'PT_PT', 'Arquitecturas avançadas de redes neuronais: redes recurrentes e aprendizagem em tempo real');
INSERT INTO DegreeClassTopicTranslations(degreeClassTopic, language, description) VALUES (1393, 'PT_PT', 'Lógica difusa e conjuntos difusos. Relações difusas, princípio da extensão de Zadeh');
INSERT INTO DegreeClassTopicTranslations(degreeClassTopic, language, description) VALUES (1394, 'PT_PT', 'Sistemas Difusos baseados em regras, de tipos Mamdani e Sugeno. Aprendizagem de regras difusas: técnicas de clustering');
INSERT INTO DegreeClassTopicTranslations(degreeClassTopic, language, description) VALUES (1395, 'PT_PT', 'Sistemas Neuro-difusos: a arquitectura ANFIS e seu treino.Aplicações');
INSERT INTO DegreeClassTopicTranslations(degreeClassTopic, language, description) VALUES (1396, 'PT_PT', 'Máquinas de Vectores de Suporte');
INSERT INTO DegreeClassTopicTranslations(degreeClassTopic, language, description) VALUES (1387, 'EN_UK', 'Introduction to Computational Intelligence');
INSERT INTO DegreeClassTopicTranslations(degreeClassTopic, language, description) VALUES (1388, 'EN_UK', 'Decision Trees');
INSERT INTO DegreeClassTopicTranslations(degreeClassTopic, language, description) VALUES (1389, 'EN_UK', 'Neural Networks: Basic Architectures');
INSERT INTO DegreeClassTopicTranslations(degreeClassTopic, language, description) VALUES (1390, 'EN_UK', 'Multilayer Networks and Backpropagation Learning');
INSERT INTO DegreeClassTopicTranslations(degreeClassTopic, language, description) VALUES (1391, 'EN_UK', 'Radial Basis Function (RBF) Networks. Training Algorithms');
INSERT INTO DegreeClassTopicTranslations(degreeClassTopic, language, description) VALUES (1392, 'EN_UK', 'Advanced Neural Network Architectures: Recurrent Networks and Real-Time Learning');
INSERT INTO DegreeClassTopicTranslations(degreeClassTopic, language, description) VALUES (1393, 'EN_UK', 'Fuzzy Logic and Fuzzy Sets. Fuzzy Relations, Zadeh''s Extension Principle');
INSERT INTO DegreeClassTopicTranslations(degreeClassTopic, language, description) VALUES (1394, 'EN_UK', 'Rule-Based Fuzzy Systems, Mamdani and Sugeno Types. Fuzzy Rule Learning: Clustering Techniques');
INSERT INTO DegreeClassTopicTranslations(degreeClassTopic, language, description) VALUES (1395, 'EN_UK', 'Neuro-Fuzzy Systems: The ANFIS Architecture and Its Training. Applications');
INSERT INTO DegreeClassTopicTranslations(degreeClassTopic, language, description) VALUES (1396, 'EN_UK', 'Support Vector Machines');

INSERT INTO DegreeClasses(id, year, semester, ects , isOptional, degree) VALUES (110, 4, 1, 6, true, 2);
INSERT INTO DegreeClassTranslations(degreeClass, language, name, description) VALUES  (110, 'PT_PT', 'Inteligência Artificial' , 'Fornecer aos estudantes conceitos, princípios e teorias avançadas necessárias para o desenvolvimento de aplicações reais envolvendo agentes ou sistemas com capacidades de raciocínio, comportamento e interação com os seus ambientes de forma inteligente.');
INSERT INTO DegreeClassTopics(id, degreeClass, ordering) VALUES (1397, 110, 1);
INSERT INTO DegreeClassTopics(id, degreeClass, ordering) VALUES (1398, 110, 2);
INSERT INTO DegreeClassTopics(id, degreeClass, ordering) VALUES (1399, 110, 3);
INSERT INTO DegreeClassTopics(id, degreeClass, ordering) VALUES (1400, 110, 4);
INSERT INTO DegreeClassTopics(id, degreeClass, ordering) VALUES (1401, 110, 5);
INSERT INTO DegreeClassTopics(id, degreeClass, ordering) VALUES (1402, 110, 6);
INSERT INTO DegreeClassTopics(id, degreeClass, ordering) VALUES (1403, 110, 7);
INSERT INTO DegreeClassTopics(id, degreeClass, ordering) VALUES (1404, 110, 8);
INSERT INTO DegreeClassTopics(id, degreeClass, ordering) VALUES (1405, 110, 9);
INSERT INTO DegreeClassTopics(id, degreeClass, ordering) VALUES (1406, 110, 10);
INSERT INTO DegreeClassTopics(id, degreeClass, ordering) VALUES (1407, 110, 11);
INSERT INTO DegreeClassTopics(id, degreeClass, ordering) VALUES (1408, 110, 12);
INSERT INTO DegreeClassTopics(id, degreeClass, ordering) VALUES (1409, 110, 13);
INSERT INTO DegreeClassTopics(id, degreeClass, ordering) VALUES (1410, 110, 14);
INSERT INTO DegreeClassTopics(id, degreeClass, ordering) VALUES (1411, 110, 15);
INSERT INTO DegreeClassTopicTranslations(degreeClassTopic, language, description) VALUES (1397, 'PT_PT', 'Lógica para Representação de Conhecimento e Raciocínio');
INSERT INTO DegreeClassTopicTranslations(degreeClassTopic, language, description) VALUES (1398, 'PT_PT', 'Formalismos lógicos para representação de conhecimento: lógica proposicional; lógica de predicados de primeira ordem; lógica de omissão; lógicas descritivas; ontologias e taxonomias');
INSERT INTO DegreeClassTopicTranslations(degreeClassTopic, language, description) VALUES (1399, 'PT_PT', 'Raciocínio lógico: satisfatibilidade, dedução crédula e céptica');
INSERT INTO DegreeClassTopicTranslations(degreeClassTopic, language, description) VALUES (1400, 'PT_PT', 'Programação em lógica');
INSERT INTO DegreeClassTopicTranslations(degreeClassTopic, language, description) VALUES (1401, 'PT_PT', 'Agentes e ambientes; taxonomia de agentes');
INSERT INTO DegreeClassTopicTranslations(degreeClassTopic, language, description) VALUES (1402, 'PT_PT', 'Arquitectura BDI: crenças, desejos e intenções');
INSERT INTO DegreeClassTopicTranslations(degreeClassTopic, language, description) VALUES (1403, 'PT_PT', 'Emoções e computação afectiva em agentes');
INSERT INTO DegreeClassTopicTranslations(degreeClassTopic, language, description) VALUES (1404, 'PT_PT', 'Estabelecimento de acordos: negociação e argumentação');
INSERT INTO DegreeClassTopicTranslations(degreeClassTopic, language, description) VALUES (1405, 'PT_PT', 'Trabalho conjunto: cooperação e coordenação');
INSERT INTO DegreeClassTopicTranslations(degreeClassTopic, language, description) VALUES (1406, 'PT_PT', 'Engenharia de software orientada ao agente');
INSERT INTO DegreeClassTopicTranslations(degreeClassTopic, language, description) VALUES (1407, 'PT_PT', 'Normas FIPA');
INSERT INTO DegreeClassTopicTranslations(degreeClassTopic, language, description) VALUES (1408, 'PT_PT', 'Quantificação de incerteza');
INSERT INTO DegreeClassTopicTranslations(degreeClassTopic, language, description) VALUES (1409, 'PT_PT', 'Abordagens ao raciocínio com incerteza: raciocínio probabilístico e lógica de omissão');
INSERT INTO DegreeClassTopicTranslations(degreeClassTopic, language, description) VALUES (1410, 'PT_PT', 'Raciocínio probabilístico com dimensão temporal');
INSERT INTO DegreeClassTopicTranslations(degreeClassTopic, language, description) VALUES (1411, 'PT_PT', 'Decisão: decisões unitárias, decisões sequenciais/planeamento, planeamento com incerteza');
INSERT INTO DegreeClassTopicTranslations(degreeClassTopic, language, description) VALUES (1397, 'EN_UK', 'Logic for Knowledge Representation and Reasoning');
INSERT INTO DegreeClassTopicTranslations(degreeClassTopic, language, description) VALUES (1398, 'EN_UK', 'Logical Formalisms for Knowledge Representation: Propositional Logic; First-Order Predicate Logic; Default Logic; Description Logics; Ontologies and Taxonomies');
INSERT INTO DegreeClassTopicTranslations(degreeClassTopic, language, description) VALUES (1399, 'EN_UK', 'Logical Reasoning: Satisfiability, Credulous and Skeptical Deduction');
INSERT INTO DegreeClassTopicTranslations(degreeClassTopic, language, description) VALUES (1400, 'EN_UK', 'Logic Programming');
INSERT INTO DegreeClassTopicTranslations(degreeClassTopic, language, description) VALUES (1401, 'EN_UK', 'Agents and Environments; Agent Taxonomy');
INSERT INTO DegreeClassTopicTranslations(degreeClassTopic, language, description) VALUES (1402, 'EN_UK', 'BDI Architecture: Beliefs, Desires, and Intentions');
INSERT INTO DegreeClassTopicTranslations(degreeClassTopic, language, description) VALUES (1403, 'EN_UK', 'Emotions and Affective Computing in Agents');
INSERT INTO DegreeClassTopicTranslations(degreeClassTopic, language, description) VALUES (1404, 'EN_UK', 'Agreement Establishment: Negotiation and Argumentation');
INSERT INTO DegreeClassTopicTranslations(degreeClassTopic, language, description) VALUES (1405, 'EN_UK', 'Joint Work: Cooperation and Coordination');
INSERT INTO DegreeClassTopicTranslations(degreeClassTopic, language, description) VALUES (1406, 'EN_UK', 'Agent-Oriented Software Engineering');
INSERT INTO DegreeClassTopicTranslations(degreeClassTopic, language, description) VALUES (1407, 'EN_UK', 'FIPA Standards');
INSERT INTO DegreeClassTopicTranslations(degreeClassTopic, language, description) VALUES (1408, 'EN_UK', 'Uncertainty Quantification');
INSERT INTO DegreeClassTopicTranslations(degreeClassTopic, language, description) VALUES (1409, 'EN_UK', 'Approaches to Reasoning with Uncertainty: Probabilistic Reasoning and Default Logic');
INSERT INTO DegreeClassTopicTranslations(degreeClassTopic, language, description) VALUES (1410, 'EN_UK', 'Probabilistic Reasoning with Time Dimension');
INSERT INTO DegreeClassTopicTranslations(degreeClassTopic, language, description) VALUES (1411, 'EN_UK', 'Decision Making: Single Decisions, Sequential Decisions/Planning, Planning with Uncertainty');

INSERT INTO DegreeClasses(id, year, semester, ects , isOptional, degree) VALUES (111, 4, 1, 6, true, 2);
INSERT INTO DegreeClassTranslations(degreeClass, language, name, description) VALUES  (111, 'PT_PT', 'Arquitectura de Empresas' , 'Uma arquitectura de empresa tenta descrever e controlar a estrutura de uma organização, processos, aplicações e sistemas de forma integrada. A especificação não ambígua dos componentes e das suas relações numa arquitectura requer uma linguagem de modelação coerente. Tal linguagem deve permitir a modelação integrada de vários domínios da arquitectura e deve ser analisada por pessoas de TI e por pessoas com um background empresarial. Nesta unidade curricular, apresentamos uma linguagem de modelação de empresas que capta a complexidade dos domínios de uma arquitectura, as suas relações e permite a construção de modelos integrados. A linguagem fornece aos arquitectos instrumentos concretos para que possam melhorar as suas práticas arquitectónicas.');
INSERT INTO DegreeClassTopics(id, degreeClass, ordering) VALUES (1412, 111, 1);
INSERT INTO DegreeClassTopics(id, degreeClass, ordering) VALUES (1413, 111, 2);
INSERT INTO DegreeClassTopics(id, degreeClass, ordering) VALUES (1414, 111, 3);
INSERT INTO DegreeClassTopics(id, degreeClass, ordering) VALUES (1415, 111, 4);
INSERT INTO DegreeClassTopics(id, degreeClass, ordering) VALUES (1416, 111, 5);
INSERT INTO DegreeClassTopics(id, degreeClass, ordering) VALUES (1417, 111, 6);
INSERT INTO DegreeClassTopics(id, degreeClass, ordering) VALUES (1418, 111, 7);
INSERT INTO DegreeClassTopicTranslations(degreeClassTopic, language, description) VALUES (1412, 'PT_PT', 'Introdução a arquitectura de empresas; O processo de arquitectura; Razões para uma arquitectura da empresa');
INSERT INTO DegreeClassTopicTranslations(degreeClassTopic, language, description) VALUES (1413, 'PT_PT', 'Estado da arte - Arquitectura de empresas, outros instrumentos de governança; métodos e estruturas; Linguagens de modelação; Arquitectura orientadas a serviços');
INSERT INTO DegreeClassTopicTranslations(degreeClassTopic, language, description) VALUES (1414, 'PT_PT', 'Fundações - Complexidade arquitectónica; Descrição de arquitecturas de empresas; Representações, modelos e semântica');
INSERT INTO DegreeClassTopicTranslations(degreeClassTopic, language, description) VALUES (1415, 'PT_PT', 'Modelação de empresas - Orientação a serviços e camadas; Três dimensões de modelação; Conceitos da camada de negócio; da camada de aplicações; da camada de tecnologia; Relações');
INSERT INTO DegreeClassTopicTranslations(degreeClassTopic, language, description) VALUES (1416, 'PT_PT', 'Pontos de vista e visualização - arquitectura; Modelos, vistas e visualização; Visualização e interacção; Criação, selecção e uso de pontos de vista');
INSERT INTO DegreeClassTopicTranslations(degreeClassTopic, language, description) VALUES (1417, 'PT_PT', 'Ferramentas de suporte - Necessidades de ferramentas para arquitectura de empresas; Ferramentas disponíveis; Workbench para arquitectura de empresas; Ferramenta de desenho de vistas; Ferramenta de análise do impacto de mudanças');
INSERT INTO DegreeClassTopicTranslations(degreeClassTopic, language, description) VALUES (1418, 'PT_PT', 'Casos de estudo');
INSERT INTO DegreeClassTopicTranslations(degreeClassTopic, language, description) VALUES (1412, 'EN_UK', 'Introduction to Enterprise Architecture; The Architecture Process; Reasons for an Enterprise Architecture');
INSERT INTO DegreeClassTopicTranslations(degreeClassTopic, language, description) VALUES (1413, 'EN_UK', 'State of the Art - Enterprise Architecture, Other Governance Tools; Methods and Structures; Modeling Languages; Service-Oriented Architecture');
INSERT INTO DegreeClassTopicTranslations(degreeClassTopic, language, description) VALUES (1414, 'EN_UK', 'Foundations - Architectural Complexity; Describing Enterprise Architectures; Representations, Models, and Semantics');
INSERT INTO DegreeClassTopicTranslations(degreeClassTopic, language, description) VALUES (1415, 'EN_UK', 'Enterprise Modeling - Service Orientation and Layers; Three Dimensions of Modeling; Concepts of the Business Layer; of the Application Layer; of the Technology Layer; Relationships');
INSERT INTO DegreeClassTopicTranslations(degreeClassTopic, language, description) VALUES (1416, 'EN_UK', 'Viewpoints and Visualization - Architecture; Models, Views, and Visualization; Visualization and Interaction; Creation, Selection, and Use of Viewpoints');
INSERT INTO DegreeClassTopicTranslations(degreeClassTopic, language, description) VALUES (1417, 'EN_UK', 'Supporting Tools - Needs for Enterprise Architecture Tools; Available Tools; Enterprise Architecture Workbench; View Drawing Tool; Change Impact Analysis Tool');
INSERT INTO DegreeClassTopicTranslations(degreeClassTopic, language, description) VALUES (1418, 'EN_UK', 'Case Studies');

INSERT INTO DegreeClasses(id, year, semester, ects , isOptional, degree) VALUES (112, 4, 1, 6, true, 2);
INSERT INTO DegreeClassTranslations(degreeClass, language, name, description) VALUES  (112, 'PT_PT', 'Gestão de Sistemas de Informação' , 'Esta unidade curricular explica aos alunos os principais conceitos, princípios e metodologias necessárias para gerir SI em organizações. A unidade também fornece competências necessárias em síntese, comunicação escrita, resolução de problemas, raciocínio crítico e aplicação prática de conhecimento em áreas como governação de IT, governação de Big Data, e metodologias de gestão, tais como o ITIL e o COBIT.');
INSERT INTO DegreeClassTopics(id, degreeClass, ordering) VALUES (1419, 112, 1);
INSERT INTO DegreeClassTopics(id, degreeClass, ordering) VALUES (1420, 112, 2);
INSERT INTO DegreeClassTopics(id, degreeClass, ordering) VALUES (1421, 112, 3);
INSERT INTO DegreeClassTopics(id, degreeClass, ordering) VALUES (1422, 112, 4);
INSERT INTO DegreeClassTopics(id, degreeClass, ordering) VALUES (1423, 112, 5);
INSERT INTO DegreeClassTopics(id, degreeClass, ordering) VALUES (1424, 112, 6);
INSERT INTO DegreeClassTopics(id, degreeClass, ordering) VALUES (1425, 112, 7);
INSERT INTO DegreeClassTopicTranslations(degreeClassTopic, language, description) VALUES (1419, 'PT_PT', 'Evolução dos sistemas de informação; tipos de sistemas de informação; integração de sistemas; gestão de sistemas');
INSERT INTO DegreeClassTopicTranslations(degreeClassTopic, language, description) VALUES (1420, 'PT_PT', 'Conceitos de governação de TI: Alinhamento estratégico; geração de valor; gestão de riscos; gestão de recursos; medição de desempenho');
INSERT INTO DegreeClassTopicTranslations(degreeClassTopic, language, description) VALUES (1421, 'PT_PT', 'Processos empresarias; integração de departamentos verticais; sistemas ERP; casos de estudo');
INSERT INTO DegreeClassTopicTranslations(degreeClassTopic, language, description) VALUES (1422, 'PT_PT', 'Governação de Big Data: Tipos de dados; ciclo de vida; privacidade; qualidade');
INSERT INTO DegreeClassTopicTranslations(degreeClassTopic, language, description) VALUES (1423, 'PT_PT', 'Gestão de serviços: Melhores práticas; estratégia de serviços; design de serviços; operação de serviços; transição de serviços; melhoria de serviços; ITIL');
INSERT INTO DegreeClassTopicTranslations(degreeClassTopic, language, description) VALUES (1424, 'PT_PT', 'Sistemas de serviços: Planos de serviços; arquitecturas de serviços; linguagens de descrição de serviços, redes de serviços');
INSERT INTO DegreeClassTopicTranslations(degreeClassTopic, language, description) VALUES (1425, 'PT_PT', 'Controlo e monitorização: Interligação da estratégia às operações; processos críticos; principais indicadores de desempenho; COBIT');
INSERT INTO DegreeClassTopicTranslations(degreeClassTopic, language, description) VALUES (1419, 'EN_UK', 'Evolution of Information Systems; Types of Information Systems; Systems Integration; Systems Management');
INSERT INTO DegreeClassTopicTranslations(degreeClassTopic, language, description) VALUES (1420, 'EN_UK', 'IT Governance Concepts: Strategic Alignment; Value Generation; Risk Management; Resource Management; Performance Measurement');
INSERT INTO DegreeClassTopicTranslations(degreeClassTopic, language, description) VALUES (1421, 'EN_UK', 'Business Processes; Vertical Departmental Integration; ERP Systems; Case Studies');
INSERT INTO DegreeClassTopicTranslations(degreeClassTopic, language, description) VALUES (1422, 'EN_UK', 'Big Data Governance: Data Types; Lifecycle; Privacy; Quality');
INSERT INTO DegreeClassTopicTranslations(degreeClassTopic, language, description) VALUES (1423, 'EN_UK', 'Service Management: Best Practices; Service Strategy; Service Design; Service Operation; Service Transition; Service Improvement; ITIL');
INSERT INTO DegreeClassTopicTranslations(degreeClassTopic, language, description) VALUES (1424, 'EN_UK', 'Service Systems: Service Plans; Service Architectures; Service Description Languages, Service Networks');
INSERT INTO DegreeClassTopicTranslations(degreeClassTopic, language, description) VALUES (1425, 'EN_UK', 'Control and Monitoring: Linking Strategy to Operations; Critical Processes; Key Performance Indicators; COBIT');

INSERT INTO DegreeClasses(id, year, semester, ects , isOptional, degree) VALUES (113, 4, 2, 6, false, 2);
INSERT INTO DegreeClassTranslations(degreeClass, language, name, description) VALUES  (113, 'PT_PT', 'Segurança em Tecnologias da Informação' , 'Esta UC pretende dotar os alunos das capacidades técnicas para administração da segurança em TI. Aspectos de sistemas de comunicação, redes informáticas, sistemas de informação organizacionais e sistemas distribuídos. Compreender o conjunto de métodos e ferramentas para a realização das tarefas associadas a um especialista em Segurança em TI.');
INSERT INTO DegreeClassTopics(id, degreeClass, ordering) VALUES (1426, 113, 1);
INSERT INTO DegreeClassTopics(id, degreeClass, ordering) VALUES (1427, 113, 2);
INSERT INTO DegreeClassTopics(id, degreeClass, ordering) VALUES (1428, 113, 3);
INSERT INTO DegreeClassTopics(id, degreeClass, ordering) VALUES (1429, 113, 4);
INSERT INTO DegreeClassTopics(id, degreeClass, ordering) VALUES (1430, 113, 5);
INSERT INTO DegreeClassTopics(id, degreeClass, ordering) VALUES (1431, 113, 6);
INSERT INTO DegreeClassTopics(id, degreeClass, ordering) VALUES (1432, 113, 7);
INSERT INTO DegreeClassTopicTranslations(degreeClassTopic, language, description) VALUES (1426, 'PT_PT', 'Aspectos fundamentais');
INSERT INTO DegreeClassTopicTranslations(degreeClassTopic, language, description) VALUES (1427, 'PT_PT', 'Segurança em sistemas de comunicação');
INSERT INTO DegreeClassTopicTranslations(degreeClassTopic, language, description) VALUES (1428, 'PT_PT', 'Segurança em sistemas de informação');
INSERT INTO DegreeClassTopicTranslations(degreeClassTopic, language, description) VALUES (1429, 'PT_PT', 'Segurança na Internet');
INSERT INTO DegreeClassTopicTranslations(degreeClassTopic, language, description) VALUES (1430, 'PT_PT', 'Segurança em comércio e transacções electrónicas');
INSERT INTO DegreeClassTopicTranslations(degreeClassTopic, language, description) VALUES (1431, 'PT_PT', 'Controlo de acesso e detecção e prevenção de intrusões');
INSERT INTO DegreeClassTopicTranslations(degreeClassTopic, language, description) VALUES (1432, 'PT_PT', 'Auditorias de segurança e aspectos organizacionais.');
INSERT INTO DegreeClassTopicTranslations(degreeClassTopic, language, description) VALUES (1426, 'EN_UK', 'Fundamentals');
INSERT INTO DegreeClassTopicTranslations(degreeClassTopic, language, description) VALUES (1427, 'EN_UK', 'Security in Communication Systems');
INSERT INTO DegreeClassTopicTranslations(degreeClassTopic, language, description) VALUES (1428, 'EN_UK', 'Security in Information Systems');
INSERT INTO DegreeClassTopicTranslations(degreeClassTopic, language, description) VALUES (1429, 'EN_UK', 'Internet Security');
INSERT INTO DegreeClassTopicTranslations(degreeClassTopic, language, description) VALUES (1430, 'EN_UK', 'Security in Electronic Commerce and Transactions');
INSERT INTO DegreeClassTopicTranslations(degreeClassTopic, language, description) VALUES (1431, 'EN_UK', 'Access Control and Intrusion Detection and Prevention');
INSERT INTO DegreeClassTopicTranslations(degreeClassTopic, language, description) VALUES (1432, 'EN_UK', 'Security Audits and Organizational Aspects.');

INSERT INTO DegreeClasses(id, year, semester, ects , isOptional, degree) VALUES (114, 4, 2, 6, true, 2);
INSERT INTO DegreeClassTranslations(degreeClass, language, name, description) VALUES  (114, 'PT_PT', 'Gestão de Infra-estruturas e Serviços na Internet' , 'Os objectivos centrais da disciplina são a abordagem teórica e prática à temática de gestão de infra-estruturas informáticas, incluindo o planeamento e gestão dos serviços de rede que integram e/ou dão suporte a essas infra-estruturas, o suporte ás operações e manutenção dessas infra-estruturas (planeamento, monitorização, gestão de falhas, gestão de níveis de serviço, AAA, etc.), os protocolos de suporte à gestão de redes e serviços informáticos, e a administração de serviços e infra-estruturas informáticas em ambientes virtualizados e/ou instalados em ambientes cloud.');
INSERT INTO DegreeClassTopics(id, degreeClass, ordering) VALUES (1433, 114, 1);
INSERT INTO DegreeClassTopics(id, degreeClass, ordering) VALUES (1434, 114, 2);
INSERT INTO DegreeClassTopics(id, degreeClass, ordering) VALUES (1435, 114, 3);
INSERT INTO DegreeClassTopics(id, degreeClass, ordering) VALUES (1436, 114, 4);
INSERT INTO DegreeClassTopicTranslations(degreeClassTopic, language, description) VALUES (1433, 'PT_PT', 'Planeamento e manutenção de Serviços de Rede');
INSERT INTO DegreeClassTopicTranslations(degreeClassTopic, language, description) VALUES (1434, 'PT_PT', 'Operações e Manutenção de Infra-estruturas Informáticas');
INSERT INTO DegreeClassTopicTranslations(degreeClassTopic, language, description) VALUES (1435, 'PT_PT', 'Protocolos de Gestão de Redes e Serviços');
INSERT INTO DegreeClassTopicTranslations(degreeClassTopic, language, description) VALUES (1436, 'PT_PT', 'Administração de Infra-estruturas Virtualizadas e Cloud-sourced');
INSERT INTO DegreeClassTopicTranslations(degreeClassTopic, language, description) VALUES (1433, 'EN_UK', 'Planning and Maintenance of Network Services');
INSERT INTO DegreeClassTopicTranslations(degreeClassTopic, language, description) VALUES (1434, 'EN_UK', 'Operations and Maintenance of Computer Infrastructures');
INSERT INTO DegreeClassTopicTranslations(degreeClassTopic, language, description) VALUES (1435, 'EN_UK', 'Network and Service Management Protocols');
INSERT INTO DegreeClassTopicTranslations(degreeClassTopic, language, description) VALUES (1436, 'EN_UK', 'Administration of Virtualized and Cloud-Sourced Infrastructures');

INSERT INTO DegreeClasses(id, year, semester, ects , isOptional, degree) VALUES (115, 4, 2, 6, true, 2);
INSERT INTO DegreeClassTranslations(degreeClass, language, name, description) VALUES  (115, 'PT_PT', 'Modelação e Desempenho de Redes' , 'O objectivo principal da disciplina é o estudo de metodologias para a modelação e avaliação do desempenho de redes de comunicação. A disciplina aborda os fundamentos da teoria das probabilidades e dos processos estocásticos na perspectiva da modelação e análise de desempenho das redes de comunicação. De forma complementar, a disciplina aborda metodologias de simulação para avaliação de desempenho de sistemas de comunicação.');
INSERT INTO DegreeClassTopics(id, degreeClass, ordering) VALUES (1437, 115, 1);
INSERT INTO DegreeClassTopics(id, degreeClass, ordering) VALUES (1438, 115, 2);
INSERT INTO DegreeClassTopics(id, degreeClass, ordering) VALUES (1439, 115, 3);
INSERT INTO DegreeClassTopics(id, degreeClass, ordering) VALUES (1440, 115, 4);
INSERT INTO DegreeClassTopics(id, degreeClass, ordering) VALUES (1441, 115, 5);
INSERT INTO DegreeClassTopicTranslations(degreeClassTopic, language, description) VALUES (1437, 'PT_PT', 'Metodologias de avaliação de desempenho de sistemas de comunicação');
INSERT INTO DegreeClassTopicTranslations(degreeClassTopic, language, description) VALUES (1438, 'PT_PT', 'Modelação por simulação de sistemas de comunicação: objectivos, requisitos e abordagens; criação de modelos de simulação de componentes de sistemas de comunicação; validação, análise e apresentação de resultados');
INSERT INTO DegreeClassTopicTranslations(degreeClassTopic, language, description) VALUES (1439, 'PT_PT', 'Técnicas de classificação e caracterização de tráfego: classificação por inspecção e por análise estatística; parâmetros de caracterização de tráfego');
INSERT INTO DegreeClassTopicTranslations(degreeClassTopic, language, description) VALUES (1440, 'PT_PT', 'Modelação analítica de sistemas de comunicação: modelos analíticos de ligações e de tráfego; teoria de filas aplicada à modelação de componentes de sistemas de comunicação');
INSERT INTO DegreeClassTopicTranslations(degreeClassTopic, language, description) VALUES (1441, 'PT_PT', 'Avaliação de desempenho de sistemas reais: protótipos e redes em produção');
INSERT INTO DegreeClassTopicTranslations(degreeClassTopic, language, description) VALUES (1437, 'EN_UK', 'Performance Evaluation Methodologies for Communication Systems');
INSERT INTO DegreeClassTopicTranslations(degreeClassTopic, language, description) VALUES (1438, 'EN_UK', 'Simulation Modeling of Communication Systems: Objectives, Requirements, and Approaches; Creation of Simulation Models of Communication System Components; Validation, Analysis, and Presentation of Results');
INSERT INTO DegreeClassTopicTranslations(degreeClassTopic, language, description) VALUES (1439, 'EN_UK', 'Traffic Classification and Characterization Techniques: Classification by Inspection and by Statistical Analysis; Traffic Characterization Parameters');
INSERT INTO DegreeClassTopicTranslations(degreeClassTopic, language, description) VALUES (1440, 'EN_UK', 'Analytical Modeling of Communication Systems: Analytical Models of Links and Traffic; Queueing Theory Applied to the Modeling of Communication System Components');
INSERT INTO DegreeClassTopicTranslations(degreeClassTopic, language, description) VALUES (1441, 'EN_UK', 'Performance Evaluation of Real Systems: Prototypes and Production Networks');

INSERT INTO DegreeClasses(id, year, semester, ects , isOptional, degree) VALUES (116, 4, 2, 6, true, 2);
INSERT INTO DegreeClassTranslations(degreeClass, language, name, description) VALUES  (116, 'PT_PT', 'Arquitectura de Software' , 'Após a conclusão desta unidade curricular, os alunos deverão:\n - ser capazes de descrever uma arquitectura com precisão;\n - reconhecer os principais estilos arquitecturais existentes em sistemas de software;\n - propor alternativas de arquitectura para um problema, e escolher entre eles;\n - ter as competências necessárias para a construção de um sistema de software de dimensão média que satisfaça uma especificação de arquitectura;\n - usar as ferramentas de desenvolvimento correctas para acelerar essas tarefas;\n - compreender a definição formal de uma arquitectura e ser capaz de raciocinar sobre as suas propriedades;\n - usar o conhecimento de domínio para especializar uma arquitectura para uma determinada família de aplicações.');
INSERT INTO DegreeClassTopics(id, degreeClass, ordering) VALUES (1442, 116, 1);
INSERT INTO DegreeClassTopics(id, degreeClass, ordering) VALUES (1443, 116, 2);
INSERT INTO DegreeClassTopics(id, degreeClass, ordering) VALUES (1444, 116, 3);
INSERT INTO DegreeClassTopics(id, degreeClass, ordering) VALUES (1445, 116, 4);
INSERT INTO DegreeClassTopics(id, degreeClass, ordering) VALUES (1446, 116, 5);
INSERT INTO DegreeClassTopics(id, degreeClass, ordering) VALUES (1447, 116, 6);
INSERT INTO DegreeClassTopics(id, degreeClass, ordering) VALUES (1448, 116, 7);
INSERT INTO DegreeClassTopics(id, degreeClass, ordering) VALUES (1449, 116, 8);
INSERT INTO DegreeClassTopics(id, degreeClass, ordering) VALUES (1450, 116, 9);
INSERT INTO DegreeClassTopics(id, degreeClass, ordering) VALUES (1451, 116, 10);
INSERT INTO DegreeClassTopicTranslations(degreeClassTopic, language, description) VALUES (1442, 'PT_PT', 'Conceitos base de Arquitectura de Software (AS): o papel da AS no desenvolvimento de software');
INSERT INTO DegreeClassTopicTranslations(degreeClassTopic, language, description) VALUES (1443, 'PT_PT', 'Principais estilos e padrões arquitecturais em software');
INSERT INTO DegreeClassTopicTranslations(degreeClassTopic, language, description) VALUES (1444, 'PT_PT', 'Análise de requisitos de software e o seu papel na construção e avaliação de uma Arquitectura');
INSERT INTO DegreeClassTopicTranslations(degreeClassTopic, language, description) VALUES (1445, 'PT_PT', 'Desenho de uma AS: criação, fundamentação e selecção de alternativas arquitecturais');
INSERT INTO DegreeClassTopicTranslations(degreeClassTopic, language, description) VALUES (1446, 'PT_PT', 'Reutilização de software: estratégias para reutilização de software e avaliação do seu impacto na AS. O recurso a COTS e a middleware numa Arquitectura');
INSERT INTO DegreeClassTopicTranslations(degreeClassTopic, language, description) VALUES (1447, 'PT_PT', 'Notações formais para a especificação e análise de Arquitectura de Software');
INSERT INTO DegreeClassTopicTranslations(degreeClassTopic, language, description) VALUES (1448, 'PT_PT', 'Documentação de uma Arquitectura de Software');
INSERT INTO DegreeClassTopicTranslations(degreeClassTopic, language, description) VALUES (1449, 'PT_PT', 'Implementação de uma Arquitectura de Software: design detalhado e design patterns');
INSERT INTO DegreeClassTopicTranslations(degreeClassTopic, language, description) VALUES (1450, 'PT_PT', 'Avaliação de uma Arquitectura de Software: respeito pelos requisitos do software e a gestão de compromissos entre atributos de qualidade');
INSERT INTO DegreeClassTopicTranslations(degreeClassTopic, language, description) VALUES (1451, 'PT_PT', 'Consideração de tendências futuras do software e o seu impacto nas Arquitectura de Software');
INSERT INTO DegreeClassTopicTranslations(degreeClassTopic, language, description) VALUES (1442, 'EN_UK', 'Basic Concepts of Software Architecture (SA): the role of SA in software development');
INSERT INTO DegreeClassTopicTranslations(degreeClassTopic, language, description) VALUES (1443, 'EN_UK', 'Main Architectural Styles and Patterns in Software');
INSERT INTO DegreeClassTopicTranslations(degreeClassTopic, language, description) VALUES (1444, 'EN_UK', 'Software Requirements Analysis and its Role in Building and Evaluating an Architecture');
INSERT INTO DegreeClassTopicTranslations(degreeClassTopic, language, description) VALUES (1445, 'EN_UK', 'Designing an SA: creating, justifying, and selecting architectural alternatives');
INSERT INTO DegreeClassTopicTranslations(degreeClassTopic, language, description) VALUES (1446, 'EN_UK', 'Software Reuse: strategies for software reuse and assessing its impact on SA. The use of COTS and middleware in an Architecture');
INSERT INTO DegreeClassTopicTranslations(degreeClassTopic, language, description) VALUES (1447, 'EN_UK', 'Formal Notations for the Specification and Analysis of Software Architecture');
INSERT INTO DegreeClassTopicTranslations(degreeClassTopic, language, description) VALUES (1448, 'EN_UK', 'Documenting a Software Architecture');
INSERT INTO DegreeClassTopicTranslations(degreeClassTopic, language, description) VALUES (1449, 'EN_UK', 'Implementing a Software Architecture: detailed design and design patterns');
INSERT INTO DegreeClassTopicTranslations(degreeClassTopic, language, description) VALUES (1450, 'EN_UK', 'Evaluating a Software Architecture: compliance with software requirements and managing trade-offs between quality attributes');
INSERT INTO DegreeClassTopicTranslations(degreeClassTopic, language, description) VALUES (1451, 'EN_UK', 'Considering Future Software Trends and their Impact on Software Architecture');

INSERT INTO DegreeClasses(id, year, semester, ects , isOptional, degree) VALUES (117, 4, 2, 6, true, 2);
INSERT INTO DegreeClassTranslations(degreeClass, language, name, description) VALUES  (117, 'PT_PT', 'Qualidade e Confiabilidade de Software' , 'Esta unidade curricular aborda com profundidade as áreas da engenharia de software relacionadas com a verificação, validação e certificação. O objectivo é dotar os alunos com conhecimento abrangente sobre qualidade de software e as actividades técnicas levadas a cabo para assegurar a qualidade e a confiabilidade do software, incluindo análise estática e dinâmica, modelos de desenvolvimento e standards, e certificação de software.');
INSERT INTO DegreeClassTopics(id, degreeClass, ordering) VALUES (1452, 117, 1);
INSERT INTO DegreeClassTopics(id, degreeClass, ordering) VALUES (1453, 117, 2);
INSERT INTO DegreeClassTopics(id, degreeClass, ordering) VALUES (1454, 117, 3);
INSERT INTO DegreeClassTopics(id, degreeClass, ordering) VALUES (1455, 117, 4);
INSERT INTO DegreeClassTopics(id, degreeClass, ordering) VALUES (1456, 117, 5);
INSERT INTO DegreeClassTopics(id, degreeClass, ordering) VALUES (1457, 117, 6);
INSERT INTO DegreeClassTopics(id, degreeClass, ordering) VALUES (1458, 117, 7);
INSERT INTO DegreeClassTopics(id, degreeClass, ordering) VALUES (1459, 117, 8);
INSERT INTO DegreeClassTopics(id, degreeClass, ordering) VALUES (1460, 117, 9);
INSERT INTO DegreeClassTopics(id, degreeClass, ordering) VALUES (1461, 117, 10);
INSERT INTO DegreeClassTopics(id, degreeClass, ordering) VALUES (1462, 117, 11);
INSERT INTO DegreeClassTopics(id, degreeClass, ordering) VALUES (1463, 117, 12);
INSERT INTO DegreeClassTopics(id, degreeClass, ordering) VALUES (1464, 117, 13);
INSERT INTO DegreeClassTopics(id, degreeClass, ordering) VALUES (1465, 117, 14);
INSERT INTO DegreeClassTopics(id, degreeClass, ordering) VALUES (1466, 117, 15);
INSERT INTO DegreeClassTopics(id, degreeClass, ordering) VALUES (1467, 117, 16);
INSERT INTO DegreeClassTopics(id, degreeClass, ordering) VALUES (1468, 117, 17);
INSERT INTO DegreeClassTopics(id, degreeClass, ordering) VALUES (1469, 117, 18);
INSERT INTO DegreeClassTopics(id, degreeClass, ordering) VALUES (1470, 117, 19);
INSERT INTO DegreeClassTopics(id, degreeClass, ordering) VALUES (1471, 117, 20);
INSERT INTO DegreeClassTopics(id, degreeClass, ordering) VALUES (1472, 117, 21);
INSERT INTO DegreeClassTopics(id, degreeClass, ordering) VALUES (1473, 117, 22);
INSERT INTO DegreeClassTopics(id, degreeClass, ordering) VALUES (1474, 117, 23);
INSERT INTO DegreeClassTopicTranslations(degreeClassTopic, language, description) VALUES (1452, 'PT_PT', 'Fundamentos: Qualidade funcional e qualidade estrutural');
INSERT INTO DegreeClassTopicTranslations(degreeClassTopic, language, description) VALUES (1453, 'PT_PT', 'Fundamentos: O valor económico da qualidade');
INSERT INTO DegreeClassTopicTranslations(degreeClassTopic, language, description) VALUES (1454, 'PT_PT', 'Fundamentos: Confiabilidade de software: atributos, ameaças e meios');
INSERT INTO DegreeClassTopicTranslations(degreeClassTopic, language, description) VALUES (1455, 'PT_PT', 'Fundamentos: Prevenção e remoção de defeitos');
INSERT INTO DegreeClassTopicTranslations(degreeClassTopic, language, description) VALUES (1456, 'PT_PT', 'Análise estática e métodos formais: Inspecções e revisões de software');
INSERT INTO DegreeClassTopicTranslations(degreeClassTopic, language, description) VALUES (1457, 'PT_PT', 'Análise estática e métodos formais: Análise estática automática');
INSERT INTO DegreeClassTopicTranslations(degreeClassTopic, language, description) VALUES (1458, 'PT_PT', 'Análise estática e métodos formais: Métodos formais de especificação e verificação');
INSERT INTO DegreeClassTopicTranslations(degreeClassTopic, language, description) VALUES (1459, 'PT_PT', 'Análise estática e métodos formais: Verificação de modelos');
INSERT INTO DegreeClassTopicTranslations(degreeClassTopic, language, description) VALUES (1460, 'PT_PT', 'Teste de software: Testes unitários, testes de integração e testes de sistema');
INSERT INTO DegreeClassTopicTranslations(degreeClassTopic, language, description) VALUES (1461, 'PT_PT', 'Teste de software: Testes black-box e white-box');
INSERT INTO DegreeClassTopicTranslations(degreeClassTopic, language, description) VALUES (1462, 'PT_PT', 'Teste de software: Testes baseados em modelos');
INSERT INTO DegreeClassTopicTranslations(degreeClassTopic, language, description) VALUES (1463, 'PT_PT', 'Teste de software: Critérios de cobertura');
INSERT INTO DegreeClassTopicTranslations(degreeClassTopic, language, description) VALUES (1464, 'PT_PT', 'Teste de software: Tracking de defeitos');
INSERT INTO DegreeClassTopicTranslations(degreeClassTopic, language, description) VALUES (1465, 'PT_PT', 'Teste de software: Verificação de sistemas distribuídos');
INSERT INTO DegreeClassTopicTranslations(degreeClassTopic, language, description) VALUES (1466, 'PT_PT', 'Teste de software: Testes de regressão');
INSERT INTO DegreeClassTopicTranslations(degreeClassTopic, language, description) VALUES (1467, 'PT_PT', 'Modelos e standards de desenvolvimento: Processos de ciclo de vida de software');
INSERT INTO DegreeClassTopicTranslations(degreeClassTopic, language, description) VALUES (1468, 'PT_PT', 'Modelos e standards de desenvolvimento: Qualidade de produtos de software');
INSERT INTO DegreeClassTopicTranslations(degreeClassTopic, language, description) VALUES (1469, 'PT_PT', 'Modelos e standards de desenvolvimento: Desenvolvimento dirigido por testes (TDD)');
INSERT INTO DegreeClassTopicTranslations(degreeClassTopic, language, description) VALUES (1470, 'PT_PT', 'Modelos e standards de desenvolvimento: Programação por contrato');
INSERT INTO DegreeClassTopicTranslations(degreeClassTopic, language, description) VALUES (1471, 'PT_PT', 'Certificação: CMMI (Capability Maturity Model Integration)');
INSERT INTO DegreeClassTopicTranslations(degreeClassTopic, language, description) VALUES (1472, 'PT_PT', 'Certificação: Medição e estimação da qualidade de software');
INSERT INTO DegreeClassTopicTranslations(degreeClassTopic, language, description) VALUES (1473, 'PT_PT', 'Certificação: Verificação e validação');
INSERT INTO DegreeClassTopicTranslations(degreeClassTopic, language, description) VALUES (1474, 'PT_PT', 'Certificação: Garantia de qualidade');
INSERT INTO DegreeClassTopicTranslations(degreeClassTopic, language, description) VALUES (1452, 'EN_UK', 'Fundamentals: Functional and Structural Quality');
INSERT INTO DegreeClassTopicTranslations(degreeClassTopic, language, description) VALUES (1453, 'EN_UK', 'Fundamentals: The Economic Value of Quality');
INSERT INTO DegreeClassTopicTranslations(degreeClassTopic, language, description) VALUES (1454, 'EN_UK', 'Fundamentals: Software Reliability: Attributes, Threats, and Means');
INSERT INTO DegreeClassTopicTranslations(degreeClassTopic, language, description) VALUES (1455, 'EN_UK', 'Fundamentals: Defect Prevention and Removal');
INSERT INTO DegreeClassTopicTranslations(degreeClassTopic, language, description) VALUES (1456, 'EN_UK', 'Static Analysis and Formal Methods: Software Inspections and Reviews');
INSERT INTO DegreeClassTopicTranslations(degreeClassTopic, language, description) VALUES (1457, 'EN_UK', 'Static Analysis and Formal Methods: Automatic Static Analysis');
INSERT INTO DegreeClassTopicTranslations(degreeClassTopic, language, description) VALUES (1458, 'EN_UK', 'Static Analysis and Formal Methods: Formal Specification and Verification Methods');
INSERT INTO DegreeClassTopicTranslations(degreeClassTopic, language, description) VALUES (1459, 'EN_UK', 'Static Analysis and Formal Methods: Model Checking');
INSERT INTO DegreeClassTopicTranslations(degreeClassTopic, language, description) VALUES (1460, 'EN_UK', 'Software Testing: Unit Testing, Integration Testing, and System Testing');
INSERT INTO DegreeClassTopicTranslations(degreeClassTopic, language, description) VALUES (1461, 'EN_UK', 'Software Testing: Black-Box and White-Box Testing');
INSERT INTO DegreeClassTopicTranslations(degreeClassTopic, language, description) VALUES (1462, 'EN_UK', 'Software Testing: Model-Based Testing');
INSERT INTO DegreeClassTopicTranslations(degreeClassTopic, language, description) VALUES (1463, 'EN_UK', 'Software Testing: Coverage Criteria');
INSERT INTO DegreeClassTopicTranslations(degreeClassTopic, language, description) VALUES (1464, 'EN_UK', 'Software Testing: Defect Tracking');
INSERT INTO DegreeClassTopicTranslations(degreeClassTopic, language, description) VALUES (1465, 'EN_UK', 'Software Testing: Testing of Distributed Systems');
INSERT INTO DegreeClassTopicTranslations(degreeClassTopic, language, description) VALUES (1466, 'EN_UK', 'Software Testing: Regression Testing');
INSERT INTO DegreeClassTopicTranslations(degreeClassTopic, language, description) VALUES (1467, 'EN_UK', 'Development Models and Standards: Software Life Cycle Processes');
INSERT INTO DegreeClassTopicTranslations(degreeClassTopic, language, description) VALUES (1468, 'EN_UK', 'Development Models and Standards: Quality of Software Products');
INSERT INTO DegreeClassTopicTranslations(degreeClassTopic, language, description) VALUES (1469, 'EN_UK', 'Development Models and Standards: Test-Driven Development (TDD)');
INSERT INTO DegreeClassTopicTranslations(degreeClassTopic, language, description) VALUES (1470, 'EN_UK', 'Development Models and Standards: Design by Contract');
INSERT INTO DegreeClassTopicTranslations(degreeClassTopic, language, description) VALUES (1471, 'EN_UK', 'Certification: CMMI (Capability Maturity Model Integration)');
INSERT INTO DegreeClassTopicTranslations(degreeClassTopic, language, description) VALUES (1472, 'EN_UK', 'Certification: Measurement and Estimation of Software Quality');
INSERT INTO DegreeClassTopicTranslations(degreeClassTopic, language, description) VALUES (1473, 'EN_UK', 'Certification: Verification and Validation');
INSERT INTO DegreeClassTopicTranslations(degreeClassTopic, language, description) VALUES (1474, 'EN_UK', 'Certification: Quality Assurance');

INSERT INTO DegreeClasses(id, year, semester, ects , isOptional, degree) VALUES (118, 4, 2, 6, true, 2);
INSERT INTO DegreeClassTranslations(degreeClass, language, name, description) VALUES  (118, 'PT_PT', 'Computação Evolucionária' , 'Apresentar, discutir e desenvolver soluções de engenharia de inspiração natural (i.e., biológica, social, física) para problemas de elevada complexidade que, ou não têm solução analítica, ou são computacionalmente intratáveis. Aprender a avaliar de modo rigoroso, i.e., por recurso à estatística, soluções alternativas para os problemas.');
INSERT INTO DegreeClassTopics(id, degreeClass, ordering) VALUES (1475, 118, 1);
INSERT INTO DegreeClassTopics(id, degreeClass, ordering) VALUES (1476, 118, 2);
INSERT INTO DegreeClassTopics(id, degreeClass, ordering) VALUES (1477, 118, 3);
INSERT INTO DegreeClassTopics(id, degreeClass, ordering) VALUES (1478, 118, 4);
INSERT INTO DegreeClassTopics(id, degreeClass, ordering) VALUES (1479, 118, 5);
INSERT INTO DegreeClassTopics(id, degreeClass, ordering) VALUES (1480, 118, 6);
INSERT INTO DegreeClassTopicTranslations(degreeClassTopic, language, description) VALUES (1475, 'PT_PT', 'Introdução: meta-heurísticas e resolução de problemas');
INSERT INTO DegreeClassTopicTranslations(degreeClassTopic, language, description) VALUES (1476, 'PT_PT', 'Sistemas Evolucionários');
INSERT INTO DegreeClassTopicTranslations(degreeClassTopic, language, description) VALUES (1477, 'PT_PT', 'Sistemas Imunes Artificiais');
INSERT INTO DegreeClassTopicTranslations(degreeClassTopic, language, description) VALUES (1478, 'PT_PT', 'Sistemas Baseados em Desenvolvimento');
INSERT INTO DegreeClassTopicTranslations(degreeClassTopic, language, description) VALUES (1479, 'PT_PT', 'Inteligência Colectiva');
INSERT INTO DegreeClassTopicTranslations(degreeClassTopic, language, description) VALUES (1480, 'PT_PT', 'Parametrização e Desempenho');
INSERT INTO DegreeClassTopicTranslations(degreeClassTopic, language, description) VALUES (1475, 'EN_UK', 'Introduction: Metaheuristics and Problem Solving');
INSERT INTO DegreeClassTopicTranslations(degreeClassTopic, language, description) VALUES (1476, 'EN_UK', 'Evolutionary Systems');
INSERT INTO DegreeClassTopicTranslations(degreeClassTopic, language, description) VALUES (1477, 'EN_UK', 'Artificial Immune Systems');
INSERT INTO DegreeClassTopicTranslations(degreeClassTopic, language, description) VALUES (1478, 'EN_UK', 'Development-Based Systems');
INSERT INTO DegreeClassTopicTranslations(degreeClassTopic, language, description) VALUES (1479, 'EN_UK', 'Collective Intelligence');
INSERT INTO DegreeClassTopicTranslations(degreeClassTopic, language, description) VALUES (1480, 'EN_UK', 'Parameterization and Performance');

INSERT INTO DegreeClasses(id, year, semester, ects , isOptional, degree) VALUES (119, 4, 2, 6, true, 2);
INSERT INTO DegreeClassTranslations(degreeClass, language, name, description) VALUES  (119, 'PT_PT', 'Reconhecimento de Padrões' , 'O Reconhecimento de Padrões (RP) estuda a concepção, desenvolvimento e implementação de sistemas capazes de reconhecer padrões nos dados. Esta UC ministra os algoritmos que permitem explorar aplicações de RP, formalizando-as, com modelos analíticos de uso alargado nos mais diversos domínios. Conceitos básicos, modelos e ferramentas para a compreensão e desenho de um SRP.');
INSERT INTO DegreeClassTopics(id, degreeClass, ordering) VALUES (1481, 119, 1);
INSERT INTO DegreeClassTopics(id, degreeClass, ordering) VALUES (1482, 119, 2);
INSERT INTO DegreeClassTopics(id, degreeClass, ordering) VALUES (1483, 119, 3);
INSERT INTO DegreeClassTopics(id, degreeClass, ordering) VALUES (1484, 119, 4);
INSERT INTO DegreeClassTopics(id, degreeClass, ordering) VALUES (1485, 119, 5);
INSERT INTO DegreeClassTopics(id, degreeClass, ordering) VALUES (1486, 119, 6);
INSERT INTO DegreeClassTopics(id, degreeClass, ordering) VALUES (1487, 119, 7);
INSERT INTO DegreeClassTopics(id, degreeClass, ordering) VALUES (1488, 119, 8);
INSERT INTO DegreeClassTopicTranslations(degreeClassTopic, language, description) VALUES (1481, 'PT_PT', 'Discriminação de padrões: funções e regiões de decisão; Métricas de separação de classes; Discriminantes Lineares (Euclidian e Mahalanobis) e de Fisher');
INSERT INTO DegreeClassTopicTranslations(degreeClassTopic, language, description) VALUES (1482, 'PT_PT', 'Extracção e Selecção de características; métodos de ranking; Kruskal Wallis. Pré-processamento (remoção de outliers, normalização, missing data)');
INSERT INTO DegreeClassTopicTranslations(degreeClassTopic, language, description) VALUES (1483, 'PT_PT', 'Clustering: Agrupamento Hierárquico; Algoritmo das k-médias');
INSERT INTO DegreeClassTopicTranslations(degreeClassTopic, language, description) VALUES (1484, 'PT_PT', 'Métodos Paramétricos: Selecção de Modelos, Modelos Lineares Generalizados, Modelos de Mistura, Classificação de Bayes Supervisionada, Estimação de Parâmetros: Método da máxima verosimilhança; Estimação Bayes e Risco; Máximo A Posteriori (MAP); Divergência de Kullback-Leibler');
INSERT INTO DegreeClassTopicTranslations(degreeClassTopic, language, description) VALUES (1485, 'PT_PT', 'Métodos não Paramétricos: Estimação da densidade: Método Parzen e Método k-vizinhos mais próximos');
INSERT INTO DegreeClassTopicTranslations(degreeClassTopic, language, description) VALUES (1486, 'PT_PT', 'Redução Dimensionalidade; Principal Component Analysis (PCA); Métodos não lineares');
INSERT INTO DegreeClassTopicTranslations(degreeClassTopic, language, description) VALUES (1487, 'PT_PT', 'Métodos de Kernel:Mercer kernel, Kernel PCA');
INSERT INTO DegreeClassTopicTranslations(degreeClassTopic, language, description) VALUES (1488, 'PT_PT', 'Avaliação de Classificadores; Amostragem, matriz de confusão e probabilidade de erro; curvas ROC; Bootstrapping, Boosting');
INSERT INTO DegreeClassTopicTranslations(degreeClassTopic, language, description) VALUES (1481, 'EN_UK', 'Pattern Discrimination: Functions and Decision Regions; Class Separation Metrics; Linear Discriminants (Euclidean and Mahalanobis) and Fisher');
INSERT INTO DegreeClassTopicTranslations(degreeClassTopic, language, description) VALUES (1482, 'EN_UK', 'Feature Extraction and Selection; Ranking Methods; Kruskal Wallis. Pre-processing (Outlier Removal, Normalization, Missing Data)');
INSERT INTO DegreeClassTopicTranslations(degreeClassTopic, language, description) VALUES (1483, 'EN_UK', 'Clustering: Hierarchical Clustering; K-Means Algorithm');
INSERT INTO DegreeClassTopicTranslations(degreeClassTopic, language, description) VALUES (1484, 'EN_UK', 'Parametric Methods: Model Selection, Generalized Linear Models, Mixture Models, Supervised Bayes Classification, Parameter Estimation: Maximum Likelihood Method; Bayes Estimation and Risk; Maximum A Posteriori (MAP); Kullback-Leibler Divergence');
INSERT INTO DegreeClassTopicTranslations(degreeClassTopic, language, description) VALUES (1485, 'EN_UK', 'Non-parametric Methods: Density Estimation: Parzen Window Method and K-Nearest Neighbors Method');
INSERT INTO DegreeClassTopicTranslations(degreeClassTopic, language, description) VALUES (1486, 'EN_UK', 'Dimensionality Reduction; Principal Component Analysis (PCA); Non-linear Methods');
INSERT INTO DegreeClassTopicTranslations(degreeClassTopic, language, description) VALUES (1487, 'EN_UK', 'Kernel Methods: Mercer Kernel, Kernel PCA');
INSERT INTO DegreeClassTopicTranslations(degreeClassTopic, language, description) VALUES (1488, 'EN_UK', 'Classifier Evaluation; Sampling, Confusion Matrix and Error Probability; ROC Curves; Bootstrapping, Boosting');

INSERT INTO DegreeClasses(id, year, semester, ects , isOptional, degree) VALUES (120, 4, 2, 6, true, 2);
INSERT INTO DegreeClassTranslations(degreeClass, language, name, description) VALUES  (120, 'PT_PT', 'Engenharia de Serviços' , 'A engenharia de serviços fornece um contributo importante para a definição, desenho, modelação, execução e análise de serviços. A unidade curricular apresenta linguagens de modelação, métodos, metodologias, aplicações e casos de estudo com resultados accionáveis, ilustrando as técnicas que podem ser utilizadas em larga escala com recurso a exemplos do mundo real para projectar serviços.');
INSERT INTO DegreeClassTopics(id, degreeClass, ordering) VALUES (1489, 120, 1);
INSERT INTO DegreeClassTopics(id, degreeClass, ordering) VALUES (1490, 120, 2);
INSERT INTO DegreeClassTopics(id, degreeClass, ordering) VALUES (1491, 120, 3);
INSERT INTO DegreeClassTopics(id, degreeClass, ordering) VALUES (1492, 120, 4);
INSERT INTO DegreeClassTopics(id, degreeClass, ordering) VALUES (1493, 120, 5);
INSERT INTO DegreeClassTopics(id, degreeClass, ordering) VALUES (1494, 120, 6);
INSERT INTO DegreeClassTopics(id, degreeClass, ordering) VALUES (1495, 120, 7);
INSERT INTO DegreeClassTopicTranslations(degreeClassTopic, language, description) VALUES (1489, 'PT_PT', 'Ciência de serviços; Motivação e definições; Ciclo de vida da engenharia de serviços; Tipos de serviços; Serviços e standards');
INSERT INTO DegreeClassTopicTranslations(degreeClassTopic, language, description) VALUES (1490, 'PT_PT', 'Web semântica (e.g. Linked Data and Linked Services); Networks science; Ciclo de vida dos serviços; Cloud computing');
INSERT INTO DegreeClassTopicTranslations(degreeClassTopic, language, description) VALUES (1491, 'PT_PT', 'Descrição de serviços (e.g.,USDL); Instâncias de serviços (e.g. Amazon EC2 e SugarCRM); Marketplaces de serviços; Modelos de sistemas de serviços; Serviços Cloud');
INSERT INTO DegreeClassTopicTranslations(degreeClassTopic, language, description) VALUES (1492, 'PT_PT', 'O modelo de relações; Tipo de relacionamentos; Tipo de redes de serviços; Modelação de redes de serviços, modelação de relações, construção de redes e sua população; Análise de redes de serviços');
INSERT INTO DegreeClassTopicTranslations(degreeClassTopic, language, description) VALUES (1493, 'PT_PT', 'Desenho centrado no serviço; Ferramentas de software Cloud; Blueprinting; e prototipagem');
INSERT INTO DegreeClassTopicTranslations(degreeClassTopic, language, description) VALUES (1494, 'PT_PT', 'Análise de serviços descritiva: análise preditiva análise prescritiva');
INSERT INTO DegreeClassTopicTranslations(degreeClassTopic, language, description) VALUES (1495, 'PT_PT', 'Aplicações e ferramentas: Marketplaces, editores, bibliotecas, monitorização, negociadores e conversores');
INSERT INTO DegreeClassTopicTranslations(degreeClassTopic, language, description) VALUES (1489, 'EN_UK', 'Service Science; Motivation and Definitions; Service Engineering Life Cycle; Types of Services; Services and Standards');
INSERT INTO DegreeClassTopicTranslations(degreeClassTopic, language, description) VALUES (1490, 'EN_UK', 'Semantic Web (e.g. Linked Data and Linked Services); Networks Science; Service Life Cycle; Cloud Computing');
INSERT INTO DegreeClassTopicTranslations(degreeClassTopic, language, description) VALUES (1491, 'EN_UK', 'Service Description (e.g., USDL); Service Instances (e.g. Amazon EC2 and SugarCRM); Service Marketplaces; Service System Models; Cloud Services');
INSERT INTO DegreeClassTopicTranslations(degreeClassTopic, language, description) VALUES (1492, 'EN_UK', 'The Relationship Model; Relationship Types; Service Network Types; Service Network Modeling, Relationship Modeling, Network Construction and Population; Service Network Analysis');
INSERT INTO DegreeClassTopicTranslations(degreeClassTopic, language, description) VALUES (1493, 'EN_UK', 'Service-Centric Design; Cloud Software Tools; Blueprinting; and Prototyping');
INSERT INTO DegreeClassTopicTranslations(degreeClassTopic, language, description) VALUES (1494, 'EN_UK', 'Service Analysis Descriptive: Predictive Analysis Prescriptive Analysis');
INSERT INTO DegreeClassTopicTranslations(degreeClassTopic, language, description) VALUES (1495, 'EN_UK', 'Applications and Tools: Marketplaces, Editors, Libraries, Monitoring, Negotiators and Converters');

INSERT INTO DegreeClasses(id, year, semester, ects , isOptional, degree) VALUES (121, 4, 2, 6, true, 2);
INSERT INTO DegreeClassTranslations(degreeClass, language, name, description) VALUES  (121, 'PT_PT', 'Gestão de Processos de Negócio' , 'A unidade curricular de Gestão de Processos de Negócio introduz conceitos e abordagens de gestão e melhoria de processos de negócio. Foca-se na compreensão, desenho e optimização de processos.\n Os estudantes aprenderão a identificar, desenhar, documentar, modelar, avaliar e melhorar processos de negócio,  apercebendo-se dos desafios inerentes. Perceberão a forma como as tecnologias de informação podem ser usadas para automatizar, gerir, transformar e melhorar processos de negócio, ganhando competências na utilização de algumas ferramentas. Compreenderão desafios, vantagens e riscos envolvidos em processos inter-organizacionais e em outsourcing de processos de negócio.');
INSERT INTO DegreeClassTopics(id, degreeClass, ordering) VALUES (1496, 121, 1);
INSERT INTO DegreeClassTopics(id, degreeClass, ordering) VALUES (1497, 121, 2);
INSERT INTO DegreeClassTopics(id, degreeClass, ordering) VALUES (1498, 121, 3);
INSERT INTO DegreeClassTopics(id, degreeClass, ordering) VALUES (1499, 121, 4);
INSERT INTO DegreeClassTopics(id, degreeClass, ordering) VALUES (1500, 121, 5);
INSERT INTO DegreeClassTopics(id, degreeClass, ordering) VALUES (1501, 121, 6);
INSERT INTO DegreeClassTopics(id, degreeClass, ordering) VALUES (1502, 121, 7);
INSERT INTO DegreeClassTopicTranslations(degreeClassTopic, language, description) VALUES (1496, 'PT_PT', 'Introdução aos processos de negócio');
INSERT INTO DegreeClassTopicTranslations(degreeClassTopic, language, description) VALUES (1497, 'PT_PT', 'Modelação de processos');
INSERT INTO DegreeClassTopicTranslations(degreeClassTopic, language, description) VALUES (1498, 'PT_PT', 'Descoberta de processos');
INSERT INTO DegreeClassTopicTranslations(degreeClassTopic, language, description) VALUES (1499, 'PT_PT', 'Avaliação de processos');
INSERT INTO DegreeClassTopicTranslations(degreeClassTopic, language, description) VALUES (1500, 'PT_PT', 'Melhoria de processos');
INSERT INTO DegreeClassTopicTranslations(degreeClassTopic, language, description) VALUES (1501, 'PT_PT', 'Tecnologias de Informação de suporte a processos');
INSERT INTO DegreeClassTopicTranslations(degreeClassTopic, language, description) VALUES (1502, 'PT_PT', 'Processos de negócio inter-organizacionais e outsourcing de processos');
INSERT INTO DegreeClassTopicTranslations(degreeClassTopic, language, description) VALUES (1496, 'EN_UK', 'Introduction to Business Processes');
INSERT INTO DegreeClassTopicTranslations(degreeClassTopic, language, description) VALUES (1497, 'EN_UK', 'Process Modeling');
INSERT INTO DegreeClassTopicTranslations(degreeClassTopic, language, description) VALUES (1498, 'EN_UK', 'Process Discovery');
INSERT INTO DegreeClassTopicTranslations(degreeClassTopic, language, description) VALUES (1499, 'EN_UK', 'Process Evaluation');
INSERT INTO DegreeClassTopicTranslations(degreeClassTopic, language, description) VALUES (1500, 'EN_UK', 'Process Improvement');
INSERT INTO DegreeClassTopicTranslations(degreeClassTopic, language, description) VALUES (1501, 'EN_UK', 'Process-Supporting Information Technologies');
INSERT INTO DegreeClassTopicTranslations(degreeClassTopic, language, description) VALUES (1502, 'EN_UK', 'Inter-Organizational Business Processes and Process Outsourcing');

INSERT INTO DegreeClasses(id, year, semester, ects , isOptional, degree) VALUES (122, 4, 2, 6, true, 2);
INSERT INTO DegreeClassTranslations(degreeClass, language, name, description) VALUES  (122, 'PT_PT', 'Sistemas Complexos' , 'Esta cadeira tem por objectivo principal o estudo de sistemas complexos, sejam eles físicos (e.g., o clima), biológicos (e.g. redes de regulação genética), cognitivos (e.g. a mente) ou sociais (e.g., os mercados financeiros). Focaremos os conceitos, os modelos e as ferramentas necessários à compreensão destes sistemas.');
INSERT INTO DegreeClassTopics(id, degreeClass, ordering) VALUES (1503, 122, 1);
INSERT INTO DegreeClassTopics(id, degreeClass, ordering) VALUES (1504, 122, 2);
INSERT INTO DegreeClassTopics(id, degreeClass, ordering) VALUES (1505, 122, 3);
INSERT INTO DegreeClassTopics(id, degreeClass, ordering) VALUES (1506, 122, 4);
INSERT INTO DegreeClassTopics(id, degreeClass, ordering) VALUES (1507, 122, 5);
INSERT INTO DegreeClassTopics(id, degreeClass, ordering) VALUES (1508, 122, 6);
INSERT INTO DegreeClassTopicTranslations(degreeClassTopic, language, description) VALUES (1503, 'PT_PT', 'Conceitos (sistema, sistema complexo, sistema adaptativo complexo, sistema dinâmico, complexidade e de diversidade, informação, computação, evolução e modelos)');
INSERT INTO DegreeClassTopicTranslations(degreeClassTopic, language, description) VALUES (1504, 'PT_PT', 'Modelos matemáticos (autómatos celulares, fractais, caos, criticalidade auto-organizada)');
INSERT INTO DegreeClassTopicTranslations(degreeClassTopic, language, description) VALUES (1505, 'PT_PT', 'Modelos em rede (small-world networks, scale-free networks, random boolean networks)');
INSERT INTO DegreeClassTopicTranslations(degreeClassTopic, language, description) VALUES (1506, 'PT_PT', 'Modelos baseados em regras (inteligência colectiva)');
INSERT INTO DegreeClassTopicTranslations(degreeClassTopic, language, description) VALUES (1507, 'PT_PT', 'Ferramentas');
INSERT INTO DegreeClassTopicTranslations(degreeClassTopic, language, description) VALUES (1508, 'PT_PT', 'Casos de Estudo');
INSERT INTO DegreeClassTopicTranslations(degreeClassTopic, language, description) VALUES (1503, 'EN_UK', 'Concepts (system, complex system, complex adaptive system, dynamic system, complexity and diversity, information, computation, evolution and models)');
INSERT INTO DegreeClassTopicTranslations(degreeClassTopic, language, description) VALUES (1504, 'EN_UK', 'Mathematical models (cellular automata, fractals, chaos, self-organized criticality)');
INSERT INTO DegreeClassTopicTranslations(degreeClassTopic, language, description) VALUES (1505, 'EN_UK', 'Network models (small-world networks, scale-free networks, random boolean networks)');
INSERT INTO DegreeClassTopicTranslations(degreeClassTopic, language, description) VALUES (1506, 'EN_UK', 'Rule-based models (collective intelligence)');
INSERT INTO DegreeClassTopicTranslations(degreeClassTopic, language, description) VALUES (1507, 'EN_UK', 'Tools');
INSERT INTO DegreeClassTopicTranslations(degreeClassTopic, language, description) VALUES (1508, 'EN_UK', 'Case Studies');

INSERT INTO DegreeClasses(id, year, semester, ects , isOptional, degree) VALUES (123, 4, 2, 6, true, 2);
INSERT INTO DegreeClassTranslations(degreeClass, language, name, description) VALUES  (123, 'PT_PT', 'Sistemas Ubíquos' , 'Nesta disciplina são adquiridos os conhecimentos necessários à concepção e desenvolvimento de sistemas ubíquos e à sua integração com os sistemas de informação existentes. É dada especial atenção às metodologias de posicionamento, representação de lugares e percepção de contexto, privacidade e segurança e avaliação de sistemas ubíquos.');
INSERT INTO DegreeClassTopics(id, degreeClass, ordering) VALUES (1509, 123, 1);
INSERT INTO DegreeClassTopics(id, degreeClass, ordering) VALUES (1510, 123, 2);
INSERT INTO DegreeClassTopics(id, degreeClass, ordering) VALUES (1511, 123, 3);
INSERT INTO DegreeClassTopics(id, degreeClass, ordering) VALUES (1512, 123, 4);
INSERT INTO DegreeClassTopics(id, degreeClass, ordering) VALUES (1513, 123, 5);
INSERT INTO DegreeClassTopics(id, degreeClass, ordering) VALUES (1514, 123, 6);
INSERT INTO DegreeClassTopics(id, degreeClass, ordering) VALUES (1515, 123, 7);
INSERT INTO DegreeClassTopics(id, degreeClass, ordering) VALUES (1516, 123, 8);
INSERT INTO DegreeClassTopics(id, degreeClass, ordering) VALUES (1517, 123, 9);
INSERT INTO DegreeClassTopicTranslations(degreeClassTopic, language, description) VALUES (1509, 'PT_PT', 'Visão proposta por Mark Weiser. Percepção de contexto, pro-actividade e o computador móvel como representante do utilizador');
INSERT INTO DegreeClassTopicTranslations(degreeClassTopic, language, description) VALUES (1510, 'PT_PT', 'Aplicações: computação urbana, energia para a sustentabilidade, governação participativa, agricultura de precisão');
INSERT INTO DegreeClassTopicTranslations(degreeClassTopic, language, description) VALUES (1511, 'PT_PT', 'Computação pós-PC: Cercados de poder computacional e de dados, oportunidades e implicações; interfaces gráficos para os interfaces ubiquos; redes de sensores; sensorização oportunística; dados a partir de multidões; segurança e privacidade');
INSERT INTO DegreeClassTopicTranslations(degreeClassTopic, language, description) VALUES (1512, 'PT_PT', 'Posições/lugares. Metodologias e sistemas de posicionamento. Representação de lugar, percepção de contexto. Estudos de campo. Desenho. Participantes.');
INSERT INTO DegreeClassTopicTranslations(degreeClassTopic, language, description) VALUES (1513, 'PT_PT', 'Mastigação de dados. Dados e pré-processamento.');
INSERT INTO DegreeClassTopicTranslations(degreeClassTopic, language, description) VALUES (1514, 'PT_PT', 'Algoritmos de classificação, agrupamento e análise de séries temporais');
INSERT INTO DegreeClassTopicTranslations(degreeClassTopic, language, description) VALUES (1515, 'PT_PT', 'Modelação comportamental');
INSERT INTO DegreeClassTopicTranslations(degreeClassTopic, language, description) VALUES (1516, 'PT_PT', 'Necessidades, actividades, utilização do espaço, mobilidade individual, questões de privacidade e segurança');
INSERT INTO DegreeClassTopicTranslations(degreeClassTopic, language, description) VALUES (1517, 'PT_PT', 'Soluções técnicas, cidades inteligentes sustentáveis, energia para a sustentabilidade, agricultura de precisão');
INSERT INTO DegreeClassTopicTranslations(degreeClassTopic, language, description) VALUES (1509, 'EN_UK', 'Vision proposed by Mark Weiser. Context awareness, proactivity and the mobile computer as a representative of the user');
INSERT INTO DegreeClassTopicTranslations(degreeClassTopic, language, description) VALUES (1510, 'EN_UK', 'Applications: urban computing, energy for sustainability, participatory governance, precision agriculture');
INSERT INTO DegreeClassTopicTranslations(degreeClassTopic, language, description) VALUES (1511, 'EN_UK', 'Post-PC Computing: Surrounded by computational power and data, opportunities and implications; graphical interfaces for ubiquitous interfaces; sensor networks; opportunistic sensing; crowd-sourced data; security and privacy');
INSERT INTO DegreeClassTopicTranslations(degreeClassTopic, language, description) VALUES (1512, 'EN_UK', 'Positions/places. Positioning methodologies and systems. Representation of place, context awareness. Field studies. Design. Participants.');
INSERT INTO DegreeClassTopicTranslations(degreeClassTopic, language, description) VALUES (1513, 'EN_UK', 'Data chewing. Data and pre-processing.');
INSERT INTO DegreeClassTopicTranslations(degreeClassTopic, language, description) VALUES (1514, 'EN_UK', 'Classification, clustering and time series analysis algorithms');
INSERT INTO DegreeClassTopicTranslations(degreeClassTopic, language, description) VALUES (1515, 'EN_UK', 'Behavioral modeling');
INSERT INTO DegreeClassTopicTranslations(degreeClassTopic, language, description) VALUES (1516, 'EN_UK', 'Needs, activities, space use, individual mobility, privacy and security issues');
INSERT INTO DegreeClassTopicTranslations(degreeClassTopic, language, description) VALUES (1517, 'EN_UK', 'Technical solutions, sustainable smart cities, energy for sustainability, precision agriculture');

INSERT INTO DegreeClasses(id, year, semester, ects , isOptional, degree) VALUES (124, 4, 2, 6, true, 2);
INSERT INTO DegreeClassTranslations(degreeClass, language, name, description) VALUES  (124, 'PT_PT', 'Sistemas de Gestão de Dados' , 'Aborda-se conceitos de sistemas de gestão de bases de dados (SGBD) convencionais, sistemas de gestão para bigdata, escalabilidade e performance. Aborda-se também sistemas de gestão de dados em outros ambientes. Os conceitos básicos incluem hardware, organização física, índices, processamento e optimização de pesquisas, transacções, backups e recuperação, bem como aspectos relacionados com o desenvolvimento de aplicações. Para além destes, a unidade curricular focará colocação e gestão de dados em ambientes paralelos, distribuídos e móveis, questões de replicação, consistência, transacções e disponibilidade nesses ambientes. São abordados temas actuais (e que podem evoluir ao longo dos anos), tais como Map-Reduce e Hive, bases de dados verticais, sistemas NoSQL.');
INSERT INTO DegreeClassTopics(id, degreeClass, ordering) VALUES (1518, 124, 1);
INSERT INTO DegreeClassTopics(id, degreeClass, ordering) VALUES (1519, 124, 2);
INSERT INTO DegreeClassTopics(id, degreeClass, ordering) VALUES (1520, 124, 3);
INSERT INTO DegreeClassTopics(id, degreeClass, ordering) VALUES (1521, 124, 4);
INSERT INTO DegreeClassTopics(id, degreeClass, ordering) VALUES (1522, 124, 5);
INSERT INTO DegreeClassTopics(id, degreeClass, ordering) VALUES (1523, 124, 6);
INSERT INTO DegreeClassTopics(id, degreeClass, ordering) VALUES (1524, 124, 7);
INSERT INTO DegreeClassTopics(id, degreeClass, ordering) VALUES (1525, 124, 8);
INSERT INTO DegreeClassTopics(id, degreeClass, ordering) VALUES (1526, 124, 9);
INSERT INTO DegreeClassTopicTranslations(degreeClassTopic, language, description) VALUES (1518, 'PT_PT', 'Arquitetura de SGBDs');
INSERT INTO DegreeClassTopicTranslations(degreeClassTopic, language, description) VALUES (1519, 'PT_PT', 'Estruturas Físicas de Suporte');
INSERT INTO DegreeClassTopicTranslations(degreeClassTopic, language, description) VALUES (1520, 'PT_PT', 'Indexação Avançada');
INSERT INTO DegreeClassTopicTranslations(degreeClassTopic, language, description) VALUES (1521, 'PT_PT', 'Processamento e Optimização de Pesquisas');
INSERT INTO DegreeClassTopicTranslations(degreeClassTopic, language, description) VALUES (1522, 'PT_PT', 'Transacções, ACID, Replicação e Consistência');
INSERT INTO DegreeClassTopicTranslations(degreeClassTopic, language, description) VALUES (1523, 'PT_PT', 'Backups e Recuperação, Disponibilidade');
INSERT INTO DegreeClassTopicTranslations(degreeClassTopic, language, description) VALUES (1524, 'PT_PT', 'Arquiteturas e Processamento Paralelo, Distribuído, Grid e Móvel');
INSERT INTO DegreeClassTopicTranslations(degreeClassTopic, language, description) VALUES (1525, 'PT_PT', 'Arquiteturas de Sistemas com Escalabilidade (caching: memcached, squid, outros; case-studies: facebook, youtube, Google, wikipedia, outros)');
INSERT INTO DegreeClassTopicTranslations(degreeClassTopic, language, description) VALUES (1526, 'PT_PT', 'Arquiteturas Actuais de Processamento e Gestão de Dados (map-reduce, cep, verticais, NoSQL, cep)');
INSERT INTO DegreeClassTopicTranslations(degreeClassTopic, language, description) VALUES (1518, 'EN_UK', 'Database Management System (DBMS) Architecture');
INSERT INTO DegreeClassTopicTranslations(degreeClassTopic, language, description) VALUES (1519, 'EN_UK', 'Physical Storage Structures');
INSERT INTO DegreeClassTopicTranslations(degreeClassTopic, language, description) VALUES (1520, 'EN_UK', 'Advanced Indexing Techniques');
INSERT INTO DegreeClassTopicTranslations(degreeClassTopic, language, description) VALUES (1521, 'EN_UK', 'Query Processing and Optimization');
INSERT INTO DegreeClassTopicTranslations(degreeClassTopic, language, description) VALUES (1522, 'EN_UK', 'Transactions, ACID, Replication and Consistency');
INSERT INTO DegreeClassTopicTranslations(degreeClassTopic, language, description) VALUES (1523, 'EN_UK', 'Backups and Recovery, Availability');
INSERT INTO DegreeClassTopicTranslations(degreeClassTopic, language, description) VALUES (1524, 'EN_UK', 'Parallel, Distributed, Grid and Mobile Architectures and Processing');
INSERT INTO DegreeClassTopicTranslations(degreeClassTopic, language, description) VALUES (1525, 'EN_UK', 'Scalable System Architectures (caching: memcached, squid, others; case studies: facebook, youtube, Google, wikipedia, others)');
INSERT INTO DegreeClassTopicTranslations(degreeClassTopic, language, description) VALUES (1526, 'EN_UK', 'Modern Data Processing and Management Architectures (map-reduce, CEP, vertical databases, NoSQL, CEP)');

INSERT INTO DegreeClasses(id, year, semester, ects , isOptional, degree) VALUES (125, 4, 2, 6, true, 2);
INSERT INTO DegreeClassTranslations(degreeClass, language, name, description) VALUES  (125, 'PT_PT', 'Visão por Computador' , 'Perceber os aspectos relativos à formação geométrica e radiométrica das imagens. Aprender métodos para estimar elementos na imagem e relacioná-los com as estruturas 3D. Aprender métodos para a reconstrução 3D e para a estimação de movimento 3D.');
INSERT INTO DegreeClassTopics(id, degreeClass, ordering) VALUES (1527, 125, 1);
INSERT INTO DegreeClassTopics(id, degreeClass, ordering) VALUES (1528, 125, 2);
INSERT INTO DegreeClassTopics(id, degreeClass, ordering) VALUES (1529, 125, 3);
INSERT INTO DegreeClassTopics(id, degreeClass, ordering) VALUES (1530, 125, 4);
INSERT INTO DegreeClassTopics(id, degreeClass, ordering) VALUES (1531, 125, 5);
INSERT INTO DegreeClassTopics(id, degreeClass, ordering) VALUES (1532, 125, 6);
INSERT INTO DegreeClassTopics(id, degreeClass, ordering) VALUES (1533, 125, 7);
INSERT INTO DegreeClassTopics(id, degreeClass, ordering) VALUES (1534, 125, 8);
INSERT INTO DegreeClassTopics(id, degreeClass, ordering) VALUES (1535, 125, 9);
INSERT INTO DegreeClassTopics(id, degreeClass, ordering) VALUES (1536, 125, 10);
INSERT INTO DegreeClassTopicTranslations(degreeClassTopic, language, description) VALUES (1527, 'PT_PT', 'Formação e Aquisição de Imagens');
INSERT INTO DegreeClassTopicTranslations(degreeClassTopic, language, description) VALUES (1528, 'PT_PT', 'Câmaras e Calibração Geométrica');
INSERT INTO DegreeClassTopicTranslations(degreeClassTopic, language, description) VALUES (1529, 'PT_PT', 'Cor e Radiometria');
INSERT INTO DegreeClassTopicTranslations(degreeClassTopic, language, description) VALUES (1530, 'PT_PT', 'Filtros Lineares e Detecção de Arestas');
INSERT INTO DegreeClassTopicTranslations(degreeClassTopic, language, description) VALUES (1531, 'PT_PT', 'Textura; Segmentação');
INSERT INTO DegreeClassTopicTranslations(degreeClassTopic, language, description) VALUES (1532, 'PT_PT', 'Visão Estéreo');
INSERT INTO DegreeClassTopicTranslations(degreeClassTopic, language, description) VALUES (1533, 'PT_PT', 'Movimento e sua Projecção');
INSERT INTO DegreeClassTopicTranslations(degreeClassTopic, language, description) VALUES (1534, 'PT_PT', 'Fluxo Óptico');
INSERT INTO DegreeClassTopicTranslations(degreeClassTopic, language, description) VALUES (1535, 'PT_PT', 'Reconstrução 3D');
INSERT INTO DegreeClassTopicTranslations(degreeClassTopic, language, description) VALUES (1536, 'PT_PT', 'Visão Dinâmica');
INSERT INTO DegreeClassTopicTranslations(degreeClassTopic, language, description) VALUES (1527, 'EN_UK', 'Image Formation and Acquisition');
INSERT INTO DegreeClassTopicTranslations(degreeClassTopic, language, description) VALUES (1528, 'EN_UK', 'Cameras and Geometric Calibration');
INSERT INTO DegreeClassTopicTranslations(degreeClassTopic, language, description) VALUES (1529, 'EN_UK', 'Color and Radiometry');
INSERT INTO DegreeClassTopicTranslations(degreeClassTopic, language, description) VALUES (1530, 'EN_UK', 'Linear Filters and Edge Detection');
INSERT INTO DegreeClassTopicTranslations(degreeClassTopic, language, description) VALUES (1531, 'EN_UK', 'Texture; Segmentation');
INSERT INTO DegreeClassTopicTranslations(degreeClassTopic, language, description) VALUES (1532, 'EN_UK', 'Stereo Vision');
INSERT INTO DegreeClassTopicTranslations(degreeClassTopic, language, description) VALUES (1533, 'EN_UK', 'Motion and its Projection');
INSERT INTO DegreeClassTopicTranslations(degreeClassTopic, language, description) VALUES (1534, 'EN_UK', 'Optical Flow');
INSERT INTO DegreeClassTopicTranslations(degreeClassTopic, language, description) VALUES (1535, 'EN_UK', '3D Reconstruction');
INSERT INTO DegreeClassTopicTranslations(degreeClassTopic, language, description) VALUES (1536, 'EN_UK', 'Dynamic Vision');

INSERT INTO DegreeClasses(id, year, semester, ects , isOptional, degree) VALUES (126, 4, 2, 6, true, 2);
INSERT INTO DegreeClassTranslations(degreeClass, language, name, description) VALUES  (126, 'PT_PT', 'Business Intelligence' , 'Esta disciplina tem por objectivos estudar as principais metodologias de desenvolvimento de soluções de Business Intelligence e mostrar como as técnicas de Data Warehouses(DW), de OLAP e de Data Mining(DM) podem ser conjugadas na construção de soluções informáticas de apoio à decisão.');
INSERT INTO DegreeClassTopics(id, degreeClass, ordering) VALUES (1537, 126, 1);
INSERT INTO DegreeClassTopics(id, degreeClass, ordering) VALUES (1538, 126, 2);
INSERT INTO DegreeClassTopics(id, degreeClass, ordering) VALUES (1539, 126, 3);
INSERT INTO DegreeClassTopics(id, degreeClass, ordering) VALUES (1540, 126, 4);
INSERT INTO DegreeClassTopics(id, degreeClass, ordering) VALUES (1541, 126, 5);
INSERT INTO DegreeClassTopics(id, degreeClass, ordering) VALUES (1542, 126, 6);
INSERT INTO DegreeClassTopics(id, degreeClass, ordering) VALUES (1543, 126, 7);
INSERT INTO DegreeClassTopics(id, degreeClass, ordering) VALUES (1544, 126, 8);
INSERT INTO DegreeClassTopics(id, degreeClass, ordering) VALUES (1545, 126, 9);
INSERT INTO DegreeClassTopics(id, degreeClass, ordering) VALUES (1546, 126, 10);
INSERT INTO DegreeClassTopics(id, degreeClass, ordering) VALUES (1547, 126, 11);
INSERT INTO DegreeClassTopics(id, degreeClass, ordering) VALUES (1548, 126, 12);
INSERT INTO DegreeClassTopics(id, degreeClass, ordering) VALUES (1549, 126, 13);
INSERT INTO DegreeClassTopics(id, degreeClass, ordering) VALUES (1550, 126, 14);
INSERT INTO DegreeClassTopicTranslations(degreeClassTopic, language, description) VALUES (1537, 'PT_PT', 'Introdução às Data Warehouses');
INSERT INTO DegreeClassTopicTranslations(degreeClassTopic, language, description) VALUES (1538, 'PT_PT', 'Análise multidimensional e esquemas em estrela');
INSERT INTO DegreeClassTopicTranslations(degreeClassTopic, language, description) VALUES (1539, 'PT_PT', 'Projecto de Data Warehouses');
INSERT INTO DegreeClassTopicTranslations(degreeClassTopic, language, description) VALUES (1540, 'PT_PT', 'Extracção, transformação e carregamento de dados (ETL)');
INSERT INTO DegreeClassTopicTranslations(degreeClassTopic, language, description) VALUES (1541, 'PT_PT', 'Optimização e administração de Data Warehouses');
INSERT INTO DegreeClassTopicTranslations(degreeClassTopic, language, description) VALUES (1542, 'PT_PT', 'Bases de dados multidimensionais e OLAP');
INSERT INTO DegreeClassTopicTranslations(degreeClassTopic, language, description) VALUES (1543, 'PT_PT', 'Tópicos avançados e novos paradigmas de tratamento, armazenamento e acesso a dados');
INSERT INTO DegreeClassTopicTranslations(degreeClassTopic, language, description) VALUES (1544, 'PT_PT', 'Introdução ao Data Mining');
INSERT INTO DegreeClassTopicTranslations(degreeClassTopic, language, description) VALUES (1545, 'PT_PT', 'Metodologia de Desenvolvimento de Projectos de Data Mining');
INSERT INTO DegreeClassTopicTranslations(degreeClassTopic, language, description) VALUES (1546, 'PT_PT', 'Análise do Negócio e Selecção de Dados');
INSERT INTO DegreeClassTopicTranslations(degreeClassTopic, language, description) VALUES (1547, 'PT_PT', 'Pré-processamento de Dados');
INSERT INTO DegreeClassTopicTranslations(degreeClassTopic, language, description) VALUES (1548, 'PT_PT', 'Geração de Modelos');
INSERT INTO DegreeClassTopicTranslations(degreeClassTopic, language, description) VALUES (1549, 'PT_PT', 'Avaliação de Modelos');
INSERT INTO DegreeClassTopicTranslations(degreeClassTopic, language, description) VALUES (1550, 'PT_PT', 'Produtização de Modelos');
INSERT INTO DegreeClassTopicTranslations(degreeClassTopic, language, description) VALUES (1537, 'EN_UK', 'Introduction to Data Warehouses');
INSERT INTO DegreeClassTopicTranslations(degreeClassTopic, language, description) VALUES (1538, 'EN_UK', 'Multidimensional Analysis and Star Schemas');
INSERT INTO DegreeClassTopicTranslations(degreeClassTopic, language, description) VALUES (1539, 'EN_UK', 'Data Warehouse Design');
INSERT INTO DegreeClassTopicTranslations(degreeClassTopic, language, description) VALUES (1540, 'EN_UK', 'Extract, Transform, and Load (ETL)');
INSERT INTO DegreeClassTopicTranslations(degreeClassTopic, language, description) VALUES (1541, 'EN_UK', 'Data Warehouse Optimization and Administration');
INSERT INTO DegreeClassTopicTranslations(degreeClassTopic, language, description) VALUES (1542, 'EN_UK', 'Multidimensional Databases and OLAP');
INSERT INTO DegreeClassTopicTranslations(degreeClassTopic, language, description) VALUES (1543, 'EN_UK', 'Advanced Topics and New Paradigms for Data Processing, Storage, and Access');
INSERT INTO DegreeClassTopicTranslations(degreeClassTopic, language, description) VALUES (1544, 'EN_UK', 'Introduction to Data Mining');
INSERT INTO DegreeClassTopicTranslations(degreeClassTopic, language, description) VALUES (1545, 'EN_UK', 'Data Mining Project Development Methodology');
INSERT INTO DegreeClassTopicTranslations(degreeClassTopic, language, description) VALUES (1546, 'EN_UK', 'Business Analysis and Data Selection');
INSERT INTO DegreeClassTopicTranslations(degreeClassTopic, language, description) VALUES (1547, 'EN_UK', 'Data Preprocessing');
INSERT INTO DegreeClassTopicTranslations(degreeClassTopic, language, description) VALUES (1548, 'EN_UK', 'Model Generation');
INSERT INTO DegreeClassTopicTranslations(degreeClassTopic, language, description) VALUES (1549, 'EN_UK', 'Model Evaluation');
INSERT INTO DegreeClassTopicTranslations(degreeClassTopic, language, description) VALUES (1550, 'EN_UK', 'Model Production');

-- UCoimbra 5th year

INSERT INTO DegreeClasses(id, year, semester, ects , isOptional, degree) VALUES (127, 5, 1, 6, false, 2);
INSERT INTO DegreeClassTranslations(degreeClass, language, name, description) VALUES  (127, 'PT_PT', 'Gestão de Projectos' , 'A natureza da actividade de um engenheiro informático é de tal forma única, que requer o conhecimento de técnicas de gestão de projectos, nomeadamente a nível da gestão de recursos, quer humanos quer computacionais, análise de riscos, planeamento, acompanhamento, etc. Nesta disciplina pretende-se abordar as principais técnicas de gestão de projecto enquanto actividade de engenharia, i.e. com custos e prazos finitos, incluindo aspectos de relacionamento pessoal e organizacional, como resultado da necessidade de trabalhar no seio de equipas de razoável dimensão (8 a 12 pessoas), em projectos reais com clientes reais.');
INSERT INTO DegreeClassTopics(id, degreeClass, ordering) VALUES (1551, 127, 1);
INSERT INTO DegreeClassTopics(id, degreeClass, ordering) VALUES (1552, 127, 2);
INSERT INTO DegreeClassTopics(id, degreeClass, ordering) VALUES (1553, 127, 3);
INSERT INTO DegreeClassTopics(id, degreeClass, ordering) VALUES (1554, 127, 4);
INSERT INTO DegreeClassTopics(id, degreeClass, ordering) VALUES (1555, 127, 5);
INSERT INTO DegreeClassTopics(id, degreeClass, ordering) VALUES (1556, 127, 6);
INSERT INTO DegreeClassTopics(id, degreeClass, ordering) VALUES (1557, 127, 7);
INSERT INTO DegreeClassTopics(id, degreeClass, ordering) VALUES (1558, 127, 8);
INSERT INTO DegreeClassTopics(id, degreeClass, ordering) VALUES (1559, 127, 9);
INSERT INTO DegreeClassTopics(id, degreeClass, ordering) VALUES (1560, 127, 10);
INSERT INTO DegreeClassTopics(id, degreeClass, ordering) VALUES (1561, 127, 11);
INSERT INTO DegreeClassTopics(id, degreeClass, ordering) VALUES (1562, 127, 12);
INSERT INTO DegreeClassTopics(id, degreeClass, ordering) VALUES (1563, 127, 13);
INSERT INTO DegreeClassTopics(id, degreeClass, ordering) VALUES (1564, 127, 14);
INSERT INTO DegreeClassTopics(id, degreeClass, ordering) VALUES (1565, 127, 15);
INSERT INTO DegreeClassTopics(id, degreeClass, ordering) VALUES (1566, 127, 16);
INSERT INTO DegreeClassTopics(id, degreeClass, ordering) VALUES (1567, 127, 17);
INSERT INTO DegreeClassTopics(id, degreeClass, ordering) VALUES (1568, 127, 18);
INSERT INTO DegreeClassTopicTranslations(degreeClassTopic, language, description) VALUES (1551, 'PT_PT', 'Conceitos Base: Engenharia de Sistemas');
INSERT INTO DegreeClassTopicTranslations(degreeClassTopic, language, description) VALUES (1552, 'PT_PT', 'Conceitos Base: Ciclos de Vida');
INSERT INTO DegreeClassTopicTranslations(degreeClassTopic, language, description) VALUES (1553, 'PT_PT', 'Conceitos Base: Processos de Engenharia');
INSERT INTO DegreeClassTopicTranslations(degreeClassTopic, language, description) VALUES (1554, 'PT_PT', 'Definição de Âmbito e Gestão de Requisitos');
INSERT INTO DegreeClassTopicTranslations(degreeClassTopic, language, description) VALUES (1555, 'PT_PT', 'Planeamento e Acompanhamento de Projectos: Estimativas de Esforço');
INSERT INTO DegreeClassTopicTranslations(degreeClassTopic, language, description) VALUES (1556, 'PT_PT', 'Planeamento e Acompanhamento de Projectos: Análise de Riscos');
INSERT INTO DegreeClassTopicTranslations(degreeClassTopic, language, description) VALUES (1557, 'PT_PT', 'Planeamento e Acompanhamento de Projectos: Planeamento');
INSERT INTO DegreeClassTopicTranslations(degreeClassTopic, language, description) VALUES (1558, 'PT_PT', 'Planeamento e Acompanhamento de Projectos: Monitorização');
INSERT INTO DegreeClassTopicTranslations(degreeClassTopic, language, description) VALUES (1559, 'PT_PT', 'Aquisição e Contratação: Identificação de Alternativas');
INSERT INTO DegreeClassTopicTranslations(degreeClassTopic, language, description) VALUES (1560, 'PT_PT', 'Aquisição e Contratação: Modelos para Tomada de Decisão');
INSERT INTO DegreeClassTopicTranslations(degreeClassTopic, language, description) VALUES (1561, 'PT_PT', 'Aquisição e Contratação: Modelos para Avaliação Económica');
INSERT INTO DegreeClassTopicTranslations(degreeClassTopic, language, description) VALUES (1562, 'PT_PT', 'Gestão de Expectativas de Clientes: Comunicação');
INSERT INTO DegreeClassTopicTranslations(degreeClassTopic, language, description) VALUES (1563, 'PT_PT', 'Gestão de Expectativas de Clientes: Tomada de Decisão');
INSERT INTO DegreeClassTopicTranslations(degreeClassTopic, language, description) VALUES (1564, 'PT_PT', 'Gestão de Expectativas de Clientes: Negociação');
INSERT INTO DegreeClassTopicTranslations(degreeClassTopic, language, description) VALUES (1565, 'PT_PT', 'Gestão de Equipas e Pessoas: Gestão de Relacionamentos');
INSERT INTO DegreeClassTopicTranslations(degreeClassTopic, language, description) VALUES (1566, 'PT_PT', 'Gestão de Equipas e Pessoas: Gestão de Conflitos');
INSERT INTO DegreeClassTopicTranslations(degreeClassTopic, language, description) VALUES (1567, 'PT_PT', 'Gestão de Equipas e Pessoas: Liderança');
INSERT INTO DegreeClassTopicTranslations(degreeClassTopic, language, description) VALUES (1568, 'PT_PT', 'Gestão da Garantia de Qualidade');
INSERT INTO DegreeClassTopicTranslations(degreeClassTopic, language, description) VALUES (1551, 'EN_UK', 'Systems Engineering Fundamentals');
INSERT INTO DegreeClassTopicTranslations(degreeClassTopic, language, description) VALUES (1552, 'EN_UK', 'Life Cycle Fundamentals');
INSERT INTO DegreeClassTopicTranslations(degreeClassTopic, language, description) VALUES (1553, 'EN_UK', 'Engineering Processes Fundamentals');
INSERT INTO DegreeClassTopicTranslations(degreeClassTopic, language, description) VALUES (1554, 'EN_UK', 'Scope Definition and Requirements Management');
INSERT INTO DegreeClassTopicTranslations(degreeClassTopic, language, description) VALUES (1555, 'EN_UK', 'Project Planning and Monitoring: Effort Estimation');
INSERT INTO DegreeClassTopicTranslations(degreeClassTopic, language, description) VALUES (1556, 'EN_UK', 'Project Planning and Monitoring: Risk Analysis');
INSERT INTO DegreeClassTopicTranslations(degreeClassTopic, language, description) VALUES (1557, 'EN_UK', 'Project Planning and Monitoring: Planning');
INSERT INTO DegreeClassTopicTranslations(degreeClassTopic, language, description) VALUES (1558, 'EN_UK', 'Project Planning and Monitoring: Monitoring');
INSERT INTO DegreeClassTopicTranslations(degreeClassTopic, language, description) VALUES (1559, 'EN_UK', 'Acquisition and Procurement: Identification of Alternatives');
INSERT INTO DegreeClassTopicTranslations(degreeClassTopic, language, description) VALUES (1560, 'EN_UK', 'Acquisition and Procurement: Decision Making Models');
INSERT INTO DegreeClassTopicTranslations(degreeClassTopic, language, description) VALUES (1561, 'EN_UK', 'Acquisition and Procurement: Economic Evaluation Models');
INSERT INTO DegreeClassTopicTranslations(degreeClassTopic, language, description) VALUES (1562, 'EN_UK', 'Customer Expectations Management: Communication');
INSERT INTO DegreeClassTopicTranslations(degreeClassTopic, language, description) VALUES (1563, 'EN_UK', 'Customer Expectations Management: Decision Making');
INSERT INTO DegreeClassTopicTranslations(degreeClassTopic, language, description) VALUES (1564, 'EN_UK', 'Customer Expectations Management: Negotiation');
INSERT INTO DegreeClassTopicTranslations(degreeClassTopic, language, description) VALUES (1565, 'EN_UK', 'Team and People Management: Relationship Management');
INSERT INTO DegreeClassTopicTranslations(degreeClassTopic, language, description) VALUES (1566, 'EN_UK', 'Team and People Management: Conflict Management');
INSERT INTO DegreeClassTopicTranslations(degreeClassTopic, language, description) VALUES (1567, 'EN_UK', 'Team and People Management: Leadership');
INSERT INTO DegreeClassTopicTranslations(degreeClassTopic, language, description) VALUES (1568, 'EN_UK', 'Quality Assurance Management');

INSERT INTO DegreeClasses(id, year, semester, ects , isOptional, degree) VALUES (128, 5, 1, 6, false, 2);
INSERT INTO DegreeClassTranslations(degreeClass, language, name, description) VALUES  (128, 'PT_PT', 'Dissertação/Estágio' , 'Os objectivos principais do estágio são os seguintes:\n - Técnicas de projecto e desenvolvimento de software e sistemas de informação e comunicação\n - Realização de projectos de desenvolvimento tecnológico\n - Contacto com a elaboração de projectos em ambiente empresarial\n - Iniciação a actividades de investigação de base e aplicada\n - Integração no mercado laboral\n Realização de um documento com a proposta de estágio / dissertação incluindo os seguintes aspectos:\n - Análise do estado da arte\n - Escolha justificada das ferramentas e metodologias a utilizar\n - Análise de requisitos relativamente ao tema a desenvolver\n - Especificação de alto nível do sistema a desenvolver / trabalho a realizar incluindo objectivos concretos e calendarização para o segundo semestre.');
INSERT INTO DegreeClassTopics(id, degreeClass, ordering) VALUES (1569, 128, 1);
INSERT INTO DegreeClassTopicTranslations(degreeClassTopic, language, description) VALUES (1569, 'PT_PT', 'Todos os conteúdos na área das tecnologias de informação e comunicações (TIC) com ênfase para as metodologias de concepção e acompanhamento de projectos na área das TIC');
INSERT INTO DegreeClassTopicTranslations(degreeClassTopic, language, description) VALUES (1569, 'EN_UK', 'All content in the area of information and communication technologies (ICT) with emphasis on methodologies for the design and monitoring of ICT projects');

INSERT INTO DegreeClasses(id, year, semester, ects , isOptional, degree) VALUES (129, 5, 1, 6, true, 2);
INSERT INTO DegreeClassTranslations(degreeClass, language, name, description) VALUES  (129, 'PT_PT', 'Informática Médica' , 'Fornecer de uma forma sistemática as tecnologias e os fundamentos para a integração e desenvolvimento de sistemas de informação e de apoio à decisão em aplicações clínicas. Em particular, é objectivo exporem-se os protocolos e abordagens mais significativas em sistemas de informação clínicos, as arquitecturas e tecnologias utilizadas para a construção de sistemas tele-médicos (nomeadamente de sistemas pHealth), e ainda algoritmos de análise de informação clínica para apoio ao diagnóstico.');
INSERT INTO DegreeClassTopics(id, degreeClass, ordering) VALUES (1570, 129, 1);
INSERT INTO DegreeClassTopics(id, degreeClass, ordering) VALUES (1571, 129, 2);
INSERT INTO DegreeClassTopics(id, degreeClass, ordering) VALUES (1572, 129, 3);
INSERT INTO DegreeClassTopics(id, degreeClass, ordering) VALUES (1573, 129, 4);
INSERT INTO DegreeClassTopics(id, degreeClass, ordering) VALUES (1574, 129, 5);
INSERT INTO DegreeClassTopics(id, degreeClass, ordering) VALUES (1575, 129, 6);
INSERT INTO DegreeClassTopics(id, degreeClass, ordering) VALUES (1576, 129, 7);
INSERT INTO DegreeClassTopics(id, degreeClass, ordering) VALUES (1577, 129, 8);
INSERT INTO DegreeClassTopics(id, degreeClass, ordering) VALUES (1578, 129, 9);
INSERT INTO DegreeClassTopics(id, degreeClass, ordering) VALUES (1579, 129, 10);
INSERT INTO DegreeClassTopicTranslations(degreeClassTopic, language, description) VALUES (1570, 'PT_PT', 'Conceitos básicos em Informática Médica');
INSERT INTO DegreeClassTopicTranslations(degreeClassTopic, language, description) VALUES (1571, 'PT_PT', 'Sistemas de Informação Hospitalar');
INSERT INTO DegreeClassTopicTranslations(degreeClassTopic, language, description) VALUES (1572, 'PT_PT', 'Normas para a representação e transmissão de informação clínica (ICD9/10, SNOMED, SIPE)');
INSERT INTO DegreeClassTopicTranslations(degreeClassTopic, language, description) VALUES (1573, 'PT_PT', 'Registos clínicos (openEHR, CEN 13606, HL7 CDA)');
INSERT INTO DegreeClassTopicTranslations(degreeClassTopic, language, description) VALUES (1574, 'PT_PT', 'HL7 (v2.3 e v3)');
INSERT INTO DegreeClassTopicTranslations(degreeClassTopic, language, description) VALUES (1575, 'PT_PT', 'Standard DICOM');
INSERT INTO DegreeClassTopicTranslations(degreeClassTopic, language, description) VALUES (1576, 'PT_PT', 'Serviços e tecnologias de suporte à tele-medicina');
INSERT INTO DegreeClassTopicTranslations(degreeClassTopic, language, description) VALUES (1577, 'PT_PT', 'Normas para tele-medicina (IEEE 11073 PhD e BSM; H323, H26x, RTP, redes de sensores)');
INSERT INTO DegreeClassTopicTranslations(degreeClassTopic, language, description) VALUES (1578, 'PT_PT', 'Sistemas Tele-médicos: Middlewares');
INSERT INTO DegreeClassTopicTranslations(degreeClassTopic, language, description) VALUES (1579, 'PT_PT', 'Algoritmos de análise de informação clínica (séries temporais e de imagem) para sistemas de suporte à decisão');
INSERT INTO DegreeClassTopicTranslations(degreeClassTopic, language, description) VALUES (1570, 'EN_UK', 'Basic Concepts in Medical Informatics');
INSERT INTO DegreeClassTopicTranslations(degreeClassTopic, language, description) VALUES (1571, 'EN_UK', 'Hospital Information Systems');
INSERT INTO DegreeClassTopicTranslations(degreeClassTopic, language, description) VALUES (1572, 'EN_UK', 'Standards for Clinical Information Representation and Exchange (ICD9/10, SNOMED, SIPE)');
INSERT INTO DegreeClassTopicTranslations(degreeClassTopic, language, description) VALUES (1573, 'EN_UK', 'Electronic Health Records (openEHR, CEN 13606, HL7 CDA)');
INSERT INTO DegreeClassTopicTranslations(degreeClassTopic, language, description) VALUES (1574, 'EN_UK', 'HL7 (v2.3 and v3)');
INSERT INTO DegreeClassTopicTranslations(degreeClassTopic, language, description) VALUES (1575, 'EN_UK', 'DICOM Standard');
INSERT INTO DegreeClassTopicTranslations(degreeClassTopic, language, description) VALUES (1576, 'EN_UK', 'Telemedicine Support Services and Technologies');
INSERT INTO DegreeClassTopicTranslations(degreeClassTopic, language, description) VALUES (1577, 'EN_UK', 'Telemedicine Standards (IEEE 11073 PhD and BSM; H323, H26x, RTP, Sensor Networks)');
INSERT INTO DegreeClassTopicTranslations(degreeClassTopic, language, description) VALUES (1578, 'EN_UK', 'Telemedicine Systems: Middlewares');
INSERT INTO DegreeClassTopicTranslations(degreeClassTopic, language, description) VALUES (1579, 'EN_UK', 'Clinical Information Analysis Algorithms (Time Series and Image) for Decision Support Systems');

INSERT INTO DegreeClasses(id, year, semester, ects , isOptional, degree) VALUES (130, 5, 1, 6, true, 2);
INSERT INTO DegreeClassTranslations(degreeClass, language, name, description) VALUES  (130, 'PT_PT', 'Robótica' , 'Pretende-se fornecer conhecimento (in-depth) em Robótica para aquisição de competências a todos:\n 1. aqueles que pretendam operar e/ou desenvolver aplicações que usem robots ou sistemas robóticos;\n 2. aqueles que pretendam desenvolver/projectar sistemas robóticos.');
INSERT INTO DegreeClassTopics(id, degreeClass, ordering) VALUES (1580, 130, 1);
INSERT INTO DegreeClassTopics(id, degreeClass, ordering) VALUES (1581, 130, 2);
INSERT INTO DegreeClassTopics(id, degreeClass, ordering) VALUES (1582, 130, 3);
INSERT INTO DegreeClassTopics(id, degreeClass, ordering) VALUES (1583, 130, 4);
INSERT INTO DegreeClassTopics(id, degreeClass, ordering) VALUES (1584, 130, 5);
INSERT INTO DegreeClassTopics(id, degreeClass, ordering) VALUES (1585, 130, 6);
INSERT INTO DegreeClassTopics(id, degreeClass, ordering) VALUES (1586, 130, 7);
INSERT INTO DegreeClassTopicTranslations(degreeClassTopic, language, description) VALUES (1580, 'PT_PT', 'Introdução à robótica');
INSERT INTO DegreeClassTopicTranslations(degreeClassTopic, language, description) VALUES (1581, 'PT_PT', 'Descrições Espaciais e Transformações');
INSERT INTO DegreeClassTopicTranslations(degreeClassTopic, language, description) VALUES (1582, 'PT_PT', 'Cinemática de manipuladores');
INSERT INTO DegreeClassTopicTranslations(degreeClassTopic, language, description) VALUES (1583, 'PT_PT', 'Cinemática Inversa de manipuladores');
INSERT INTO DegreeClassTopicTranslations(degreeClassTopic, language, description) VALUES (1584, 'PT_PT', 'Jacobiano : velocidades e forças estáticas');
INSERT INTO DegreeClassTopicTranslations(degreeClassTopic, language, description) VALUES (1585, 'PT_PT', 'Dinâmica de Manipuladores');
INSERT INTO DegreeClassTopicTranslations(degreeClassTopic, language, description) VALUES (1586, 'PT_PT', 'Planeamento de Trajectórias: espaço das juntas e espaço tarefa');
INSERT INTO DegreeClassTopicTranslations(degreeClassTopic, language, description) VALUES (1580, 'EN_UK', 'Introduction to Robotics');
INSERT INTO DegreeClassTopicTranslations(degreeClassTopic, language, description) VALUES (1581, 'EN_UK', 'Spatial Descriptions and Transformations');
INSERT INTO DegreeClassTopicTranslations(degreeClassTopic, language, description) VALUES (1582, 'EN_UK', 'Manipulator Kinematics');
INSERT INTO DegreeClassTopicTranslations(degreeClassTopic, language, description) VALUES (1583, 'EN_UK', 'Manipulator Inverse Kinematics');
INSERT INTO DegreeClassTopicTranslations(degreeClassTopic, language, description) VALUES (1584, 'EN_UK', 'Jacobian: Velocities and Static Forces');
INSERT INTO DegreeClassTopicTranslations(degreeClassTopic, language, description) VALUES (1585, 'EN_UK', 'Manipulator Dynamics');
INSERT INTO DegreeClassTopicTranslations(degreeClassTopic, language, description) VALUES (1586, 'EN_UK', 'Trajectory Planning: Joint Space and Task Space');

INSERT INTO DegreeClasses(id, year, semester, ects , isOptional, degree) VALUES (131, 5, 1, 6, true, 2);
INSERT INTO DegreeClassTranslations(degreeClass, language, name, description) VALUES  (131, 'PT_PT', 'Serviços Emergentes da Internet' , 'Os objectivos da disciplina são o conhecimento de fundamentos de aplicações telemáticas, aplicações para a Internet e de serviços emergentes na Internet. Serão também abordados os paradigmas, tecnologias e protocolos para o suporte de aplicações multimédia na Internet. Os alunos deverão desenvolver competências de análise crítica e exposição das soluções actuais e dos desafios futuros nas áreas das aplicações telemáticas.');
INSERT INTO DegreeClassTopics(id, degreeClass, ordering) VALUES (1587, 131, 1);
INSERT INTO DegreeClassTopics(id, degreeClass, ordering) VALUES (1588, 131, 2);
INSERT INTO DegreeClassTopics(id, degreeClass, ordering) VALUES (1589, 131, 3);
INSERT INTO DegreeClassTopics(id, degreeClass, ordering) VALUES (1590, 131, 4);
INSERT INTO DegreeClassTopics(id, degreeClass, ordering) VALUES (1591, 131, 5);
INSERT INTO DegreeClassTopics(id, degreeClass, ordering) VALUES (1592, 131, 6);
INSERT INTO DegreeClassTopics(id, degreeClass, ordering) VALUES (1593, 131, 7);
INSERT INTO DegreeClassTopics(id, degreeClass, ordering) VALUES (1594, 131, 8);
INSERT INTO DegreeClassTopics(id, degreeClass, ordering) VALUES (1595, 131, 9);
INSERT INTO DegreeClassTopicTranslations(degreeClassTopic, language, description) VALUES (1587, 'PT_PT', 'Protocolos para suporte de multimédia');
INSERT INTO DegreeClassTopicTranslations(degreeClassTopic, language, description) VALUES (1588, 'PT_PT', 'Aplicações e servidores Web');
INSERT INTO DegreeClassTopicTranslations(degreeClassTopic, language, description) VALUES (1589, 'PT_PT', 'Serviços de Voz sobre a Internet (VoIP)');
INSERT INTO DegreeClassTopicTranslations(degreeClassTopic, language, description) VALUES (1590, 'PT_PT', 'Serviços de Vídeo sobre a Internet (VCoIP, IPTV, VoD, nPlay)');
INSERT INTO DegreeClassTopicTranslations(degreeClassTopic, language, description) VALUES (1591, 'PT_PT', 'Qualidade de serviço e Qualidade de experiência');
INSERT INTO DegreeClassTopicTranslations(degreeClassTopic, language, description) VALUES (1592, 'PT_PT', 'Aplicações peer-to-peer');
INSERT INTO DegreeClassTopicTranslations(degreeClassTopic, language, description) VALUES (1593, 'PT_PT', 'Aplicações e redes de conteúdo');
INSERT INTO DegreeClassTopicTranslations(degreeClassTopic, language, description) VALUES (1594, 'PT_PT', 'Computação na cloud e aplicações na cloud');
INSERT INTO DegreeClassTopicTranslations(degreeClassTopic, language, description) VALUES (1595, 'PT_PT', 'Novos serviços na Internet');
INSERT INTO DegreeClassTopicTranslations(degreeClassTopic, language, description) VALUES (1587, 'EN_UK', 'Multimedia Support Protocols');
INSERT INTO DegreeClassTopicTranslations(degreeClassTopic, language, description) VALUES (1588, 'EN_UK', 'Web Applications and Servers');
INSERT INTO DegreeClassTopicTranslations(degreeClassTopic, language, description) VALUES (1589, 'EN_UK', 'Voice over IP (VoIP) Services');
INSERT INTO DegreeClassTopicTranslations(degreeClassTopic, language, description) VALUES (1590, 'EN_UK', 'Video over IP Services (VCoIP, IPTV, VoD, nPlay)');
INSERT INTO DegreeClassTopicTranslations(degreeClassTopic, language, description) VALUES (1591, 'EN_UK', 'Quality of Service and Quality of Experience');
INSERT INTO DegreeClassTopicTranslations(degreeClassTopic, language, description) VALUES (1592, 'EN_UK', 'Peer-to-Peer Applications');
INSERT INTO DegreeClassTopicTranslations(degreeClassTopic, language, description) VALUES (1593, 'EN_UK', 'Content Applications and Networks');
INSERT INTO DegreeClassTopicTranslations(degreeClassTopic, language, description) VALUES (1594, 'EN_UK', 'Cloud Computing and Cloud Applications');
INSERT INTO DegreeClassTopicTranslations(degreeClassTopic, language, description) VALUES (1595, 'EN_UK', 'Emerging Internet Services');

INSERT INTO DegreeClasses(id, year, semester, ects , isOptional, degree) VALUES (132, 5, 1, 6, true, 2);
INSERT INTO DegreeClassTranslations(degreeClass, language, name, description) VALUES  (132, 'PT_PT', 'Serviços e Infra-estruturas de Alto Desempenho' , 'Os objectivos centrais da disciplina são a abordagem teórica e prática à temática de gestão de serviços e infra-estruturas informáticas de alto desempenho, incluindo o planeamento e administração dessas infra-estruturas (especificação e desenho de centros de dados, operações e manutenção, gestão de recursos, aspectos de eficiência energética), o planeamento e administração desses serviços e das comunicações que lhe dão suporte (resiliência, qualidade de serviço, gestão de acordos de nível de serviço, eficiência energética).');
INSERT INTO DegreeClassTopics(id, degreeClass, ordering) VALUES (1596, 132, 1);
INSERT INTO DegreeClassTopics(id, degreeClass, ordering) VALUES (1597, 132, 2);
INSERT INTO DegreeClassTopics(id, degreeClass, ordering) VALUES (1598, 132, 3);
INSERT INTO DegreeClassTopics(id, degreeClass, ordering) VALUES (1599, 132, 4);
INSERT INTO DegreeClassTopics(id, degreeClass, ordering) VALUES (1600, 132, 5);
INSERT INTO DegreeClassTopicTranslations(degreeClassTopic, language, description) VALUES (1596, 'PT_PT', 'Planeamento e administração de infra-estruturas de alto desempenho (planeamento de centros de dados, O e M, gestão de recursos, eficiência energética)');
INSERT INTO DegreeClassTopicTranslations(degreeClassTopic, language, description) VALUES (1597, 'PT_PT', 'Planeamento e administração de Serviços de alto desempenho');
INSERT INTO DegreeClassTopicTranslations(degreeClassTopic, language, description) VALUES (1598, 'PT_PT', 'Resiliência em comunicações de alto desempenho (virtualização de redes, tecnologias de alto desempenho, ― software defined networking)');
INSERT INTO DegreeClassTopicTranslations(degreeClassTopic, language, description) VALUES (1599, 'PT_PT', 'Qualidade de serviço em comunicações de alto desempenho');
INSERT INTO DegreeClassTopicTranslations(degreeClassTopic, language, description) VALUES (1600, 'PT_PT', 'Eficiência energética em comunicações de alto desempenho');
INSERT INTO DegreeClassTopicTranslations(degreeClassTopic, language, description) VALUES (1596, 'EN_UK', 'Planning and Administration of High-Performance Infrastructures (Data Center Planning, O&M, Resource Management, Energy Efficiency)');
INSERT INTO DegreeClassTopicTranslations(degreeClassTopic, language, description) VALUES (1597, 'EN_UK', 'Planning and Administration of High-Performance Services');
INSERT INTO DegreeClassTopicTranslations(degreeClassTopic, language, description) VALUES (1598, 'EN_UK', 'Resilience in High-Performance Communications (Network Virtualization, High-Performance Technologies, Software Defined Networking)');
INSERT INTO DegreeClassTopicTranslations(degreeClassTopic, language, description) VALUES (1599, 'EN_UK', 'Quality of Service in High-Performance Communications');
INSERT INTO DegreeClassTopicTranslations(degreeClassTopic, language, description) VALUES (1600, 'EN_UK', 'Energy Efficiency in High-Performance Communications');

INSERT INTO DegreeClasses(id, year, semester, ects , isOptional, degree) VALUES (133, 5, 1, 6, true, 2);
INSERT INTO DegreeClassTranslations(degreeClass, language, name, description) VALUES  (133, 'PT_PT', 'Web Semântica' , 'O objectivo principal da cadeira de Web Semântica é que o aluno adquira um conjunto de competências: - Capacidade de construção e gestão de ontologias\n - Capacidade de representar uma ontologia numa linguagem da Web Semântica (RDF, RDFa, RDFs e OWL)\n - Capacidade para utilizar triple stores, SPARQL, Pesquisa Semântica e os mecanismos de raciocínio\n - Capacidade de aplicação e uso de ontologias representadas através de linguagens da Web Semântica, em aplicações para a Internet ou Intranets\n - Capacidade de especificação, design e desenvolvimento de sistemas/aplicações para a Web Semântica\n - Capacidade de reutilização de ontologias disponibilizadas na Internet');
INSERT INTO DegreeClassTopics(id, degreeClass, ordering) VALUES (1601, 133, 1);
INSERT INTO DegreeClassTopics(id, degreeClass, ordering) VALUES (1602, 133, 2);
INSERT INTO DegreeClassTopics(id, degreeClass, ordering) VALUES (1603, 133, 3);
INSERT INTO DegreeClassTopics(id, degreeClass, ordering) VALUES (1604, 133, 4);
INSERT INTO DegreeClassTopics(id, degreeClass, ordering) VALUES (1605, 133, 5);
INSERT INTO DegreeClassTopics(id, degreeClass, ordering) VALUES (1606, 133, 6);
INSERT INTO DegreeClassTopics(id, degreeClass, ordering) VALUES (1607, 133, 7);
INSERT INTO DegreeClassTopics(id, degreeClass, ordering) VALUES (1608, 133, 8);
INSERT INTO DegreeClassTopics(id, degreeClass, ordering) VALUES (1609, 133, 9);
INSERT INTO DegreeClassTopics(id, degreeClass, ordering) VALUES (1610, 133, 10);
INSERT INTO DegreeClassTopicTranslations(degreeClassTopic, language, description) VALUES (1601, 'PT_PT', 'Introdução à Web Semântica');
INSERT INTO DegreeClassTopicTranslations(degreeClassTopic, language, description) VALUES (1602, 'PT_PT', 'Web Semântica: Ontologias');
INSERT INTO DegreeClassTopicTranslations(degreeClassTopic, language, description) VALUES (1603, 'PT_PT', 'Linguagens para a Web Semântica: XML / RDF / RDFa');
INSERT INTO DegreeClassTopicTranslations(degreeClassTopic, language, description) VALUES (1604, 'PT_PT', 'Linguagens para a Web Semântica: RDF Schema');
INSERT INTO DegreeClassTopicTranslations(degreeClassTopic, language, description) VALUES (1605, 'PT_PT', 'Linguagens para a Web Semântica: OWL (Lite, DL e Full)');
INSERT INTO DegreeClassTopicTranslations(degreeClassTopic, language, description) VALUES (1606, 'PT_PT', 'Triple Stores, SPARQL, Pesquisa Semântica e Mecanismos de Raciocínio');
INSERT INTO DegreeClassTopicTranslations(degreeClassTopic, language, description) VALUES (1607, 'PT_PT', 'Ferramentas de Criação de Ontologias');
INSERT INTO DegreeClassTopicTranslations(degreeClassTopic, language, description) VALUES (1608, 'PT_PT', 'Reutilização de Ontologias');
INSERT INTO DegreeClassTopicTranslations(degreeClassTopic, language, description) VALUES (1609, 'PT_PT', 'Aplicações da Web Semântica');
INSERT INTO DegreeClassTopicTranslations(degreeClassTopic, language, description) VALUES (1610, 'PT_PT', 'Processamento de Linguagem Natural para a Web Semântica');
INSERT INTO DegreeClassTopicTranslations(degreeClassTopic, language, description) VALUES (1601, 'EN_UK', 'Introduction to the Semantic Web');
INSERT INTO DegreeClassTopicTranslations(degreeClassTopic, language, description) VALUES (1602, 'EN_UK', 'Semantic Web: Ontologies');
INSERT INTO DegreeClassTopicTranslations(degreeClassTopic, language, description) VALUES (1603, 'EN_UK', 'Languages for the Semantic Web: XML / RDF / RDFa');
INSERT INTO DegreeClassTopicTranslations(degreeClassTopic, language, description) VALUES (1604, 'EN_UK', 'Languages for the Semantic Web: RDF Schema');
INSERT INTO DegreeClassTopicTranslations(degreeClassTopic, language, description) VALUES (1605, 'EN_UK', 'Languages for the Semantic Web: OWL (Lite, DL and Full)');
INSERT INTO DegreeClassTopicTranslations(degreeClassTopic, language, description) VALUES (1606, 'EN_UK', 'Triple Stores, SPARQL, Semantic Search and Reasoning Mechanisms');
INSERT INTO DegreeClassTopicTranslations(degreeClassTopic, language, description) VALUES (1607, 'EN_UK', 'Ontology Creation Tools');
INSERT INTO DegreeClassTopicTranslations(degreeClassTopic, language, description) VALUES (1608, 'EN_UK', 'Ontology Reuse');
INSERT INTO DegreeClassTopicTranslations(degreeClassTopic, language, description) VALUES (1609, 'EN_UK', 'Semantic Web Applications');
INSERT INTO DegreeClassTopicTranslations(degreeClassTopic, language, description) VALUES (1610, 'EN_UK', 'Natural Language Processing for the Semantic Web');

-- Degree Classes
-- Instituto Superior Técnico

-- IST 1st year
INSERT INTO DegreeClasses(id, year, semester, ects , isOptional, degree) VALUES (134, 1, 1, 6, false, 3);
INSERT INTO DegreeClassTranslations(degreeClass, language, name, description) VALUES  (134, 'PT_PT', 'Álgebra Linear' , 'Formação básica em Álgebra Linear. Domínio das seguintes matérias: espaços vectoriais, transformações lineares, espaços euclideanos, valores e vectores próprios.');
INSERT INTO DegreeClassTopics(id, degreeClass, ordering) VALUES (1611, 134, 1);
INSERT INTO DegreeClassTopics(id, degreeClass, ordering) VALUES (1612, 134, 2);
INSERT INTO DegreeClassTopics(id, degreeClass, ordering) VALUES (1613, 134, 3);
INSERT INTO DegreeClassTopics(id, degreeClass, ordering) VALUES (1614, 134, 4);
INSERT INTO DegreeClassTopics(id, degreeClass, ordering) VALUES (1615, 134, 5);
INSERT INTO DegreeClassTopics(id, degreeClass, ordering) VALUES (1616, 134, 6);
INSERT INTO DegreeClassTopics(id, degreeClass, ordering) VALUES (1617, 134, 7);
INSERT INTO DegreeClassTopics(id, degreeClass, ordering) VALUES (1618, 134, 8);
INSERT INTO DegreeClassTopics(id, degreeClass, ordering) VALUES (1619, 134, 9);
INSERT INTO DegreeClassTopics(id, degreeClass, ordering) VALUES (1620, 134, 10);
INSERT INTO DegreeClassTopics(id, degreeClass, ordering) VALUES (1621, 134, 11);
INSERT INTO DegreeClassTopics(id, degreeClass, ordering) VALUES (1622, 134, 12);
INSERT INTO DegreeClassTopics(id, degreeClass, ordering) VALUES (1623, 134, 13);
INSERT INTO DegreeClassTopics(id, degreeClass, ordering) VALUES (1624, 134, 14);
INSERT INTO DegreeClassTopics(id, degreeClass, ordering) VALUES (1625, 134, 15);
INSERT INTO DegreeClassTopics(id, degreeClass, ordering) VALUES (1626, 134, 16);
INSERT INTO DegreeClassTopics(id, degreeClass, ordering) VALUES (1627, 134, 17);
INSERT INTO DegreeClassTopics(id, degreeClass, ordering) VALUES (1628, 134, 18);
INSERT INTO DegreeClassTopics(id, degreeClass, ordering) VALUES (1629, 134, 19);
INSERT INTO DegreeClassTopics(id, degreeClass, ordering) VALUES (1630, 134, 20);
INSERT INTO DegreeClassTopicTranslations(degreeClassTopic, language, description) VALUES (1611, 'PT_PT', 'Resolução de sistemas de equações lineares');
INSERT INTO DegreeClassTopicTranslations(degreeClassTopic, language, description) VALUES (1612, 'PT_PT', 'Método de eliminação de Gauss');
INSERT INTO DegreeClassTopicTranslations(degreeClassTopic, language, description) VALUES (1613, 'PT_PT', 'Matrizes e vetores');
INSERT INTO DegreeClassTopicTranslations(degreeClassTopic, language, description) VALUES (1614, 'PT_PT', 'Inversão de matrizes');
INSERT INTO DegreeClassTopicTranslations(degreeClassTopic, language, description) VALUES (1615, 'PT_PT', 'Espaços lineares e transformações lineares');
INSERT INTO DegreeClassTopicTranslations(degreeClassTopic, language, description) VALUES (1616, 'PT_PT', 'Independência linear');
INSERT INTO DegreeClassTopicTranslations(degreeClassTopic, language, description) VALUES (1617, 'PT_PT', 'Bases e dimensão');
INSERT INTO DegreeClassTopicTranslations(degreeClassTopic, language, description) VALUES (1618, 'PT_PT', 'Núcleo e contradomínio de uma transformação linear');
INSERT INTO DegreeClassTopicTranslations(degreeClassTopic, language, description) VALUES (1619, 'PT_PT', 'Aplicações a equações diferenciais lineares');
INSERT INTO DegreeClassTopicTranslations(degreeClassTopic, language, description) VALUES (1620, 'PT_PT', 'Produtos internos e normas');
INSERT INTO DegreeClassTopicTranslations(degreeClassTopic, language, description) VALUES (1621, 'PT_PT', 'Bases ortogonais e ortogonalização de Gram-Schmidt');
INSERT INTO DegreeClassTopicTranslations(degreeClassTopic, language, description) VALUES (1622, 'PT_PT', 'Complementos ortogonais e projecções');
INSERT INTO DegreeClassTopicTranslations(degreeClassTopic, language, description) VALUES (1623, 'PT_PT', 'Equações de rectas e planos');
INSERT INTO DegreeClassTopicTranslations(degreeClassTopic, language, description) VALUES (1624, 'PT_PT', 'Mínimos quadrados');
INSERT INTO DegreeClassTopicTranslations(degreeClassTopic, language, description) VALUES (1625, 'PT_PT', 'Determinantes e aplicações');
INSERT INTO DegreeClassTopicTranslations(degreeClassTopic, language, description) VALUES (1626, 'PT_PT', 'Valores e vectores próprios');
INSERT INTO DegreeClassTopicTranslations(degreeClassTopic, language, description) VALUES (1627, 'PT_PT', 'Subespaços invariantes');
INSERT INTO DegreeClassTopicTranslations(degreeClassTopic, language, description) VALUES (1628, 'PT_PT', 'Diagonalização de matrizes');
INSERT INTO DegreeClassTopicTranslations(degreeClassTopic, language, description) VALUES (1629, 'PT_PT', 'Transformações hermiteanas, anti-hermiteanas e unitárias');
INSERT INTO DegreeClassTopicTranslations(degreeClassTopic, language, description) VALUES (1630, 'PT_PT', 'Formas quadráticas');
INSERT INTO DegreeClassTopicTranslations(degreeClassTopic, language, description) VALUES (1611, 'EN_UK', 'Solving Systems of Linear Equations');
INSERT INTO DegreeClassTopicTranslations(degreeClassTopic, language, description) VALUES (1612, 'EN_UK', 'Gaussian Elimination Method');
INSERT INTO DegreeClassTopicTranslations(degreeClassTopic, language, description) VALUES (1613, 'EN_UK', 'Matrices and Vectors');
INSERT INTO DegreeClassTopicTranslations(degreeClassTopic, language, description) VALUES (1614, 'EN_UK', 'Matrix Inversion');
INSERT INTO DegreeClassTopicTranslations(degreeClassTopic, language, description) VALUES (1615, 'EN_UK', 'Linear Spaces and Linear Transformations');
INSERT INTO DegreeClassTopicTranslations(degreeClassTopic, language, description) VALUES (1616, 'EN_UK', 'Linear Independence');
INSERT INTO DegreeClassTopicTranslations(degreeClassTopic, language, description) VALUES (1617, 'EN_UK', 'Bases and Dimension');
INSERT INTO DegreeClassTopicTranslations(degreeClassTopic, language, description) VALUES (1618, 'EN_UK', 'Kernel and Range of a Linear Transformation');
INSERT INTO DegreeClassTopicTranslations(degreeClassTopic, language, description) VALUES (1619, 'EN_UK', 'Applications to Linear Differential Equations');
INSERT INTO DegreeClassTopicTranslations(degreeClassTopic, language, description) VALUES (1620, 'EN_UK', 'Inner Products and Norms');
INSERT INTO DegreeClassTopicTranslations(degreeClassTopic, language, description) VALUES (1621, 'EN_UK', 'Orthogonal Bases and Gram-Schmidt Orthogonalization');
INSERT INTO DegreeClassTopicTranslations(degreeClassTopic, language, description) VALUES (1622, 'EN_UK', 'Orthogonal Complements and Projections');
INSERT INTO DegreeClassTopicTranslations(degreeClassTopic, language, description) VALUES (1623, 'EN_UK', 'Equations of Lines and Planes');
INSERT INTO DegreeClassTopicTranslations(degreeClassTopic, language, description) VALUES (1624, 'EN_UK', 'Least Squares');
INSERT INTO DegreeClassTopicTranslations(degreeClassTopic, language, description) VALUES (1625, 'EN_UK', 'Determinants and Applications');
INSERT INTO DegreeClassTopicTranslations(degreeClassTopic, language, description) VALUES (1626, 'EN_UK', 'Eigenvalues and Eigenvectors');
INSERT INTO DegreeClassTopicTranslations(degreeClassTopic, language, description) VALUES (1627, 'EN_UK', 'Invariant Subspaces');
INSERT INTO DegreeClassTopicTranslations(degreeClassTopic, language, description) VALUES (1628, 'EN_UK', 'Diagonalization of Matrices');
INSERT INTO DegreeClassTopicTranslations(degreeClassTopic, language, description) VALUES (1629, 'EN_UK', 'Hermitian, Anti-Hermitian, and Unitary Transformations');
INSERT INTO DegreeClassTopicTranslations(degreeClassTopic, language, description) VALUES (1630, 'EN_UK', 'Quadratic Forms');

INSERT INTO DegreeClasses(id, year, semester, ects , isOptional, degree) VALUES (135, 1, 1, 6, false, 3);
INSERT INTO DegreeClassTranslations(degreeClass, language, name, description) VALUES  (135, 'PT_PT', 'Cálculo Diferencial e Integral I' , 'Formação básica em Análise Matemática. Domínio das seguintes matérias: sucessões, cálculo diferencial e integral de funções reais de uma variável real. Introdução às séries numéricas.');
INSERT INTO DegreeClassTopics(id, degreeClass, ordering) VALUES (1631, 135, 1);
INSERT INTO DegreeClassTopics(id, degreeClass, ordering) VALUES (1632, 135, 2);
INSERT INTO DegreeClassTopics(id, degreeClass, ordering) VALUES (1633, 135, 3);
INSERT INTO DegreeClassTopics(id, degreeClass, ordering) VALUES (1634, 135, 4);
INSERT INTO DegreeClassTopics(id, degreeClass, ordering) VALUES (1635, 135, 5);
INSERT INTO DegreeClassTopics(id, degreeClass, ordering) VALUES (1636, 135, 6);
INSERT INTO DegreeClassTopics(id, degreeClass, ordering) VALUES (1637, 135, 7);
INSERT INTO DegreeClassTopics(id, degreeClass, ordering) VALUES (1638, 135, 8);
INSERT INTO DegreeClassTopics(id, degreeClass, ordering) VALUES (1639, 135, 9);
INSERT INTO DegreeClassTopics(id, degreeClass, ordering) VALUES (1640, 135, 10);
INSERT INTO DegreeClassTopicTranslations(degreeClassTopic, language, description) VALUES (1631, 'PT_PT', 'Números reais (propriedades de corpo; relação de ordem e axioma do supremo)');
INSERT INTO DegreeClassTopicTranslations(degreeClassTopic, language, description) VALUES (1632, 'PT_PT', 'Números naturais');
INSERT INTO DegreeClassTopicTranslations(degreeClassTopic, language, description) VALUES (1633, 'PT_PT', 'Método de indução');
INSERT INTO DegreeClassTopicTranslations(degreeClassTopic, language, description) VALUES (1634, 'PT_PT', 'Sucessões: Limite, sucessão de Cauchy');
INSERT INTO DegreeClassTopicTranslations(degreeClassTopic, language, description) VALUES (1635, 'PT_PT', 'Funções reais de variável real: limite e continuidade; diferenciabilidade - teoremas fundamentais');
INSERT INTO DegreeClassTopicTranslations(degreeClassTopic, language, description) VALUES (1636, 'PT_PT', 'Regra de Cauchy e levantamento de indeterminações; Fórmula de Taylor');
INSERT INTO DegreeClassTopicTranslations(degreeClassTopic, language, description) VALUES (1637, 'PT_PT', 'Primitivação');
INSERT INTO DegreeClassTopicTranslations(degreeClassTopic, language, description) VALUES (1638, 'PT_PT', 'Cálculo integral em R: integral de Riemann; integrabilidade de funções seccionalmente contínuas; teorema fundamental do cálculo; fórmulas de integração por partes e por substituição');
INSERT INTO DegreeClassTopicTranslations(degreeClassTopic, language, description) VALUES (1639, 'PT_PT', 'Funções transcendentes elementares: logaritmo, exponencial e funções hiperbólicas');
INSERT INTO DegreeClassTopicTranslations(degreeClassTopic, language, description) VALUES (1640, 'PT_PT', 'Séries numéricas: série geométrica; critérios de comparação; séries absolutamente convergentes; séries de potências');
INSERT INTO DegreeClassTopicTranslations(degreeClassTopic, language, description) VALUES (1631, 'EN_UK', 'Real Numbers (Field Properties; Order Relation and Supremum Axiom)');
INSERT INTO DegreeClassTopicTranslations(degreeClassTopic, language, description) VALUES (1632, 'EN_UK', 'Natural Numbers');
INSERT INTO DegreeClassTopicTranslations(degreeClassTopic, language, description) VALUES (1633, 'EN_UK', 'Induction Method');
INSERT INTO DegreeClassTopicTranslations(degreeClassTopic, language, description) VALUES (1634, 'EN_UK', 'Sequences: Limit, Cauchy Sequence');
INSERT INTO DegreeClassTopicTranslations(degreeClassTopic, language, description) VALUES (1635, 'EN_UK', 'Real Functions of Real Variable: Limit and Continuity; Differentiability - Fundamental Theorems');
INSERT INTO DegreeClassTopicTranslations(degreeClassTopic, language, description) VALUES (1636, 'EN_UK', 'Cauchy''s Rule and Indeterminate Forms; Taylor''s Formula');
INSERT INTO DegreeClassTopicTranslations(degreeClassTopic, language, description) VALUES (1637, 'EN_UK', 'Antidifferentiation');
INSERT INTO DegreeClassTopicTranslations(degreeClassTopic, language, description) VALUES (1638, 'EN_UK', 'Integral Calculus in R: Riemann Integral; Integrability of Piecewise Continuous Functions; Fundamental Theorem of Calculus; Integration by Parts and Substitution Formulas');
INSERT INTO DegreeClassTopicTranslations(degreeClassTopic, language, description) VALUES (1639, 'EN_UK', 'Elementary Transcendental Functions: Logarithm, Exponential, and Hyperbolic Functions');
INSERT INTO DegreeClassTopicTranslations(degreeClassTopic, language, description) VALUES (1640, 'EN_UK', 'Numerical Series: Geometric Series; Comparison Criteria; Absolutely Convergent Series; Power Series');

INSERT INTO DegreeClasses(id, year, semester, ects , isOptional, degree) VALUES (136, 1, 1, 7.5, false, 3);
INSERT INTO DegreeClassTranslations(degreeClass, language, name, description) VALUES  (136, 'PT_PT', 'Fundamentos da Programação' , 'Fornecer conhecimentos sobre conceitos fundamentais relativos à actividade de programação, nomeadamente, algoritmo, abstracção procedimental e abstracção de dados, a programação como construção de abstracções, paradigmas de programação. Após a frequência da cadeira, os alunos deverão dominar os conceitos apresentados e serem capazes de desenvolver programas numa linguagem de programação de alto nível, o Python.');
INSERT INTO DegreeClassTopics(id, degreeClass, ordering) VALUES (1641, 136, 1);
INSERT INTO DegreeClassTopics(id, degreeClass, ordering) VALUES (1642, 136, 2);
INSERT INTO DegreeClassTopics(id, degreeClass, ordering) VALUES (1643, 136, 3);
INSERT INTO DegreeClassTopics(id, degreeClass, ordering) VALUES (1644, 136, 4);
INSERT INTO DegreeClassTopics(id, degreeClass, ordering) VALUES (1645, 136, 5);
INSERT INTO DegreeClassTopics(id, degreeClass, ordering) VALUES (1646, 136, 6);
INSERT INTO DegreeClassTopics(id, degreeClass, ordering) VALUES (1647, 136, 7);
INSERT INTO DegreeClassTopics(id, degreeClass, ordering) VALUES (1648, 136, 8);
INSERT INTO DegreeClassTopics(id, degreeClass, ordering) VALUES (1649, 136, 9);
INSERT INTO DegreeClassTopics(id, degreeClass, ordering) VALUES (1650, 136, 10);
INSERT INTO DegreeClassTopics(id, degreeClass, ordering) VALUES (1651, 136, 11);
INSERT INTO DegreeClassTopics(id, degreeClass, ordering) VALUES (1652, 136, 12);
INSERT INTO DegreeClassTopics(id, degreeClass, ordering) VALUES (1653, 136, 13);
INSERT INTO DegreeClassTopics(id, degreeClass, ordering) VALUES (1654, 136, 14);
INSERT INTO DegreeClassTopics(id, degreeClass, ordering) VALUES (1655, 136, 15);
INSERT INTO DegreeClassTopics(id, degreeClass, ordering) VALUES (1656, 136, 16);
INSERT INTO DegreeClassTopicTranslations(degreeClassTopic, language, description) VALUES (1641, 'PT_PT', 'Computadores, algoritmos e programas');
INSERT INTO DegreeClassTopicTranslations(degreeClassTopic, language, description) VALUES (1642, 'PT_PT', 'Características de um computador');
INSERT INTO DegreeClassTopicTranslations(degreeClassTopic, language, description) VALUES (1643, 'PT_PT', 'Programas e algoritmos');
INSERT INTO DegreeClassTopicTranslations(degreeClassTopic, language, description) VALUES (1644, 'PT_PT', 'Linguagens de programação: Sintaxe e semântica Elementos básicos de programação Expressões Tipos elementares de informação Nomes e atribuição Comunicação com o exterior');
INSERT INTO DegreeClassTopicTranslations(degreeClassTopic, language, description) VALUES (1645, 'PT_PT', 'Programas: instruções e sequenciação, selecção, repetição, funções, abstracção procedimental');
INSERT INTO DegreeClassTopicTranslations(degreeClassTopic, language, description) VALUES (1646, 'PT_PT', 'Módulos, tuplos e ciclos contados, cadeias de caracteres revisitadas, Listas');
INSERT INTO DegreeClassTopicTranslations(degreeClassTopic, language, description) VALUES (1647, 'PT_PT', 'Métodos de passagem de parâmetros');
INSERT INTO DegreeClassTopicTranslations(degreeClassTopic, language, description) VALUES (1648, 'PT_PT', 'Algoritmos de procura, Algoritmos de ordenação, Considerações sobre eficiência');
INSERT INTO DegreeClassTopicTranslations(degreeClassTopic, language, description) VALUES (1649, 'PT_PT', 'Funções revisitadas, funções recursivas, funções de ordem superior e programação funcional');
INSERT INTO DegreeClassTopicTranslations(degreeClassTopic, language, description) VALUES (1650, 'PT_PT', 'Recursão e iteração: recursão linear, iteração linear, recursão em processos e em função, recursão em árvore');
INSERT INTO DegreeClassTopicTranslations(degreeClassTopic, language, description) VALUES (1651, 'PT_PT', 'Ficheiros: leitura de ficheiros e escrita em ficheiros');
INSERT INTO DegreeClassTopicTranslations(degreeClassTopic, language, description) VALUES (1652, 'PT_PT', 'Dicionários e Dicionários de dicionários');
INSERT INTO DegreeClassTopicTranslations(degreeClassTopic, language, description) VALUES (1653, 'PT_PT', 'Caminhos mais curtos em grafos');
INSERT INTO DegreeClassTopicTranslations(degreeClassTopic, language, description) VALUES (1654, 'PT_PT', 'Abstracção de dados: Abstracção em programação, tipos abstractos de informação, barreiras de abstracção');
INSERT INTO DegreeClassTopicTranslations(degreeClassTopic, language, description) VALUES (1655, 'PT_PT', 'Objectos: Programação com objectos, classes, subclasses e herança. Objectos em Python. Polimorfismo');
INSERT INTO DegreeClassTopicTranslations(degreeClassTopic, language, description) VALUES (1656, 'PT_PT', 'Estruturas lineares, pilhas e Filas');
INSERT INTO DegreeClassTopicTranslations(degreeClassTopic, language, description) VALUES (1641, 'EN_UK', 'Computers, Algorithms, and Programs');
INSERT INTO DegreeClassTopicTranslations(degreeClassTopic, language, description) VALUES (1642, 'EN_UK', 'Characteristics of a Computer');
INSERT INTO DegreeClassTopicTranslations(degreeClassTopic, language, description) VALUES (1643, 'EN_UK', 'Programs and Algorithms');
INSERT INTO DegreeClassTopicTranslations(degreeClassTopic, language, description) VALUES (1644, 'EN_UK', 'Programming Languages: Syntax and Semantics Basic Programming Elements Expressions Elementary Data Types Names and Assignment Communication with the Outside World');
INSERT INTO DegreeClassTopicTranslations(degreeClassTopic, language, description) VALUES (1645, 'EN_UK', 'Programs: Instructions and Sequencing, Selection, Repetition, Functions, Procedural Abstraction');
INSERT INTO DegreeClassTopicTranslations(degreeClassTopic, language, description) VALUES (1646, 'EN_UK', 'Modules, Tuples and Counted Loops, Revisited Strings, Lists');
INSERT INTO DegreeClassTopicTranslations(degreeClassTopic, language, description) VALUES (1647, 'EN_UK', 'Parameter Passing Methods');
INSERT INTO DegreeClassTopicTranslations(degreeClassTopic, language, description) VALUES (1648, 'EN_UK', 'Searching Algorithms, Sorting Algorithms, Efficiency Considerations');
INSERT INTO DegreeClassTopicTranslations(degreeClassTopic, language, description) VALUES (1649, 'EN_UK', 'Functions Revisited, Recursive Functions, Higher-Order Functions and Functional Programming');
INSERT INTO DegreeClassTopicTranslations(degreeClassTopic, language, description) VALUES (1650, 'EN_UK', 'Recursion and Iteration: Linear Recursion, Linear Iteration, Recursion in Processes and in Function, Tree Recursion');
INSERT INTO DegreeClassTopicTranslations(degreeClassTopic, language, description) VALUES (1651, 'EN_UK', 'Files: Reading Files and Writing to Files');
INSERT INTO DegreeClassTopicTranslations(degreeClassTopic, language, description) VALUES (1652, 'EN_UK', 'Dictionaries and Dictionaries of Dictionaries');
INSERT INTO DegreeClassTopicTranslations(degreeClassTopic, language, description) VALUES (1653, 'EN_UK', 'Shortest Paths in Graphs');
INSERT INTO DegreeClassTopicTranslations(degreeClassTopic, language, description) VALUES (1654, 'EN_UK', 'Data Abstraction: Abstraction in Programming, Abstract Data Types, Abstraction Barriers');
INSERT INTO DegreeClassTopicTranslations(degreeClassTopic, language, description) VALUES (1655, 'EN_UK', 'Objects: Object-Oriented Programming, Classes, Subclasses, and Inheritance. Objects in Python. Polymorphism');
INSERT INTO DegreeClassTopicTranslations(degreeClassTopic, language, description) VALUES (1656, 'EN_UK', 'Linear Structures, Stacks and Queues');

INSERT INTO DegreeClasses(id, year, semester, ects , isOptional, degree) VALUES (137, 1, 1, 7.5, false, 3);
INSERT INTO DegreeClassTranslations(degreeClass, language, name, description) VALUES  (137, 'PT_PT', 'Introdução à Arquitectura de Computadores' , 'Os alunos deverão dominar os conceitos básicos e o funcionamento geral de um computador, a estrutura material que permite a execução de programas. Deverão conseguir descrever o funcionamento dos elementos básicos, processador, sistema de memória e sistema de entradas e saídas, e sua interacção. Em particular, devem ser capazes de compreender a estrutura interna de um processador e o processo de execução das instruções.');
INSERT INTO DegreeClassTopics(id, degreeClass, ordering) VALUES (1657, 137, 1);
INSERT INTO DegreeClassTopics(id, degreeClass, ordering) VALUES (1658, 137, 2);
INSERT INTO DegreeClassTopics(id, degreeClass, ordering) VALUES (1659, 137, 3);
INSERT INTO DegreeClassTopics(id, degreeClass, ordering) VALUES (1660, 137, 4);
INSERT INTO DegreeClassTopics(id, degreeClass, ordering) VALUES (1661, 137, 5);
INSERT INTO DegreeClassTopics(id, degreeClass, ordering) VALUES (1662, 137, 6);
INSERT INTO DegreeClassTopics(id, degreeClass, ordering) VALUES (1663, 137, 7);
INSERT INTO DegreeClassTopics(id, degreeClass, ordering) VALUES (1664, 137, 8);
INSERT INTO DegreeClassTopics(id, degreeClass, ordering) VALUES (1665, 137, 9);
INSERT INTO DegreeClassTopicTranslations(degreeClassTopic, language, description) VALUES (1657, 'PT_PT', 'Introdução e visão global: organização interna de um computador em termos de processador, memória, periféricos, barramentos; ciclo básico das instruções; noção de contador de programa e de endereço; interacção com o exterior; componentes de um computador; estrutura interna de um processador; perspectiva histórica');
INSERT INTO DegreeClassTopicTranslations(degreeClassTopic, language, description) VALUES (1658, 'PT_PT', 'Representação digital da informação: bases de numeração; operações aritméticas em bases 2, 8 e 16; códigos numéricos e alfanuméricos');
INSERT INTO DegreeClassTopicTranslations(degreeClassTopic, language, description) VALUES (1659, 'PT_PT', 'Funções lógicas: álgebra de Boole; manipulação de expressões lógicas; portas lógicas básicas e sua realização física; codificadores e descodificadores; multiplexadores');
INSERT INTO DegreeClassTopicTranslations(degreeClassTopic, language, description) VALUES (1660, 'PT_PT', 'Circuitos aritméticos: somadores e subtractores; multiplicadores e divisores; unidade lógica e aritmética (ULA)');
INSERT INTO DegreeClassTopicTranslations(degreeClassTopic, language, description) VALUES (1661, 'PT_PT', 'Circuitos sequenciais: registos e bancos de registos; memórias; separação entre circuito de dados e circuito de controlo.');
INSERT INTO DegreeClassTopicTranslations(degreeClassTopic, language, description) VALUES (1662, 'PT_PT', 'Conjunto de Instruções (ISA): instruções típicas; modos de endereçamento; pilha e rotinas; interrupções.');
INSERT INTO DegreeClassTopicTranslations(degreeClassTopic, language, description) VALUES (1663, 'PT_PT', 'Arquitetura de um processador: estrutura interna de um processador, codificação de instruções; bits de estado; registos especiais; unidade de processamento, banco de registos e ULA; unidade de controlo e micro-programação; análise da execução de instruções');
INSERT INTO DegreeClassTopicTranslations(degreeClassTopic, language, description) VALUES (1664, 'PT_PT', 'Sistema de memória: endereçamento da memória, protocolos e descodificação de endereços; caches, princípios de funcionamento e racional de desempenho; memória virtual, princípios de funcionamento e sistema de tradução de endereços');
INSERT INTO DegreeClassTopicTranslations(degreeClassTopic, language, description) VALUES (1665, 'PT_PT', 'Sistema de entradas e saídas: periféricos e barramentos; comunicação com o exterior (paralela e série, protocolos); temporizadores e interrupções');
INSERT INTO DegreeClassTopicTranslations(degreeClassTopic, language, description) VALUES (1657, 'EN_UK', 'Introduction and Overview: Internal organization of a computer in terms of processor, memory, peripherals, buses; basic instruction cycle; notion of program counter and address; interaction with the outside world; components of a computer; internal structure of a processor; historical perspective');
INSERT INTO DegreeClassTopicTranslations(degreeClassTopic, language, description) VALUES (1658, 'EN_UK', 'Digital Representation of Information: Number bases; arithmetic operations in bases 2, 8 and 16; numeric and alphanumeric codes');
INSERT INTO DegreeClassTopicTranslations(degreeClassTopic, language, description) VALUES (1659, 'EN_UK', 'Logical Functions: Boolean algebra; manipulation of logical expressions; basic logic gates and their physical realization; encoders and decoders; multiplexers');
INSERT INTO DegreeClassTopicTranslations(degreeClassTopic, language, description) VALUES (1660, 'EN_UK', 'Arithmetic Circuits: Adders and subtractors; multipliers and dividers; arithmetic and logic unit (ALU)');
INSERT INTO DegreeClassTopicTranslations(degreeClassTopic, language, description) VALUES (1661, 'EN_UK', 'Sequential Circuits: Registers and register banks; memories; separation between data circuit and control circuit.');
INSERT INTO DegreeClassTopicTranslations(degreeClassTopic, language, description) VALUES (1662, 'EN_UK', 'Instruction Set (ISA): Typical instructions; addressing modes; stack and routines; interrupts.');
INSERT INTO DegreeClassTopicTranslations(degreeClassTopic, language, description) VALUES (1663, 'EN_UK', 'Processor Architecture: Internal structure of a processor, instruction encoding; status bits; special registers; processing unit, register bank and ALU; control unit and micro-programming; analysis of instruction execution');
INSERT INTO DegreeClassTopicTranslations(degreeClassTopic, language, description) VALUES (1664, 'EN_UK', 'Memory System: Memory addressing, protocols and address decoding; caches, operating principles and performance rationale; virtual memory, operating principles and address translation system');
INSERT INTO DegreeClassTopicTranslations(degreeClassTopic, language, description) VALUES (1665, 'EN_UK', 'Input and Output System: Peripherals and buses; communication with the outside world (parallel and serial, protocols); timers and interrupts');

INSERT INTO DegreeClasses(id, year, semester, ects , isOptional, degree) VALUES (138, 1, 1, 3, false, 3);
INSERT INTO DegreeClassTranslations(degreeClass, language, name, description) VALUES  (138, 'PT_PT', 'Introdução à Engenharia Informática' , 'Esta UC tem como objectivo principal dar aos alunos uma visão da engenharia informática na sociedade, nas empresas, na inovação e na investigação.');
INSERT INTO DegreeClassTopics(id, degreeClass, ordering) VALUES (1666, 138, 1);
INSERT INTO DegreeClassTopics(id, degreeClass, ordering) VALUES (1667, 138, 2);
INSERT INTO DegreeClassTopics(id, degreeClass, ordering) VALUES (1668, 138, 3);
INSERT INTO DegreeClassTopics(id, degreeClass, ordering) VALUES (1669, 138, 4);
INSERT INTO DegreeClassTopics(id, degreeClass, ordering) VALUES (1670, 138, 5);
INSERT INTO DegreeClassTopics(id, degreeClass, ordering) VALUES (1671, 138, 6);
INSERT INTO DegreeClassTopics(id, degreeClass, ordering) VALUES (1672, 138, 7);
INSERT INTO DegreeClassTopicTranslations(degreeClassTopic, language, description) VALUES (1666, 'PT_PT', 'A função da informática na sociedade. O papel do Engenheiro Informático.');
INSERT INTO DegreeClassTopicTranslations(degreeClassTopic, language, description) VALUES (1667, 'PT_PT', 'As bases científicas da Engenharia Informática Ciências da Computação e da Informação Bioinformática, Computação Quântica, I.A., Voz, Visão');
INSERT INTO DegreeClassTopicTranslations(degreeClassTopic, language, description) VALUES (1668, 'PT_PT', 'Engenharia de Computadores e das Infra-estruturas Informáticas Computadores, S.O.s, S.D.s,Computação em Nuvém, Data Centers, Segurança.');
INSERT INTO DegreeClassTopicTranslations(degreeClassTopic, language, description) VALUES (1669, 'PT_PT', 'Engenharia de Software e Sistemas Aplicacionais Especializados Concepção, desenvolvimento, produção e teste de produtos de Software. Principais domínios aplicacionais em Engenharia de Software');
INSERT INTO DegreeClassTopicTranslations(degreeClassTopic, language, description) VALUES (1670, 'PT_PT', 'Engenharia dos Sistemas de Informação; A Informática nas Organização: Arquitectura, Governação e Engenharia Empresarial; A descoberta, mineração, exploração e preservação da Informação');
INSERT INTO DegreeClassTopicTranslations(degreeClassTopic, language, description) VALUES (1671, 'PT_PT', 'A investigação em Engenharia Informática: Os grandes desafios da Sociedade Biónica');
INSERT INTO DegreeClassTopicTranslations(degreeClassTopic, language, description) VALUES (1672, 'PT_PT', 'Inovação e Empreendedorismo em Engenharia Informática');
INSERT INTO DegreeClassTopicTranslations(degreeClassTopic, language, description) VALUES (1666, 'EN_UK', 'The role of computer science in society. The role of the Computer Engineer.');
INSERT INTO DegreeClassTopicTranslations(degreeClassTopic, language, description) VALUES (1667, 'EN_UK', 'The scientific foundations of Computer Engineering. Computer and Information Science. Bioinformatics, Quantum Computing, AI, Speech, Vision.');
INSERT INTO DegreeClassTopicTranslations(degreeClassTopic, language, description) VALUES (1668, 'EN_UK', 'Computer and Computer Infrastructure Engineering. Computers, Operating Systems, Distributed Systems, Cloud Computing, Data Centers, Security.');
INSERT INTO DegreeClassTopicTranslations(degreeClassTopic, language, description) VALUES (1669, 'EN_UK', 'Software Engineering and Specialized Application Systems. Design, development, production and testing of Software products. Main application domains in Software Engineering.');
INSERT INTO DegreeClassTopicTranslations(degreeClassTopic, language, description) VALUES (1670, 'EN_UK', 'Information Systems Engineering; Computer Science in Organizations: Architecture, Governance and Business Engineering; The discovery, mining, exploitation and preservation of Information.');
INSERT INTO DegreeClassTopicTranslations(degreeClassTopic, language, description) VALUES (1671, 'EN_UK', 'Research in Computer Engineering: The great challenges of the Bionic Society.');
INSERT INTO DegreeClassTopicTranslations(degreeClassTopic, language, description) VALUES (1672, 'EN_UK', 'Innovation and Entrepreneurship in Computer Engineering.');

INSERT INTO DegreeClasses(id, year, semester, ects , isOptional, degree) VALUES (139, 1, 2, 7.5, false, 3);
INSERT INTO DegreeClassTranslations(degreeClass, language, name, description) VALUES  (139, 'PT_PT', 'Cálculo Diferencial e Integral II' , 'Esta UC providencia os alunos com o domínio do cálculo diferencial e integral de funções de mais de uma variável real, incluindo os teoremas fundamentais do cálculo. Aplicações à Física.');
INSERT INTO DegreeClassTopics(id, degreeClass, ordering) VALUES (1673, 139, 1);
INSERT INTO DegreeClassTopics(id, degreeClass, ordering) VALUES (1674, 139, 2);
INSERT INTO DegreeClassTopics(id, degreeClass, ordering) VALUES (1675, 139, 3);
INSERT INTO DegreeClassTopics(id, degreeClass, ordering) VALUES (1676, 139, 4);
INSERT INTO DegreeClassTopics(id, degreeClass, ordering) VALUES (1677, 139, 5);
INSERT INTO DegreeClassTopics(id, degreeClass, ordering) VALUES (1678, 139, 6);
INSERT INTO DegreeClassTopics(id, degreeClass, ordering) VALUES (1679, 139, 7);
INSERT INTO DegreeClassTopics(id, degreeClass, ordering) VALUES (1680, 139, 8);
INSERT INTO DegreeClassTopics(id, degreeClass, ordering) VALUES (1681, 139, 9);
INSERT INTO DegreeClassTopicTranslations(degreeClassTopic, language, description) VALUES (1673, 'PT_PT', 'Estrutura algébrica e topológica de R^n');
INSERT INTO DegreeClassTopicTranslations(degreeClassTopic, language, description) VALUES (1674, 'PT_PT', 'Funções de R^n em R^m: limite e continuidade');
INSERT INTO DegreeClassTopicTranslations(degreeClassTopic, language, description) VALUES (1675, 'PT_PT', 'Diferenciabilidade. Derivadas parciais. Derivada da função composta.');
INSERT INTO DegreeClassTopicTranslations(degreeClassTopic, language, description) VALUES (1676, 'PT_PT', 'Teorema de Taylor em Rn e aplicação ao estudo de extremos. Teoremas da função inversa e da função implícita.');
INSERT INTO DegreeClassTopicTranslations(degreeClassTopic, language, description) VALUES (1677, 'PT_PT', 'Extremos condicionados');
INSERT INTO DegreeClassTopicTranslations(degreeClassTopic, language, description) VALUES (1678, 'PT_PT', 'Integrais múltiplos: Teorema de Fubini, Teorema de mudança de variáveis, aplicações ao cálculo de grandezas físicas.');
INSERT INTO DegreeClassTopicTranslations(degreeClassTopic, language, description) VALUES (1679, 'PT_PT', 'Integrais de linha: Integrais de campos escalares e campos vectoriais; Teorema Fundamental do Cálculo para integrais de linha, campos gradientes e potenciais escalares; Teorema de Green');
INSERT INTO DegreeClassTopicTranslations(degreeClassTopic, language, description) VALUES (1680, 'PT_PT', 'Integrais de superfície: Integrais de campos escalares e fluxos de campos vectoriais');
INSERT INTO DegreeClassTopicTranslations(degreeClassTopic, language, description) VALUES (1681, 'PT_PT', 'Teorema da Divergência e Teorema de Stokes');
INSERT INTO DegreeClassTopicTranslations(degreeClassTopic, language, description) VALUES (1673, 'EN_UK', 'Algebraic and topological structure of R^n');
INSERT INTO DegreeClassTopicTranslations(degreeClassTopic, language, description) VALUES (1674, 'EN_UK', 'Functions from R^n to R^m: limit and continuity');
INSERT INTO DegreeClassTopicTranslations(degreeClassTopic, language, description) VALUES (1675, 'EN_UK', 'Differentiability. Partial derivatives. Derivative of the composite function.');
INSERT INTO DegreeClassTopicTranslations(degreeClassTopic, language, description) VALUES (1676, 'EN_UK', 'Taylor''s Theorem in Rn and application to the study of extrema. Inverse function theorem and implicit function theorem.');
INSERT INTO DegreeClassTopicTranslations(degreeClassTopic, language, description) VALUES (1677, 'EN_UK', 'Constrained extrema');
INSERT INTO DegreeClassTopicTranslations(degreeClassTopic, language, description) VALUES (1678, 'EN_UK', 'Multiple integrals: Fubini''s Theorem, Change of Variables Theorem, applications to the calculation of physical quantities.');
INSERT INTO DegreeClassTopicTranslations(degreeClassTopic, language, description) VALUES (1679, 'EN_UK', 'Line integrals: Integrals of scalar fields and vector fields; Fundamental Theorem of Calculus for line integrals, gradient fields and scalar potentials; Green''s Theorem');
INSERT INTO DegreeClassTopicTranslations(degreeClassTopic, language, description) VALUES (1680, 'EN_UK', 'Surface integrals: Integrals of scalar fields and fluxes of vector fields');
INSERT INTO DegreeClassTopicTranslations(degreeClassTopic, language, description) VALUES (1681, 'EN_UK', 'Divergence Theorem and Stokes'' Theorem');

INSERT INTO DegreeClasses(id, year, semester, ects , isOptional, degree) VALUES (140, 1, 2, 7.5, false, 3);
INSERT INTO DegreeClassTranslations(degreeClass, language, name, description) VALUES  (140, 'PT_PT', 'Introdução aos Algoritmos e Estruturas de Dados' , 'Ganhar conhecimentos de programação numa linguagem imperativa. Adquirir conhecimentos sobre algoritmos básicos de ordenação e procura. Saber seleccionar, criar e utilizar estruturas de dados elementares. Saber projectar algoritmos iterativos e recursivos, para a resolução de problemas. Saber analisar a complexidade dos algoritmos utilizados para resolver um dado problema por forma a poder escolher aqueles que sejam mais eficientes.');
INSERT INTO DegreeClassTopics(id, degreeClass, ordering) VALUES (1682, 140, 1);
INSERT INTO DegreeClassTopics(id, degreeClass, ordering) VALUES (1683, 140, 2);
INSERT INTO DegreeClassTopics(id, degreeClass, ordering) VALUES (1684, 140, 3);
INSERT INTO DegreeClassTopics(id, degreeClass, ordering) VALUES (1685, 140, 4);
INSERT INTO DegreeClassTopics(id, degreeClass, ordering) VALUES (1686, 140, 5);
INSERT INTO DegreeClassTopics(id, degreeClass, ordering) VALUES (1687, 140, 6);
INSERT INTO DegreeClassTopics(id, degreeClass, ordering) VALUES (1688, 140, 7);
INSERT INTO DegreeClassTopics(id, degreeClass, ordering) VALUES (1689, 140, 8);
INSERT INTO DegreeClassTopicTranslations(degreeClassTopic, language, description) VALUES (1682, 'PT_PT', 'Introdução à programação imperativa e à linguagem de programação C');
INSERT INTO DegreeClassTopicTranslations(degreeClassTopic, language, description) VALUES (1683, 'PT_PT', 'Introdução ao estudo da eficiência de algoritmos');
INSERT INTO DegreeClassTopicTranslations(degreeClassTopic, language, description) VALUES (1684, 'PT_PT', 'Algoritmos de ordenação elementares e avançados: inserção directa, selecção directa, bubblesort, quicksort, fusão binária e heapsort.');
INSERT INTO DegreeClassTopicTranslations(degreeClassTopic, language, description) VALUES (1685, 'PT_PT', 'Tipos de dados: pilhas, filas de espera, filas de prioridade, amontoados, árvores. Implementações vectoriais e dinâmicas');
INSERT INTO DegreeClassTopicTranslations(degreeClassTopic, language, description) VALUES (1686, 'PT_PT', 'Árvores binárias de pesquisa e Árvores de pesquisa equilibradas');
INSERT INTO DegreeClassTopicTranslations(degreeClassTopic, language, description) VALUES (1687, 'PT_PT', 'Tabelas de dispersão (hashtables)');
INSERT INTO DegreeClassTopicTranslations(degreeClassTopic, language, description) VALUES (1688, 'PT_PT', 'Resolução de colisões por encadeamento e por endereçamento aberto');
INSERT INTO DegreeClassTopicTranslations(degreeClassTopic, language, description) VALUES (1689, 'PT_PT', 'Endereçamento linear, quadrático e dispersão dupla');
INSERT INTO DegreeClassTopicTranslations(degreeClassTopic, language, description) VALUES (1682, 'EN_UK', 'Introduction to imperative programming and the C programming language');
INSERT INTO DegreeClassTopicTranslations(degreeClassTopic, language, description) VALUES (1683, 'EN_UK', 'Introduction to the study of algorithm efficiency');
INSERT INTO DegreeClassTopicTranslations(degreeClassTopic, language, description) VALUES (1684, 'EN_UK', 'Elementary and advanced sorting algorithms: insertion sort, selection sort, bubblesort, quicksort, binary merge, and heapsort.');
INSERT INTO DegreeClassTopicTranslations(degreeClassTopic, language, description) VALUES (1685, 'EN_UK', 'Data types: stacks, queues, priority queues, heaps, trees. Vectorial and dynamic implementations');
INSERT INTO DegreeClassTopicTranslations(degreeClassTopic, language, description) VALUES (1686, 'EN_UK', 'Binary search trees and balanced search trees');
INSERT INTO DegreeClassTopicTranslations(degreeClassTopic, language, description) VALUES (1687, 'EN_UK', 'Hash tables');
INSERT INTO DegreeClassTopicTranslations(degreeClassTopic, language, description) VALUES (1688, 'EN_UK', 'Collision resolution by chaining and by open addressing');
INSERT INTO DegreeClassTopicTranslations(degreeClassTopic, language, description) VALUES (1689, 'EN_UK', 'Linear, quadratic, and double hashing');

INSERT INTO DegreeClasses(id, year, semester, ects , isOptional, degree) VALUES (141, 1, 2, 7.5, false, 3);
INSERT INTO DegreeClassTranslations(degreeClass, language, name, description) VALUES  (141, 'PT_PT', 'Lógica para Programação' , 'Com a frequência da disciplina pretende-se que os alunos tenham conhecimento sobre os componentes de uma lógica, sejam capazes de desenvolver provas no sistema dedutivo, sejam capazes de utilizar o formalismo semântico, sejam capazes de relacionar o sistema dedutivo e o sistema semântico e provar propriedades sobre estas relações. Deverão obter noções sobre o raciocínio automático e ser capazes de desenvolver programas utilizando o paradigma da programação em lógica.');
INSERT INTO DegreeClassTopics(id, degreeClass, ordering) VALUES (1690, 141, 1);
INSERT INTO DegreeClassTopics(id, degreeClass, ordering) VALUES (1691, 141, 2);
INSERT INTO DegreeClassTopics(id, degreeClass, ordering) VALUES (1692, 141, 3);
INSERT INTO DegreeClassTopics(id, degreeClass, ordering) VALUES (1693, 141, 4);
INSERT INTO DegreeClassTopics(id, degreeClass, ordering) VALUES (1694, 141, 5);
INSERT INTO DegreeClassTopics(id, degreeClass, ordering) VALUES (1695, 141, 6);
INSERT INTO DegreeClassTopicTranslations(degreeClassTopic, language, description) VALUES (1690, 'PT_PT', 'Proposições e argumentos');
INSERT INTO DegreeClassTopicTranslations(degreeClassTopic, language, description) VALUES (1691, 'PT_PT', 'Componentes de uma lógica');
INSERT INTO DegreeClassTopicTranslations(degreeClassTopic, language, description) VALUES (1692, 'PT_PT', 'Lógica proposicional (sistema dedutivo e semântica)');
INSERT INTO DegreeClassTopicTranslations(degreeClassTopic, language, description) VALUES (1693, 'PT_PT', 'Lógica de primeira ordem (sistema dedutivo e semântica)');
INSERT INTO DegreeClassTopicTranslations(degreeClassTopic, language, description) VALUES (1694, 'PT_PT', 'Solidez e completude, Resolução');
INSERT INTO DegreeClassTopicTranslations(degreeClassTopic, language, description) VALUES (1695, 'PT_PT', 'Programação em lógica');
INSERT INTO DegreeClassTopicTranslations(degreeClassTopic, language, description) VALUES (1690, 'EN_UK', 'Propositions and arguments');
INSERT INTO DegreeClassTopicTranslations(degreeClassTopic, language, description) VALUES (1691, 'EN_UK', 'Components of a logic system');
INSERT INTO DegreeClassTopicTranslations(degreeClassTopic, language, description) VALUES (1692, 'EN_UK', 'Propositional logic (deductive system and semantics)');
INSERT INTO DegreeClassTopicTranslations(degreeClassTopic, language, description) VALUES (1693, 'EN_UK', 'First-order logic (deductive system and semantics)');
INSERT INTO DegreeClassTopicTranslations(degreeClassTopic, language, description) VALUES (1694, 'EN_UK', 'Soundness and completeness, Resolution');
INSERT INTO DegreeClassTopicTranslations(degreeClassTopic, language, description) VALUES (1695, 'EN_UK', 'Logic programming');

INSERT INTO DegreeClasses(id, year, semester, ects , isOptional, degree) VALUES (142, 1, 2, 7.5, false, 3);
INSERT INTO DegreeClassTranslations(degreeClass, language, name, description) VALUES  (142, 'PT_PT', 'Matemática Discreta' , 'Desenvolver o raciocínio matemático rigoroso. Dominar os conceitos e instrumentos matemáticos necessários para a análise de procedimentos e algoritmos, quer quanto à sua correcção, quer quanto à sua eficiência.');
INSERT INTO DegreeClassTopics(id, degreeClass, ordering) VALUES (1696, 142, 1);
INSERT INTO DegreeClassTopics(id, degreeClass, ordering) VALUES (1697, 142, 2);
INSERT INTO DegreeClassTopics(id, degreeClass, ordering) VALUES (1698, 142, 3);
INSERT INTO DegreeClassTopics(id, degreeClass, ordering) VALUES (1699, 142, 4);
INSERT INTO DegreeClassTopics(id, degreeClass, ordering) VALUES (1700, 142, 5);
INSERT INTO DegreeClassTopics(id, degreeClass, ordering) VALUES (1701, 142, 6);
INSERT INTO DegreeClassTopicTranslations(degreeClassTopic, language, description) VALUES (1696, 'PT_PT', 'Algoritmia: Introdução à linguagem de programação Mathematica. Procedimento versus algoritmo. Análise da eficiência de programas imperativos no pior caso e no caso médio. Notação assimptótica. Somatórios, produtórios. Princípio de inclusão-exclusão. Demonstração por indução finita de formas fechadas. Fórmula da soma de Euler.');
INSERT INTO DegreeClassTopicTranslations(degreeClassTopic, language, description) VALUES (1697, 'PT_PT', 'Teoria de números elementar: Aritmética modular. Divisibilidade, máximo divisor comum, algoritmo de Euclides. Factorização e primalidade, teorema de Euler. Teorema chinês dos restos. Relações de equivalência e de congruência. Corpos finitos. Polinómios sobre corpos finitos. Transformada de Fourier discreta, seu cálculo eficiente e correcção.');
INSERT INTO DegreeClassTopicTranslations(degreeClassTopic, language, description) VALUES (1698, 'PT_PT', 'Funções geradoras: Função geradora de uma sucessão. Propriedades. Coeficientes binomiais. Função geradora de uma variável aleatória discreta, momentos. Análise de recorrências. Teorema da expansão racional. Resolução de equações lineares às diferenças.');
INSERT INTO DegreeClassTopicTranslations(degreeClassTopic, language, description) VALUES (1699, 'PT_PT', 'Correcção de programas: Correcção parcial de programas, condições invariantes. Terminação de programas, expressões variantes. Pré-condição e pós-condição. Cálculo de Hoare para correcção parcial de programas imperativos. Ordens parciais, bem fundadas e indução. Cálculo de Hoare para correcção total de programas imperativos.');
INSERT INTO DegreeClassTopicTranslations(degreeClassTopic, language, description) VALUES (1700, 'PT_PT', 'Grafos: Grafos, caminhos e ciclos. Árvores. Problema do percurso mínimo, algoritmo de Dijkstra e sua análise, soluções distribuídas (Chandy-Misra). Grafos dirigidos, fluxos e cortes. Teorema do fluxo máximo, algoritmo de Ford-Fulkerson.');
INSERT INTO DegreeClassTopicTranslations(degreeClassTopic, language, description) VALUES (1701, 'PT_PT', 'Linguagens e autómatos: Autómatos finitos determinísticos e não determinísticos. Expressões regulares, gramáticas regulares. Linguagens regulares. Lema da bombagem. Autómatos de pilha e linguagens livres de contexto, hierarquia de Chomsky.');
INSERT INTO DegreeClassTopicTranslations(degreeClassTopic, language, description) VALUES (1696, 'EN_UK', 'Algorithms: Introduction to the Mathematica programming language. Procedure versus algorithm. Analysis of the efficiency of imperative programs in the worst case and average case. Asymptotic notation. Sums, products. Inclusion-exclusion principle. Proof by finite induction of closed forms. Euler''s sum formula.');
INSERT INTO DegreeClassTopicTranslations(degreeClassTopic, language, description) VALUES (1697, 'EN_UK', 'Elementary number theory: Modular arithmetic. Divisibility, greatest common divisor, Euclidean algorithm. Factorization and primality, Euler''s theorem. Chinese remainder theorem. Equivalence and congruence relations. Finite fields. Polynomials over finite fields. Discrete Fourier transform, its efficient computation and correctness.');
INSERT INTO DegreeClassTopicTranslations(degreeClassTopic, language, description) VALUES (1698, 'EN_UK', 'Generating functions: Generating function of a sequence. Properties. Binomial coefficients. Generating function of a discrete random variable, moments. Analysis of recurrences. Rational expansion theorem. Solving linear difference equations.');
INSERT INTO DegreeClassTopicTranslations(degreeClassTopic, language, description) VALUES (1699, 'EN_UK', 'Program correctness: Partial correctness of programs, invariant conditions. Termination of programs, variant expressions. Precondition and postcondition. Hoare calculus for partial correctness of imperative programs. Partial orders, well-foundedness and induction. Hoare calculus for total correctness of imperative programs.');
INSERT INTO DegreeClassTopicTranslations(degreeClassTopic, language, description) VALUES (1700, 'EN_UK', 'Graphs: Graphs, paths and cycles. Trees. Minimum path problem, Dijkstra''s algorithm and its analysis, distributed solutions (Chandy-Misra). Directed graphs, flows and cuts. Max-flow min-cut theorem, Ford-Fulkerson algorithm.');
INSERT INTO DegreeClassTopicTranslations(degreeClassTopic, language, description) VALUES (1701, 'EN_UK', 'Languages and automata: Deterministic and nondeterministic finite automata. Regular expressions, regular grammars. Regular languages. Pumping lemma. Stack automata and context-free languages, Chomsky hierarchy.');

-- IST 2nd year

INSERT INTO DegreeClasses(id, year, semester, ects , isOptional, degree) VALUES (143, 2, 1, 7.5, false, 3);
INSERT INTO DegreeClassTranslations(degreeClass, language, name, description) VALUES  (143, 'PT_PT', 'Análise Complexa e Equações Diferenciais' , 'Formação básica em: funções de uma variável complexa, equações diferenciais ordinárias, métodos de análise de Fourier com aplicação à resolução de equações diferenciais parciais.');
INSERT INTO DegreeClassTopics(id, degreeClass, ordering) VALUES (1702, 143, 1);
INSERT INTO DegreeClassTopics(id, degreeClass, ordering) VALUES (1703, 143, 2);
INSERT INTO DegreeClassTopics(id, degreeClass, ordering) VALUES (1704, 143, 3);
INSERT INTO DegreeClassTopics(id, degreeClass, ordering) VALUES (1705, 143, 4);
INSERT INTO DegreeClassTopics(id, degreeClass, ordering) VALUES (1706, 143, 5);
INSERT INTO DegreeClassTopics(id, degreeClass, ordering) VALUES (1707, 143, 6);
INSERT INTO DegreeClassTopics(id, degreeClass, ordering) VALUES (1708, 143, 7);
INSERT INTO DegreeClassTopics(id, degreeClass, ordering) VALUES (1709, 143, 8);
INSERT INTO DegreeClassTopics(id, degreeClass, ordering) VALUES (1710, 143, 9);
INSERT INTO DegreeClassTopics(id, degreeClass, ordering) VALUES (1711, 143, 10);
INSERT INTO DegreeClassTopics(id, degreeClass, ordering) VALUES (1712, 143, 11);
INSERT INTO DegreeClassTopics(id, degreeClass, ordering) VALUES (1713, 143, 12);
INSERT INTO DegreeClassTopics(id, degreeClass, ordering) VALUES (1714, 143, 13);
INSERT INTO DegreeClassTopics(id, degreeClass, ordering) VALUES (1715, 143, 14);
INSERT INTO DegreeClassTopics(id, degreeClass, ordering) VALUES (1716, 143, 15);
INSERT INTO DegreeClassTopicTranslations(degreeClassTopic, language, description) VALUES (1702, 'PT_PT', 'Análise Complexa e plano complexo');
INSERT INTO DegreeClassTopicTranslations(degreeClassTopic, language, description) VALUES (1703, 'PT_PT', 'Séries numéricas; Séries absolutamente convergentes; Séries de potências');
INSERT INTO DegreeClassTopicTranslations(degreeClassTopic, language, description) VALUES (1704, 'PT_PT', 'Diferenciabilidade, funções holomorfas');
INSERT INTO DegreeClassTopicTranslations(degreeClassTopic, language, description) VALUES (1705, 'PT_PT', 'Complementos sobre séries de funções, funções analíticas');
INSERT INTO DegreeClassTopicTranslations(degreeClassTopic, language, description) VALUES (1706, 'PT_PT', 'Teorema de Cauchy; Homotopia; Fórmula integral de Cauchy');
INSERT INTO DegreeClassTopicTranslations(degreeClassTopic, language, description) VALUES (1707, 'PT_PT', 'Singularidades isoladas; Série de Laurent; Teorema dos resíduos');
INSERT INTO DegreeClassTopicTranslations(degreeClassTopic, language, description) VALUES (1708, 'PT_PT', 'Integrais impróprios; Teoremas de convergência; Regra de Leibniz');
INSERT INTO DegreeClassTopicTranslations(degreeClassTopic, language, description) VALUES (1709, 'PT_PT', 'Equações diferenciais ordinárias; Equações de primeira ordem');
INSERT INTO DegreeClassTopicTranslations(degreeClassTopic, language, description) VALUES (1710, 'PT_PT', 'Equações lineares, separáveis, exactas e factores integrantes');
INSERT INTO DegreeClassTopicTranslations(degreeClassTopic, language, description) VALUES (1711, 'PT_PT', 'Existência e unicidade de solução; Extensão de solução');
INSERT INTO DegreeClassTopicTranslations(degreeClassTopic, language, description) VALUES (1712, 'PT_PT', 'Resolução de sistemas de equações ordinárias lineares');
INSERT INTO DegreeClassTopicTranslations(degreeClassTopic, language, description) VALUES (1713, 'PT_PT', 'Exponencial de uma matriz; Fórmula de variação das constantes');
INSERT INTO DegreeClassTopicTranslations(degreeClassTopic, language, description) VALUES (1714, 'PT_PT', 'Séries de Fourier; Convergência de séries de Fourier');
INSERT INTO DegreeClassTopicTranslations(degreeClassTopic, language, description) VALUES (1715, 'PT_PT', 'Equações diferenciais parciais; Método de separação de variáveis');
INSERT INTO DegreeClassTopicTranslations(degreeClassTopic, language, description) VALUES (1716, 'PT_PT', 'Equação do calor; Equação de Laplace; Equação das ondas; Transformada de Laplace');
INSERT INTO DegreeClassTopicTranslations(degreeClassTopic, language, description) VALUES (1702, 'EN_UK', 'Complex analysis and complex plane');
INSERT INTO DegreeClassTopicTranslations(degreeClassTopic, language, description) VALUES (1703, 'EN_UK', 'Numerical series; Absolutely convergent series; Power series');
INSERT INTO DegreeClassTopicTranslations(degreeClassTopic, language, description) VALUES (1704, 'EN_UK', 'Differentiability, holomorphic functions');
INSERT INTO DegreeClassTopicTranslations(degreeClassTopic, language, description) VALUES (1705, 'EN_UK', 'Complements on series of functions, analytic functions');
INSERT INTO DegreeClassTopicTranslations(degreeClassTopic, language, description) VALUES (1706, 'EN_UK', 'Cauchy''s theorem; Homotopy; Cauchy''s integral formula');
INSERT INTO DegreeClassTopicTranslations(degreeClassTopic, language, description) VALUES (1707, 'EN_UK', 'Isolated singularities; Laurent series; Residue theorem');
INSERT INTO DegreeClassTopicTranslations(degreeClassTopic, language, description) VALUES (1708, 'EN_UK', 'Improper integrals; Convergence theorems; Leibniz rule');
INSERT INTO DegreeClassTopicTranslations(degreeClassTopic, language, description) VALUES (1709, 'EN_UK', 'Ordinary differential equations; First-order equations');
INSERT INTO DegreeClassTopicTranslations(degreeClassTopic, language, description) VALUES (1710, 'EN_UK', 'Linear, separable, exact and integrating factor equations');
INSERT INTO DegreeClassTopicTranslations(degreeClassTopic, language, description) VALUES (1711, 'EN_UK', 'Existence and uniqueness of solution; Extension of solution');
INSERT INTO DegreeClassTopicTranslations(degreeClassTopic, language, description) VALUES (1712, 'EN_UK', 'Solving systems of linear ordinary equations');
INSERT INTO DegreeClassTopicTranslations(degreeClassTopic, language, description) VALUES (1713, 'EN_UK', 'Exponential of a matrix; Variation of constants formula');
INSERT INTO DegreeClassTopicTranslations(degreeClassTopic, language, description) VALUES (1714, 'EN_UK', 'Fourier series; Convergence of Fourier series');
INSERT INTO DegreeClassTopicTranslations(degreeClassTopic, language, description) VALUES (1715, 'EN_UK', 'Partial differential equations; Separation of variables method');
INSERT INTO DegreeClassTopicTranslations(degreeClassTopic, language, description) VALUES (1716, 'EN_UK', 'Heat equation; Laplace equation; Wave equation; Laplace transform');

INSERT INTO DegreeClasses(id, year, semester, ects , isOptional, degree) VALUES (144, 2, 1, 4.5, false, 3);
INSERT INTO DegreeClassTranslations(degreeClass, language, name, description) VALUES  (144, 'PT_PT', 'Gestão' , 'Pretende-se que os alunos fiquem habilitados com a introdução às competências profissionais fundamentais para o funcionamento das organizações tais como: Enquadramento Microeconómico, Gestão Estratégica, Marketing, Gestão de Recursos Humanos, Contabilidade e Avaliação de Projectos.');
INSERT INTO DegreeClassTopics(id, degreeClass, ordering) VALUES (1717, 144, 1);
INSERT INTO DegreeClassTopics(id, degreeClass, ordering) VALUES (1718, 144, 2);
INSERT INTO DegreeClassTopics(id, degreeClass, ordering) VALUES (1719, 144, 3);
INSERT INTO DegreeClassTopics(id, degreeClass, ordering) VALUES (1720, 144, 4);
INSERT INTO DegreeClassTopics(id, degreeClass, ordering) VALUES (1721, 144, 5);
INSERT INTO DegreeClassTopics(id, degreeClass, ordering) VALUES (1722, 144, 6);
INSERT INTO DegreeClassTopics(id, degreeClass, ordering) VALUES (1723, 144, 7);
INSERT INTO DegreeClassTopics(id, degreeClass, ordering) VALUES (1724, 144, 8);
INSERT INTO DegreeClassTopics(id, degreeClass, ordering) VALUES (1725, 144, 9);
INSERT INTO DegreeClassTopics(id, degreeClass, ordering) VALUES (1726, 144, 10);
INSERT INTO DegreeClassTopics(id, degreeClass, ordering) VALUES (1727, 144, 11);
INSERT INTO DegreeClassTopics(id, degreeClass, ordering) VALUES (1728, 144, 12);
INSERT INTO DegreeClassTopics(id, degreeClass, ordering) VALUES (1729, 144, 13);
INSERT INTO DegreeClassTopics(id, degreeClass, ordering) VALUES (1730, 144, 14);
INSERT INTO DegreeClassTopics(id, degreeClass, ordering) VALUES (1731, 144, 15);
INSERT INTO DegreeClassTopics(id, degreeClass, ordering) VALUES (1732, 144, 16);
INSERT INTO DegreeClassTopics(id, degreeClass, ordering) VALUES (1733, 144, 17);
INSERT INTO DegreeClassTopics(id, degreeClass, ordering) VALUES (1734, 144, 18);
INSERT INTO DegreeClassTopics(id, degreeClass, ordering) VALUES (1735, 144, 19);
INSERT INTO DegreeClassTopicTranslations(degreeClassTopic, language, description) VALUES (1717, 'PT_PT', 'Introdução à Gestão');
INSERT INTO DegreeClassTopicTranslations(degreeClassTopic, language, description) VALUES (1718, 'PT_PT', 'Organizações e Recursos Humanos: Cultura, ética e estrutura das organizações');
INSERT INTO DegreeClassTopicTranslations(degreeClassTopic, language, description) VALUES (1719, 'PT_PT', 'Organizações e Recursos Humanos: Gestão de Recursos Humanos');
INSERT INTO DegreeClassTopicTranslations(degreeClassTopic, language, description) VALUES (1720, 'PT_PT', 'O Ambiente Económico: Conceitos gerais');
INSERT INTO DegreeClassTopicTranslations(degreeClassTopic, language, description) VALUES (1721, 'PT_PT', 'Macroeconomia: Agentes económicos e fluxos económicos; Variáveis macroeconómicas; Economia de mercado e envolvente macroeconómica; O contexto da União Económica e Monetária');
INSERT INTO DegreeClassTopicTranslations(degreeClassTopic, language, description) VALUES (1722, 'PT_PT', 'Microeconomia: Mercados, Procura e Oferta; Economias de Escala, de Gama e de Experiência; Estruturas de mercado; O Papel do Estado');
INSERT INTO DegreeClassTopicTranslations(degreeClassTopic, language, description) VALUES (1723, 'PT_PT', 'A Informação Financeira: Organização da informação financeira: papel e fundamentos da Contabilidade');
INSERT INTO DegreeClassTopicTranslations(degreeClassTopic, language, description) VALUES (1724, 'PT_PT', 'A Informação Financeira: O Balanço e a Demonstração de Resultados');
INSERT INTO DegreeClassTopicTranslations(degreeClassTopic, language, description) VALUES (1725, 'PT_PT', 'A Informação Financeira: Noções básicas de custeio');
INSERT INTO DegreeClassTopicTranslations(degreeClassTopic, language, description) VALUES (1726, 'PT_PT', 'A Informação Financeira: Análise de Rácios Económico-financeiros');
INSERT INTO DegreeClassTopicTranslations(degreeClassTopic, language, description) VALUES (1727, 'PT_PT', 'A Informação Financeira: Análise custo-volume-resultado');
INSERT INTO DegreeClassTopicTranslations(degreeClassTopic, language, description) VALUES (1728, 'PT_PT', 'Análise de Projectos de Investimento: Capitalização e actualização; Inflacção e taxas reais; Taxas de juro nominais e efectivas; Anuidades e perpetuidades');
INSERT INTO DegreeClassTopicTranslations(degreeClassTopic, language, description) VALUES (1729, 'PT_PT', 'Análise da rentabilidade de projectos de investimento: Cash-Flows; Taxa de atualização; Valor Actual Líquido; Taxa Interna de Rendibilidade; Período de Recuperação do Investimento; Índice de Rendibilidade');
INSERT INTO DegreeClassTopicTranslations(degreeClassTopic, language, description) VALUES (1730, 'PT_PT', 'Gestão Estratégica: o processo de formulação e execução da estratégia');
INSERT INTO DegreeClassTopicTranslations(degreeClassTopic, language, description) VALUES (1731, 'PT_PT', 'Gestão Estratégica: Análise externa - envolventes geral e transacional; Análise Interna; Matriz SWOT');
INSERT INTO DegreeClassTopicTranslations(degreeClassTopic, language, description) VALUES (1732, 'PT_PT', 'Gestão Estratégica: Formulação da Estratégia - Estratégia ao nível corporativo; Estratégia ao nível do negócio; Estratégia ao nível funcional e operacional');
INSERT INTO DegreeClassTopicTranslations(degreeClassTopic, language, description) VALUES (1733, 'PT_PT', 'Marketing: conceitos fundamentais; comportamento do consumidor');
INSERT INTO DegreeClassTopicTranslations(degreeClassTopic, language, description) VALUES (1734, 'PT_PT', 'Marketing: Segmentação, Targeting e Posicionamento (STP)');
INSERT INTO DegreeClassTopicTranslations(degreeClassTopic, language, description) VALUES (1735, 'PT_PT', 'Marketing: Marketing Mix: Produto; Preço; Promoção/Comunicação; Distribuição');
INSERT INTO DegreeClassTopicTranslations(degreeClassTopic, language, description) VALUES (1717, 'EN_UK', 'Introduction to Management');
INSERT INTO DegreeClassTopicTranslations(degreeClassTopic, language, description) VALUES (1718, 'EN_UK', 'Organizations and Human Resources: Culture, ethics and structure of organizations');
INSERT INTO DegreeClassTopicTranslations(degreeClassTopic, language, description) VALUES (1719, 'EN_UK', 'Organizations and Human Resources: Human Resources Management');
INSERT INTO DegreeClassTopicTranslations(degreeClassTopic, language, description) VALUES (1720, 'EN_UK', 'The Economic Environment: General concepts');
INSERT INTO DegreeClassTopicTranslations(degreeClassTopic, language, description) VALUES (1721, 'EN_UK', 'Macroeconomics: Economic agents and economic flows; Macroeconomic variables; Market economy and macroeconomic environment; The context of the Economic and Monetary Union');
INSERT INTO DegreeClassTopicTranslations(degreeClassTopic, language, description) VALUES (1722, 'EN_UK', 'Microeconomics: Markets, Supply and Demand; Economies of Scale, Scope and Experience; Market structures; The Role of the State');
INSERT INTO DegreeClassTopicTranslations(degreeClassTopic, language, description) VALUES (1723, 'EN_UK', 'Financial Information: Organization of financial information: role and fundamentals of Accounting');
INSERT INTO DegreeClassTopicTranslations(degreeClassTopic, language, description) VALUES (1724, 'EN_UK', 'Financial Information: The Balance Sheet and the Income Statement');
INSERT INTO DegreeClassTopicTranslations(degreeClassTopic, language, description) VALUES (1725, 'EN_UK', 'Financial Information: Basic notions of costing');
INSERT INTO DegreeClassTopicTranslations(degreeClassTopic, language, description) VALUES (1726, 'EN_UK', 'Financial Information: Analysis of Economic and Financial Ratios');
INSERT INTO DegreeClassTopicTranslations(degreeClassTopic, language, description) VALUES (1727, 'EN_UK', 'Financial Information: Cost-volume-profit analysis');
INSERT INTO DegreeClassTopicTranslations(degreeClassTopic, language, description) VALUES (1728, 'EN_UK', 'Analysis of Investment Projects: Capitalization and discounting; Inflation and real rates; Nominal and effective interest rates; Annuities and perpetuities');
INSERT INTO DegreeClassTopicTranslations(degreeClassTopic, language, description) VALUES (1729, 'EN_UK', 'Analysis of the profitability of investment projects: Cash-Flows; Discount rate; Net Present Value; Internal Rate of Return; Payback Period; Profitability Index');
INSERT INTO DegreeClassTopicTranslations(degreeClassTopic, language, description) VALUES (1730, 'EN_UK', 'Strategic Management: the process of strategy formulation and implementation');
INSERT INTO DegreeClassTopicTranslations(degreeClassTopic, language, description) VALUES (1731, 'EN_UK', 'Strategic Management: External analysis - general and transactional environments; Internal analysis; SWOT Matrix');
INSERT INTO DegreeClassTopicTranslations(degreeClassTopic, language, description) VALUES (1732, 'EN_UK', 'Strategic Management: Strategy Formulation - Corporate-level strategy; Business-level strategy; Functional and operational level strategy');
INSERT INTO DegreeClassTopicTranslations(degreeClassTopic, language, description) VALUES (1733, 'EN_UK', 'Marketing: fundamental concepts; consumer behavior');
INSERT INTO DegreeClassTopicTranslations(degreeClassTopic, language, description) VALUES (1734, 'EN_UK', 'Marketing: Segmentation, Targeting and Positioning (STP)');
INSERT INTO DegreeClassTopicTranslations(degreeClassTopic, language, description) VALUES (1735, 'EN_UK', 'Marketing: Marketing Mix: Product; Price; Promotion/Communication; Distribution');

INSERT INTO DegreeClasses(id, year, semester, ects , isOptional, degree) VALUES (145, 2, 1, 6, false, 3);
INSERT INTO DegreeClassTranslations(degreeClass, language, name, description) VALUES  (145, 'PT_PT', 'Mecânica e Ondas' , 'Esta disciplina apresenta os conceitos e princípios básicos da mecânica clássica, dos fenómenos ondulatórios, e da relatividade restrita, reforçando a compreensão desses conceitos através de aplicações ao mundo real. Os alunos deverão ter a capacidade de manipular esses conceitos e saber aplica-los à resolução de problemas. Os estudantes serão motivados por exemplos de aplicação dos princípios da física noutras áreas do conhecimento científico e tecnológico.');
INSERT INTO DegreeClassTopics(id, degreeClass, ordering) VALUES (1736, 145, 1);
INSERT INTO DegreeClassTopics(id, degreeClass, ordering) VALUES (1737, 145, 2);
INSERT INTO DegreeClassTopics(id, degreeClass, ordering) VALUES (1738, 145, 3);
INSERT INTO DegreeClassTopics(id, degreeClass, ordering) VALUES (1739, 145, 4);
INSERT INTO DegreeClassTopics(id, degreeClass, ordering) VALUES (1740, 145, 5);
INSERT INTO DegreeClassTopics(id, degreeClass, ordering) VALUES (1741, 145, 6);
INSERT INTO DegreeClassTopics(id, degreeClass, ordering) VALUES (1742, 145, 7);
INSERT INTO DegreeClassTopics(id, degreeClass, ordering) VALUES (1743, 145, 8);
INSERT INTO DegreeClassTopics(id, degreeClass, ordering) VALUES (1744, 145, 9);
INSERT INTO DegreeClassTopicTranslations(degreeClassTopic, language, description) VALUES (1736, 'PT_PT', 'Descrição do movimento no espaço e no tempo. Cinemática. Movimento relativo.');
INSERT INTO DegreeClassTopicTranslations(degreeClassTopic, language, description) VALUES (1737, 'PT_PT', 'Dinâmica (Mecânica Newtoniana): Princípio de inércia; Conceitos de massa e força; Acção e reacção');
INSERT INTO DegreeClassTopicTranslations(degreeClassTopic, language, description) VALUES (1738, 'PT_PT', 'Leis de conservação e simetrias do espaço-tempo. Conservação da energia (mecânica), do momento linear e do momento angular. Energia cinética e energia potencial.');
INSERT INTO DegreeClassTopicTranslations(degreeClassTopic, language, description) VALUES (1739, 'PT_PT', 'Interacção mecânica entre sistemas. Forças exteriores. Centro de massa. Trabalho duma força. Sistemas conservativos e dissipativos. Movimento de sistemas de partículas');
INSERT INTO DegreeClassTopicTranslations(degreeClassTopic, language, description) VALUES (1740, 'PT_PT', 'Movimento do corpo rígido: velocidade e aceleração angular; rotação do corpo rígido; Torque ou momento de uma força. Momento de inércia');
INSERT INTO DegreeClassTopicTranslations(degreeClassTopic, language, description) VALUES (1741, 'PT_PT', 'Estabilidade de sistemas. Oscilações harmónicas simples. Oscilações com atrito e forçadas');
INSERT INTO DegreeClassTopicTranslations(degreeClassTopic, language, description) VALUES (1742, 'PT_PT', 'Ondas. Propagação de ondas. Velocidade de propagação, amplitude, frequência e fase. Equação de onda. Ondas transversais e ondas longitudinais');
INSERT INTO DegreeClassTopicTranslations(degreeClassTopic, language, description) VALUES (1743, 'PT_PT', 'Fluídos: Pressão hidrostática. Princípio de Arquimedes');
INSERT INTO DegreeClassTopicTranslations(degreeClassTopic, language, description) VALUES (1744, 'PT_PT', 'A Relatividade restrita de Einstein. Velocidade da luz no vácuo. Transformação de Galileu e transformação de Lorentz. A dilatação do tempo e a contracção do espaço. E=mc²');
INSERT INTO DegreeClassTopicTranslations(degreeClassTopic, language, description) VALUES (1736, 'EN_UK', 'Description of motion in space and time. Kinematics. Relative motion.');
INSERT INTO DegreeClassTopicTranslations(degreeClassTopic, language, description) VALUES (1737, 'EN_UK', 'Dynamics (Newtonian Mechanics): Principle of inertia; Concepts of mass and force; Action and reaction');
INSERT INTO DegreeClassTopicTranslations(degreeClassTopic, language, description) VALUES (1738, 'EN_UK', 'Conservation laws and symmetries of spacetime. Conservation of energy (mechanics), linear momentum and angular momentum. Kinetic energy and potential energy.');
INSERT INTO DegreeClassTopicTranslations(degreeClassTopic, language, description) VALUES (1739, 'EN_UK', 'Mechanical interaction between systems. External forces. Center of mass. Work of a force. Conservative and dissipative systems. Motion of particle systems');
INSERT INTO DegreeClassTopicTranslations(degreeClassTopic, language, description) VALUES (1740, 'EN_UK', 'Motion of a rigid body: angular velocity and acceleration; rotation of a rigid body; Torque or moment of a force. Moment of inertia');
INSERT INTO DegreeClassTopicTranslations(degreeClassTopic, language, description) VALUES (1741, 'EN_UK', 'Stability of systems. Simple harmonic oscillations. Oscillations with friction and forced oscillations');
INSERT INTO DegreeClassTopicTranslations(degreeClassTopic, language, description) VALUES (1742, 'EN_UK', 'Waves. Wave propagation. Propagation speed, amplitude, frequency and phase. Wave equation. Transverse waves and longitudinal waves');
INSERT INTO DegreeClassTopicTranslations(degreeClassTopic, language, description) VALUES (1743, 'EN_UK', 'Fluids: Hydrostatic pressure. Archimedes'' principle');
INSERT INTO DegreeClassTopicTranslations(degreeClassTopic, language, description) VALUES (1744, 'EN_UK', 'Einstein''s special relativity. Speed of light in a vacuum. Galilean transformation and Lorentz transformation. Time dilation and space contraction. E=mc²');

INSERT INTO DegreeClasses(id, year, semester, ects , isOptional, degree) VALUES (146, 2, 1, 6, false, 3);
INSERT INTO DegreeClassTranslations(degreeClass, language, name, description) VALUES  (146, 'PT_PT', 'Programação com Objectos' , 'Conhecer: o paradigma de programação com objectos, as suas vantagens, inconvenientes e limitações;o paradigma dos padrões de desenho, tanto no desenvolvimento, como na refactorização de aplicações. Competências a adquirir: domínio do paradigma da programação com objectos, nomeadamente dos conceitos de encapsulamento, abstracção, herança e polimorfismo; capacidade de mutilizar uma linguagem de programação baseada em objectos; capacidade de utilização de padrões de desenho; e domínio da escrita de testes de avaliação.');
INSERT INTO DegreeClassTopics(id, degreeClass, ordering) VALUES (1745, 146, 1);
INSERT INTO DegreeClassTopics(id, degreeClass, ordering) VALUES (1746, 146, 2);
INSERT INTO DegreeClassTopics(id, degreeClass, ordering) VALUES (1747, 146, 3);
INSERT INTO DegreeClassTopics(id, degreeClass, ordering) VALUES (1748, 146, 4);
INSERT INTO DegreeClassTopics(id, degreeClass, ordering) VALUES (1749, 146, 5);
INSERT INTO DegreeClassTopics(id, degreeClass, ordering) VALUES (1750, 146, 6);
INSERT INTO DegreeClassTopics(id, degreeClass, ordering) VALUES (1751, 146, 7);
INSERT INTO DegreeClassTopics(id, degreeClass, ordering) VALUES (1752, 146, 8);
INSERT INTO DegreeClassTopics(id, degreeClass, ordering) VALUES (1753, 146, 9);
INSERT INTO DegreeClassTopicTranslations(degreeClassTopic, language, description) VALUES (1745, 'PT_PT', 'Introdução aos objectos: definição; longevidade; classes; métodos; programas.');
INSERT INTO DegreeClassTopicTranslations(degreeClassTopic, language, description) VALUES (1746, 'PT_PT', 'Operadores, expressões e controlo de fluxo em Java: precedências, atribuição, operadores, conversões de tipos, literais, controlo de execução');
INSERT INTO DegreeClassTopicTranslations(degreeClassTopic, language, description) VALUES (1747, 'PT_PT', 'Construção de objectos: iniciação e limpeza; construtores; métodos sobrecarregados; "this"; colector de lixo');
INSERT INTO DegreeClassTopicTranslations(degreeClassTopic, language, description) VALUES (1748, 'PT_PT', 'Organização de código: interface vs. implementação; bibliotecas; acesso aos membros');
INSERT INTO DegreeClassTopicTranslations(degreeClassTopic, language, description) VALUES (1749, 'PT_PT', 'Herança e composição: desenvolvimento incremental, "final", carregamento de classes, Polimorfismo');
INSERT INTO DegreeClassTopicTranslations(degreeClassTopic, language, description) VALUES (1750, 'PT_PT', 'Classes abstractas, interfaces e classes internas: utilização e aspectos particulares de Java');
INSERT INTO DegreeClassTopicTranslations(degreeClassTopic, language, description) VALUES (1751, 'PT_PT', 'Tipos paramétricos, Enumerações, Excepções, Colecções, Entradas/saídas, Informação de tipos em tempo de execução');
INSERT INTO DegreeClassTopicTranslations(degreeClassTopic, language, description) VALUES (1752, 'PT_PT', 'Introdução à UML: Diagramas de classes e de sequência');
INSERT INTO DegreeClassTopicTranslations(degreeClassTopic, language, description) VALUES (1753, 'PT_PT', 'Introdução aos padrões de desenho: Singleton, Composite, State, Template Method, Strategy, Decorator, Factory Method, Abstract Factory, Simple Factory, Observer, Visitor, Adapter, Façade, Bridge, Proxy');
INSERT INTO DegreeClassTopicTranslations(degreeClassTopic, language, description) VALUES (1745, 'EN_UK', 'Introduction to objects: definition; longevity; classes; methods; programs.');
INSERT INTO DegreeClassTopicTranslations(degreeClassTopic, language, description) VALUES (1746, 'EN_UK', 'Operators, expressions and flow control in Java: precedence, assignment, operators, type conversions, literals, execution control');
INSERT INTO DegreeClassTopicTranslations(degreeClassTopic, language, description) VALUES (1747, 'EN_UK', 'Object construction: initialization and cleanup; constructors; overloaded methods; "this"; garbage collector');
INSERT INTO DegreeClassTopicTranslations(degreeClassTopic, language, description) VALUES (1748, 'EN_UK', 'Code organization: interface vs. implementation; libraries; member access');
INSERT INTO DegreeClassTopicTranslations(degreeClassTopic, language, description) VALUES (1749, 'EN_UK', 'Inheritance and composition: incremental development, "final", class loading, Polymorphism');
INSERT INTO DegreeClassTopicTranslations(degreeClassTopic, language, description) VALUES (1750, 'EN_UK', 'Abstract classes, interfaces and inner classes: use and particular aspects of Java');
INSERT INTO DegreeClassTopicTranslations(degreeClassTopic, language, description) VALUES (1751, 'EN_UK', 'Parametric types, Enumerations, Exceptions, Collections, Input/output, Runtime type information');
INSERT INTO DegreeClassTopicTranslations(degreeClassTopic, language, description) VALUES (1752, 'EN_UK', 'Introduction to UML: Class and sequence diagrams');
INSERT INTO DegreeClassTopicTranslations(degreeClassTopic, language, description) VALUES (1753, 'EN_UK', 'Introduction to design patterns: Singleton, Composite, State, Template Method, Strategy, Decorator, Factory Method, Abstract Factory, Simple Factory, Observer, Visitor, Adapter, Façade, Bridge, Proxy');

INSERT INTO DegreeClasses(id, year, semester, ects , isOptional, degree) VALUES (147, 2, 2, 6, false, 3);
INSERT INTO DegreeClassTranslations(degreeClass, language, name, description) VALUES  (147, 'PT_PT', 'Sistemas Operativos' , 'Conhecer os conceitos fundamentais subjacentes aos sistemas operativos, com ênfase nos seus mecanismos e algoritmos, assim como a estrutura interna dos sistemas operativos mais relevantes. Programar, ao nível sistema, usando todas as funcionalidades dos sistemas operativos tendo em conta os modelos de programação sequencial e concorrente.');
INSERT INTO DegreeClassTopics(id, degreeClass, ordering) VALUES (1754, 147, 1);
INSERT INTO DegreeClassTopics(id, degreeClass, ordering) VALUES (1755, 147, 2);
INSERT INTO DegreeClassTopics(id, degreeClass, ordering) VALUES (1756, 147, 3);
INSERT INTO DegreeClassTopics(id, degreeClass, ordering) VALUES (1757, 147, 4);
INSERT INTO DegreeClassTopics(id, degreeClass, ordering) VALUES (1758, 147, 5);
INSERT INTO DegreeClassTopics(id, degreeClass, ordering) VALUES (1759, 147, 6);
INSERT INTO DegreeClassTopics(id, degreeClass, ordering) VALUES (1760, 147, 7);
INSERT INTO DegreeClassTopics(id, degreeClass, ordering) VALUES (1761, 147, 8);
INSERT INTO DegreeClassTopics(id, degreeClass, ordering) VALUES (1762, 147, 9);
INSERT INTO DegreeClassTopics(id, degreeClass, ordering) VALUES (1763, 147, 10);
INSERT INTO DegreeClassTopics(id, degreeClass, ordering) VALUES (1764, 147, 11);
INSERT INTO DegreeClassTopics(id, degreeClass, ordering) VALUES (1765, 147, 12);
INSERT INTO DegreeClassTopics(id, degreeClass, ordering) VALUES (1766, 147, 13);
INSERT INTO DegreeClassTopics(id, degreeClass, ordering) VALUES (1767, 147, 14);
INSERT INTO DegreeClassTopicTranslations(degreeClassTopic, language, description) VALUES (1754, 'PT_PT', 'Evolução dos sistemas operativos');
INSERT INTO DegreeClassTopicTranslations(degreeClassTopic, language, description) VALUES (1755, 'PT_PT', 'Concorrência e gestão de processos');
INSERT INTO DegreeClassTopicTranslations(degreeClassTopic, language, description) VALUES (1756, 'PT_PT', 'O núcleo de um sistema multiprogramado');
INSERT INTO DegreeClassTopicTranslations(degreeClassTopic, language, description) VALUES (1757, 'PT_PT', 'Despacho e escalonamento');
INSERT INTO DegreeClassTopicTranslations(degreeClassTopic, language, description) VALUES (1758, 'PT_PT', 'Sincronização entre processos');
INSERT INTO DegreeClassTopicTranslations(degreeClassTopic, language, description) VALUES (1759, 'PT_PT', 'Semáforos, algoritmos de sincronização');
INSERT INTO DegreeClassTopicTranslations(degreeClassTopic, language, description) VALUES (1760, 'PT_PT', 'Comunicação entre processos');
INSERT INTO DegreeClassTopicTranslations(degreeClassTopic, language, description) VALUES (1761, 'PT_PT', 'Gestão de memória. Memória virtual.');
INSERT INTO DegreeClassTopicTranslations(degreeClassTopic, language, description) VALUES (1762, 'PT_PT', 'Algoritmo de gestão de memória do sistema operativo');
INSERT INTO DegreeClassTopicTranslations(degreeClassTopic, language, description) VALUES (1763, 'PT_PT', 'Entradas/saídas');
INSERT INTO DegreeClassTopicTranslations(degreeClassTopic, language, description) VALUES (1764, 'PT_PT', 'O sistema de ficheiros');
INSERT INTO DegreeClassTopicTranslations(degreeClassTopic, language, description) VALUES (1765, 'PT_PT', 'O modelo computacional do Unix: Gestão de processos; Mecanismos de comunicação e sincronização; Entradas/Saídas');
INSERT INTO DegreeClassTopicTranslations(degreeClassTopic, language, description) VALUES (1766, 'PT_PT', 'Estrutura interna do núcleo do Linux');
INSERT INTO DegreeClassTopicTranslations(degreeClassTopic, language, description) VALUES (1767, 'PT_PT', 'Visão global do sistema Windows-NT e do Linux');
INSERT INTO DegreeClassTopicTranslations(degreeClassTopic, language, description) VALUES (1754, 'EN_UK', 'Evolution of operating systems');
INSERT INTO DegreeClassTopicTranslations(degreeClassTopic, language, description) VALUES (1755, 'EN_UK', 'Concurrency and process management');
INSERT INTO DegreeClassTopicTranslations(degreeClassTopic, language, description) VALUES (1756, 'EN_UK', 'The kernel of a multiprogrammed system');
INSERT INTO DegreeClassTopicTranslations(degreeClassTopic, language, description) VALUES (1757, 'EN_UK', 'Dispatching and scheduling');
INSERT INTO DegreeClassTopicTranslations(degreeClassTopic, language, description) VALUES (1758, 'EN_UK', 'Synchronization between processes');
INSERT INTO DegreeClassTopicTranslations(degreeClassTopic, language, description) VALUES (1759, 'EN_UK', 'Semaphores, synchronization algorithms');
INSERT INTO DegreeClassTopicTranslations(degreeClassTopic, language, description) VALUES (1760, 'EN_UK', 'Interprocess communication');
INSERT INTO DegreeClassTopicTranslations(degreeClassTopic, language, description) VALUES (1761, 'EN_UK', 'Memory management. Virtual memory.');
INSERT INTO DegreeClassTopicTranslations(degreeClassTopic, language, description) VALUES (1762, 'EN_UK', 'Operating system memory management algorithm');
INSERT INTO DegreeClassTopicTranslations(degreeClassTopic, language, description) VALUES (1763, 'EN_UK', 'Input/output');
INSERT INTO DegreeClassTopicTranslations(degreeClassTopic, language, description) VALUES (1764, 'EN_UK', 'The file system');
INSERT INTO DegreeClassTopicTranslations(degreeClassTopic, language, description) VALUES (1765, 'EN_UK', 'The Unix computational model: Process management; Communication and synchronization mechanisms; Input/Output');
INSERT INTO DegreeClassTopicTranslations(degreeClassTopic, language, description) VALUES (1766, 'EN_UK', 'Internal structure of the Linux kernel');
INSERT INTO DegreeClassTopicTranslations(degreeClassTopic, language, description) VALUES (1767, 'EN_UK', 'Global view of the Windows-NT and Linux systems');

INSERT INTO DegreeClasses(id, year, semester, ects , isOptional, degree) VALUES (148, 2, 2, 6, false, 3);
INSERT INTO DegreeClassTranslations(degreeClass, language, name, description) VALUES  (148, 'PT_PT', 'Análise e Síntese de Algoritmos' , 'Formação de nível intermédio em algoritmia e complexidade, familiarizando os alunos com técnicas de análise e síntese de algoritmos e estruturas de dados. Conhecimento dos fundamentos da análise e síntese de algoritmos. Análise da realização prática de algoritmos e estruturas de dados. Perspectiva abrangente das aplicações dos algoritmos em Engenharia Informática.');
INSERT INTO DegreeClassTopics(id, degreeClass, ordering) VALUES (1768, 148, 1);
INSERT INTO DegreeClassTopics(id, degreeClass, ordering) VALUES (1769, 148, 2);
INSERT INTO DegreeClassTopics(id, degreeClass, ordering) VALUES (1770, 148, 3);
INSERT INTO DegreeClassTopics(id, degreeClass, ordering) VALUES (1771, 148, 4);
INSERT INTO DegreeClassTopics(id, degreeClass, ordering) VALUES (1772, 148, 5);
INSERT INTO DegreeClassTopics(id, degreeClass, ordering) VALUES (1773, 148, 6);
INSERT INTO DegreeClassTopics(id, degreeClass, ordering) VALUES (1774, 148, 7);
INSERT INTO DegreeClassTopics(id, degreeClass, ordering) VALUES (1775, 148, 8);
INSERT INTO DegreeClassTopicTranslations(degreeClassTopic, language, description) VALUES (1768, 'PT_PT', 'Formação de nível intermédio em algoritmia e complexidade, familiarizando os alunos com técnicas de análise e síntese de algoritmos e estruturas de dados. Conhecimento dos fundamentos da análise e síntese de algoritmos. Análise da realização prática de algoritmos e estruturas de dados. Perspectiva abrangente das aplicações dos algoritmos em Engenharia Informática.');
INSERT INTO DegreeClassTopicTranslations(degreeClassTopic, language, description) VALUES (1769, 'PT_PT', 'Fundamentos matemáticos para análise de algoritmos');
INSERT INTO DegreeClassTopicTranslations(degreeClassTopic, language, description) VALUES (1770, 'PT_PT', 'Revisão de algoritmos de ordenação: Mergesort; Heapsort; Quicksort; algoritmos de ordenação não baseados em comparação');
INSERT INTO DegreeClassTopicTranslations(degreeClassTopic, language, description) VALUES (1771, 'PT_PT', 'Revisão de estruturas de dados: Listas; Pilhas; Filas; Tabelas de dispersão; Árvores de procura binária; Árvores equilibradas');
INSERT INTO DegreeClassTopicTranslations(degreeClassTopic, language, description) VALUES (1772, 'PT_PT', 'Análise amortizada. Exemplos de aplicação: Amontoados Binomiais');
INSERT INTO DegreeClassTopicTranslations(degreeClassTopic, language, description) VALUES (1773, 'PT_PT', 'Algoritmos em grafos: Algoritmos elementares; Árvores abrangentes de menor custo; Caminhos mais curtos; Fluxos máximos');
INSERT INTO DegreeClassTopicTranslations(degreeClassTopic, language, description) VALUES (1774, 'PT_PT', 'Introdução à Programação Linear: Algoritmo Simplex; Técnicas de síntese de algoritmos: Programação dinâmica; Algoritmos gananciosos; Algoritmos para emparelhamentos máximos');
INSERT INTO DegreeClassTopicTranslations(degreeClassTopic, language, description) VALUES (1775, 'PT_PT', 'Introdução à complexidade: Classes P e NP; Problemas NP-completos; Teorema de Cook');
INSERT INTO DegreeClassTopicTranslations(degreeClassTopic, language, description) VALUES (1768, 'EN_UK', 'Intermediate level training in algorithms and complexity, familiarizing students with techniques for analyzing and synthesizing algorithms and data structures. Knowledge of the fundamentals of algorithm analysis and synthesis. Analysis of the practical implementation of algorithms and data structures. Comprehensive perspective of the applications of algorithms in Computer Engineering.');
INSERT INTO DegreeClassTopicTranslations(degreeClassTopic, language, description) VALUES (1769, 'EN_UK', 'Mathematical foundations for algorithm analysis');
INSERT INTO DegreeClassTopicTranslations(degreeClassTopic, language, description) VALUES (1770, 'EN_UK', 'Review of sorting algorithms: Mergesort; Heapsort; Quicksort; non-comparison based sorting algorithms');
INSERT INTO DegreeClassTopicTranslations(degreeClassTopic, language, description) VALUES (1771, 'EN_UK', 'Review of data structures: Lists; Stacks; Queues; Hash tables; Binary search trees; Balanced trees');
INSERT INTO DegreeClassTopicTranslations(degreeClassTopic, language, description) VALUES (1772, 'EN_UK', 'Amortized analysis. Application examples: Binomial Heaps');
INSERT INTO DegreeClassTopicTranslations(degreeClassTopic, language, description) VALUES (1773, 'EN_UK', 'Graph algorithms: Elementary algorithms; Minimum spanning trees; Shortest paths; Maximum flows');
INSERT INTO DegreeClassTopicTranslations(degreeClassTopic, language, description) VALUES (1774, 'EN_UK', 'Introduction to Linear Programming: Simplex Algorithm; Algorithm synthesis techniques: Dynamic programming; Greedy algorithms; Algorithms for maximum matchings');
INSERT INTO DegreeClassTopicTranslations(degreeClassTopic, language, description) VALUES (1775, 'EN_UK', 'Introduction to complexity: P and NP classes; NP-complete problems; Cook''s Theorem');

INSERT INTO DegreeClasses(id, year, semester, ects , isOptional, degree) VALUES (149, 2, 2, 6, false, 3);
INSERT INTO DegreeClassTranslations(degreeClass, language, name, description) VALUES  (149, 'PT_PT', 'Electromagnetismo e Óptica' , 'Esta disciplina apresenta os conceitos e princípios básicos do electromagnetismo e da óptica física reforçando a compreensão desses conceitos através de aplicações ao mundo real. Os alunos deverão ter a capacidade de manipular esses conceitos e saber aplica-los à resolução de problemas. Os estudantes serão motivados por exemplos de aplicação dos princípios da física noutras áreas do conhecimento científico e tecnológico.');
INSERT INTO DegreeClassTopics(id, degreeClass, ordering) VALUES (1776, 149, 1);
INSERT INTO DegreeClassTopics(id, degreeClass, ordering) VALUES (1777, 149, 2);
INSERT INTO DegreeClassTopics(id, degreeClass, ordering) VALUES (1778, 149, 3);
INSERT INTO DegreeClassTopics(id, degreeClass, ordering) VALUES (1779, 149, 4);
INSERT INTO DegreeClassTopics(id, degreeClass, ordering) VALUES (1780, 149, 5);
INSERT INTO DegreeClassTopics(id, degreeClass, ordering) VALUES (1781, 149, 6);
INSERT INTO DegreeClassTopics(id, degreeClass, ordering) VALUES (1782, 149, 7);
INSERT INTO DegreeClassTopics(id, degreeClass, ordering) VALUES (1783, 149, 8);
INSERT INTO DegreeClassTopicTranslations(degreeClassTopic, language, description) VALUES (1776, 'PT_PT', 'Campo electrostático no vácuo. Lei de Coulomb. Princípio de sobreposição. Nocão de campo e de potencial. Dipolo eléctrico. Lei de Gauss. Condensador');
INSERT INTO DegreeClassTopicTranslations(degreeClassTopic, language, description) VALUES (1777, 'PT_PT', 'Campo electrostático na matéria. Dieléctricos. Polarização. Energia eléctrica');
INSERT INTO DegreeClassTopicTranslations(degreeClassTopic, language, description) VALUES (1778, 'PT_PT', 'Corrente eléctrica estacionária. Densidade e intensidade de corrente. Equação da continuidade da carga. Lei de Ohm. Lei de Joule. Leis de Kirchoff. Circuito RC');
INSERT INTO DegreeClassTopicTranslations(degreeClassTopic, language, description) VALUES (1779, 'PT_PT', 'Campo magnético no vácuo. Lei de Biot-Savart. Lei de Ampère. Força de Lorentz. Fluxo magnético. Coeficientes de indução. Bobina.');
INSERT INTO DegreeClassTopicTranslations(degreeClassTopic, language, description) VALUES (1780, 'PT_PT', 'Campo magnético na matéria. Magnetização. Diamagnetismo, paramagnetismo e ferromagnetismo. Energia em magnetostática');
INSERT INTO DegreeClassTopicTranslations(degreeClassTopic, language, description) VALUES (1781, 'PT_PT', 'Indução electromagnética. Lei de Faraday. Motores e geradores eléctricos. Corrente de deslocamento. Energia electromagnética. Circuito RLC');
INSERT INTO DegreeClassTopicTranslations(degreeClassTopic, language, description) VALUES (1782, 'PT_PT', 'Equações de Maxwell. Ondas electromagnéticas. Ondas planas monocromáticas. Energia e intensidade das ondas electromagnéticas');
INSERT INTO DegreeClassTopicTranslations(degreeClassTopic, language, description) VALUES (1783, 'PT_PT', 'Carácter electromagnético da luz. Dispersão, polarização, reflexão, interferência e difracção. O limite da óptica geométrica e as leis de reflexão e refracção. Equações de Fresnel e princípio de Fermat.');
INSERT INTO DegreeClassTopicTranslations(degreeClassTopic, language, description) VALUES (1776, 'EN_UK', 'Electrostatic field in a vacuum. Coulomb''s law. Superposition principle. Notion of field and potential. Electric dipole. Gauss''s law. Capacitor');
INSERT INTO DegreeClassTopicTranslations(degreeClassTopic, language, description) VALUES (1777, 'EN_UK', 'Electrostatic field in matter. Dielectrics. Polarization. Electric energy');
INSERT INTO DegreeClassTopicTranslations(degreeClassTopic, language, description) VALUES (1778, 'EN_UK', 'Stationary electric current. Current density and intensity. Equation of continuity of charge. Ohm''s law. Joule''s law. Kirchoff''s laws. RC circuit');
INSERT INTO DegreeClassTopicTranslations(degreeClassTopic, language, description) VALUES (1779, 'EN_UK', 'Magnetic field in a vacuum. Biot-Savart law. Ampère''s law. Lorentz force. Magnetic flux. Induction coefficients. Coil.');
INSERT INTO DegreeClassTopicTranslations(degreeClassTopic, language, description) VALUES (1780, 'EN_UK', 'Magnetic field in matter. Magnetization. Diamagnetism, paramagnetism and ferromagnetism. Energy in magnetostatics');
INSERT INTO DegreeClassTopicTranslations(degreeClassTopic, language, description) VALUES (1781, 'EN_UK', 'Electromagnetic induction. Faraday''s law. Electric motors and generators. Displacement current. Electromagnetic energy. RLC circuit');
INSERT INTO DegreeClassTopicTranslations(degreeClassTopic, language, description) VALUES (1782, 'EN_UK', 'Maxwell''s equations. Electromagnetic waves. Plane monochromatic waves. Energy and intensity of electromagnetic waves');
INSERT INTO DegreeClassTopicTranslations(degreeClassTopic, language, description) VALUES (1783, 'EN_UK', 'Electromagnetic nature of light. Dispersion, polarization, reflection, interference and diffraction. The limit of geometrical optics and the laws of reflection and refraction. Fresnel''s equations and Fermat''s principle.');

INSERT INTO DegreeClasses(id, year, semester, ects , isOptional, degree) VALUES (150, 2, 2, 7.5, false, 3);
INSERT INTO DegreeClassTranslations(degreeClass, language, name, description) VALUES  (150, 'PT_PT', 'Interfaces Pessoa Máquina' , 'Aprender os princípios e regras fundamentais para a concepção e desenvolvimento de Interfaces Utilizador usáveis. Identificar os utilizadores e as tarefas que estes desejam realizar com o sistema interactivo a ser desenvolvido. Saber avaliar as interfaces em diferentes fases do seu desenvolvimento, aplicando as técnicas de avaliação que mais se adequam. Identificar os factores críticos no desenho de interfaces. Compreender e adoptar compromissos entre as várias restrições a que está sujeito o desenho da interface. Enquadrar o desenho de interfaces no projecto de engenharia informática.');
INSERT INTO DegreeClassTopics(id, degreeClass, ordering) VALUES (1784, 150, 1);
INSERT INTO DegreeClassTopics(id, degreeClass, ordering) VALUES (1785, 150, 2);
INSERT INTO DegreeClassTopics(id, degreeClass, ordering) VALUES (1786, 150, 3);
INSERT INTO DegreeClassTopics(id, degreeClass, ordering) VALUES (1787, 150, 4);
INSERT INTO DegreeClassTopics(id, degreeClass, ordering) VALUES (1788, 150, 5);
INSERT INTO DegreeClassTopics(id, degreeClass, ordering) VALUES (1789, 150, 6);
INSERT INTO DegreeClassTopics(id, degreeClass, ordering) VALUES (1790, 150, 7);
INSERT INTO DegreeClassTopics(id, degreeClass, ordering) VALUES (1791, 150, 8);
INSERT INTO DegreeClassTopics(id, degreeClass, ordering) VALUES (1792, 150, 9);
INSERT INTO DegreeClassTopics(id, degreeClass, ordering) VALUES (1793, 150, 10);
INSERT INTO DegreeClassTopics(id, degreeClass, ordering) VALUES (1794, 150, 11);
INSERT INTO DegreeClassTopics(id, degreeClass, ordering) VALUES (1795, 150, 12);
INSERT INTO DegreeClassTopics(id, degreeClass, ordering) VALUES (1796, 150, 13);
INSERT INTO DegreeClassTopicTranslations(degreeClassTopic, language, description) VALUES (1784, 'PT_PT', 'Perceber os utilizadores e as Tarefas');
INSERT INTO DegreeClassTopicTranslations(degreeClassTopic, language, description) VALUES (1785, 'PT_PT', 'Análise de Tarefas e Factores Humanos');
INSERT INTO DegreeClassTopicTranslations(degreeClassTopic, language, description) VALUES (1786, 'PT_PT', 'Modelos Mentais e Conceptuais e Prototipagem');
INSERT INTO DegreeClassTopicTranslations(degreeClassTopic, language, description) VALUES (1787, 'PT_PT', 'Avaliação Por Peritos (Aval. Heurística) Preditiva (Modelos de Utilizador) Com Utilizadores');
INSERT INTO DegreeClassTopicTranslations(degreeClassTopic, language, description) VALUES (1788, 'PT_PT', 'Desenho e Construção de Interfaces Visuais');
INSERT INTO DegreeClassTopicTranslations(degreeClassTopic, language, description) VALUES (1789, 'PT_PT', 'Dispositivos de Interacção');
INSERT INTO DegreeClassTopicTranslations(degreeClassTopic, language, description) VALUES (1790, 'PT_PT', 'Estilos de Interacção');
INSERT INTO DegreeClassTopicTranslations(degreeClassTopic, language, description) VALUES (1791, 'PT_PT', 'Desenho de Ecrãs; Documentação e Ajudas');
INSERT INTO DegreeClassTopicTranslations(degreeClassTopic, language, description) VALUES (1792, 'PT_PT', 'Desenho de Páginas Web');
INSERT INTO DegreeClassTopicTranslations(degreeClassTopic, language, description) VALUES (1793, 'PT_PT', 'Padrões de Desenho Web');
INSERT INTO DegreeClassTopicTranslations(degreeClassTopic, language, description) VALUES (1794, 'PT_PT', 'Personalização de Homepages e Standard');
INSERT INTO DegreeClassTopicTranslations(degreeClassTopic, language, description) VALUES (1795, 'PT_PT', 'Desenvolvimento e Toolkits');
INSERT INTO DegreeClassTopicTranslations(degreeClassTopic, language, description) VALUES (1796, 'PT_PT', 'Model-View-Controller Toolkits (saída) Toolkits (entrada)');
INSERT INTO DegreeClassTopicTranslations(degreeClassTopic, language, description) VALUES (1784, 'EN_UK', 'Understanding Users and Tasks');
INSERT INTO DegreeClassTopicTranslations(degreeClassTopic, language, description) VALUES (1785, 'EN_UK', 'Task Analysis and Human Factors');
INSERT INTO DegreeClassTopicTranslations(degreeClassTopic, language, description) VALUES (1786, 'EN_UK', 'Mental and Conceptual Models and Prototyping');
INSERT INTO DegreeClassTopicTranslations(degreeClassTopic, language, description) VALUES (1787, 'EN_UK', 'Evaluation by Experts (Heuristic Evaluation) Predictive (User Models) With Users');
INSERT INTO DegreeClassTopicTranslations(degreeClassTopic, language, description) VALUES (1788, 'EN_UK', 'Design and Construction of Visual Interfaces');
INSERT INTO DegreeClassTopicTranslations(degreeClassTopic, language, description) VALUES (1789, 'EN_UK', 'Interaction Devices');
INSERT INTO DegreeClassTopicTranslations(degreeClassTopic, language, description) VALUES (1790, 'EN_UK', 'Interaction Styles');
INSERT INTO DegreeClassTopicTranslations(degreeClassTopic, language, description) VALUES (1791, 'EN_UK', 'Screen Design; Documentation and Help');
INSERT INTO DegreeClassTopicTranslations(degreeClassTopic, language, description) VALUES (1792, 'EN_UK', 'Web Page Design');
INSERT INTO DegreeClassTopicTranslations(degreeClassTopic, language, description) VALUES (1793, 'EN_UK', 'Web Design Patterns');
INSERT INTO DegreeClassTopicTranslations(degreeClassTopic, language, description) VALUES (1794, 'EN_UK', 'Homepages and Standard Personalization');
INSERT INTO DegreeClassTopicTranslations(degreeClassTopic, language, description) VALUES (1795, 'EN_UK', 'Development and Toolkits');
INSERT INTO DegreeClassTopicTranslations(degreeClassTopic, language, description) VALUES (1796, 'EN_UK', 'Model-View-Controller Toolkits (output) Toolkits (input)');

INSERT INTO DegreeClasses(id, year, semester, ects , isOptional, degree) VALUES (151, 2, 2, 6, false, 3);
INSERT INTO DegreeClassTranslations(degreeClass, language, name, description) VALUES  (151, 'PT_PT', 'Probabilidades e Estatística' , 'Iniciação ao estudo da teoria das probabilidades e inferência estatística, tendo em vista a compreensão e aplicação dos seus principais conceitos e métodos.');
INSERT INTO DegreeClassTopics(id, degreeClass, ordering) VALUES (1797, 151, 1);
INSERT INTO DegreeClassTopics(id, degreeClass, ordering) VALUES (1798, 151, 2);
INSERT INTO DegreeClassTopics(id, degreeClass, ordering) VALUES (1799, 151, 3);
INSERT INTO DegreeClassTopics(id, degreeClass, ordering) VALUES (1800, 151, 4);
INSERT INTO DegreeClassTopics(id, degreeClass, ordering) VALUES (1801, 151, 5);
INSERT INTO DegreeClassTopics(id, degreeClass, ordering) VALUES (1802, 151, 6);
INSERT INTO DegreeClassTopics(id, degreeClass, ordering) VALUES (1803, 151, 7);
INSERT INTO DegreeClassTopicTranslations(degreeClassTopic, language, description) VALUES (1797, 'PT_PT', 'Conceitos básicos: Experiência Aleatória. Acontecimentos. Conceitos frequencista e subjectivista de probabilidade. Axiomática de Kolmogorov . Probabilidade condicionada. Independência Teorema de Bayes.');
INSERT INTO DegreeClassTopicTranslations(degreeClassTopic, language, description) VALUES (1798, 'PT_PT', 'Variáveis aleatórias: Função de distribuição. Variáveis aleatórias discretas e contínuas. Valor esperado, variância e outros parâmetros. Distribuições discretas e contínuas usuais.');
INSERT INTO DegreeClassTopicTranslations(degreeClassTopic, language, description) VALUES (1799, 'PT_PT', 'Distribuições conjuntas e complementos: Distribuições conjunta, marginais e condicionadas. Independência. Correlação. Aproximações entre distribuições. Teorema do limite central. Lei dos Grandes Números.');
INSERT INTO DegreeClassTopicTranslations(degreeClassTopic, language, description) VALUES (1800, 'PT_PT', 'Amostragem e estimação pontual: Estatística descritiva versus indutiva. Amostra aleatória. Estatísticas. Estimação pontual. Propriedades dos estimadores. Método da máxima verosimilhança. Distribuições amostrais da média e variância.');
INSERT INTO DegreeClassTopicTranslations(degreeClassTopic, language, description) VALUES (1801, 'PT_PT', 'Estimação por Intervalos: Noções básicas. Intervalos de confiança para parâmetros de populações normais e outras.');
INSERT INTO DegreeClassTopicTranslations(degreeClassTopic, language, description) VALUES (1802, 'PT_PT', 'Testes de Hipóteses: Noções básicas. Testes de hipóteses para parâmetros de populações normais e outras. Testes de ajustamento de Pearson e independência em tabelas de contingência.');
INSERT INTO DegreeClassTopicTranslations(degreeClassTopic, language, description) VALUES (1803, 'PT_PT', 'Regressão Linear Simples: Estimação pelo método dos mínimos quadrados e respectivas propriedades. Inferência no modelo de regressão linear simples. Coeficiente de determinação e análise empírica de resíduos.');
INSERT INTO DegreeClassTopicTranslations(degreeClassTopic, language, description) VALUES (1797, 'EN_UK', 'Basic concepts: Random experiment. Events. Frequentist and subjectivist concepts of probability. Kolmogorov''s axiomatics. Conditional probability. Independence. Bayes'' theorem.');
INSERT INTO DegreeClassTopicTranslations(degreeClassTopic, language, description) VALUES (1798, 'EN_UK', 'Random variables: Distribution function. Discrete and continuous random variables. Expected value, variance and other parameters. Usual discrete and continuous distributions.');
INSERT INTO DegreeClassTopicTranslations(degreeClassTopic, language, description) VALUES (1799, 'EN_UK', 'Joint distributions and complements: Joint, marginal and conditional distributions. Independence. Correlation. Approximations between distributions. Central limit theorem. Law of Large Numbers.');
INSERT INTO DegreeClassTopicTranslations(degreeClassTopic, language, description) VALUES (1800, 'EN_UK', 'Sampling and point estimation: Descriptive versus inductive statistics. Random sample. Statistics. Point estimation. Properties of estimators. Maximum likelihood method. Sampling distributions of the mean and variance.');
INSERT INTO DegreeClassTopicTranslations(degreeClassTopic, language, description) VALUES (1801, 'EN_UK', 'Interval estimation: Basic notions. Confidence intervals for parameters of normal and other populations.');
INSERT INTO DegreeClassTopicTranslations(degreeClassTopic, language, description) VALUES (1802, 'EN_UK', 'Hypothesis testing: Basic notions. Hypothesis tests for parameters of normal and other populations. Pearson''s goodness-of-fit and independence tests in contingency tables.');
INSERT INTO DegreeClassTopicTranslations(degreeClassTopic, language, description) VALUES (1803, 'EN_UK', 'Simple Linear Regression: Estimation by the least squares method and its properties. Inference in the simple linear regression model. Coefficient of determination and empirical analysis of residuals.');

INSERT INTO DegreeClasses(id, year, semester, ects , isOptional, degree) VALUES (152, 2, 4.5, 6, false, 3);
INSERT INTO DegreeClassTranslations(degreeClass, language, name, description) VALUES  (152, 'PT_PT', 'Teoria da Computação' , 'Entender e saber utilizar os conceitos de máquina de Turing, computação e recurso computacional. Compreender e aprofundar os conceitos de "tarefa" algorítmica e de "tarefa" não algorítmica. Conhecer os limites para "tarefas" algorítmicas. Entender a computação como conceito físico-matemático e não como conceito puramente matemático. Experimentar conceitos e técnicas em ambientes computacionais interactivos.');
INSERT INTO DegreeClassTopics(id, degreeClass, ordering) VALUES (1804, 152, 1);
INSERT INTO DegreeClassTopics(id, degreeClass, ordering) VALUES (1805, 152, 2);
INSERT INTO DegreeClassTopics(id, degreeClass, ordering) VALUES (1806, 152, 3);
INSERT INTO DegreeClassTopics(id, degreeClass, ordering) VALUES (1807, 152, 4);
INSERT INTO DegreeClassTopics(id, degreeClass, ordering) VALUES (1808, 152, 5);
INSERT INTO DegreeClassTopics(id, degreeClass, ordering) VALUES (1809, 152, 6);
INSERT INTO DegreeClassTopics(id, degreeClass, ordering) VALUES (1810, 152, 7);
INSERT INTO DegreeClassTopics(id, degreeClass, ordering) VALUES (1811, 152, 8);
INSERT INTO DegreeClassTopics(id, degreeClass, ordering) VALUES (1812, 152, 9);
INSERT INTO DegreeClassTopics(id, degreeClass, ordering) VALUES (1813, 152, 10);
INSERT INTO DegreeClassTopics(id, degreeClass, ordering) VALUES (1814, 152, 11);
INSERT INTO DegreeClassTopics(id, degreeClass, ordering) VALUES (1815, 152, 12);
INSERT INTO DegreeClassTopics(id, degreeClass, ordering) VALUES (1816, 152, 13);
INSERT INTO DegreeClassTopics(id, degreeClass, ordering) VALUES (1817, 152, 14);
INSERT INTO DegreeClassTopics(id, degreeClass, ordering) VALUES (1818, 152, 15);
INSERT INTO DegreeClassTopics(id, degreeClass, ordering) VALUES (1819, 152, 16);
INSERT INTO DegreeClassTopics(id, degreeClass, ordering) VALUES (1820, 152, 17);
INSERT INTO DegreeClassTopics(id, degreeClass, ordering) VALUES (1821, 152, 18);
INSERT INTO DegreeClassTopics(id, degreeClass, ordering) VALUES (1822, 152, 19);
INSERT INTO DegreeClassTopicTranslations(degreeClassTopic, language, description) VALUES (1804, 'PT_PT', 'Máquinas de Turing determinísticas, não determinísticas e enumeradoras');
INSERT INTO DegreeClassTopicTranslations(degreeClassTopic, language, description) VALUES (1805, 'PT_PT', 'Funções computáveis');
INSERT INTO DegreeClassTopicTranslations(degreeClassTopic, language, description) VALUES (1806, 'PT_PT', 'Conjuntos recursivamente enumeráveis');
INSERT INTO DegreeClassTopicTranslations(degreeClassTopic, language, description) VALUES (1807, 'PT_PT', 'Oráculos');
INSERT INTO DegreeClassTopicTranslations(degreeClassTopic, language, description) VALUES (1808, 'PT_PT', 'Reduções');
INSERT INTO DegreeClassTopicTranslations(degreeClassTopic, language, description) VALUES (1809, 'PT_PT', 'O problema da terminação (introdução à técnica da diagonalização)');
INSERT INTO DegreeClassTopicTranslations(degreeClassTopic, language, description) VALUES (1810, 'PT_PT', 'Teorema de Kleene');
INSERT INTO DegreeClassTopicTranslations(degreeClassTopic, language, description) VALUES (1811, 'PT_PT', 'Vírus (parece estar fora do âmbito da Teoria da Computação)');
INSERT INTO DegreeClassTopicTranslations(degreeClassTopic, language, description) VALUES (1812, 'PT_PT', 'O teorema de Rice e suas aplicações');
INSERT INTO DegreeClassTopicTranslations(degreeClassTopic, language, description) VALUES (1813, 'PT_PT', 'O postulado de Church-Turing');
INSERT INTO DegreeClassTopicTranslations(degreeClassTopic, language, description) VALUES (1814, 'PT_PT', 'Recursos computacionais');
INSERT INTO DegreeClassTopicTranslations(degreeClassTopic, language, description) VALUES (1815, 'PT_PT', 'Construtividade das funções');
INSERT INTO DegreeClassTopicTranslations(degreeClassTopic, language, description) VALUES (1816, 'PT_PT', 'Teoremas de hierarquia (emprego da diagonalização)');
INSERT INTO DegreeClassTopicTranslations(degreeClassTopic, language, description) VALUES (1817, 'PT_PT', 'Teorema de Savitch');
INSERT INTO DegreeClassTopicTranslations(degreeClassTopic, language, description) VALUES (1818, 'PT_PT', 'Classes computacionais: P, PSPACE, NP, EXPTIME, BPP');
INSERT INTO DegreeClassTopicTranslations(degreeClassTopic, language, description) VALUES (1819, 'PT_PT', 'Relações estruturais');
INSERT INTO DegreeClassTopicTranslations(degreeClassTopic, language, description) VALUES (1820, 'PT_PT', 'Conjuntos completos');
INSERT INTO DegreeClassTopicTranslations(degreeClassTopic, language, description) VALUES (1821, 'PT_PT', 'Construção da hierarquia polinomial');
INSERT INTO DegreeClassTopicTranslations(degreeClassTopic, language, description) VALUES (1822, 'PT_PT', 'Relativização');
INSERT INTO DegreeClassTopicTranslations(degreeClassTopic, language, description) VALUES (1804, 'EN_UK', 'Deterministic, non-deterministic, and enumerating Turing machines');
INSERT INTO DegreeClassTopicTranslations(degreeClassTopic, language, description) VALUES (1805, 'EN_UK', 'Computable functions');
INSERT INTO DegreeClassTopicTranslations(degreeClassTopic, language, description) VALUES (1806, 'EN_UK', 'Recursively enumerable sets');
INSERT INTO DegreeClassTopicTranslations(degreeClassTopic, language, description) VALUES (1807, 'EN_UK', 'Oracles');
INSERT INTO DegreeClassTopicTranslations(degreeClassTopic, language, description) VALUES (1808, 'EN_UK', 'Reductions');
INSERT INTO DegreeClassTopicTranslations(degreeClassTopic, language, description) VALUES (1809, 'EN_UK', 'The halting problem (introduction to the diagonalization technique)');
INSERT INTO DegreeClassTopicTranslations(degreeClassTopic, language, description) VALUES (1810, 'EN_UK', 'Kleene''s theorem');
INSERT INTO DegreeClassTopicTranslations(degreeClassTopic, language, description) VALUES (1811, 'EN_UK', 'Viruses (seems to be outside the scope of Theory of Computation)');
INSERT INTO DegreeClassTopicTranslations(degreeClassTopic, language, description) VALUES (1812, 'EN_UK', 'The Rice theorem and its applications');
INSERT INTO DegreeClassTopicTranslations(degreeClassTopic, language, description) VALUES (1813, 'EN_UK', 'The Church-Turing postulate');
INSERT INTO DegreeClassTopicTranslations(degreeClassTopic, language, description) VALUES (1814, 'EN_UK', 'Computational resources');
INSERT INTO DegreeClassTopicTranslations(degreeClassTopic, language, description) VALUES (1815, 'EN_UK', 'Constructivity of functions');
INSERT INTO DegreeClassTopicTranslations(degreeClassTopic, language, description) VALUES (1816, 'EN_UK', 'Hierarchy theorems (use of diagonalization)');
INSERT INTO DegreeClassTopicTranslations(degreeClassTopic, language, description) VALUES (1817, 'EN_UK', 'Savitch''s theorem');
INSERT INTO DegreeClassTopicTranslations(degreeClassTopic, language, description) VALUES (1818, 'EN_UK', 'Computational classes: P, PSPACE, NP, EXPTIME, BPP');
INSERT INTO DegreeClassTopicTranslations(degreeClassTopic, language, description) VALUES (1819, 'EN_UK', 'Structural relations');
INSERT INTO DegreeClassTopicTranslations(degreeClassTopic, language, description) VALUES (1820, 'EN_UK', 'Complete sets');
INSERT INTO DegreeClassTopicTranslations(degreeClassTopic, language, description) VALUES (1821, 'EN_UK', 'Construction of the polynomial hierarchy');
INSERT INTO DegreeClassTopicTranslations(degreeClassTopic, language, description) VALUES (1822, 'EN_UK', 'Relativization');

-- IST 3rd year

INSERT INTO DegreeClasses(id, year, semester, ects , isOptional, degree) VALUES (153, 3, 1, 6, false, 3);
INSERT INTO DegreeClassTranslations(degreeClass, language, name, description) VALUES  (153, 'PT_PT', 'Bases de Dados' , 'A disciplina faz uma introdução à concepção e análise de bases de dados. O curso foca no modelo relacional, cobrindo o desenho lógico das bases de dados (desenho do esquema) e sua implementação, bem como os sistemas de gestão de transações. Alguns aspectos dos sistemas de bases de dados paralelas e distribuídas, gestão de informação não estruturada e semiestruturada serão também abordados. A disciplina tem como objectivo expor os alunos aos conceitos básicos necessários no desenho e concepção de um sistema de gestão de base de dados, assim como questões práticas da sua realização no âmbito de um projecto em equipa.');
INSERT INTO DegreeClassTopics(id, degreeClass, ordering) VALUES (1823, 153, 1);
INSERT INTO DegreeClassTopics(id, degreeClass, ordering) VALUES (1824, 153, 2);
INSERT INTO DegreeClassTopics(id, degreeClass, ordering) VALUES (1825, 153, 3);
INSERT INTO DegreeClassTopics(id, degreeClass, ordering) VALUES (1826, 153, 4);
INSERT INTO DegreeClassTopics(id, degreeClass, ordering) VALUES (1827, 153, 5);
INSERT INTO DegreeClassTopics(id, degreeClass, ordering) VALUES (1828, 153, 6);
INSERT INTO DegreeClassTopics(id, degreeClass, ordering) VALUES (1829, 153, 7);
INSERT INTO DegreeClassTopics(id, degreeClass, ordering) VALUES (1830, 153, 8);
INSERT INTO DegreeClassTopics(id, degreeClass, ordering) VALUES (1831, 153, 9);
INSERT INTO DegreeClassTopics(id, degreeClass, ordering) VALUES (1832, 153, 10);
INSERT INTO DegreeClassTopics(id, degreeClass, ordering) VALUES (1833, 153, 11);
INSERT INTO DegreeClassTopics(id, degreeClass, ordering) VALUES (1834, 153, 12);
INSERT INTO DegreeClassTopics(id, degreeClass, ordering) VALUES (1835, 153, 13);
INSERT INTO DegreeClassTopics(id, degreeClass, ordering) VALUES (1836, 153, 14);
INSERT INTO DegreeClassTopics(id, degreeClass, ordering) VALUES (1837, 153, 15);
INSERT INTO DegreeClassTopics(id, degreeClass, ordering) VALUES (1838, 153, 16);
INSERT INTO DegreeClassTopics(id, degreeClass, ordering) VALUES (1839, 153, 17);
INSERT INTO DegreeClassTopics(id, degreeClass, ordering) VALUES (1840, 153, 18);
INSERT INTO DegreeClassTopicTranslations(degreeClassTopic, language, description) VALUES (1823, 'PT_PT', 'Introdução aos SGBD: Principais características dos sistemas de bases de dados; Vantagens; Quando usar e não usar SGBD.');
INSERT INTO DegreeClassTopicTranslations(degreeClassTopic, language, description) VALUES (1824, 'PT_PT', 'Modelos de dados dos SGBD: Modelo Relacional');
INSERT INTO DegreeClassTopicTranslations(degreeClassTopic, language, description) VALUES (1825, 'PT_PT', 'Arquitetura de SGBD; Mercado dos SGBD; O processo de concepção dos sistemas de base de dados');
INSERT INTO DegreeClassTopicTranslations(degreeClassTopic, language, description) VALUES (1826, 'PT_PT', 'O Modelo Entidade-Associação: conjuntos de entidades e associações');
INSERT INTO DegreeClassTopicTranslations(degreeClassTopic, language, description) VALUES (1827, 'PT_PT', 'Introdução ao Modelo Relacional e conversão de modelos E-A em relacionais');
INSERT INTO DegreeClassTopicTranslations(degreeClassTopic, language, description) VALUES (1828, 'PT_PT', 'Linguagens para interrogação de bases de dados. Álgebra Relacional e SQL.');
INSERT INTO DegreeClassTopicTranslations(degreeClassTopic, language, description) VALUES (1829, 'PT_PT', 'Restrições de Integridade, Integridade de entidades, Integridade de domínio, Integridade referencial e Integridade em SQL.');
INSERT INTO DegreeClassTopicTranslations(degreeClassTopic, language, description) VALUES (1830, 'PT_PT', 'Integridade em SQL: Triggers Arquitectura de aplicações de bases de bases de dados e sua programação Stored procedures. Cursores. SQL embebido/SQLJ. SQL dinâmico/JDBC');
INSERT INTO DegreeClassTopicTranslations(degreeClassTopic, language, description) VALUES (1831, 'PT_PT', 'Normalização de dados');
INSERT INTO DegreeClassTopicTranslations(degreeClassTopic, language, description) VALUES (1832, 'PT_PT', 'Teoria das Dependências e Axiomas de Armstrong');
INSERT INTO DegreeClassTopicTranslations(degreeClassTopic, language, description) VALUES (1833, 'PT_PT', 'Tipos de Ficheiros: tabelas e índices. Estruturas de Indexação: Árvore B+. Índices Hash. Índices Bitmap. Criação de índices em SQL');
INSERT INTO DegreeClassTopicTranslations(degreeClassTopic, language, description) VALUES (1834, 'PT_PT', 'Transações');
INSERT INTO DegreeClassTopicTranslations(degreeClassTopic, language, description) VALUES (1835, 'PT_PT', 'Concorrência em Transações. Protocolos de bloqueio; 2PL – bloqueio em duas fases. Tratamento de Deadlocks.');
INSERT INTO DegreeClassTopicTranslations(degreeClassTopic, language, description) VALUES (1836, 'PT_PT', 'Recuperação e Atomicidade. Recuperação Baseada em Diário. O algoritmo ARIES.');
INSERT INTO DegreeClassTopicTranslations(degreeClassTopic, language, description) VALUES (1837, 'PT_PT', 'Segurança e Controlo de Acesso em Bases de Dados');
INSERT INTO DegreeClassTopicTranslations(degreeClassTopic, language, description) VALUES (1838, 'PT_PT', 'Bases de Dados Paralelas e Distribuídas');
INSERT INTO DegreeClassTopicTranslations(degreeClassTopic, language, description) VALUES (1839, 'PT_PT', 'Sistemas de apoio à decisão; O pipeline dos processos de descoberta de conhecimentos; Data warehousing');
INSERT INTO DegreeClassTopicTranslations(degreeClassTopic, language, description) VALUES (1840, 'PT_PT', 'Modelos de representação de informação semiestruturada: XML');
INSERT INTO DegreeClassTopicTranslations(degreeClassTopic, language, description) VALUES (1823, 'EN_UK', 'Introduction to DBMS: Main features of database systems; Advantages; When to use and not use DBMS.');
INSERT INTO DegreeClassTopicTranslations(degreeClassTopic, language, description) VALUES (1824, 'EN_UK', 'DBMS data models: Relational Model');
INSERT INTO DegreeClassTopicTranslations(degreeClassTopic, language, description) VALUES (1825, 'EN_UK', 'DBMS Architecture; DBMS Market; The database system design process');
INSERT INTO DegreeClassTopicTranslations(degreeClassTopic, language, description) VALUES (1826, 'EN_UK', 'The Entity-Relationship Model: sets of entities and relationships');
INSERT INTO DegreeClassTopicTranslations(degreeClassTopic, language, description) VALUES (1827, 'EN_UK', 'Introduction to the Relational Model and conversion of E-R models to relational models');
INSERT INTO DegreeClassTopicTranslations(degreeClassTopic, language, description) VALUES (1828, 'EN_UK', 'Languages for querying databases. Relational Algebra and SQL.');
INSERT INTO DegreeClassTopicTranslations(degreeClassTopic, language, description) VALUES (1829, 'EN_UK', 'Integrity Constraints, Entity Integrity, Domain Integrity, Referential Integrity and Integrity in SQL.');
INSERT INTO DegreeClassTopicTranslations(degreeClassTopic, language, description) VALUES (1830, 'EN_UK', 'Integrity in SQL: Triggers Architecture of database applications and their programming Stored procedures. Cursors. Embedded SQL/SQLJ. Dynamic SQL/JDBC');
INSERT INTO DegreeClassTopicTranslations(degreeClassTopic, language, description) VALUES (1831, 'EN_UK', 'Data normalization');
INSERT INTO DegreeClassTopicTranslations(degreeClassTopic, language, description) VALUES (1832, 'EN_UK', 'Dependency Theory and Armstrong''s Axioms');
INSERT INTO DegreeClassTopicTranslations(degreeClassTopic, language, description) VALUES (1833, 'EN_UK', 'File Types: tables and indexes. Indexing Structures: B+ Tree. Hash Indexes. Bitmap Indexes. Creating indexes in SQL');
INSERT INTO DegreeClassTopicTranslations(degreeClassTopic, language, description) VALUES (1834, 'EN_UK', 'Transactions');
INSERT INTO DegreeClassTopicTranslations(degreeClassTopic, language, description) VALUES (1835, 'EN_UK', 'Transaction Concurrency. Locking protocols; 2PL - two-phase locking. Deadlock Handling.');
INSERT INTO DegreeClassTopicTranslations(degreeClassTopic, language, description) VALUES (1836, 'EN_UK', 'Recovery and Atomicity. Log-Based Recovery. The ARIES algorithm.');
INSERT INTO DegreeClassTopicTranslations(degreeClassTopic, language, description) VALUES (1837, 'EN_UK', 'Database Security and Access Control');
INSERT INTO DegreeClassTopicTranslations(degreeClassTopic, language, description) VALUES (1838, 'EN_UK', 'Parallel and Distributed Databases');
INSERT INTO DegreeClassTopicTranslations(degreeClassTopic, language, description) VALUES (1839, 'EN_UK', 'Decision support systems; The knowledge discovery process pipeline; Data warehousing');
INSERT INTO DegreeClassTopicTranslations(degreeClassTopic, language, description) VALUES (1840, 'EN_UK', 'Semi-structured information representation models: XML');

INSERT INTO DegreeClasses(id, year, semester, ects , isOptional, degree) VALUES (154, 3, 1, 4.5, false, 3);
INSERT INTO DegreeClassTranslations(degreeClass, language, name, description) VALUES  (154, 'PT_PT', 'Computação Gráfica' , 'Esta unidade curricular pretende fornecer conhecimentos básicos sobre computação gráfica interactiva. São leccionados os fundamentos da representação e criação de imagens sintéticas a partir de cenas tri-dimensionais. Neste âmbito os alunos verão dominar as transformações geométricas elementarese compreender o funcionamento do pipeline de visualização 3D e dos seus andares principais. No final, os alunos estarão preparados para desenhar e desenvolver aplicações gráficas interactivas.');
INSERT INTO DegreeClassTopics(id, degreeClass, ordering) VALUES (1841, 154, 1);
INSERT INTO DegreeClassTopics(id, degreeClass, ordering) VALUES (1842, 154, 2);
INSERT INTO DegreeClassTopics(id, degreeClass, ordering) VALUES (1843, 154, 3);
INSERT INTO DegreeClassTopics(id, degreeClass, ordering) VALUES (1844, 154, 4);
INSERT INTO DegreeClassTopics(id, degreeClass, ordering) VALUES (1845, 154, 5);
INSERT INTO DegreeClassTopics(id, degreeClass, ordering) VALUES (1846, 154, 6);
INSERT INTO DegreeClassTopics(id, degreeClass, ordering) VALUES (1847, 154, 7);
INSERT INTO DegreeClassTopics(id, degreeClass, ordering) VALUES (1848, 154, 8);
INSERT INTO DegreeClassTopics(id, degreeClass, ordering) VALUES (1849, 154, 9);
INSERT INTO DegreeClassTopicTranslations(degreeClassTopic, language, description) VALUES (1841, 'PT_PT', 'Matemática para CG (inclui trigonometria e matrizes): Revisão de conceitos matemáticos relevantes para computação gráfica, como trigonometria, geometria analítica e matrizes.');
INSERT INTO DegreeClassTopicTranslations(degreeClassTopic, language, description) VALUES (1842, 'PT_PT', 'Introdução ao three.js: Apresentação da biblioteca three.js para criação de aplicações web 3D.');
INSERT INTO DegreeClassTopicTranslations(degreeClassTopic, language, description) VALUES (1843, 'PT_PT', 'Transformações Geométricas: Estudo de transformações geométricas em 2D e 3D, incluindo translação, rotação, escala e projeção, e sua implementação em three.js.');
INSERT INTO DegreeClassTopicTranslations(degreeClassTopic, language, description) VALUES (1844, 'PT_PT', 'Grafos de cena: Abordagem da organização de objetos em uma cena 3D utilizando grafos de cena.');
INSERT INTO DegreeClassTopicTranslations(degreeClassTopic, language, description) VALUES (1845, 'PT_PT', 'Manipulação de matrizes em three.js: Implementação de operações com matrizes para manipulação de objetos 3D em three.js.');
INSERT INTO DegreeClassTopicTranslations(degreeClassTopic, language, description) VALUES (1846, 'PT_PT', 'Programação baseada em acontecimentos, animação e colisões: Desenvolvimento de aplicações interativas com three.js, incluindo animação e detecção de colisões.');
INSERT INTO DegreeClassTopicTranslations(degreeClassTopic, language, description) VALUES (1847, 'PT_PT', 'Pipeline Gráfico: Estudo do processo de renderização de imagens 3D, incluindo visualização, projeção, iluminação, sombreamento e recorte.');
INSERT INTO DegreeClassTopicTranslations(degreeClassTopic, language, description) VALUES (1848, 'PT_PT', 'Operações sobre fragmentos: Memórias-tampão e mapeamento de texturas: Otimização de renderização e aplicação de texturas em objetos 3D.');
INSERT INTO DegreeClassTopicTranslations(degreeClassTopic, language, description) VALUES (1849, 'PT_PT', 'Novas arquitecturas hardware/software em Computação Gráfica: Tendências em hardware e software para computação gráfica, como Realidade Virtual e Realidade Aumentada.');
INSERT INTO DegreeClassTopicTranslations(degreeClassTopic, language, description) VALUES (1841, 'EN_UK', 'Mathematics for CG (including trigonometry and matrices): Review of mathematical concepts relevant to computer graphics, such as trigonometry, analytical geometry, and matrices.');
INSERT INTO DegreeClassTopicTranslations(degreeClassTopic, language, description) VALUES (1842, 'EN_UK', 'Introduction to three.js: Presentation of the three.js library for creating 3D web applications.');
INSERT INTO DegreeClassTopicTranslations(degreeClassTopic, language, description) VALUES (1843, 'EN_UK', 'Geometric Transformations: Study of geometric transformations in 2D and 3D, including translation, rotation, scaling, and projection, and their implementation in three.js.');
INSERT INTO DegreeClassTopicTranslations(degreeClassTopic, language, description) VALUES (1844, 'EN_UK', 'Scene graphs: Approach to organizing objects in a 3D scene using scene graphs.');
INSERT INTO DegreeClassTopicTranslations(degreeClassTopic, language, description) VALUES (1845, 'EN_UK', 'Matrix manipulation in three.js: Implementation of matrix operations for manipulation of 3D objects in three.js.');
INSERT INTO DegreeClassTopicTranslations(degreeClassTopic, language, description) VALUES (1846, 'EN_UK', 'Event-based programming, animation, and collisions: Development of interactive applications with three.js, including animation and collision detection.');
INSERT INTO DegreeClassTopicTranslations(degreeClassTopic, language, description) VALUES (1847, 'EN_UK', 'Graphics pipeline: Study of the 3D image rendering process, including viewing, projection, lighting, shading, and clipping.');
INSERT INTO DegreeClassTopicTranslations(degreeClassTopic, language, description) VALUES (1848, 'EN_UK', 'Fragment operations: Buffers and texture mapping: Rendering optimization and texture application to 3D objects.');
INSERT INTO DegreeClassTopicTranslations(degreeClassTopic, language, description) VALUES (1849, 'EN_UK', 'New hardware/software architectures in Computer Graphics: Trends in hardware and software for computer graphics, such as Virtual Reality and Augmented Reality.');

INSERT INTO DegreeClasses(id, year, semester, ects , isOptional, degree) VALUES (155, 3, 1, 7.5, false, 3);
INSERT INTO DegreeClassTranslations(degreeClass, language, name, description) VALUES  (155, 'PT_PT', 'Inteligência Artificial' , 'Introduzir o tema de Inteligência Artificial ao aluno, de forma a que adquira os conhecimentos básicos desta área da informática e o motive a seguir a área da Inteligência Artificial. Servir de base a cadeiras mais avançadas de Inteligência Artificial.');
INSERT INTO DegreeClassTopics(id, degreeClass, ordering) VALUES (1850, 155, 1);
INSERT INTO DegreeClassTopics(id, degreeClass, ordering) VALUES (1851, 155, 2);
INSERT INTO DegreeClassTopics(id, degreeClass, ordering) VALUES (1852, 155, 3);
INSERT INTO DegreeClassTopics(id, degreeClass, ordering) VALUES (1853, 155, 4);
INSERT INTO DegreeClassTopics(id, degreeClass, ordering) VALUES (1854, 155, 5);
INSERT INTO DegreeClassTopics(id, degreeClass, ordering) VALUES (1855, 155, 6);
INSERT INTO DegreeClassTopics(id, degreeClass, ordering) VALUES (1856, 155, 7);
INSERT INTO DegreeClassTopics(id, degreeClass, ordering) VALUES (1857, 155, 8);
INSERT INTO DegreeClassTopics(id, degreeClass, ordering) VALUES (1858, 155, 9);
INSERT INTO DegreeClassTopics(id, degreeClass, ordering) VALUES (1859, 155, 10);
INSERT INTO DegreeClassTopicTranslations(degreeClassTopic, language, description) VALUES (1850, 'PT_PT', 'Introdução à Inteligência Artificial: O que é a Inteligência Artificial e como se diferencia da informática tradicional; Uma breve história da Inteligência Artificial.');
INSERT INTO DegreeClassTopicTranslations(degreeClassTopic, language, description) VALUES (1851, 'PT_PT', 'Agentes inteligentes: O conceito de racionalidade; Ambientes e tipos de agentes.');
INSERT INTO DegreeClassTopicTranslations(degreeClassTopic, language, description) VALUES (1852, 'PT_PT', 'Resolução de problemas por procura em espaços de estados: Métodos de procura não-informados e informados; Estudo de heurísticas.');
INSERT INTO DegreeClassTopicTranslations(degreeClassTopic, language, description) VALUES (1853, 'PT_PT', 'Procura com adversários: Jogos.');
INSERT INTO DegreeClassTopicTranslations(degreeClassTopic, language, description) VALUES (1854, 'PT_PT', 'Problemas de satisfação de restrições: Procura com retrocesso, procura local e estrutura de problemas.');
INSERT INTO DegreeClassTopicTranslations(degreeClassTopic, language, description) VALUES (1855, 'PT_PT', 'Representação de Conhecimento: Engenharia de ontologias; Categorias e objetos; Ações, situações e eventos.');
INSERT INTO DegreeClassTopicTranslations(degreeClassTopic, language, description) VALUES (1856, 'PT_PT', 'Planeamento de ações: Procura em espaço de estados, planeamento de ordem parcial, grafos de planeamento e planeamento com lógica proposicional.');
INSERT INTO DegreeClassTopicTranslations(degreeClassTopic, language, description) VALUES (1857, 'PT_PT', 'Aprendizagem: Aprendizagem indutiva, árvores de decisão, "ensemble learning" e teoria da aprendizagem computacional.');
INSERT INTO DegreeClassTopicTranslations(degreeClassTopic, language, description) VALUES (1858, 'PT_PT', 'Comunicação: Gramáticas e "parsing".');
INSERT INTO DegreeClassTopicTranslations(degreeClassTopic, language, description) VALUES (1859, 'PT_PT', 'Linguagens de programação usadas em Inteligência Artificial: Introdução ao LISP, uma linguagem funcional.');
INSERT INTO DegreeClassTopicTranslations(degreeClassTopic, language, description) VALUES (1850, 'EN_UK', 'Introduction to Artificial Intelligence: What is Artificial Intelligence and how does it differ from traditional computer science; A brief history of Artificial Intelligence.');
INSERT INTO DegreeClassTopicTranslations(degreeClassTopic, language, description) VALUES (1851, 'EN_UK', 'Intelligent agents: The concept of rationality; Environments and types of agents.');
INSERT INTO DegreeClassTopicTranslations(degreeClassTopic, language, description) VALUES (1852, 'EN_UK', 'Problem solving by search in state spaces: Uninformed and informed search methods; Heuristic study.');
INSERT INTO DegreeClassTopicTranslations(degreeClassTopic, language, description) VALUES (1853, 'EN_UK', 'Adversarial search: Games.');
INSERT INTO DegreeClassTopicTranslations(degreeClassTopic, language, description) VALUES (1854, 'EN_UK', 'Constraint satisfaction problems: Backtracking search, local search and problem structure.');
INSERT INTO DegreeClassTopicTranslations(degreeClassTopic, language, description) VALUES (1855, 'EN_UK', 'Knowledge Representation: Ontology engineering; Categories and objects; Actions, situations and events.');
INSERT INTO DegreeClassTopicTranslations(degreeClassTopic, language, description) VALUES (1856, 'EN_UK', 'Action planning: State space search, partial order planning, planning graphs, and planning with propositional logic.');
INSERT INTO DegreeClassTopicTranslations(degreeClassTopic, language, description) VALUES (1857, 'EN_UK', 'Learning: Inductive learning, decision trees, ensemble learning and computational learning theory.');
INSERT INTO DegreeClassTopicTranslations(degreeClassTopic, language, description) VALUES (1858, 'EN_UK', 'Communication: Grammars and parsing.');
INSERT INTO DegreeClassTopicTranslations(degreeClassTopic, language, description) VALUES (1859, 'EN_UK', 'Programming languages used in Artificial Intelligence: Introduction to LISP, a functional language.');

INSERT INTO DegreeClasses(id, year, semester, ects , isOptional, degree) VALUES (156, 3, 1, 6, false, 3);
INSERT INTO DegreeClassTranslations(degreeClass, language, name, description) VALUES  (156, 'PT_PT', 'Organização de Computadores' , 'Os alunos deverão adquirir uma visão abrangente e actual das arquitecturas de computadores ao nível dos seus diversos componentes: processadores, sistema de memória e de entradas e saídas. Os alunos deverão ainda ser capazes de compreender as condicionantes para a evolução dos sistemas computacionais e de avaliar estratégias para optimização de programas tendo em atenção a arquitectura computacional subjacente, baseadas em métricas de desempenho.');
INSERT INTO DegreeClassTopics(id, degreeClass, ordering) VALUES (1860, 156, 1);
INSERT INTO DegreeClassTopics(id, degreeClass, ordering) VALUES (1861, 156, 2);
INSERT INTO DegreeClassTopics(id, degreeClass, ordering) VALUES (1862, 156, 3);
INSERT INTO DegreeClassTopics(id, degreeClass, ordering) VALUES (1863, 156, 4);
INSERT INTO DegreeClassTopics(id, degreeClass, ordering) VALUES (1864, 156, 5);
INSERT INTO DegreeClassTopics(id, degreeClass, ordering) VALUES (1865, 156, 6);
INSERT INTO DegreeClassTopicTranslations(degreeClassTopic, language, description) VALUES (1860, 'PT_PT', 'Introdução e revisão dos conceitos básicos: Revisão da organização interna e funcionamento de um computador; Perspectiva da evolução recente e futura.');
INSERT INTO DegreeClassTopicTranslations(degreeClassTopic, language, description) VALUES (1861, 'PT_PT', 'Organização do computador: Processadores CISC vs RISC; Condicionantes da evolução tecnológica dos computadores; Geração de código, papel dos compiladores; Organização dos dados em memória; Representação de números, formato IEEE 754; Métricas de desempenho.');
INSERT INTO DegreeClassTopicTranslations(degreeClassTopic, language, description) VALUES (1862, 'PT_PT', 'Funcionamento de um processador RISC: Organização; Processamento em pipeline; Conflitos no pipeline de dados, controlo e estruturais; Optimização do código.');
INSERT INTO DegreeClassTopicTranslations(degreeClassTopic, language, description) VALUES (1863, 'PT_PT', 'Sistema de memória: Hierarquia de memória; Memória primária; Arquitetura das memórias cache; Optimização de programas; Gestão de memória, ligação ao sistema operativo; Mecanismos eficientes de tradução de endereços; Funcionamento integrado do sistema de memória.');
INSERT INTO DegreeClassTopicTranslations(degreeClassTopic, language, description) VALUES (1864, 'PT_PT', 'Sistema de entradas e saídas: Interface analógico-digital; Desempenho na comunicação com periféricos; Características de barramentos padrão; Interface de periféricos com a memória, processador e sistema operativo; Interrupções, exceções e traps; DMA; Compressão de dados; Fiabilidade de dados: paridade, ECC, RAID.');
INSERT INTO DegreeClassTopicTranslations(degreeClassTopic, language, description) VALUES (1865, 'PT_PT', 'Arquiteturas avançadas: Processadores multiple-issue: superescalares e VLIWs; Arquiteturas paralelas, taxonomia de Flynn; Multiprocessadores: SMP e NUMA; Coerência de memória; Sincronismo; Clusters.');
INSERT INTO DegreeClassTopicTranslations(degreeClassTopic, language, description) VALUES (1860, 'EN_UK', 'Introduction and review of basic concepts: Review of the internal organization and operation of a computer; Perspective of recent and future evolution.');
INSERT INTO DegreeClassTopicTranslations(degreeClassTopic, language, description) VALUES (1861, 'EN_UK', 'Computer organization: CISC vs RISC processors; Constraints on the technological evolution of computers; Code generation, role of compilers; Data organization in memory; Number representation, IEEE 754 format; Performance metrics.');
INSERT INTO DegreeClassTopicTranslations(degreeClassTopic, language, description) VALUES (1862, 'EN_UK', 'Operation of a RISC processor: Organization; Pipelining; Data, control, and structural pipeline conflicts; Code optimization.');
INSERT INTO DegreeClassTopicTranslations(degreeClassTopic, language, description) VALUES (1863, 'EN_UK', 'Memory system: Memory hierarchy; Primary memory; Cache memory architecture; Program optimization; Memory management, link to the operating system; Efficient address translation mechanisms; Integrated operation of the memory system.');
INSERT INTO DegreeClassTopicTranslations(degreeClassTopic, language, description) VALUES (1864, 'EN_UK', 'Input and output system: Analog-to-digital interface; Performance in communication with peripherals; Characteristics of standard buses; Interface of peripherals with memory, processor and operating system; Interrupts, exceptions and traps; DMA; Data compression; Data reliability: parity, ECC, RAID.');
INSERT INTO DegreeClassTopicTranslations(degreeClassTopic, language, description) VALUES (1865, 'EN_UK', 'Advanced architectures: Multiple-issue processors: superscalar and VLIWs; Parallel architectures, Flynn''s taxonomy; Multiprocessors: SMP and NUMA; Memory consistency; Synchronization; Clusters.');

INSERT INTO DegreeClasses(id, year, semester, ects , isOptional, degree) VALUES (157, 3, 1, 6, false, 3);
INSERT INTO DegreeClassTranslations(degreeClass, language, name, description) VALUES  (157, 'PT_PT', 'Redes de Computadores' , 'Saber analisar de forma crítica as várias opções tomadas na concepção de redes de computadores, suas arquitecturas e protocolos. Conhecer os protocolos principais da Internet. Saber programar aplicações de rede usando a interface de sockets.');
INSERT INTO DegreeClassTopics(id, degreeClass, ordering) VALUES (1866, 157, 1);
INSERT INTO DegreeClassTopics(id, degreeClass, ordering) VALUES (1867, 157, 2);
INSERT INTO DegreeClassTopics(id, degreeClass, ordering) VALUES (1868, 157, 3);
INSERT INTO DegreeClassTopics(id, degreeClass, ordering) VALUES (1869, 157, 4);
INSERT INTO DegreeClassTopics(id, degreeClass, ordering) VALUES (1870, 157, 5);
INSERT INTO DegreeClassTopics(id, degreeClass, ordering) VALUES (1871, 157, 6);
INSERT INTO DegreeClassTopics(id, degreeClass, ordering) VALUES (1872, 157, 7);
INSERT INTO DegreeClassTopicTranslations(degreeClassTopic, language, description) VALUES (1866, 'PT_PT', 'Introdução: Redes de computadores e a Internet; Tecnologias de comutação; Arquitetura em camadas; Protocolos; Serviços; Medidas de desempenho.');
INSERT INTO DegreeClassTopicTranslations(degreeClassTopic, language, description) VALUES (1867, 'PT_PT', 'Camada de aplicação: A Web e HTTP; FTP; SMTP; DNS; A interface de sockets.');
INSERT INTO DegreeClassTopicTranslations(degreeClassTopic, language, description) VALUES (1868, 'PT_PT', 'Camada de transporte: Multiplexagem e desmultiplexagem; UDP; Transferência fiável de dados; Stop-and-wait, go-back-N e selective Repeat; TCP; Controlo de congestão.');
INSERT INTO DegreeClassTopicTranslations(degreeClassTopic, language, description) VALUES (1869, 'PT_PT', 'Camada de rede: Encaminhamento por estado-da-ligação; Encaminhamento por vector-distância; IP; CIDR; RIP; OSPF; BGP; IPv6; VPNs; NAT.');
INSERT INTO DegreeClassTopicTranslations(degreeClassTopic, language, description) VALUES (1870, 'PT_PT', 'Camada da ligação de dados: Detecção e correcção de erros; Acesso múltiplo; ALOHA; CSMA; Token-ring; WLANs e IEEE 802.11; ARP; Hubs e comutadores; PPP; ATM.');
INSERT INTO DegreeClassTopicTranslations(degreeClassTopic, language, description) VALUES (1871, 'PT_PT', 'Aplicações multimedia: Streaming áudio e vídeo; Telefonia pela Internet; Qualidade de serviço; Escalonamento de tráfego.');
INSERT INTO DegreeClassTopicTranslations(degreeClassTopic, language, description) VALUES (1872, 'PT_PT', 'Segurança em redes: Criptografia de chave simétrica, DES e AES; Criptografia de chave pública, Diffie-Hellman e RSA; Confidencialidade; Autenticação; Integralidade; PGP; SSL; IPSec.');
INSERT INTO DegreeClassTopicTranslations(degreeClassTopic, language, description) VALUES (1866, 'EN_UK', 'Introduction: Computer networks and the Internet; Switching technologies; Layered architecture; Protocols; Services; Performance metrics.');
INSERT INTO DegreeClassTopicTranslations(degreeClassTopic, language, description) VALUES (1867, 'EN_UK', 'Application layer: The Web and HTTP; FTP; SMTP; DNS; The sockets interface.');
INSERT INTO DegreeClassTopicTranslations(degreeClassTopic, language, description) VALUES (1868, 'EN_UK', 'Transport layer: Multiplexing and demultiplexing; UDP; Reliable data transfer; Stop-and-wait, go-back-N, and selective repeat; TCP; Congestion control.');
INSERT INTO DegreeClassTopicTranslations(degreeClassTopic, language, description) VALUES (1869, 'EN_UK', 'Network layer: Connection-state routing; Distance-vector routing; IP; CIDR; RIP; OSPF; BGP; IPv6; VPNs; NAT.');
INSERT INTO DegreeClassTopicTranslations(degreeClassTopic, language, description) VALUES (1870, 'EN_UK', 'Data link layer: Error detection and correction; Multiple access; ALOHA; CSMA; Token-ring; WLANs and IEEE 802.11; ARP; Hubs and switches; PPP; ATM.');
INSERT INTO DegreeClassTopicTranslations(degreeClassTopic, language, description) VALUES (1871, 'EN_UK', 'Multimedia applications: Audio and video streaming; Internet telephony; Quality of service; Traffic shaping.');
INSERT INTO DegreeClassTopicTranslations(degreeClassTopic, language, description) VALUES (1872, 'EN_UK', 'Network security: Symmetric key cryptography, DES, and AES; Public key cryptography, Diffie-Hellman, and RSA; Confidentiality; Authentication; Integrity; PGP; SSL; IPSec.');

INSERT INTO DegreeClasses(id, year, semester, ects , isOptional, degree) VALUES (158, 3, 2, 6, false, 3);
INSERT INTO DegreeClassTranslations(degreeClass, language, name, description) VALUES  (158, 'PT_PT', 'Análise e Modelação de Sistemas' , 'Dotar os alunos com as competências fundamentais para a análise de problemas de engenharia em que a solução se pode conceptualizar como um sistema, recorrendo a técnicas de engenharia de requisitos e desenvolvimento de modelos conceptuais (especialmente em UML, SysML e BPMN)');
INSERT INTO DegreeClassTopics(id, degreeClass, ordering) VALUES (1873, 158, 1);
INSERT INTO DegreeClassTopics(id, degreeClass, ordering) VALUES (1874, 158, 2);
INSERT INTO DegreeClassTopics(id, degreeClass, ordering) VALUES (1875, 158, 3);
INSERT INTO DegreeClassTopics(id, degreeClass, ordering) VALUES (1876, 158, 4);
INSERT INTO DegreeClassTopics(id, degreeClass, ordering) VALUES (1877, 158, 5);
INSERT INTO DegreeClassTopics(id, degreeClass, ordering) VALUES (1878, 158, 6);
INSERT INTO DegreeClassTopics(id, degreeClass, ordering) VALUES (1879, 158, 7);
INSERT INTO DegreeClassTopics(id, degreeClass, ordering) VALUES (1880, 158, 8);
INSERT INTO DegreeClassTopics(id, degreeClass, ordering) VALUES (1881, 158, 9);
INSERT INTO DegreeClassTopics(id, degreeClass, ordering) VALUES (1882, 158, 10);
INSERT INTO DegreeClassTopics(id, degreeClass, ordering) VALUES (1883, 158, 11);
INSERT INTO DegreeClassTopics(id, degreeClass, ordering) VALUES (1884, 158, 12);
INSERT INTO DegreeClassTopics(id, degreeClass, ordering) VALUES (1885, 158, 13);
INSERT INTO DegreeClassTopics(id, degreeClass, ordering) VALUES (1886, 158, 14);
INSERT INTO DegreeClassTopics(id, degreeClass, ordering) VALUES (1887, 158, 15);
INSERT INTO DegreeClassTopics(id, degreeClass, ordering) VALUES (1888, 158, 16);
INSERT INTO DegreeClassTopics(id, degreeClass, ordering) VALUES (1889, 158, 17);
INSERT INTO DegreeClassTopics(id, degreeClass, ordering) VALUES (1890, 158, 18);
INSERT INTO DegreeClassTopics(id, degreeClass, ordering) VALUES (1891, 158, 19);
INSERT INTO DegreeClassTopics(id, degreeClass, ordering) VALUES (1892, 158, 20);
INSERT INTO DegreeClassTopics(id, degreeClass, ordering) VALUES (1893, 158, 21);
INSERT INTO DegreeClassTopics(id, degreeClass, ordering) VALUES (1894, 158, 22);
INSERT INTO DegreeClassTopics(id, degreeClass, ordering) VALUES (1895, 158, 23);
INSERT INTO DegreeClassTopics(id, degreeClass, ordering) VALUES (1896, 158, 24);
INSERT INTO DegreeClassTopics(id, degreeClass, ordering) VALUES (1897, 158, 25);
INSERT INTO DegreeClassTopicTranslations(degreeClassTopic, language, description) VALUES (1873, 'PT_PT', 'Conceitos fundamentais: Definições de "sistema" e de "sistema de sistemas"; Conceitos de contexto e de arquitectura de sistema, "stakeholders", “concern”, “viewpoint”, “view” e modelos.');
INSERT INTO DegreeClassTopicTranslations(degreeClassTopic, language, description) VALUES (1874, 'PT_PT', 'Técnicas de representação de contextos, com destaque para a técnica de mapas conceptuais.');
INSERT INTO DegreeClassTopicTranslations(degreeClassTopic, language, description) VALUES (1875, 'PT_PT', 'Conceitos, motivações para a MDA (Model Driven Architecture) e MDE (Model Driven Engineering).');
INSERT INTO DegreeClassTopicTranslations(degreeClassTopic, language, description) VALUES (1876, 'PT_PT', 'Entidades de normalização de referência (ISO, ITU, IEEE, W3C, IETF, INCOSE, NISO, IPQ, OASIS, The Open Group, OMG).');
INSERT INTO DegreeClassTopicTranslations(degreeClassTopic, language, description) VALUES (1877, 'PT_PT', 'Engenharia de Requisitos: conceitos, processos e técnicas fundamentais: Requisitos como “concerns” e constrangimentos aos sistemas.');
INSERT INTO DegreeClassTopicTranslations(degreeClassTopic, language, description) VALUES (1878, 'PT_PT', 'Os processos de levantamento, negociação, validação e documentação de requisitos. Ferramentas de gestão de requisitos. Técnicas para levantamento de requisitos. Regras para expressão de requisitos bem formados e SMART (Specific, Measurable, Achievable, Realisable, Traceable). Técnicas de rastreabilidade.');
INSERT INTO DegreeClassTopicTranslations(degreeClassTopic, language, description) VALUES (1879, 'PT_PT', 'Requisitos funcionais e Requisitos não funcionais.');
INSERT INTO DegreeClassTopicTranslations(degreeClassTopic, language, description) VALUES (1880, 'PT_PT', 'Conceitos de vistas de sistemas “black box” e “white box”. Casos de uso e cenários de casos de uso como técnicas de engenharia de requisitos (UML e SysML).');
INSERT INTO DegreeClassTopicTranslations(degreeClassTopic, language, description) VALUES (1881, 'PT_PT', 'Contexto de sistema e questões éticas, sociais e políticas. Dimensões éticas e morais de análise de sistemas. Códigos de ética em engenharia. (IEEE, ACM e OE)');
INSERT INTO DegreeClassTopicTranslations(degreeClassTopic, language, description) VALUES (1882, 'PT_PT', 'Análise e Modelação Orientada a Objectos - Modelos de Estrutura: Modelação orientada a objectos: conceitos; vistas de estrutura e de comportamento.');
INSERT INTO DegreeClassTopicTranslations(degreeClassTopic, language, description) VALUES (1883, 'PT_PT', 'Sistemas físicos e sistemas lógicos. Sistemas de informação como sistemas lógicos.');
INSERT INTO DegreeClassTopicTranslations(degreeClassTopic, language, description) VALUES (1884, 'PT_PT', 'Análise de universos de discurso e desenvolvimento de modelos de domínio em UML.');
INSERT INTO DegreeClassTopicTranslations(degreeClassTopic, language, description) VALUES (1885, 'PT_PT', 'Associações em modelos UML (generalização e especialização; associações genéricas; composição e agregação; classes de associação).');
INSERT INTO DegreeClassTopicTranslations(degreeClassTopic, language, description) VALUES (1886, 'PT_PT', 'Diagramas de componentes e de instalação em UML.');
INSERT INTO DegreeClassTopicTranslations(degreeClassTopic, language, description) VALUES (1887, 'PT_PT', 'Modelação de interfaces e Diagramas de objectos.');
INSERT INTO DegreeClassTopicTranslations(degreeClassTopic, language, description) VALUES (1888, 'PT_PT', 'Modelos em SysML.');
INSERT INTO DegreeClassTopicTranslations(degreeClassTopic, language, description) VALUES (1889, 'PT_PT', 'Análise e Modelação Orientada a Objectos - Modelos de Comportamento: Vistas de comportamento “black box” (casos de uso) e “white box” (eventos, fluxos e mensagens).');
INSERT INTO DegreeClassTopicTranslations(degreeClassTopic, language, description) VALUES (1890, 'PT_PT', 'Técnicas UML para desenvolvimento de vistas de comportamento: diagramas de mensagens (sequência, comunicação, temporais; interacção geral), de actividade, e de máquinas de estado.');
INSERT INTO DegreeClassTopicTranslations(degreeClassTopic, language, description) VALUES (1891, 'PT_PT', 'Sistemas de Informação - Análise e Modelação de Processos de Negócio O processo como transformação de inputs em outputs com ênfase no produto final e produção de valor.');
INSERT INTO DegreeClassTopicTranslations(degreeClassTopic, language, description) VALUES (1892, 'PT_PT', 'A relevância da vista de processos de uma organização (qualidade e responsabilidade na norma ISO 9001).');
INSERT INTO DegreeClassTopicTranslations(degreeClassTopic, language, description) VALUES (1893, 'PT_PT', 'A cadeia de valor de Porter.');
INSERT INTO DegreeClassTopicTranslations(degreeClassTopic, language, description) VALUES (1894, 'PT_PT', 'A arquitectura de processos na arquitectura empresarial. Processos de “risk assessment” (identificação, análise e avaliação de risco).');
INSERT INTO DegreeClassTopicTranslations(degreeClassTopic, language, description) VALUES (1895, 'PT_PT', 'Elementos básicos da linguagem BPMN (eventos, actividades, gateways, sequências, mensagens, associações, objectos de dados).');
INSERT INTO DegreeClassTopicTranslations(degreeClassTopic, language, description) VALUES (1896, 'PT_PT', 'Diagramas genéricos em BPMN.');
INSERT INTO DegreeClassTopicTranslations(degreeClassTopic, language, description) VALUES (1897, 'PT_PT', 'Processos públicos, processos privados e colaborações.');
INSERT INTO DegreeClassTopicTranslations(degreeClassTopic, language, description) VALUES (1873, 'EN_UK', 'Fundamental concepts: Definitions of "system" and "system of systems"; Concepts of context and system architecture, stakeholders, concern, viewpoint, view, and models.');
INSERT INTO DegreeClassTopicTranslations(degreeClassTopic, language, description) VALUES (1874, 'EN_UK', 'Techniques for representing contexts, with emphasis on the technique of conceptual maps.');
INSERT INTO DegreeClassTopicTranslations(degreeClassTopic, language, description) VALUES (1875, 'EN_UK', 'Concepts, motivations for MDA (Model Driven Architecture) and MDE (Model Driven Engineering).');
INSERT INTO DegreeClassTopicTranslations(degreeClassTopic, language, description) VALUES (1876, 'EN_UK', 'Reference standardization entities (ISO, ITU, IEEE, W3C, IETF, INCOSE, NISO, IPQ, OASIS, The Open Group, OMG).');
INSERT INTO DegreeClassTopicTranslations(degreeClassTopic, language, description) VALUES (1877, 'EN_UK', 'Requirements Engineering: fundamental concepts, processes, and techniques: Requirements as concerns and constraints on systems.');
INSERT INTO DegreeClassTopicTranslations(degreeClassTopic, language, description) VALUES (1878, 'EN_UK', 'The processes of eliciting, negotiating, validating, and documenting requirements. Requirements management tools. Requirements gathering techniques. Rules for expressing well-formed and SMART (Specific, Measurable, Achievable, Realizable, Traceable) requirements. Traceability techniques.');
INSERT INTO DegreeClassTopicTranslations(degreeClassTopic, language, description) VALUES (1879, 'EN_UK', 'Functional Requirements and Non-Functional Requirements.');
INSERT INTO DegreeClassTopicTranslations(degreeClassTopic, language, description) VALUES (1880, 'EN_UK', 'Concepts of black box and white box system views. Use cases and use case scenarios as requirements engineering techniques (UML and SysML).');
INSERT INTO DegreeClassTopicTranslations(degreeClassTopic, language, description) VALUES (1881, 'EN_UK', 'System context and ethical, social, and political issues. Ethical and moral dimensions of systems analysis. Codes of ethics in engineering. (IEEE, ACM, and OE)');
INSERT INTO DegreeClassTopicTranslations(degreeClassTopic, language, description) VALUES (1882, 'EN_UK', 'Object-Oriented Analysis and Modeling - Structural Models: Object-oriented modeling: concepts; structural and behavioral views.');
INSERT INTO DegreeClassTopicTranslations(degreeClassTopic, language, description) VALUES (1883, 'EN_UK', 'Physical systems and logical systems. Information systems as logical systems.');
INSERT INTO DegreeClassTopicTranslations(degreeClassTopic, language, description) VALUES (1884, 'EN_UK', 'Analysis of universes of discourse and development of domain models in UML.');
INSERT INTO DegreeClassTopicTranslations(degreeClassTopic, language, description) VALUES (1885, 'EN_UK', 'Associations in UML models (generalization and specialization; generic associations; composition and aggregation; association classes).');
INSERT INTO DegreeClassTopicTranslations(degreeClassTopic, language, description) VALUES (1886, 'EN_UK', 'Component and deployment diagrams in UML.');
INSERT INTO DegreeClassTopicTranslations(degreeClassTopic, language, description) VALUES (1887, 'EN_UK', 'Interface modeling and Object diagrams.');
INSERT INTO DegreeClassTopicTranslations(degreeClassTopic, language, description) VALUES (1888, 'EN_UK', 'Models in SysML.');
INSERT INTO DegreeClassTopicTranslations(degreeClassTopic, language, description) VALUES (1889, 'EN_UK', 'Object-Oriented Analysis and Modeling - Behavioral Models: Black box (use cases) and white box (events, flows, and messages) behavioral views.');
INSERT INTO DegreeClassTopicTranslations(degreeClassTopic, language, description) VALUES (1890, 'EN_UK', 'UML techniques for developing behavioral views: message diagrams (sequence, communication, timing; general interaction), activity diagrams, and state machines.');
INSERT INTO DegreeClassTopicTranslations(degreeClassTopic, language, description) VALUES (1891, 'EN_UK', 'Information Systems - Business Process Analysis and Modeling: The process as a transformation of inputs into outputs with emphasis on the final product and value production.');
INSERT INTO DegreeClassTopicTranslations(degreeClassTopic, language, description) VALUES (1892, 'EN_UK', 'The relevance of the process view of an organization (quality and responsibility in the ISO 9001 standard).');
INSERT INTO DegreeClassTopicTranslations(degreeClassTopic, language, description) VALUES (1893, 'EN_UK', 'Porter''s value chain.');
INSERT INTO DegreeClassTopicTranslations(degreeClassTopic, language, description) VALUES (1894, 'EN_UK', 'The process architecture in enterprise architecture. Risk assessment processes (risk identification, analysis, and evaluation).');
INSERT INTO DegreeClassTopicTranslations(degreeClassTopic, language, description) VALUES (1895, 'EN_UK', 'Basic elements of the BPMN language (events, activities, gateways, sequences, messages, associations, data objects).');
INSERT INTO DegreeClassTopicTranslations(degreeClassTopic, language, description) VALUES (1896, 'EN_UK', 'Generic diagrams in BPMN.');
INSERT INTO DegreeClassTopicTranslations(degreeClassTopic, language, description) VALUES (1897, 'EN_UK', 'Public processes, private processes, and collaborations.');

INSERT INTO DegreeClasses(id, year, semester, ects , isOptional, degree) VALUES (159, 3, 2, 6, false, 3);
INSERT INTO DegreeClassTranslations(degreeClass, language, name, description) VALUES  (159, 'PT_PT', 'Compiladores' , 'Aquisição de conceitos sobre a definição de linguagens de programação. Obtenção de conhecimentos sobre os métodos de análise (front-end) e síntese (back-end) mais usados pelos compiladores. Especificação lexical e sintáctica, bem como a análise semântica das linguagens de computação, com especial ênfase nas linguagens de programação. Desenvolver um compilador para uma linguagem de programação simples que gere código máquina executável.');
INSERT INTO DegreeClassTopics(id, degreeClass, ordering) VALUES (1898, 159, 1);
INSERT INTO DegreeClassTopics(id, degreeClass, ordering) VALUES (1899, 159, 2);
INSERT INTO DegreeClassTopics(id, degreeClass, ordering) VALUES (1900, 159, 3);
INSERT INTO DegreeClassTopics(id, degreeClass, ordering) VALUES (1901, 159, 4);
INSERT INTO DegreeClassTopics(id, degreeClass, ordering) VALUES (1902, 159, 5);
INSERT INTO DegreeClassTopics(id, degreeClass, ordering) VALUES (1903, 159, 6);
INSERT INTO DegreeClassTopics(id, degreeClass, ordering) VALUES (1904, 159, 7);
INSERT INTO DegreeClassTopicTranslations(degreeClassTopic, language, description) VALUES (1898, 'PT_PT', 'Ambiente de desenvolvimento Unix: ferramentas gcc, gdb, cvs, make, lex e yacc.');
INSERT INTO DegreeClassTopicTranslations(degreeClassTopic, language, description) VALUES (1899, 'PT_PT', 'Linguagens regulares e análise lexica: modelação do reconhecimento de frases, em analisadores lexicos, por autómatos finitos (deterministas e não-deterministas).');
INSERT INTO DegreeClassTopicTranslations(degreeClassTopic, language, description) VALUES (1900, 'PT_PT', 'Linguagens livres de contexto: gramaticas livres de contexto, árvores de derivação, autómatos finitos com pilha, analisadores sintacticos descendendes LL(1), e ascendendes LR(0)/ SLR(1)/ LALR(1).');
INSERT INTO DegreeClassTopicTranslations(degreeClassTopic, language, description) VALUES (1901, 'PT_PT', 'Gramáticas atributivas e avaliação de atributos.');
INSERT INTO DegreeClassTopicTranslations(degreeClassTopic, language, description) VALUES (1902, 'PT_PT', 'Tratamento e recuperação de erros, analise semântica estática e dinâmica: erros gramaticais, manipulação de identificadores, tipificação e árvores de activação.');
INSERT INTO DegreeClassTopicTranslations(degreeClassTopic, language, description) VALUES (1903, 'PT_PT', 'Geração de código intermédio em árvores abstractas e código postfix.');
INSERT INTO DegreeClassTopicTranslations(degreeClassTopic, language, description) VALUES (1904, 'PT_PT', 'Tópicos de geração e optimização de código final para maquinas "load and store".');
INSERT INTO DegreeClassTopicTranslations(degreeClassTopic, language, description) VALUES (1898, 'EN_UK', 'Unix development environment: gcc, gdb, cvs, make, lex, and yacc tools.');
INSERT INTO DegreeClassTopicTranslations(degreeClassTopic, language, description) VALUES (1899, 'EN_UK', 'Regular languages and lexical analysis: modeling sentence recognition, in lexical analyzers, by finite automata (deterministic and non-deterministic).');
INSERT INTO DegreeClassTopicTranslations(degreeClassTopic, language, description) VALUES (1900, 'EN_UK', 'Context-free languages: context-free grammars, derivation trees, finite state machines with stack, LL(1) top-down and LR(0)/SLR(1)/LALR(1) bottom-up parsers.');
INSERT INTO DegreeClassTopicTranslations(degreeClassTopic, language, description) VALUES (1901, 'EN_UK', 'Attribute grammars and attribute evaluation.');
INSERT INTO DegreeClassTopicTranslations(degreeClassTopic, language, description) VALUES (1902, 'EN_UK', 'Error handling and recovery, static and dynamic semantic analysis: grammatical errors, identifier manipulation, typing and activation trees.');
INSERT INTO DegreeClassTopicTranslations(degreeClassTopic, language, description) VALUES (1903, 'EN_UK', 'Intermediate code generation in abstract trees and postfix code.');
INSERT INTO DegreeClassTopicTranslations(degreeClassTopic, language, description) VALUES (1904, 'EN_UK', 'Topics of generation and optimization of final code for load and store machines.');

INSERT INTO DegreeClasses(id, year, semester, ects , isOptional, degree) VALUES (160, 3, 2, 3, false, 3);
INSERT INTO DegreeClassTranslations(degreeClass, language, name, description) VALUES  (160, 'PT_PT', 'Computação e Sociedade' , 'Transmitir aos futuros engenheiros informáticos a noção do enorme impacto social que os aspectos éticos têm no desenvolvimento e utilização de produtos e serviços baseados em tecnologias de informação. Ensinar os fundamentos necessários para que possam fazer as escolhas acertadas quando confrontados com situações concretas envolvendo o desenvolvimento, operação e utilização de sistemas de informação.');
INSERT INTO DegreeClassTopics(id, degreeClass, ordering) VALUES (1905, 160, 1);
INSERT INTO DegreeClassTopics(id, degreeClass, ordering) VALUES (1906, 160, 2);
INSERT INTO DegreeClassTopics(id, degreeClass, ordering) VALUES (1907, 160, 3);
INSERT INTO DegreeClassTopics(id, degreeClass, ordering) VALUES (1908, 160, 4);
INSERT INTO DegreeClassTopics(id, degreeClass, ordering) VALUES (1909, 160, 5);
INSERT INTO DegreeClassTopics(id, degreeClass, ordering) VALUES (1910, 160, 6);
INSERT INTO DegreeClassTopics(id, degreeClass, ordering) VALUES (1911, 160, 7);
INSERT INTO DegreeClassTopics(id, degreeClass, ordering) VALUES (1912, 160, 8);
INSERT INTO DegreeClassTopics(id, degreeClass, ordering) VALUES (1913, 160, 9);
INSERT INTO DegreeClassTopics(id, degreeClass, ordering) VALUES (1914, 160, 10);
INSERT INTO DegreeClassTopics(id, degreeClass, ordering) VALUES (1915, 160, 11);
INSERT INTO DegreeClassTopics(id, degreeClass, ordering) VALUES (1916, 160, 12);
INSERT INTO DegreeClassTopics(id, degreeClass, ordering) VALUES (1917, 160, 13);
INSERT INTO DegreeClassTopics(id, degreeClass, ordering) VALUES (1918, 160, 14);
INSERT INTO DegreeClassTopics(id, degreeClass, ordering) VALUES (1919, 160, 15);
INSERT INTO DegreeClassTopics(id, degreeClass, ordering) VALUES (1920, 160, 16);
INSERT INTO DegreeClassTopics(id, degreeClass, ordering) VALUES (1921, 160, 17);
INSERT INTO DegreeClassTopics(id, degreeClass, ordering) VALUES (1922, 160, 18);
INSERT INTO DegreeClassTopics(id, degreeClass, ordering) VALUES (1923, 160, 19);
INSERT INTO DegreeClassTopics(id, degreeClass, ordering) VALUES (1924, 160, 20);
INSERT INTO DegreeClassTopics(id, degreeClass, ordering) VALUES (1925, 160, 21);
INSERT INTO DegreeClassTopics(id, degreeClass, ordering) VALUES (1926, 160, 22);
INSERT INTO DegreeClassTopics(id, degreeClass, ordering) VALUES (1927, 160, 23);
INSERT INTO DegreeClassTopics(id, degreeClass, ordering) VALUES (1928, 160, 24);
INSERT INTO DegreeClassTopics(id, degreeClass, ordering) VALUES (1929, 160, 25);
INSERT INTO DegreeClassTopics(id, degreeClass, ordering) VALUES (1930, 160, 26);
INSERT INTO DegreeClassTopics(id, degreeClass, ordering) VALUES (1931, 160, 27);
INSERT INTO DegreeClassTopics(id, degreeClass, ordering) VALUES (1932, 160, 28);
INSERT INTO DegreeClassTopics(id, degreeClass, ordering) VALUES (1933, 160, 29);
INSERT INTO DegreeClassTopicTranslations(degreeClassTopic, language, description) VALUES (1905, 'PT_PT', 'Ética: Ética e integridade. Moralidade e ética, legalidade e legitimidade.');
INSERT INTO DegreeClassTopicTranslations(degreeClassTopic, language, description) VALUES (1906, 'PT_PT', 'Ética: Ética no sector das tecnologias de informação.');
INSERT INTO DegreeClassTopicTranslations(degreeClassTopic, language, description) VALUES (1907, 'PT_PT', 'Ética: Ética e responsabilidade profissional dos engenheiros informáticos.');
INSERT INTO DegreeClassTopicTranslations(degreeClassTopic, language, description) VALUES (1908, 'PT_PT', 'Organizações profissionais: Programas de certificação.');
INSERT INTO DegreeClassTopicTranslations(degreeClassTopic, language, description) VALUES (1909, 'PT_PT', 'Organizações profissionais: Uso aceitável dos sistemas de informação.');
INSERT INTO DegreeClassTopicTranslations(degreeClassTopic, language, description) VALUES (1910, 'PT_PT', 'Segurança e crime informático: Estabelecimento de políticas de segurança.');
INSERT INTO DegreeClassTopicTranslations(degreeClassTopic, language, description) VALUES (1911, 'PT_PT', 'Segurança e crime informático: Educação dos intervenientes.');
INSERT INTO DegreeClassTopicTranslations(degreeClassTopic, language, description) VALUES (1912, 'PT_PT', 'Segurança e crime informático: Prevenção, detecção e resposta a incidentes.');
INSERT INTO DegreeClassTopicTranslations(degreeClassTopic, language, description) VALUES (1913, 'PT_PT', 'Segurança e crime informático: Legislação.');
INSERT INTO DegreeClassTopicTranslations(degreeClassTopic, language, description) VALUES (1914, 'PT_PT', 'Privacidade: Leis de protecção da privacidade.');
INSERT INTO DegreeClassTopicTranslations(degreeClassTopic, language, description) VALUES (1915, 'PT_PT', 'Privacidade: Gestão da privacidade e anonimidade.');
INSERT INTO DegreeClassTopicTranslations(degreeClassTopic, language, description) VALUES (1916, 'PT_PT', 'Privacidade: Liberdade de expressão.');
INSERT INTO DegreeClassTopicTranslations(degreeClassTopic, language, description) VALUES (1917, 'PT_PT', 'Privacidade: Controlo do acesso à informação.');
INSERT INTO DegreeClassTopicTranslations(degreeClassTopic, language, description) VALUES (1918, 'PT_PT', 'Privacidade: Anonimáto na Internet.');
INSERT INTO DegreeClassTopicTranslations(degreeClassTopic, language, description) VALUES (1919, 'PT_PT', 'Propriedade intelectual: Direito de cópia e Patentes.');
INSERT INTO DegreeClassTopicTranslations(degreeClassTopic, language, description) VALUES (1920, 'PT_PT', 'Propriedade intelectual: Software livre.');
INSERT INTO DegreeClassTopicTranslations(degreeClassTopic, language, description) VALUES (1921, 'PT_PT', 'Propriedade intelectual: Código aberto.');
INSERT INTO DegreeClassTopicTranslations(degreeClassTopic, language, description) VALUES (1922, 'PT_PT', 'Propriedade intelectual: Engenharia inversa.');
INSERT INTO DegreeClassTopicTranslations(degreeClassTopic, language, description) VALUES (1923, 'PT_PT', 'Impactos das tecnologias de informação na sociedade.');
INSERT INTO DegreeClassTopicTranslations(degreeClassTopic, language, description) VALUES (1924, 'PT_PT', 'Tecnologias de informação, investimento e produtividade.');
INSERT INTO DegreeClassTopicTranslations(degreeClassTopic, language, description) VALUES (1925, 'PT_PT', 'Tecnologias de informação na saúde.');
INSERT INTO DegreeClassTopicTranslations(degreeClassTopic, language, description) VALUES (1926, 'PT_PT', 'As redes sociais: Uso comercial das redes sociais.');
INSERT INTO DegreeClassTopicTranslations(degreeClassTopic, language, description) VALUES (1927, 'PT_PT', 'As redes sociais: Cyberbullying e cyberstalking.');
INSERT INTO DegreeClassTopicTranslations(degreeClassTopic, language, description) VALUES (1928, 'PT_PT', 'As redes sociais: Partilha de conteúdos inapropriados.');
INSERT INTO DegreeClassTopicTranslations(degreeClassTopic, language, description) VALUES (1929, 'PT_PT', 'As redes sociais: Mundos virtuais.');
INSERT INTO DegreeClassTopicTranslations(degreeClassTopic, language, description) VALUES (1930, 'PT_PT', 'As redes sociais: Uso educativo e comercial.');
INSERT INTO DegreeClassTopicTranslations(degreeClassTopic, language, description) VALUES (1931, 'PT_PT', 'Crime nos mundos virtuais.');
INSERT INTO DegreeClassTopicTranslations(degreeClassTopic, language, description) VALUES (1932, 'PT_PT', 'Ética das organizações: Gestão de colaboradores e fornecedores externos.');
INSERT INTO DegreeClassTopicTranslations(degreeClassTopic, language, description) VALUES (1933, 'PT_PT', 'Responsabilidade social:  Impacto social das tecnologias de informação.  Acesso à sociedade da informação.');
INSERT INTO DegreeClassTopicTranslations(degreeClassTopic, language, description) VALUES (1905, 'EN_UK', 'Ethics: Ethics and integrity. Morality and ethics, legality and legitimacy.');
INSERT INTO DegreeClassTopicTranslations(degreeClassTopic, language, description) VALUES (1906, 'EN_UK', 'Ethics: Ethics in the information technology sector.');
INSERT INTO DegreeClassTopicTranslations(degreeClassTopic, language, description) VALUES (1907, 'EN_UK', 'Ethics: Ethics and professional responsibility of computer engineers.');
INSERT INTO DegreeClassTopicTranslations(degreeClassTopic, language, description) VALUES (1908, 'EN_UK', 'Professional organizations: Certification programs.');
INSERT INTO DegreeClassTopicTranslations(degreeClassTopic, language, description) VALUES (1909, 'EN_UK', 'Professional organizations: Acceptable use of information systems.');
INSERT INTO DegreeClassTopicTranslations(degreeClassTopic, language, description) VALUES (1910, 'EN_UK', 'Security and computer crime: Establishing security policies.');
INSERT INTO DegreeClassTopicTranslations(degreeClassTopic, language, description) VALUES (1911, 'EN_UK', 'Security and computer crime: Education of stakeholders.');
INSERT INTO DegreeClassTopicTranslations(degreeClassTopic, language, description) VALUES (1912, 'EN_UK', 'Security and computer crime: Prevention, detection and response to incidents.');
INSERT INTO DegreeClassTopicTranslations(degreeClassTopic, language, description) VALUES (1913, 'EN_UK', 'Security and computer crime: Legislation.');
INSERT INTO DegreeClassTopicTranslations(degreeClassTopic, language, description) VALUES (1914, 'EN_UK', 'Privacy: Privacy protection laws.');
INSERT INTO DegreeClassTopicTranslations(degreeClassTopic, language, description) VALUES (1915, 'EN_UK', 'Privacy: Privacy management and anonymity.');
INSERT INTO DegreeClassTopicTranslations(degreeClassTopic, language, description) VALUES (1916, 'EN_UK', 'Privacy: Freedom of expression.');
INSERT INTO DegreeClassTopicTranslations(degreeClassTopic, language, description) VALUES (1917, 'EN_UK', 'Privacy: Access control to information.');
INSERT INTO DegreeClassTopicTranslations(degreeClassTopic, language, description) VALUES (1918, 'EN_UK', 'Privacy: Anonymity on the Internet.');
INSERT INTO DegreeClassTopicTranslations(degreeClassTopic, language, description) VALUES (1919, 'EN_UK', 'Intellectual property: Copyright and Patents.');
INSERT INTO DegreeClassTopicTranslations(degreeClassTopic, language, description) VALUES (1920, 'EN_UK', 'Intellectual property: Free software.');
INSERT INTO DegreeClassTopicTranslations(degreeClassTopic, language, description) VALUES (1921, 'EN_UK', 'Intellectual property: Open source.');
INSERT INTO DegreeClassTopicTranslations(degreeClassTopic, language, description) VALUES (1922, 'EN_UK', 'Intellectual property: Reverse engineering.');
INSERT INTO DegreeClassTopicTranslations(degreeClassTopic, language, description) VALUES (1923, 'EN_UK', 'Impacts of information technology on society.');
INSERT INTO DegreeClassTopicTranslations(degreeClassTopic, language, description) VALUES (1924, 'EN_UK', 'Information technology, investment and productivity.');
INSERT INTO DegreeClassTopicTranslations(degreeClassTopic, language, description) VALUES (1925, 'EN_UK', 'Information technology in healthcare.');
INSERT INTO DegreeClassTopicTranslations(degreeClassTopic, language, description) VALUES (1926, 'EN_UK', 'Social networks: Commercial use of social networks.');
INSERT INTO DegreeClassTopicTranslations(degreeClassTopic, language, description) VALUES (1927, 'EN_UK', 'Social networks: Cyberbullying and cyberstalking.');
INSERT INTO DegreeClassTopicTranslations(degreeClassTopic, language, description) VALUES (1928, 'EN_UK', 'Social networks: Sharing inappropriate content.');
INSERT INTO DegreeClassTopicTranslations(degreeClassTopic, language, description) VALUES (1929, 'EN_UK', 'Social networks: Virtual worlds.');
INSERT INTO DegreeClassTopicTranslations(degreeClassTopic, language, description) VALUES (1930, 'EN_UK', 'Social networks: Educational and commercial use.');
INSERT INTO DegreeClassTopicTranslations(degreeClassTopic, language, description) VALUES (1931, 'EN_UK', 'Crime in virtual worlds.');
INSERT INTO DegreeClassTopicTranslations(degreeClassTopic, language, description) VALUES (1932, 'EN_UK', 'Organizational ethics: Management of employees and external suppliers.');
INSERT INTO DegreeClassTopicTranslations(degreeClassTopic, language, description) VALUES (1933, 'EN_UK', 'Social responsibility: Social impact of information technology. Access to the information society.');

INSERT INTO DegreeClasses(id, year, semester, ects , isOptional, degree) VALUES (161, 3, 2, 7.5, false, 3);
INSERT INTO DegreeClassTranslations(degreeClass, language, name, description) VALUES  (161, 'PT_PT', 'Engenharia de Software' , 'Transmitir um roteiro do desenvolvimento de software, desde o levantamento de requisitos até à manutenção de programas. Integrar os conhecimentos adquiridos noutras disciplinas no contexto mais alargado do processo de desenvolvimento. Motivar para o desenvolvimento de software como uma engenharia, que integra os aspectos tecnológicas da computação com os factores sociais e humanos da construção de produtos.');
INSERT INTO DegreeClassTopics(id, degreeClass, ordering) VALUES (1934, 161, 1);
INSERT INTO DegreeClassTopics(id, degreeClass, ordering) VALUES (1935, 161, 2);
INSERT INTO DegreeClassTopics(id, degreeClass, ordering) VALUES (1936, 161, 3);
INSERT INTO DegreeClassTopics(id, degreeClass, ordering) VALUES (1937, 161, 4);
INSERT INTO DegreeClassTopics(id, degreeClass, ordering) VALUES (1938, 161, 5);
INSERT INTO DegreeClassTopics(id, degreeClass, ordering) VALUES (1939, 161, 6);
INSERT INTO DegreeClassTopicTranslations(degreeClassTopic, language, description) VALUES (1934, 'PT_PT', 'Desenho de Software');
INSERT INTO DegreeClassTopicTranslations(degreeClassTopic, language, description) VALUES (1935, 'PT_PT', 'Escrita de Programas');
INSERT INTO DegreeClassTopicTranslations(degreeClassTopic, language, description) VALUES (1936, 'PT_PT', 'Processo de Desenvolvimento');
INSERT INTO DegreeClassTopicTranslations(degreeClassTopic, language, description) VALUES (1937, 'PT_PT', 'Engenharia de Requisitos');
INSERT INTO DegreeClassTopicTranslations(degreeClassTopic, language, description) VALUES (1938, 'PT_PT', 'Gestão de Projecto');
INSERT INTO DegreeClassTopicTranslations(degreeClassTopic, language, description) VALUES (1939, 'PT_PT', 'Verificação e Validação');
INSERT INTO DegreeClassTopicTranslations(degreeClassTopic, language, description) VALUES (1934, 'EN_UK', 'Software Design');
INSERT INTO DegreeClassTopicTranslations(degreeClassTopic, language, description) VALUES (1935, 'EN_UK', 'Program Writing');
INSERT INTO DegreeClassTopicTranslations(degreeClassTopic, language, description) VALUES (1936, 'EN_UK', 'Development Process');
INSERT INTO DegreeClassTopicTranslations(degreeClassTopic, language, description) VALUES (1937, 'EN_UK', 'Requirements Engineering');
INSERT INTO DegreeClassTopicTranslations(degreeClassTopic, language, description) VALUES (1938, 'EN_UK', 'Project Management');
INSERT INTO DegreeClassTopicTranslations(degreeClassTopic, language, description) VALUES (1939, 'EN_UK', 'Verification and Validation');

INSERT INTO DegreeClasses(id, year, semester, ects , isOptional, degree) VALUES (162, 3, 2, 7.5, false, 3);
INSERT INTO DegreeClassTranslations(degreeClass, language, name, description) VALUES  (162, 'PT_PT', 'Sistemas Distribuídos' , 'Analisar as arquitecturas e as tecnologias que permitem desenvolver aplicações distribuídas que possam garantir requisitos não funcionais como a reconfigurabilidade, a segurança, a tolerância a faltas e a escalabilidade. Aquisição de conhecimentos que permitam desenvolver uma aplicação com uma arquitectura distribuída. Programar aplicações distribuídas. Interpretar requisitos de segurança formulando políticas e concretizando mecanismos seguros no código da aplicação. Análise de requisitos de fiabilidade e disponibilidade e introdução de mecanismos de tolerância a faltas.');

-- IST 4th year

INSERT INTO DegreeClasses(id, year, semester, ects , isOptional, degree) VALUES (163, 4, 1, 7.5, true, 3);
INSERT INTO DegreeClassTranslations(degreeClass, language, name, description) VALUES  (163, 'PT_PT', 'Arquitecturas de Software' , 'Formar nos métodos, técnicas e linguagens do desenho de software de qualidade utilizando as abordagens de arquitecturas de software e padrões de desenho. Estudar os métodos e as técnicas da passagem do espaço do problema para o espaço da solução de modo a garantir a rastreabilidade entre os requisitos do sistema e o seu desenho. Ler, avaliar e escrever arquitecturas de software.');

INSERT INTO DegreeClasses(id, year, semester, ects , isOptional, degree) VALUES (164, 4, 1, 7.5, true, 3);
INSERT INTO DegreeClassTranslations(degreeClass, language, name, description) VALUES  (164, 'PT_PT', 'Especificação de Software' , 'Aprender técnicas formais para especificação de requisitos e desenvolvimento de software. Entender a importância e aprender métodos para a verificação da correcção de programas. Utilização de ferramentas automáticas para verificação programas.');

INSERT INTO DegreeClasses(id, year, semester, ects , isOptional, degree) VALUES (165, 4, 1, 7.5, true, 3);
INSERT INTO DegreeClassTranslations(degreeClass, language, name, description) VALUES  (165, 'PT_PT', 'Gestão de Projectos Informáticos' , '>Os objectivos de aprendizagem de Gestão de Projectos Informáticos são alinhados com  os da disciplina “IS 2010.4 IS Project Management” do currículo “ACM/AIS IS 2010 Curriculum Guidelines”');

INSERT INTO DegreeClasses(id, year, semester, ects , isOptional, degree) VALUES (166, 4, 1, 7.5, TRUE, 3);
INSERT INTO DegreeClassTranslations(degreeClass, language, name, description) VALUES  (166, 'PT_PT', 'Administração e Gestão de Infra-estruturas de IT','Os estudantes devem ser capazes de:
        1.	Compreender as diferenças e semelhanças entre os componentes fundamentais de uma solução de infra-estrutura informática
        2.	Compreender a forma como os componentes de uma infra-estrutura informática devem estar organizados em diferentes ambientes organizacionais
        3.	Compreender os princípios subjacentes à virtualização de serviços informáticos
        4.	Configurar uma solução de infra-estrutura informática de pequena dimensão, incluindo servidores, armazenamento de dados, rede, dispositivos de segurança e clientes
        5.	Compreender a arquitectura e compromissos envolvidos no desenho e gestão de uma solução de infra-estrutura informática em ambientes organizacionais de larga escala
        6.	Compreender o papel de ambientes de gestão e controlo de serviços na gestão de infra-estruturas informáticas de grande escala
        7.	Compreender as oportunidades que as infra-estruturas de aprovisionamento dinâmico, como as plataformas de computação em nuvem, criam para as organizações
        8.  Analisar e avaliar as implicações para o desenho de infra-estruturas informáticas das soluções existentes de segurança e de continuidade de negócio
        9.	Minimizar o impacte das soluções de infra-estruturas informáticas no ambiente e no consumo de recursos');
        
INSERT INTO DegreeClasses(id, year, semester, ects , isOptional, degree) VALUES (167, 4, 1, 7.5, TRUE, 3);
INSERT INTO DegreeClassTranslations(degreeClass, language, name, description) VALUES  (167, 'PT_PT', 'Engenharia e Tecnologia de Processos de Negócio','A disciplina de Engenharia e Tecnologia de Processos de Negócio tem como objectivo
        introduzir conceitos, técnicas e ferramentas associados à gestão de processos de negócio (Business Process Management, BPM).
        Será dada enfâse ao ciclo de vida do BPM e à sua gestão no plano da engenharia. Os temas incluem a identificação, documentação,
        modelação, verificação e melhoria dos processos de negócio de uma organização através de técnicas de análise, desenho e
        automação de processos.');

INSERT INTO DegreeClasses(id, year, semester, ects , isOptional, degree) VALUES (168, 4, 1, 7.5, TRUE, 3);
INSERT INTO DegreeClassTranslations(degreeClass, language, name, description) VALUES  (168, 'PT_PT', 'Fundamentos de Sistemas de Informação','Os objectivos de aprendizagem de Fundamentos dos Sistemas de Informação são os da disciplina
        “IS 2010.1 Foundations of Information Systems” do currículo “ACM/AIS IS 2010 Curriculum Guidelines”:
        1.	Fornecer uma abordagem sociotécnica aos sistemas de informação organizacionais; entender como e porquê os sistemas de informação são hoje usados nas organizações
        2.	Explicar a relações entre os componentes de tecnologia, de pessoas e organizacionais dos sistemas de informação empresariais
        3.	Conhecer os principais componentes de tecnologia dos sistemas de informação
        4.	Entender como as empresas utilizam os sistemas de informação para suportar as suas actividades e criar vantagens competitivas
        5.	Entender como os sistemas de informação permitem criar novas formas de comércio entre indivíduos, organizações e governos
        6.	Conhecer as novas tecnologias que permitem novas formas de comunicação, colaboração e parcerias
        7.	Entender como os sistemas de informação permitem criar relações com clientes e fornecedores, e como são utilizados para reforçar as estruturas organizacionais e os processos de negócio
        8.	Entender como os sistemas de informação podem suportar a tomada de decisão nos diferentes níveis e funções das organizações
        9.	Compreender como as organizações desenvolvem e adquirem tecnologias e sistemas de informação
        10.	Compreender o valor dos investimentos em sistemas de informação, bem como aprender a preparar um plano de negócios para um novo sistema de informação, incluindo a estimativa de custos e benefícios
        11.	Mitigar os riscos, bem como planear e recuperar de desastres
        12.	Entender como garantir a segurança dos sistemas de informação, tendo em conta tanto aspetos tecnológicos como humanos
        13.	Avaliar as questões éticas dos sistemas de informação, e o impacto dos sistemas de informação na fraude e no crime');
        
        
INSERT INTO DegreeClasses(id, year, semester, ects , isOptional, degree) VALUES (169, 4, 1, 7.5, TRUE, 3);
INSERT INTO DegreeClassTranslations(degreeClass, language, name, description) VALUES  (169, 'PT_PT', 'Desenvolvimento de Aplicações Distribuídas','Perceber os problemas de nível sistema subjacentes à concepção e
        desenvolvimento de aplicações em redes de grandes escala (ex.: na Internet). Conhecer as soluções existentes no
        âmbito das plataformas de suporte à execução das aplicações antes referidas com ênfase na arquitectura,
        modelos de comunicação, escalabilidade, desempenho e segurança. Especificar, conceber, analisar e implementar
        aplicações distribuídas em redes de grande escala assim como as respectivas plataformas de suporte à sua execução.');  
        
INSERT INTO DegreeClasses(id, year, semester, ects , isOptional, degree) VALUES (170, 4, 1, 7.5, TRUE, 3);
INSERT INTO DegreeClassTranslations(degreeClass, language, name, description) VALUES  (170, 'PT_PT', 'Segurança Informática em Redes e Sistemas','O objectivo desta cadeira é fornecer ao aluno um conjunto de conceitos,
        metodologias e ferramentas de segurança informática que lhe permita abordar o tema face a um conjunto de tecnologias
        alargado, tais como: redes locais, redes pessoais, redes globais, desenvolvimento de código seguro, sistemas operativos,
        sistemas distribuídos e protocolos de comunicação.');
        
INSERT INTO DegreeClasses(id, year, semester, ects , isOptional, degree) VALUES (171, 4, 1, 7.5, TRUE, 3);
INSERT INTO DegreeClassTranslations(degreeClass, language, name, description) VALUES  (171, 'PT_PT', 'Animação e Visualização Tridimensional','Esta UC introduz e discute o estado de arte das técnicas de
        concepção e desenvolvimento de aplicações gráficas 3D, com preocupações ao nível do tempo-real, da interactividade
        e do realismo, através da utilização das APIs gráficas OpenGL e WebGL. Inclui o desenvolvimento de uma aplicação
        gráfica 3D imersiva num dispositivo móvel recorrendo a um par de óculos de Realidade Virtual de baixo-custo,
        os Google Carboard. A cadeira também aborda os avanços mais recentes na tecnologia de GPU e suas
        aplicações à simulação e jogos de computador. Após a frequência desta disciplina, os alunos devem saber
        descrever e justificar métodos, procedimentos e técnicas elementares utilizados em sistemas de Ambientes
        Virtuais Interactivos e Tempo-Real, identificando os termos, conceitos e princípios básicos subjacentes.');
        
INSERT INTO DegreeClasses(id, year, semester, ects , isOptional, degree) VALUES (172, 4, 1, 7.5, TRUE, 3);
INSERT INTO DegreeClassTranslations(degreeClass, language, name, description) VALUES  (172, 'PT_PT', 'Concepção Centrada no Utilizador','Apreender os princípios norteantes e as metodologias da
        concepção centrada no utilizador de sistemas interactivos. Apreender a necessidade do conhecimento dos
        utilizadores e suas necessidades e seu envolvimento na construção de sistemas interactivos. Adaptar
        estes conhecimentos a metodologias de desenvolvimento centrado no utilizador. Aplicar modelos de
        avaliação de acordo com a fase de projecto. Realizar um projecto de um sistema interactivo com base
        nos conhecimentos adquiridos e com envolvimento dos utilizadores a vários níveis.');
        
INSERT INTO DegreeClasses(id, year, semester, ects , isOptional, degree) VALUES (173, 4, 1, 7.5, TRUE, 3);
INSERT INTO DegreeClassTranslations(degreeClass, language, name, description) VALUES  (173, 'PT_PT', 'Visualização de Informação','O objectivo é dar aos alunos os conhecimentos da área
        de visualização de dados e informação que lhes permitam conceber e executar visualizações de grande impacto
        como veículo privilegiado para transmitir informação quantitativa e qualitativa. Será introduzida a área
        de Visualização de Informação após o que será ensinada uma metodologia para a análise de domínio e concepção
        de visualizações eficazes. Conhecida esta, serão discutidos os vários tipos de variáveis (contínuas,
        nominais, rácio, etc.), dados (tabulares, redes, texto, etc.) e padrões a visualizar. Em seguida serão
        descritos os vários factores fisiologicos e psicológicos (memória, processamento visual, etc.) relevantes
        para a criação de uma boa visualização. Estudaremos os tipos de visualização de informação mais comuns e
        adequados para vários tipos de informação (grafos, séries temporais, etc.) e as técnicas de interacção
        possíveis (focus+context, overview+detail, panning+zoom, brushing). Uma vez introduzida a área, as
        tarefas nela desempenhadas, e os problemas encontrados, veremos quais as abordagens mais correctas para
        avaliar aplicações de Visualização de Informação.');

INSERT INTO DegreeClasses(id, year, semester, ects , isOptional, degree) VALUES (174, 4, 1, 7.5, TRUE, 3);
INSERT INTO DegreeClassTranslations(degreeClass, language, name, description) VALUES  (174, 'PT_PT', 'Língua Natural','Conhecer os conceitos básicos, principais formalismos, técnicas e algoritmos,
        bases de conhecimento e corpora envolvidos na área do Processamento da Língua Natural.
        Perceber quais são as grandes tarefas envolvidas no processamento de uma frase, parágrafo ou texto e entender
        as dificuldades de cada uma destas tarefas. Conhecer as principais aplicações da área e ser capaz de identificar
        a tecnologia envolvida. Compreender as tarefas que são realizáveis com as tecnologias actuais.');

INSERT INTO DegreeClasses(id, year, semester, ects , isOptional, degree) VALUES (175, 4, 1, 7.5, TRUE, 3);
INSERT INTO DegreeClassTranslations(degreeClass, language, name, description) VALUES  (175, 'PT_PT', 'Procura e Planeamento','Aprofundar os temas da procura de soluções para problemas complexos e do planeamento de acções.
        Reconhecer os diferentes tipos de problemas a resolver.
        Dominar as principais metodologias e estratégias de procura.
        Perceber que metodologia e estratégia aplicar para cada tipo de problema.
        Ser capaz de resolver problemas razoavelmente complexos.
        Compreender a especificidade do problema do planeamento de acções e porque necessita de uma abordagem mais potente.
        Estudar os fundamentos e abordagens do planeamento de acções e ser capaz de resolver problemas simples de planeamento.');

INSERT INTO DegreeClasses(id, year, semester, ects , isOptional, degree) VALUES (176, 4, 1, 7.5, TRUE, 3);
INSERT INTO DegreeClassTranslations(degreeClass, language, name, description) VALUES  (176, 'PT_PT', 'Sistemas de Apoio à Decisão','Introduzir os conceitos fundamentais da descoberta de informação a partir de grandes
        quantidades de dados Tornar os alunos hábeis na criação de sistemas capazes de descobrir informação escondida através
        da aplicação de técnicas de data mining. Tornar os alunos hábeis na avaliação da informação descoberta, em particular
        na comparação dos diferentes modelos descobertos.');

INSERT INTO DegreeClasses(id, year, semester, ects , isOptional, degree) VALUES (177, 4, 1, 7.5, TRUE, 3);
INSERT INTO DegreeClassTranslations(degreeClass, language, name, description) VALUES  (177, 'PT_PT', 'Algoritmos para Lógica Computacional','A Lógica é um dos pilares da Ciência da Computação (Computer Science, CS),
        encontrando aplicação em todas as áreas de CS. Exemplos concretos incluem as bases de dados, os sistemas de informação inteligentes,
        a inteligência artificial, mas também a especificação, validação e verificação de software, hardware e redes. O objectivo
        desta unidade curricular é proporcionar formacão avançada em abordagens para resolver problemas computacionais relacionados
        com Lógica. Os estudantes ficam capacitados para analisar, modelar e resolver problemas computacionalmente difíceis usando
        Lógica. Adicionalmente, obtém formação nos aspectos de engenharia essenciais na construção de software para problemas de
        Lógica: funcionamento e implementação de um sistema dedutivo e técnicas algorítmicas e estruturas de dados fundamentais
        para a implementação de ferramentas baseadas em Lógica.');

INSERT INTO DegreeClasses(id, year, semester, ects , isOptional, degree) VALUES (178, 4, 1, 7.5, TRUE, 3);
INSERT INTO DegreeClassTranslations(degreeClass, language, name, description) VALUES  (178, 'PT_PT', 'Computabilidade e Complexidade','Caracterizar classes computacionais, identificar conjuntos completos, distinguir complexidade uniforme de não uniforme e executar reduções; estudar problemas em aberto em complexidade computacional.');

INSERT INTO DegreeClasses(id, year, semester, ects , isOptional, degree) VALUES (179, 4, 1, 7.5, TRUE, 3);
INSERT INTO DegreeClassTranslations(degreeClass, language, name, description) VALUES  (179, 'PT_PT', 'Redes Complexas','Esta disciplina tem como objecto de estudo as redes complexas,
        com foco nos algoritmos, modelos e aplicações quer para redes artificiais quer para redes reais, tais como redes
        sociais, redes de informação, a Internet, e redes biológicas. Os grafos inerentes a estas redes partilham algumas
        características recorrentes: grande dimensão; esparsos; scale-free; small-world and clustering effect;
        comunidades; etc. Neste contexto, interessa tanto o desenvolvimento de algoritmos e estruturas de dados
        escaláveis para que seja possível um análise efectiva destas redes complexas, como a elaboração de modelos
        teóricos capazes de descrever os padrões encontrados empiricamente. As aplicações são inúmeras, indo desde
        motores de pesquisa, difusão de informação na internet, nas redes sociais, nos blogs, ao marketing viral,
        tolerância das redes a eventos destrutivos, fenómenos epidemiológicos em redes, biologia computacional,
        com ligações às ciências sociais, à física e à economia.');

INSERT INTO DegreeClasses(id, year, semester, ects , isOptional, degree) VALUES (180, 4, 1, 7.5, TRUE, 3);
INSERT INTO DegreeClassTranslations(degreeClass, language, name, description) VALUES  (180, 'PT_PT', 'Análise e Integração de Dados','A disciplina de Análise e Integração de Dados pretende ensinar aos alunos
        os conceitos mais importantes de integração de dados sobre duas perspectivas diferentes: virtual, onde as fontes de dados
        podem ser consultadas através de uma arquitectura de mediação; e wharehoused, onde um repositório de dados materializado
        (denominado armazém de dados ou data warehouse) é preenchido com dados provenientes das fontes. Adicionalmente, a disciplina
        ensinará as técnicas que podem ser utilizadas para explorar a informação: OLAP e reporting numa arquitectura wharehoused,
        e sistemas de mash-up numa arquitectura virtual.');

INSERT INTO DegreeClasses(id, year, semester, ects , isOptional, degree) VALUES (181, 4, 1, 7.5, TRUE, 3);
INSERT INTO DegreeClassTranslations(degreeClass, language, name, description) VALUES  (181, 'PT_PT', 'Processamento e Recuperação de Informação','A disciplina de Processamento e Recuperação de Informação visa proporcionar
        uma introdução completa e actualizada aos conceitos-chave, tecnologias, e mecanismos de processamento de dados utilizados
        nas áreas da Recuperação de Informação (IR), Filtragem de Informação (IF), e Extração de Informação (IE).
        Os alunos da disciplina aprenderão os conceitos teóricos fundamentais nestas áreas, adquirindo as competências
        teóricas e práticas necessárias para: Projectar soluções modernas para o processamento, gestão e interrogação
        de grandes volumes de informação não estruturada ou semi-estruturada;
        Classificar e agrupar automaticamente conjuntos de recursos (e.g., grandes conjuntos de documentos de texto)
        através de características descritivas;Conceber sistemas para a recuperação e filtragem da informação
        relevante existem em grandes colecções, com base em termos chave, com base em exemplos, ou com base em perfis dos
        utilizadores; Conceber sistemas para a extração de informação desde documentos de texto, ou desde a Web;
        Avaliar comparativamente diferentes sistemas para a extracção, filtragem e recuperação de informação relevante.');

INSERT INTO DegreeClasses(id, year, semester, ects , isOptional, degree) VALUES (182, 4, 1, 7.5, TRUE, 3);
INSERT INTO DegreeClassTranslations(degreeClass, language, name, description) VALUES  (182, 'PT_PT', 'Segurança em Software','Compreender os problemas de segurança em software mais comuns e as suas causas fundamentais.
        Conhecer orientações, técnicas e ferramentas para a sua prevenção ou detecção, e os melhores princípios que estão por detrás destas técnicas.');

INSERT INTO DegreeClasses(id, year, semester, ects , isOptional, degree) VALUES (183, 4, 1, 7.5, TRUE, 3);
INSERT INTO DegreeClassTranslations(degreeClass, language, name, description) VALUES  (183, 'PT_PT', 'Ciber Segurança Forense','O objectivo do curso é o estudo das técnicas e metodologias forenses
        aplicadas às evidencias digitais. Durante o cursos os alunos apreenderão as diferentes fases da metodologia forense bem
        como a sua aplicação à recolha e tratamento de evidências digitais em diferentes meios, nomeadamente evidências recolhidas
        da rede, da memória volátil e persistente dos sistema de informação e dos sistemas activos de gestão da rede e ainda
        da memória de dispositivos móveis. Serão ainda abordados alguns aspectos legais relevantes para o processo de recolha
        e tratamento de dados de forma a permitir a produção prova em tribunal.');
        
INSERT INTO DegreeClasses(id, year, semester, ects , isOptional, degree) VALUES (184, 4, 1, 7.5, TRUE, 3);
INSERT INTO DegreeClassTranslations(degreeClass, language, name, description) VALUES  (184, 'PT_PT', 'Computação Gráfica para Jogos','Computação gráfica para jogos cobre aspectos teóricos e práticos
        do desenvolvimento de motores gráficos para videojogos (game engines). Aborda os diferentes subsistemas presentes
        num motor de jogo, incluindo, entre outros, subsistemas de rasterização, animação de personagens, e físicos, e
        discute a articulação necessária entre os vários subsistemas para suportar o desenvolvimento de jogabilidade.
        Após a frequência desta disciplina, os alunos deverão compreender como funciona um motor gráfico moderno e
        serem capazes de desenvolver os seus próprios motores gráficos para jogos.');

INSERT INTO DegreeClasses(id, year, semester, ects , isOptional, degree) VALUES (185, 4, 1, 7.5, TRUE, 3);
INSERT INTO DegreeClassTranslations(degreeClass, language, name, description) VALUES  (185, 'PT_PT', 'Design de Jogos','Esta disciplina permite ao aluno adquirir capacidades para concepção
        de uma experiência de jogo e desenvolvimento de protótipos que realizem essa experiência. As capacidades são
        desenvolvidas fomentando a discussão sobre o que é um jogo, quais são os seus constituintes e qual a relação
        do jogo com os seus jogadores (tendo em conta as suas diferenças). O aluno desenvolve o seu trabalho com base
        em documentos de design e construção de protótipos.');

INSERT INTO DegreeClasses(id, year, semester, ects , isOptional, degree) VALUES (186, 4, 1, 7.5, TRUE, 3);
INSERT INTO DegreeClassTranslations(degreeClass, language, name, description) VALUES  (186, 'PT_PT', 'Inteligência Artificial para Jogos','Reconhecer as diferenças entre a IA tradicional e aplicação de técnicas de IA ao
        desenvolvimento de Jogos de Computador, onde outros factores como a jogabilidade são mais importantes que a inteligência do adversário.
        Conhecer os problemas práticos do desenvolvimento de IA para Jogos de Computador, bem como as diferentes vertentes das
        técnicas aplicadas em Jogos de Computador comerciais.Saber desenhar e construir um sistema de IA para um jogo de
        computador, qualquer que seja o seu estilo: acção, desporto, estratégia, narrativa, etc.');

INSERT INTO DegreeClasses(id, year, semester, ects , isOptional, degree) VALUES (187, 4, 1, 7.5, TRUE, 3);
INSERT INTO DegreeClassTranslations(degreeClass, language, name, description) VALUES  (187, 'PT_PT', 'Bioinformática','A Bioinformática desenvolve métodos computacionais e algoritmos para o
        processamento de dados biológicos e utiliza modelação matemática e estatística para definir hipóteses testáveis sobre
        entidades e processos biológicos. Esta disciplina introdutória pretende familiarizar os alunos com as metodologias
        computacionais e matemáticas que estão na base de muitas das abordagens que suportam os novos desenvolvimentos
        desta área. Adicionalmente, pretende-se desenvolver o espírito crítico através da leitura e análise de publicações
        cientificas relevantes à disciplina. A componente prática da disciplina pretende dotar os alunos da capacidade
        de desenvolvimento de ferramentas de software para o tratamento e integração de dados biológicos e clínicos.');

INSERT INTO DegreeClasses(id, year, semester, ects , isOptional, degree) VALUES (188, 4, 1, 7.5, TRUE, 3);
INSERT INTO DegreeClassTranslations(degreeClass, language, name, description) VALUES  (188, 'PT_PT', 'Aplicações para Sistemas Embebidos','Dotar os alunos de conhecimentos sobre sistemas embebidos e sistemas de
        tempo real com ênfase na concepção, desenvolvimento e teste de aplicações. Abordar a especificidade dos sistemas
        embebidos no que se refere às arquitecturas hardware, barramentos, redes de comunicação e interfaces ciber-físicas.
        Estudar arquitecturas de software, sistemas operativos multitarefa e políticas de escalonamento de tempo-real.
        Analisar formas de optimização de programas por forma a melhorar o desempenho, o consumo e o custo dos sistemas.
        Introduzir metodologias de desenho de sistemas e de análise de requisitos. Estudo de casos e domínios aplicacionais:
        identificação e acesso a serviços baseados em meios electrónicos (smart cards) e biométricos, sensores
        em dispositivos pessoais (smartphones).');

INSERT INTO DegreeClasses(id, year, semester, ects , isOptional, degree) VALUES (189, 4, 1, 6, TRUE, 3);
INSERT INTO DegreeClassTranslations(degreeClass, language, name, description) VALUES  (189, 'PT_PT', 'Projecto de Sistemas Digitais','Fornecer aos alunos as competências para: Projectar de modo estruturado sistemas electrónicos
        digitais de complexidade média. Compreender e aplicar as técnicas fundamentais de síntese e optimização a nível arquitectural.
        Simular e sintetizar sistemas digitais utilizando linguagens de especificação de hardware. Compreender e utilizar as funcionalidades
        das ferramentas de projecto assistido por computador. Implementar sistemas digitais utilizando dispositivos lógicos programáveis (FPGAs e PLDs).');

INSERT INTO DegreeClasses(id, year, semester, ects , isOptional, degree) VALUES (190, 4, 1, 7.5, TRUE, 3);
INSERT INTO DegreeClassTranslations(degreeClass, language, name, description) VALUES  (190, 'PT_PT', 'Controlo e Decisão Inteligente','Fornecer uma perspectiva moderna do controlo de sistemas de alto nível,
        especialmente o controlo e decisão baseados em técnicas inteligentes (soft computing). Dotar os alunos de conhecimentos
        da teoria, projecto e aplicação de técnicas de soft computing, dando especial ênfase a sistemas fuzzy, redes neuronais,
        e a algoritmos de optimização genéticos e inspirados em agentes biológicos. As técnicas utilizadas deverão ser aplicadas
        sinergeticamente em problemas de modelação, controlo, classificação, decisão e optimização, em sistemas complexos de
        grande escala.');

INSERT INTO DegreeClasses(id, year, semester, ects , isOptional, degree) VALUES (191, 4, 1, 6, TRUE, 3);
INSERT INTO DegreeClassTranslations(degreeClass, language, name, description) VALUES  (191, 'PT_PT', 'Processamento de Imagem e Visão','Este curso introduz métodos de análise de imagem e de percepção do mundo
        através de câmaras. O curso inclui: filtragem, segmentação, reconhecimento de objectos, detecção e seguimento,
        autolocalização da câmara, reconstrução de cenas 3D.');

INSERT INTO DegreeClasses(id, year, semester, ects , isOptional, degree) VALUES (192, 4, 1, 7.5, TRUE, 3);
INSERT INTO DegreeClassTranslations(degreeClass, language, name, description) VALUES  (192, 'PT_PT', 'Robôs Sociais e Interacção Pessoa-Robô','Desenvolver mecanismos de inteligência artificial em robôs que forneçam a
        plataformas robóticas a capacidade de interagir com humanos de uma forma social. Ser capaz de integrar e avaliar aspectos
        como intencionalidade, credibilidade, emoções e colaboração na interacção entre humanos e robôs.');

INSERT INTO DegreeClasses(id, year, semester, ects , isOptional, degree) VALUES (193, 4, 1, 6, TRUE, 3);
INSERT INTO DegreeClassTranslations(degreeClass, language, name, description) VALUES  (193, 'PT_PT', 'Sistemas Autónomos','Abordam-se os conceitos fundamentais envolvidos em sistemas compostos
        por diversos agentes físicos com diversos graus de autonomia (sensores, processadores, actuadores, robots)
        distribuídos espacialmente. Descrevem-se métodos de mapeamento e representação de mapas. Introduzem-se os conceitos
        e métodos fundamentais de auto-localização na presença de incertezas na observação e no modelo do movimento.
        Apresentam-se métodos de integração da informação proveniente de vários sensores, para posicionamento e
        representação do mapa do mundo onde os sensores estão situados, bem como métodos para a resolução de problemas
        em sistemas cooperativos, incluindo a percepção cooperativa e a atribuição, planeamento e coordenação de tarefas.
        Termina-se com uma perspectiva integradora dos vários módulos ensinados.');      
              
INSERT INTO DegreeClasses(id, year, semester, ects , isOptional, degree) VALUES (194, 4, 2, 7.5, TRUE, 3);
INSERT INTO DegreeClassTranslations(degreeClass, language, name, description) VALUES  (194, 'PT_PT', 'Programação Avançada' , 'Dominar técnicas avançadas de programação e os problemas mais adequados
        para a sua aplicação. Compreender as limitações das actuais linguagens de programação e saber colmatar essas limitações.
        Ser capaz de antecipar o impacto da utilização de técnicas avançadas no funcionamento, facilidade de desenvolvimento e
        facilidade de manutenção de um programa. Compreender a capacidade de reflexão das linguagens de programação nas vertentes
        de introspecção e intercessão e nos tempos de compilação, carregamento, e execução. Compreender a diferença entre
        programação e meta-programação e a utilidade de modelos de código. Compreender meta-classes, protocolos de meta-objecto,
        e as suas capacidades de intercessão. Compreender a programação orientada a aspectos e a sua aplicação a requisitos
        transversais. Compreender a abstracção linguística, os avaliadores, e os avaliadores meta-circulares. Ser capaz de dotar
        avaliadores de mecanismos de meta-programação, de avaliação atrasada, e de avaliação não-determinística.');
        
INSERT INTO DegreeClasses(id, year, semester, ects , isOptional, degree) VALUES (195, 4, 2, 7.5, TRUE, 3);
INSERT INTO DegreeClassTranslations(degreeClass, language, name, description) VALUES  (195, 'PT_PT', 'Teste e Validação de Software','O tamanho e a complexidade de programas de software tem vindo a crescer,
        sendo por isso cada vez mais importante conseguir validar a correcção dos programas. Um dos custos principais no
        desenvolvimento de software é a sua validação. Existem várias técnicas de validação, sendo a técnica de teste de
        software uma das técnicas mais utilizadas. A UC de Teste e Validação de Software (TVS) oferece formação avançada nas
        técnicas de teste de software, incluindo técnicas manuais, semi-automáticas e automáticas. A UC de TVS oferece também
        formação sobre técnicas adicionais de validação de software, incluindo a análise estática e a verificação de modelos.
        A UC proporciona também contacto com ferramentas académicas e industriais de validação de software.');

INSERT INTO DegreeClasses(id, year, semester, ects , isOptional, degree) VALUES (196, 4, 2, 7.5, TRUE, 3);
INSERT INTO DegreeClassTranslations(degreeClass, language, name, description) VALUES  (196, 'PT_PT', 'Arquitectura Empresarial','1. Compreender o ciclo de vida da engenharia empresarial, incluindo a governação e os processos de transformação organizacionais.
        2. Compreender as teorias fundamentais subjacentes engenharia empresarial.
        3. Compreender e aplicar os princípios de arquitectura empresarial.
        4. Compreender e usar as linguagens de modelação de arquitectura empresarial, nomeadamente o ArchiMate e o DEMO.
        5. Compreender e utilizar modelos e molduras de referência das organizações por indústria.
        6. Compreender e aplicar as técnicas de alinhamento empresarial
        7. Analisar casos de estudos de organizações reais.');

INSERT INTO DegreeClasses(id, year, semester, ects , isOptional, degree) VALUES (197, 4, 2, 7.5, TRUE, 3);
INSERT INTO DegreeClassTranslations(degreeClass, language, name, description) VALUES  (197, 'PT_PT', 'Organização e Gestão da Função Informática','Os objectivos de aprendizagem estão alinhados com:
        1. Compreender as diversas funções e atividades na área de sistemas de informação (SI) incluindo
        o papel da gestão da informática e do director de SI, a estrutura da gestão dos SI dentro de uma
        organização, e a gestão dos profissionais de SI.
        2. Ver uma organização pelo ponto de vista da administração de topo para decidir como os SI devem
        suportar os processos de negócio, quer os principais, quer os de suporte, quer os de gestão
        de clientes e fornecedores.
        3. Compreender os conceitos de economia da informação ao nível da organização.
        4. Perceber como os SI representam uma importante fonte de vantagem competitiva para as organizações.
        5. Estruturar as actividades relacionadas com os SI para maximizar o valor dos SI dentro e
        fora das organizações.
        6. Compreender as tecnologias de informação existentes e emergentes, as funções dos SI, e o
        seu impacto sobre as operações da organização.
        7. Avaliar as questões e os desafios associados com a incorporação dos SI numa organização.
        8. Entender como as decisões estratégicas são feitas sobre a aquisição de SI, incluindo a capacidade
        de avaliar as diferentes opções de fornecimento.
        9. Aplicar informação às necessidades de diferentes indústrias e áreas. 10. Compreender o papel
        do controlo e as frameworks de gestão de serviços de informática pela perspectiva da gestão
        dos SI numa organização.');

INSERT INTO DegreeClasses(id, year, semester, ects , isOptional, degree) VALUES (198, 4, 2, 7.5, TRUE, 3);
INSERT INTO DegreeClassTranslations(degreeClass, language, name, description) VALUES  (198, 'PT_PT', 'Administração de Dados e Sistemas de Informação','A unidade curricular de Administração de Dados em Sistemas de Informação
        tem como objectivo dar aos alunos as competências necessárias para gerir, optimizar e usar eficazmente sistemas
        modernos para a gestão de grandes volumes de dados. Os alunos devem ser capazes de:\n
        1. compreender os mecanismos internos de um Sistema de Gestão de Bases de Dados (SGBD) relacional, nomeadamente a
        gestão de armazenamento, a indexação, o processamento e optimização de interrogações, a gestão de transacções,
        do controlo de concorrência e gestão de recuperação\n
        2. compreender as tarefas envolvidas na administração de bases de dados\n
        3. optimizar o acesso à informação em bases de dados que armazenam grandes quantidades de dados\n
        4. adquirir conhecimento básico sobre as várias arquitecturas de bases de dados paralelas e distribuídas,
        incluindo sistemas convencionais (SQL) e não convencionais (NoSQL).');        

INSERT INTO DegreeClasses(id, year, semester, ects , isOptional, degree) VALUES (199, 4, 2, 7.5, TRUE, 3);
INSERT INTO DegreeClassTranslations(degreeClass, language, name, description) VALUES  (199, 'PT_PT', 'Computação em Nuvem e Virtualização','Deter uma perspectiva integradora da computação em nuvem e da virtualização,
        e da sua conjugação e síntese, no desenho dos sistemas modernos na computação distribuída em larga escala, com as suas tecnologias,
        mecanismos e algoritmos subjacentes. Compreender uma abordagem vertical às diversas tecnologias de virtualização e da computação
        em nuvem, que oferecem às aplicações e serviços maior flexibilidade, melhor utilização de recursos e eficiência económica,
        e maior escalabilidade e adaptabilidade. Ser capaz de desenvolver aplicações e sistemas, escaláveis e fiáveis, para
        computação em nuvem, sobre as infra-estruturas e plataformas de virtualização, e modelos aplicacionais adoptados.
        Ser capaz de avaliar escolhas, soluções, e compromissos envolvidos no desenvolvimento, uso e gestão de infra-estruturas
        de virtualização para computação em nuvem.');
        
INSERT INTO DegreeClasses(id, year, semester, ects , isOptional, degree) VALUES (200, 4, 2, 7.5, TRUE, 3);
INSERT INTO DegreeClassTranslations(degreeClass, language, name, description) VALUES  (200, 'PT_PT', 'Integração Empresarial','A disciplina de Integração de Sistemas Empresariais tem por objectivo
        fornecer uma visão abrangente dos conceitos, metodologias e tecnologias de integração, compreendendo desde a integração de
        aplicações e serviços até à integração de processos inter-organizacionais. A temática da disciplina está posicionada na
        interface crítica entre as infra-estruturas tecnológicas e os processos de negócio, visando fazer compreender a ligação
        e as dependências entre ambos. Permitirá ainda transmitir uma visão de como é possível desenvolver uma infra-estrutura
        aplicacional distribuída e integrada.');
       
INSERT INTO DegreeClasses(id, year, semester, ects , isOptional, degree) VALUES (201, 4, 2, 7.5, TRUE, 3);
INSERT INTO DegreeClassTranslations(degreeClass, language, name, description) VALUES  (201, 'PT_PT', 'Computação Móvel e Ubíqua','Perceber os desafios e problemas subjacentes à concepção e
        desenvolvimento de software de suporte (middleware e sistema operativo) a aplicações em ambientes com entidades
        móveis e ubíquas (pessoas, hardware, software). Especificar, conceber, analisar e implementar sistemas
        (middleware móvel/ubíquo e sistema operativo) de suporte à mobilidade/ubiquidade de hardware e software
        assim como dos seus utilizadores.');        
 
INSERT INTO DegreeClasses(id, year, semester, ects , isOptional, degree) VALUES (202, 4, 2, 7.5, TRUE, 3);
INSERT INTO DegreeClassTranslations(degreeClass, language, name, description) VALUES  (202, 'PT_PT', 'Sistemas de Elevada Confiabilidade','Fornecer uma perspectiva integrada dos aspectos de confiança no funcionamento no sentido lato, cobrindo não só falhas acidentais, mas também falhas maliciosas e intrusões, combinando as facetas de tolerância a faltas e de segurança no desenvolvimento de sistemas.');

INSERT INTO DegreeClasses(id, year, semester, ects , isOptional, degree) VALUES (203, 4, 2, 7.5, TRUE, 3);
INSERT INTO DegreeClassTranslations(degreeClass, language, name, description) VALUES  (203, 'PT_PT', 'Comunicação Visual Interactiva','O objectivo é dar aos alunos os conhecimentos e competências
        necessários para a comunicação eficaz de conceitos, tendências e informação com base em aplicações gráficas interactivas.
        Serão descritas as especificidades dos vários tipos de dados que podem ser usados para comunicar, e a melhor forma de
        os usar e combinar para esse fim. Posteriormente, serão ensinadas técnicas de extracção de metadados e descritores
        relevantes dos vários media, com ênfase em imagens, permitindo assim a sua mais eficiente manipulação e utilização.
        A indexação e recuperação dos media com base nesses metadados e descritores será o objecto de estudo seguinte.
        Já na posse dos dados num formato fácil de manipular, os alunos adquirirão competências relacionadas com a sua
        representação visual, e a sua exploração em ferramentas interactivas. Finalmente, será abordada a questão de qual
        a melhor forma de apresentar os conceitos, tendências e informação revelados na aplicação interactiva com a
        criação de apresentações multimédia públicas, maximizando o seu impacto e a quantidade de informação transmitida
        e retida pela audiência.');
        
INSERT INTO DegreeClasses(id, year, semester, ects , isOptional, degree) VALUES (204, 4, 2, 7.5, TRUE, 3);
INSERT INTO DegreeClassTranslations(degreeClass, language, name, description) VALUES  (204, 'PT_PT', 'Programação 3D','Esta unidade curricular introduz e discute a aplicação das leis da
        Física na geração de imagens 3D de Alta Fidelidade (Fotorealismo), com especial enfoque na simulação do processo
        físico de Transporte de Luz e a correspondente interacção com a matéria. Para além das técnicas baseadas em Ray-Tracing,
        a cadeira inclui ainda o desenvolvimento de uma aplicação gráfica 3D interactiva com efeitos fotorealistas,
        baseada no motor de jogo Unity 3D, através do uso das suas bibliotecas de Assets e de shaders.');

INSERT INTO DegreeClasses(id, year, semester, ects , isOptional, degree) VALUES (205, 4, 2, 7.5, TRUE, 3);
INSERT INTO DegreeClassTranslations(degreeClass, language, name, description) VALUES  (205, 'PT_PT', 'Produção de Conteúdos Multimédia','Conhecer os vários tipos de informação multimédia e como os manipular
        para a produção de conteúdos. Reconhecer as características de um processo de Produção de Conteúdos Multimédia. Entender os
        constrangimentos tecnológicos que se colocam na Produção, nomeadamente nos aspectos de captura, codificação, processamento
        e visualização dos vários media. Conhecer os vários tipos de ferramentas de autoria disponíveis. Produzir conteúdos
        Multimédia; Conhecer os vários contextos em que o multimédia por ser consumido, com ênfase em aspectos de rede (requisitos
        de largura de banda, tempo de latência, sincronização, etc.) e dispositivos móveis. Introduzir algumas formas avançadas
        de utilização de multimédia como a modelação procedimental, arte generativa e realidade aumentada. Aplicar métodos
        eficientes de pesquisa de informação multimédia baseada no conteúdo.');
        
INSERT INTO DegreeClasses(id, year, semester, ects , isOptional, degree) VALUES (206, 4, 2, 7.5, TRUE, 3);
INSERT INTO DegreeClassTranslations(degreeClass, language, name, description) VALUES  (206, 'PT_PT', 'Agentes Autónomos e Sistemas Multi-Agente','Adquirir noções gerais de agentes e sistemas multi-agente; saber identificar e
        classificar agentes e ambientes, de acordo com diferentes propriedades. Saber desenvolver sistemas complexos e
        de diferentes áreas de aplicação, usando uma metodologia orientada a agentes. Saber especificar uma sociedade de
        agentes para a resolução de um problema concreto. Ter a capacidade de conceber agentes com arquitecturas reactivas,
        deliberativas e híbridas. Ter a capacidade de criar sociedades de agentes que comunicam, de uma forma prática,
        usando linguagens e plataformas adequadas.');

INSERT INTO DegreeClasses(id, year, semester, ects , isOptional, degree) VALUES (207, 4, 2, 7.5, TRUE, 3);
INSERT INTO DegreeClassTranslations(degreeClass, language, name, description) VALUES  (207, 'PT_PT', 'Aprendizagem e Decisão Inteligente','Reconhecer os principais desafios envolvidos no desenvolvimento de sistemas
        inteligentes em cenários com incerteza e/ou adversariais. Conhecer e aplicar as principais técnicas de
        planeamento e aprendizagem neste tipo de cenários');        
        
INSERT INTO DegreeClasses(id, year, semester, ects , isOptional, degree) VALUES (208, 4, 2, 7.5, TRUE, 3);
INSERT INTO DegreeClassTranslations(degreeClass, language, name, description) VALUES  (208, 'PT_PT', 'Representação do Conhecimento e Raciocínio','Conhecer as várias famílias de representação de conhecimento e de raciocínio avançadas
        (para além da Lógica Clássica de Primeira Ordem).Compreender como representar conhecimento em cada uma dessas famílias e
        as formas de raciocínio sobre o mesmo oferecidas por cada uma. Conhecer as vantagens, limitações e fragilidades de cada
        uma dessas famílias tanto do ponto de vista da representação como do raciocínio. Ser capaz de efectuar as escolhas adequadas
        de sistema dado um problema concreto de representação e raciocínio. Ser capaz de construir bases de conhecimento segundo
        cada uma das famílias. Ser capaz de representar e resolver problemas razoavelmente complexos de representação e raciocínio.
        Ser capaz de representar grandes quantidades de conhecimento e conseguir a sua partilha entre vários sistemas.');

INSERT INTO DegreeClasses(id, year, semester, ects , isOptional, degree) VALUES (209, 4, 2, 7.5, TRUE, 3);
INSERT INTO DegreeClassTranslations(degreeClass, language, name, description) VALUES  (209, 'PT_PT', 'Algoritmos Avançados','Compreender os modelos, técnicas, e formas de programação de algoritmos paralelos.
        Analisar e conceber algoritmos paralelos. Compreender os fundamentos da computação distribuída.');
        
INSERT INTO DegreeClasses(id, year, semester, ects , isOptional, degree) VALUES (210, 4, 2, 7.5, TRUE, 3);
INSERT INTO DegreeClassTranslations(degreeClass, language, name, description) VALUES  (210, 'PT_PT', 'Computação Paralela e Distribuída','O objectivo desta unidade curricular é portanto a formação
        avançada em técnicas de desenvolvimento e análise de algoritmos com particular foco em estruturas de dados avançadas
        para indexação e compressão, algoritmos randomizados, algoritmos de aproximação, algoritmos para processamento
        online e em tempo real, e estruturas de dados e algoritmos distribuídos e com acesso a memória externa.
        Esta unidade curricular seguirá uma abordagem baseda na resolução de problemas em que as técnicas de desenho
        e análise das estruturas de dados e algoritmos serão motivadas e exploradas de forma intuitiva e construtiva.');

INSERT INTO DegreeClasses(id, year, semester, ects , isOptional, degree) VALUES (211, 4, 2, 7.5, TRUE, 3);
INSERT INTO DegreeClassTranslations(degreeClass, language, name, description) VALUES  (211, 'PT_PT', 'Linguagens de Programação','Compreensão da história e evolução das linguagens e paradigmas de programação.
        Domínio das conceitos fundamentais de ligação, âmbito, duração, tipo, fluxo de controle, abstracção de dados, abstracção de controle,
        e excepções. Avaliação das semelhanças e diferenças entre as várias linguagens de programação. Compreensão das alternativas no
        desenho e implementação de linguagens, por exemplo, execução por compilação vs interpretação, âmbito léxico vs dinâmico,
        tipificação estática vs dinâmica, modelo de referências vs modelo de valores, memória gerida manualmente vs automaticamente,
        etc. Compreensão das diferenças entre os paradigmas imperativo, funcional, lógico e orientado a objectos.');

INSERT INTO DegreeClasses(id, year, semester, ects , isOptional, degree) VALUES (212, 4, 2, 7.5, TRUE, 3);
INSERT INTO DegreeClassTranslations(degreeClass, language, name, description) VALUES  (212, 'PT_PT', 'Criptografia e Protocolos de Segurança','Conhecer os sistemas e protocolos criptográficos em uso, desenvolver protocolos para resolução de problemas específicos e perspectivar desenvolvimentos futuros.');

INSERT INTO DegreeClasses(id, year, semester, ects , isOptional, degree) VALUES (213, 4, 2, 7.5, TRUE, 3);
INSERT INTO DegreeClassTranslations(degreeClass, language, name, description) VALUES  (213, 'PT_PT', 'Metodologia de Desenvolvimento de Jogos','Dar ao alunos uma visão geral das diferentes metodologias e tecnologias envolvida
        no desenvolvimento de videojogos discutindo as principais questões de cada uma delas. Dotar os alunos de ferramentas e técnicas
        para desenvolver interfaces de videojogos tendo especial atenção aos modos de controlo usados. Dotar os alunos de capacidade
        de reflecção sobre a jogabilidade e a experiência do jogador seguindo uma perspectiva de modelação conceptual juntamente
        com uma perspectiva empírica de realização de testes com jogadores. Salientar processos de exploração da experiência
        na perspectiva do jogador.');

INSERT INTO DegreeClasses(id, year, semester, ects , isOptional, degree) VALUES (214, 4, 2, 6, TRUE, 3);
INSERT INTO DegreeClassTranslations(degreeClass, language, name, description) VALUES  (214, 'PT_PT', 'Processamento da Fala','Pretende-se que os alunos dominem os princípios e técnicas básicas da codificação, síntese e reconhecimento de fala.');

INSERT INTO DegreeClasses(id, year, semester, ects , isOptional, degree) VALUES (215, 4, 2, 7.5, TRUE, 3);
INSERT INTO DegreeClassTranslations(degreeClass, language, name, description) VALUES  (215, 'PT_PT', 'Tecnologias de Informação em Saúde','O objectivo geral da disciplina é o de dotar os alunos com os
        princípios e conceitos fundamentais relativos à utilização das tecnologias de informação em saúde. Os alunos adquirem
        competências essenciais e familiarizar-se-ão com as potencialidades do uso das tecnologias de informação na
        investigação em biomedicina e no papel crucial que hoje representam nas várias vertentes da prestação de cuidados de saúde.');

INSERT INTO DegreeClasses(id, year, semester, ects , isOptional, degree) VALUES (216, 4, 2, 7.5, TRUE, 3);
INSERT INTO DegreeClassTranslations(degreeClass, language, name, description) VALUES  (216, 'PT_PT', 'Ambientes Inteligentes','Compreenderão o conceito de “Ambiente Inteligente” e terão noção das múltiplas áreas em
        que pode ser aplicado; reconhecerão a importância de dispor de ambientes sensíveis e reactivos que reagem adequadamente à presença
        de pessoas e das suas preferências; terão sido introduzidos a diferentes tecnologias que podem ser aplicadas neste domínio e
        estarão cientes dos principais desafios que se colocam relativamente ao consumo de energia, comunicação, segurança, fiabilidade,
        interface com sensores e actuadores e interacção com as pessoas; terão adquirido conhecimentos sobre três áreas aplicacionais
        específicas: casas inteligentes/domótica e edifícios inteligentes, redes de sensores e actuadores sem fios, e sistemas
        inteligentes de mobilidade; conhecerão diferentes estratégias de gestão da energia, no domínio da automação de
        habitações e de edifícios, sendo dada ênfase aos requisitos dos utilizadores e às suas preferências; terão a
        capacidade de definir os requisitos e abordar a implementação de um sistema que monitoriza um ambiente e
        reage a diferentes ocorrências, em conformidade com o perfil das pessoas presentes.');

INSERT INTO DegreeClasses(id, year, semester, ects , isOptional, degree) VALUES (217, 4, 2, 6, TRUE, 3);
INSERT INTO DegreeClassTranslations(degreeClass, language, name, description) VALUES  (217, 'PT_PT', 'Arquitecturas Avançadas de Computadores','O objectivo principal da disciplina de Arquitecturas Avançadas de Computadores
        é criar competências para analisar e desenvolver sistemas de computadores. A análise envolve os modernos processadores
        de uso geral com estruturas super-escalares, e os sistemas hierárquicos de memória com suporte para memória
        virtual gerida pelos sistemas operativos. Na componente de desenvolvimento, o objectivo da disciplina é
        fornecer ferramentas de projecto e teste de processadores RISC associados aos sistemas de memória.');

INSERT INTO DegreeClasses(id, year, semester, ects , isOptional, degree) VALUES (218, 4, 2, 6, TRUE, 3);
INSERT INTO DegreeClassTranslations(degreeClass, language, name, description) VALUES  (218, 'PT_PT', 'Co-Projecto Hardware/Software','Compreender os conceitos e as técnicas de projecto a nível de sistema de
        sistemas embebidos com componentes de hardware e software. Modelar, simular e sintetizar sistemas digitais usando
        métodos e ferramentas a nível de sistema. Descrever exemplos de aplicações e sistemas desenvolvidos usando uma
        abordagem de co-projecto. Projectar e implementar sistemas hardware / software de média complexidade utilizando FPGAs.');

INSERT INTO DegreeClasses(id, year, semester, ects , isOptional, degree) VALUES (219, 4, 2, 6, TRUE, 3);
INSERT INTO DegreeClassTranslations(degreeClass, language, name, description) VALUES  (219, 'PT_PT', 'Processamento Digital de Sinais','O principal objectivo desta disciplina é o de fornecer aos alunos
        os principais conceitos e as ferramentas fundamentais para o processamento de sinais em tempo discreto. A disciplina
        de Processamento Digital de Sinais tem uma forte componente prática, apresentando exemplos ilustrativos dos conceitos
        teóricos e a sua aplicação em situações reais.');

INSERT INTO DegreeClasses(id, year, semester, ects , isOptional, degree) VALUES (220, 4, 2, 6, TRUE, 3);
INSERT INTO DegreeClassTranslations(degreeClass, language, name, description) VALUES  (220, 'PT_PT', 'Sistemas Embebidos em Rede','Analisar, especificar, conceber e realizar redes de sensores e
        actuadores nos seus aspectos fundamentais: Transdução, Computação e Comunicações.');

INSERT INTO DegreeClasses(id, year, semester, ects , isOptional, degree) VALUES (221, 4, 2, 6, TRUE, 3);
INSERT INTO DegreeClassTranslations(degreeClass, language, name, description) VALUES  (221, 'PT_PT', 'Robótica','Introduzir os conceitos fundamentais de robots manipuladores e robots móveis:
        cinemática, dinâmica, cinemática diferencial, planeamento de caminhos e trajectórias, controlo. Apresentação de
        diversos tipos de sensores úteis em robótica, seu princípio de funcionamento e modelo de observação. Noções de
        controlo de formações. Linguagens de programação e interfaces de operação de robots.');

INSERT INTO DegreeClasses(id, year, semester, ects , isOptional, degree) VALUES (222, 4, 2, 7.5, TRUE, 3);
INSERT INTO DegreeClassTranslations(degreeClass, language, name, description) VALUES  (222, 'PT_PT', 'Robótica Avançada para Ambientes Industriais','Introdução dos conceitos fundamentais relacionados com robótica
        avançada em ambientes industriais, incorporada em sistemas de produção, através de uma combinação teórica e
        laboratorial. Os conceitos teóricos fornecidos são aplicados a uma Célula Flexível de Produção. Pretende-se
        assim estudar métodos de modelação e análise de sistemas robóticos de produção, técnicas de simulação para
        este tipo de sistemas e metodologias de planeamento de tarefas (operações), bem como alocação de recursos
        e tarefas');
 
-- IST 5th year

INSERT INTO DegreeClasses(id, year, semester, ects , isOptional, degree) VALUES (223, 5, 1, 12, FALSE, 3);
INSERT INTO DegreeClassTranslations(degreeClass, language, name, description) VALUES  (223, 'PT_PT', 'Projecto de Mestrado em Engenharia Informática e de Computadores','Desenvolvimento de um trabalho de projecto de natureza integradora, na área da engenharia informática.');

INSERT INTO DegreeClasses(id, year, semester, ects , isOptional, degree) VALUES (224, 5, 1, 1.5, FALSE, 3);
INSERT INTO DegreeClassTranslations(degreeClass, language, name, description) VALUES  (224, 'PT_PT', 'Portfolio Pessoal 1','Desenvolver nos estudantes competências comportamentais de trabalho em equipa,
        de capacidade de expressão oral e escrita, de línguas e experiências internacionais e de experiência da realidade das empresas e
        do mundo do trabalho, através da prática de actividades extra-curriculares.');

INSERT INTO DegreeClasses(id, year, semester, ects , isOptional, degree) VALUES (225, 5, 2, 1.5, FALSE, 3);
INSERT INTO DegreeClassTranslations(degreeClass, language, name, description) VALUES  (225, 'PT_PT', 'Portfolio Pessoal 2','Desenvolver nos estudantes competências comportamentais de trabalho em equipa,
        de capacidade de expressão oral e escrita, de línguas e experiências internacionais e de experiência da realidade das empresas e
        do mundo do trabalho, através da prática de actividades extra-curriculares.');

INSERT INTO DegreeClasses(id, year, semester, ects , isOptional, degree) VALUES (226, 5, 2, 30, FALSE, 3);
INSERT INTO DegreeClassTranslations(degreeClass, language, name, description) VALUES  (226, 'PT_PT', 'Dissertação - Mestrado em Engenharia Informática e de Computadores','Escrita de uma tese de Mestrado na área da Engenharia Informática');
        
-- Degree Classes
-- Universidade de Aveiro

-- Aveiro 1st year

INSERT INTO DegreeClasses(id, year, semester, ects , isOptional, degree) VALUES (227, 1, 1, 6, FALSE, 4);
INSERT INTO DegreeClassTranslations(degreeClass, language, name, description) VALUES  (227, 'PT_PT', 'Álgebra Linear e Geometria Analítica','Nesta unidade curricular comum a diversos cursos de engenharias,
        leccionam-se alguns tópicos de álgebra linear e de geometria analítica que fornecem o quadro teórico conceptual
        e os instrumentos de cálculo necessários à compreensão e desenvolvimento de variadas e importantes aplicações
        da matemática a outras ciências e engenharias. Entre as competências fundamentais a desenvolver pelos estudantes
        destacam-se a capacidade de cálculo formal algébrico e bem como a de formulação e resolução explícita de
        problemas algébricos, incluindo questões de geometria analítica; a capacidade de utilizar técnicas vectoriais
        e matriciais em diversas aplicações; a resolução de problemas recorrendo a subespaços e transformações
        lineares; a identificação e manipulação algébrica de cónicas e quádricas.');

INSERT INTO DegreeClasses(id, year, semester, ects , isOptional, degree) VALUES (228, 1, 1, 6, FALSE, 4);
INSERT INTO DegreeClassTranslations(degreeClass, language, name, description) VALUES  (228, 'PT_PT', 'Elementos de Física','A disciplina de Elementos de Física aborda diversos fenómenos e conceitos
        físicos indispensáveis para a compreensão do progresso científico e tecnológico moderno, enquadrando a Física no
        contexto de outras Ciências e Engenharias. Será dada ênfase especial aos desenvolvimentos do século XX,
        apresentando, ainda que duma forma qualitativa, os modelos físicos e seus limites. Por outro lado,
        pretende-se desenvolver competências no domínio da experimentação e capacidade de raciocínio crítico.');

INSERT INTO DegreeClasses(id, year, semester, ects , isOptional, degree) VALUES (229, 1, 1, 6, FALSE, 4);
INSERT INTO DegreeClassTranslations(degreeClass, language, name, description) VALUES  (229, 'PT_PT', 'Cálculo I','Aquisição de conhecimentos e competências em cálculo com uma
        variável incluindo o estudo de funções de uma variável e a integração.');

INSERT INTO DegreeClasses(id, year, semester, ects , isOptional, degree) VALUES (230, 1, 1, 6, FALSE, 4);
INSERT INTO DegreeClassTranslations(degreeClass, language, name, description) VALUES  (230, 'PT_PT', 'Introdução às Tecnologias Web','Esta unidade curricular tem como objectivo fornecer as primeiras noções de
        utilização de ferramentas e de programação web. Será dado um enfoque particular na criação das páginas, quer em
        modo autónomo quer através da sua integração em ferramentas e ainda na programação do lado do cliente. No final
        da unidade curricular, os alunos deverão ser capazes de desenvolver páginas web de pequena e média complexidade,
        que modelem situações concretas e que forneçam resposta às questões por elas levantadas. Os alunos aprenderão
        a conceber programas que manipulam quer objectos de interface web quer estruturas de dados.');

INSERT INTO DegreeClasses(id, year, semester, ects , isOptional, degree) VALUES (231, 1, 1, 6, FALSE, 4);
INSERT INTO DegreeClassTranslations(degreeClass, language, name, description) VALUES  (231, 'PT_PT', 'Fundamentos de Programação','Pretende-se dotar os alunos da capacidade para resolver problemas de pequena e
        média dimensão recorrendo a uma linguagem de programação multi-paradigma (Python)');

INSERT INTO DegreeClasses(id, year, semester, ects , isOptional, degree) VALUES (232, 1, 2, 6, FALSE, 4);
INSERT INTO DegreeClassTranslations(degreeClass, language, name, description) VALUES  (232, 'PT_PT', 'Modelação e Análise de Sistemas','O objectivo da unidade curricular é fornecer uma compreensão geral dos
        conceitos da análise por objectos, das metodologias  de desenvolvimento de software, e da linguagem UML
        para construção de modelos.');

INSERT INTO DegreeClasses(id, year, semester, ects , isOptional, degree) VALUES (233, 1, 2, 6, FALSE, 4);
INSERT INTO DegreeClassTranslations(degreeClass, language, name, description) VALUES  (233, 'PT_PT', 'Cálculo II','Estender a formação de cálculo em uma variável ao estudo das séries e das
        equações diferenciais. Estudo dos extremos d funções de várias variáveis.');

INSERT INTO DegreeClasses(id, year, semester, ects , isOptional, degree) VALUES (234, 1, 2, 6, FALSE, 4);
INSERT INTO DegreeClassTranslations(degreeClass, language, name, description) VALUES  (234, 'PT_PT', 'Matemática Discreta','Formação em matemática discreta que permita a compreensão de modelos
        matemáticos de natureza combinatória, muito comuns em computação, telecomunicações, indústria de processadores,
        desenho de circuitos integrados, criptografia e segurança na transmissão de comunicações, sistemas de tráfego, etc.');

INSERT INTO DegreeClasses(id, year, semester, ects , isOptional, degree) VALUES (235, 1, 2, 6, FALSE, 4);
INSERT INTO DegreeClassTranslations(degreeClass, language, name, description) VALUES  (235, 'PT_PT', 'Introdução à Arquitectura de Computadores','Conhecer as formas de representação da informação nos computadores digitais,
        com relevo para a representação da informação numérica e as operações aritméticas básicas.\n
- Conhecer as operações lógicas e as componentes eletrónicas que as realizam.\n
- Compreender o funcionamento dos sistemas com memória e o funcionamento dos principais dispositivos de armazenamento de informação\n
- Compreender a organização interna dos computadores digitais\n
- Compreender os mecanismos de comunicação do computador com o exterior\n
- Adquirir familiariedade com a arquitectura de processadores através da programação em assembly.');

INSERT INTO DegreeClasses(id, year, semester, ects , isOptional, degree) VALUES (236, 1, 2, 6, FALSE, 4);
INSERT INTO DegreeClassTranslations(degreeClass, language, name, description) VALUES  (236, 'PT_PT', 'Programação Orientada a Objectos','Este curso é uma introdução à programação orientada a objectos (OOP), usando a linguagem Java.
        O objectivo é abordar temas como encapsulamento,herança, polimorfismo, estruturas de dados, de modo que os
        alunos sejam capazes de decompor e construir uma solução de acordo com princípios de OOP.');


-- Aveiro 2nd year

INSERT INTO DegreeClasses(id, year, semester, ects , isOptional, degree) VALUES (237, 2, 1, 6, FALSE, 4);
INSERT INTO DegreeClassTranslations(degreeClass, language, name, description) VALUES  (237, 'PT_PT', 'Algoritmos e Estruturas de Dados','No final desta unidade curricular os alunos deverão estar habilitados a:\n
        - Desenvolver estratégias algorítmicas fundamentais envolvendo iteração e recursividade\n
        - Saber analisar o desempenho de algoritmos iterativos e recursivos em termos da sua complexidade algorítmica\n
        - Saber aplicar estratégias sistemáticas de depuração, gestão de falhas e implementação de algoritmos e estruturas de dados com correcção e robustez.');

INSERT INTO DegreeClasses(id, year, semester, ects , isOptional, degree) VALUES (238, 2, 1, 6, FALSE, 4);
INSERT INTO DegreeClassTranslations(degreeClass, language, name, description) VALUES  (238, 'PT_PT', 'Métodos Probabilísticos para Engenharia Informática','Justificar a necessidade da modelação probabilística no contexto da Eng. Informática.
        Fornecer as ferramentas matemáticas que permitam caracterizar esta modelação nos seus diferentes aspectos
        (probabilidades, estatística e processos estocásticos). Explorar as possibilidades de experimentação abertas pela
        disponibilidade dos actuais meios computacionais. Ensinar as técnicas de simulação de eventos discretos.');

INSERT INTO DegreeClasses(id, year, semester, ects , isOptional, degree) VALUES (239, 2, 1, 6, FALSE, 4);
INSERT INTO DegreeClassTranslations(degreeClass, language, name, description) VALUES  (239, 'PT_PT', 'Redes e Serviços','Esta UC tem como objectivo Fornecer uma visão detalhada das redes de comunicações,
        abrangendo as tecnologias e serviços mais relevantes usados nas redes de acesso e de núcleo.');

INSERT INTO DegreeClasses(id, year, semester, ects , isOptional, degree) VALUES (240, 2, 1, 6, FALSE, 4);
INSERT INTO DegreeClassTranslations(degreeClass, language, name, description) VALUES  (240, 'PT_PT', 'Sistemas Multimédia','Entender a relevância dos sistemas multimédia.
        Entender a necessidade do uso de técnicas para a representação eficiente de informação multimédia.
        Conhecer as principais tecnologias e normas para a representação eficiente e processamento de informação multimédia.
        Conhecer os principais factores relacionados com o desempenho dos sistemas multimédia.');

INSERT INTO DegreeClasses(id, year, semester, ects , isOptional, degree) VALUES (241, 2, 1, 6, FALSE, 4);
INSERT INTO DegreeClassTranslations(degreeClass, language, name, description) VALUES  (241, 'PT_PT', 'Sistemas Operativos','Apresentar os conceitos mais importantes sobre a organização dos sistemas de operação actuais numa perspectiva funcional;
        Introduzir o ambiente de interacção com o sistema computacional baseado no processamento de linha de comandos;
        Apresentar o sistema de operação como uma abstracção que fornece ao programador de aplicações um modelo de máquina virtual baseado em chamadas ao sistema;
        Introduzir a programação concorrente e os mecanismos principais de comunicação e de sincronização entre processos;
        Familiarizar os alunos com o interface de interacção fornecido pelo Unix.');

INSERT INTO DegreeClasses(id, year, semester, ects , isOptional, degree) VALUES (242, 2, 2, 6, FALSE, 4);
INSERT INTO DegreeClassTranslations(degreeClass, language, name, description) VALUES  (242, 'PT_PT', 'Compiladores','A unidade curricular aborda teoria das linguagens, tendo como objectivo dotar o estudante com a capacidade de projectar
        e implementar tradutores dirigidos pela sintaxe, com foco na construção de compiladores. Pretende-se que o aluno adquira:\n
        - Capacidade de trabalhar com linguagens regulares, incluindo a manipulação de modelos computacionais usados para as descrever
        e reconhecer, nomeadamente as expressões regulares, autómatos finitos e gramáticas regulares.\n
        - Capacidade de trabalhar linguagens independentes do contexto, quer na sua interpretação, quer no projecto.\n
        - Capacidade de distinguir análise lexical e análise sintática.\n
        - Capacidade de projectar e implementar tradutores dirigidos pela sintaxe, incluindo compiladores.');

INSERT INTO DegreeClasses(id, year, semester, ects , isOptional, degree) VALUES (243, 2, 2, 6, FALSE, 4);
INSERT INTO DegreeClassTranslations(degreeClass, language, name, description) VALUES  (243, 'PT_PT', 'Computação Distribuída','Introduzir os alunos aos princípios e à prática subjacente ao projecto de
        sistemas distribuídos, apresentando os conceitos mais importantes relativos à sua implementação.
        São particularmente explorados diferentes paradigmas de comunicação e de sincronização.
        Pretende-se especificamente promover: a compreensão dos problemas principais que envolvem o
        projecto de sistemas distribuídos; a capacidade de desenvolvimento de aplicações distribuídas simples.');

INSERT INTO DegreeClasses(id, year, semester, ects , isOptional, degree) VALUES (244, 2, 2, 6, FALSE, 4);
INSERT INTO DegreeClassTranslations(degreeClass, language, name, description) VALUES  (244, 'PT_PT', 'Padrões e Desenho de Software','Este curso aborda um conjunto de princípios e padrões de desenho de software
        orientado a objectos. O objectivo é consolidar conceitos de OOP, como proceder a refactoring de código,
        aprender a identificar e usar padrões de software.');

INSERT INTO DegreeClasses(id, year, semester, ects , isOptional, degree) VALUES (245, 2, 2, 6, FALSE, 4);
INSERT INTO DegreeClassTranslations(degreeClass, language, name, description) VALUES  (245, 'PT_PT', 'Interacção Humano-Computador','Trata-se de uma disciplina introdutória à área da Interacção Humano-Computador que
        tem como objectivos específicos:\n
        - promover a compreensão da importância da interface de utilizador num sistema interactivo;
        - fazer uma introdução à bibliografia da área científica interacção humano-computador
        - introduzir os conceitos, técnicas e ferramentas de projecto, implementação e avaliação de uma interface de utilizador;
        - desenvolver capacidades mais genéricas como raciocínio crítico, capacidade de trabalhar em grupo e capacidade de comunicação oral e escrita.');

INSERT INTO DegreeClasses(id, year, semester, ects , isOptional, degree) VALUES (246, 2, 2, 6, FALSE, 4);
INSERT INTO DegreeClassTranslations(degreeClass, language, name, description) VALUES  (246, 'PT_PT', 'Bases de Dados','No final desta disciplina os alunos deverão ter conhecimentos ao nível dos conceitos,
        métodos e técnicas fundamentais no domínio das bases de dados, que lhes permitam:\n
        Construir um modelo de dados relacional adequado aos requisitos de um sistema de informação,
        recorrendo às técnicas de desenho conceptual e lógico de uma base de dados;\n
        Explorar as potencialidades de um sistema de gestão de bases de dados (SGBD),
        incluindo a especificação da estrutura da base de dados com SQL DDL, a manipulação
        de dados com SQL DML, as facilidades de programação SQL (stored procedures,
        triggers e functions) e os mecanismos de segurança;\n
        Compreender as diferentes possibilidades de interacção com uma base de dados
        e desenvolver aplicações para acesso aos dados;\n
        Compreender o papel das bases de dados no âmbito geral do ciclo de
        modelação e desenvolvimento de um sistema de software.');

-- Aveiro 3rd year

INSERT INTO DegreeClasses(id, year, semester, ects , isOptional, degree) VALUES (247, 3, 1, 6, FALSE, 4);
INSERT INTO DegreeClassTranslations(degreeClass, language, name, description) VALUES  (247, 'PT_PT', 'Segurança Informática e Nas Organizações','Pretende-se que esta disciplina ofereça uma visão geral da área da Segurança
        Informática, com ênfase particular para os problemas de segurança que se colocam ao nível das organizações.
        Estes serão realçados em termos de segurança da informação e segurança das infra-estrututuras (máquinas e redes).
        Nesta cadeira serão focados os aspectos base da segurança informática, a definição de políticas de
        segurança e a sua implantação usando diversos mecanismos de segurança.Complementarmente, serão focadas
        questões éticas, legais e sociais da segurança nas organizações.');

INSERT INTO DegreeClasses(id, year, semester, ects , isOptional, degree) VALUES (248, 3, 1, 6, FALSE, 4);
INSERT INTO DegreeClassTranslations(degreeClass, language, name, description) VALUES  (248, 'PT_PT', 'Arquitectura e Gestão de Redes','Consolidar os conhecimentos fundamentais dos atuais sistemas de rede e simultaneamente
        fornecer aos alunos competências no planeamento, monitorização e gestão de redes.');

INSERT INTO DegreeClasses(id, year, semester, ects , isOptional, degree) VALUES (249, 3, 1, 6, FALSE, 4);
INSERT INTO DegreeClassTranslations(degreeClass, language, name, description) VALUES  (249, 'PT_PT', 'Gestão de Empresas','O objectivo geral desta unidade curricular é fornecer aos alunos os conceitos
        fundamentais de gestão nas suas diversas funções para que sejam capazes de os conhecer, interpretar e aplicar. Pretende-se
        sensibilizar os alunos para a importância de modelo de negócio no processo de criação de valor e promover a familiarização
        com as metologias e as ferramentas de apoio à implementação de ideias de negócio.');

INSERT INTO DegreeClasses(id, year, semester, ects , isOptional, degree) VALUES (250, 3, 1, 6, FALSE, 4);
INSERT INTO DegreeClassTranslations(degreeClass, language, name, description) VALUES  (250, 'PT_PT', 'Complementos de Bases de Dados','Enquanto a disciplina de Bases de Dados se foca apenas na representação
        e gestão de dados estruturados recorrendo ao modelo relacional, esta unidade curricular aborda bases de dados NoSQL,
        bases de dados NewSQL, bases de dados distribuídas e processamento distribuído. Adicionalmente, é também abordada
        a problemática do controlo de acesso.');

INSERT INTO DegreeClasses(id, year, semester, ects , isOptional, degree) VALUES (251, 3, 1, 6, FALSE, 4);
INSERT INTO DegreeClassTranslations(degreeClass, language, name, description) VALUES  (251, 'PT_PT', 'Inteligência Artificial','A disciplina de Inteligência Artificial fornece alguns dos conceitos nucleares na
        área de Inteligência Artificial, desde a noção de agente até técnicas de pesquisa e planeamento. Esta disciplina
        serve também o objectivo de familiarizar os alunos com aspectos da programação ao estilo funcional, com ênfase
        no processamento de listas, recursividade e funções de ordem superior.');

INSERT INTO DegreeClasses(id, year, semester, ects , isOptional, degree) VALUES (252, 3, 1, 6, FALSE, 4);
INSERT INTO DegreeClassTranslations(degreeClass, language, name, description) VALUES  (252, 'PT_PT', 'Introdução à Engenharia de Software','Desenvolver um sistema de software em equipa, com recurso a frameworks
        de classe empresarial. Para cimentar estes objectivo, os alunos irão assumir vários papéis inerentes a uma
        equipa de desenvolvimento e construir um sistema ao longo do semestre utilizando de uma arquitectura/plataforma
        de referência (e.g. J2EE, .NET, Android), integrando serviços externos (e.g. google, sapo).');

INSERT INTO DegreeClasses(id, year, semester, ects , isOptional, degree) VALUES (253, 3, 2, 6, FALSE, 4);
INSERT INTO DegreeClassTranslations(degreeClass, language, name, description) VALUES  (253, 'PT_PT', 'Investigação Operacional','Dar a conhecer o papel da Investigação Operacional (IO) na resolução de
        problemas de decisão e apresentar algumas das técnicas de uso mais generalizado, nomeadamente:\n
        - fornecer uma abordagem científica e estruturada na tomada de decisões, para a resolução de problemas
        complexos nas operações (actividades) de uma organização, habitualmente em situação de recursos escassos;\n
        -representar sistemas do mundo real, usando modelos matemáticos e algoritmos numa perspectiva de optimização;\n
        -servir como processo social, em que os actores (clientes, gestores, decisores e utilizadores),
        investigadores e um problema interactuam, com o principal objectivo de obter algum apoio,
        para melhorar a qualidade das acções dos actores.');

INSERT INTO DegreeClasses(id, year, semester, ects , isOptional, degree) VALUES (254, 3, 2, 12, FALSE, 4);
INSERT INTO DegreeClassTranslations(degreeClass, language, name, description) VALUES  (254, 'PT_PT', 'Projecto em Informática','Os objectivos desta UC são:
        Familiarização com a metodologia de projecto em engenharia informática, aplicando e
        integrando competências desenvolvidas ao longo do 1º ciclo de estudos.\n
        Fomentar competências inerentes ao trabalho em equipa.\n
        Contactar com problemas do mundo real através de seminários dados por profissionais do sector.\n
        Reforçar capacidades de documentação, comunicação e demonstração de aplicações (protótipos)');

INSERT INTO DegreeClasses(id, year, semester, ects , isOptional, degree) VALUES (255, 3, 2, 6, FALSE, 4);
INSERT INTO DegreeClassTranslations(degreeClass, language, name, description) VALUES  (255, 'PT_PT', 'Aspectos Profissionais e Sociais da Engenharia Informática','Pretende-se com esta disciplina dar uma panorâmica geral acerca da
        profissão de engenheiro informático e do seu posicionamento perante a sociedade.');

INSERT INTO DegreeClasses(id, year, semester, ects , isOptional, degree) VALUES (256, 3, 2, 6, FALSE, 4);
INSERT INTO DegreeClassTranslations(degreeClass, language, name, description) VALUES  (256, 'PT_PT', 'Teste e Qualidade de Software','O objectivo geral da unidade curricular é fornecer aos alunos um conjunto
        de princípios teóricos e de ferramentas que lhes permita compreender e aplicar um processo de garantia de
        qualidade de software que seja sistemático, orientado aos testes e, tanto quanto possível, automatizado.');

-- Aveiro 4th year        

INSERT INTO DegreeClasses(id, year, semester, ects , isOptional, degree) VALUES (257, 4, 1, 6, FALSE, 4);
INSERT INTO DegreeClassTranslations(degreeClass, language, name, description) VALUES  (257, 'PT_PT', 'Algoritmos Avançados','A compreensão das características e do funcionamento de algoritmos de
        diferentes tipos, e o conhecimento quanto às possíveis estratégias de abordagem para determinados problemas,
        são componentes fundamentais da formação em Engenharia Informática. Pretende-se fornecer formação adicional à
        adquirida no 1º ciclo (licenciatura) em algoritmia, tendo como ponto principal reconhecer que estrutura de
        dados e algoritmo padrão são mais apropriados para resolver um determinado problema.');        
    
INSERT INTO DegreeClasses(id, year, semester, ects , isOptional, degree) VALUES (258, 4, 1, 6, FALSE, 4);
INSERT INTO DegreeClassTranslations(degreeClass, language, name, description) VALUES  (258, 'PT_PT', 'Teoria Algoritmica da Informação','Nesta unidade curricular pretende-se que os alunos:\n
        - Entendam os conceitos básicos de teoria da informação\n
        - Entendam a necessidade da existência de algoritmos de compressão de dados\n
        - Fiquem a conhecer e percebam o funcionamento dos algoritmos principais de compressão de dados\n
        - Entendam a relação entre a compressão de dados, a teoria algorítmica da informação, e a sua aplicação à análise e exploração de dados.</string>
    <string name="uav_class_info_theory_topic1">Conceitos básicos de teoria da informação.');    

INSERT INTO DegreeClasses(id, year, semester, ects , isOptional, degree) VALUES (259, 4, 1, 6, FALSE, 4);
INSERT INTO DegreeClassTranslations(degreeClass, language, name, description) VALUES  (259, 'PT_PT', 'Recuperação de Informação','O objectivo desta disciplina é estudar as técnicas e algoritmos
        utilizados na recuperação e extracção de informação baseada em texto (IR e IE). Após o estudo deste curso o
        aluno deverá ser capaz de:\n
        1) compreender conceitos fundamentais de recuperação e extracção de informação\n
        2) implementar algoritmos e usar estratégias baseadas em dicionários e em aprendizagem automática e\n
        3) avaliar o desempenho de solução de IR e IE.');    

INSERT INTO DegreeClasses(id, year, semester, ects , isOptional, degree) VALUES (260, 4, 1, 6, FALSE, 4);
INSERT INTO DegreeClassTranslations(degreeClass, language, name, description) VALUES  (260, 'PT_PT', 'Visualização de Informação','A utilização de métodos e ferramentas de Visualização de Informação
        faz parte integrante do desenvolvimento de alguns tipos de Sistemas de Informação, e é reconhecida como essencial
        para uma decisão informada por parte dos utilizadores.\n
        A compreensão dos métodos e das características principais de ferramentas da Computação Gráfica e da
        Visualização  são componentes fundamentais da formação em Sistemas de Informação.\n
        Pretende-se fornecer formação básica em Computação Gráfica e Visualização de Dados e de Informação.
        E utilizar uma ferramenta standard: "The Visualization Toolkit".');    

INSERT INTO DegreeClasses(id, year, semester, ects , isOptional, degree) VALUES (261, 4, 1, 6, FALSE, 4);
INSERT INTO DegreeClassTranslations(degreeClass, language, name, description) VALUES  (261, 'PT_PT', 'Exploração de Dados','Esta unidade curricular foca o desenvolvimento de sistemas de apoio à
        decisão usando técnicas de data warehousing e data mining.\n
        O data warehousing designa um conjunto de técnicas de bases de dados para a criar repositórios centralizados
        que integram dados provenientes de fontes heterogéneas. Tipicamente, armazenam dados atuais e dados históricos,
        e são usados para análise de dados, análise de tendências e criação de relatórios em sistemas de apoio à decisão.\n
        O data mining é uma área interdisciplinar orientada para o processo de procura de padrões em grandes volumes de dados.
        Estes objectivos são alcançados utilizando técnicas de pré-processamento que visam a normalização e muitas vezes a
        redução de dimensão, algoritmos que extraem a informação relevante e, finalmente a apresentação da informação de
        maneira a poder ser interpretada.');    

INSERT INTO DegreeClasses(id, year, semester, ects , isOptional, degree) VALUES (262, 4, 2, 6, FALSE, 4);
INSERT INTO DegreeClassTranslations(degreeClass, language, name, description) VALUES  (262, 'PT_PT', 'Computação em Larga Escala','Esta disciplina pretende dotar os alunos com os conhecimentos relacionados com os
        princípios e a utilização de computação em Cloud, computação paralela e em GPU. Os objectivos principais são:\n
        - aprender os fundamentos de várias estratégias para resolver problemas que necessitam de computação em larga escala;\n
        - adquirir competências para perceber os conceitos mais gerais relacionados com a Cloud, como a Virtualização;\n
        - contacto com tecnologias actuais de computação na Cloud de modo a poderem desenvolver pequenos projectos;\n
        - familiarização com os conceitos fundamentais de Passagem de Passagens e Memória Partilhada;\n
        - utilização das tecnologias mais usadas em computação paralela;\n
        - adquirir competências para perceber o modelo de programação e melhorias de desempenho que se podem obter
        através da utilização de GPUs para computação geral e para o desenvolvimento de programas simples de utilização de CUDA.');    

INSERT INTO DegreeClasses(id, year, semester, ects , isOptional, degree) VALUES (263, 4, 2, 6, FALSE, 4);
INSERT INTO DegreeClassTranslations(degreeClass, language, name, description) VALUES  (263, 'PT_PT', 'Arquitecturas de Software','A AS é o culminar de um processo de definição de uma solução que
        deve obedecer a um conjunto vasto de requisitos técnicos, operacionais, de qualidade e de custo. Pode ser analisada
        a 2 níveis distintos: distribuição e composição. Ao nível da distribuição podemos ter diversas arquitectura, entre
        as quais centralizadas, cliente-servidor e distribuídas. Ao nível da composição podemos ter diversas arquitectura,
        entre as quais baseadas componentes e baseadas em MicroServices.\n
        A UC aborda alguns dos aspectos mais relevantes que estão subjacentes à definição de uma arquitectura de software
        quer seja ao nível da distribuição quer seja ao nível da composição. Os obj. definidos são os seguintes:\n
        – Conhecer arquitecturas de software relevantes quer em termos de distribuição quer em termos de composição\n
        – Conhecer factores com impacto em cada uma das arquitecturas\n
        – Saber escolher para caso concreto qual ou quais as melhores arquitecturas a utilizar\n
        – Conceber arquitecturas para casos concretos');  

INSERT INTO DegreeClasses(id, year, semester, ects , isOptional, degree) VALUES (264, 4, 2, 6, TRUE, 4);
INSERT INTO DegreeClassTranslations(degreeClass, language, name, description) VALUES  (264, 'PT_PT', 'Engenharia de Software','O principal objectivo deste curso é implementar uma aplicação de nível empresarial
        (J2EE) que FUNCIONE desenvolvido no seio de uma equipa seguindo metodologia de desenvolvimento baseada em testes. Ao longo
        cursos os conceitos principais relacionados com testes e qualidade de software serão apresentados e aplicados nos projectos.');  

INSERT INTO DegreeClasses(id, year, semester, ects , isOptional, degree) VALUES (265, 4, 2, 6, TRUE, 4);
INSERT INTO DegreeClassTranslations(degreeClass, language, name, description) VALUES  (265, 'PT_PT', 'Gestão de Infra-estruturas de Computação','Conhecer o contexto e requisitos de operação de plataformas de computação.
        Conhecer as arquitecturas principais e métodos de planeamento de uma plataforma de computação.
        Conhecer os modelos, mecanismos e ferramentas para a gestão de recursos em plataformas de computação
        Conhecer a interdependência de sistemas numa plataforma de computação');    

INSERT INTO DegreeClasses(id, year, semester, ects , isOptional, degree) VALUES (266, 4, 2, 6, TRUE, 4);
INSERT INTO DegreeClassTranslations(degreeClass, language, name, description) VALUES  (266, 'PT_PT', 'Simulação e Optimização','Com esta UC espera-se que os alunos adquiram:\n
        - compreensão dos conceitos básicos associados à modelação e simulação computacional\n
        - capacidade de manipulação das ferramentas e das metodologias indispensáveis à elaboração de projectos de simulação,
        desde a manipulação dos dados primitivos até à análise dos resultados\n
        - compreensão das fases do ciclo de vida de um projecto de simulação, desde a análise de domínio e especificação do modelo ao teste e validação\n
        - compreensão das várias abordagens e técnicas de simulação\n
        - capacidade de identificar problemas que possam ser tratados através de simulação e de construir o sistema de simulação correspondente\n
        - compreensão dos conceitos básicos da formulação de problemas de optimização\n
        - conhecimento dos tipos de técnicas de optimização mais adequados aos vários tipos de problemas\n
        - capacidade de aplicação prática de optimizadores baseados em programação linear, programação inteira e
        metaheurísticas para a resolução de problemas.\n');    

INSERT INTO DegreeClasses(id, year, semester, ects , isOptional, degree) VALUES (267, 4, 2, 6, TRUE, 4);
INSERT INTO DegreeClassTranslations(degreeClass, language, name, description) VALUES  (267, 'PT_PT', 'Sistemas de Informação Nas Organizações','- Adquirir uma visão alargada acerca dos vários contextos de utilização dos
        sistemas de informação nas organizações:Funcionais: CRM, ERP, KMS, etc. \n
        Operacionais: front office, back office.\n
        Sectoriais: áreas de utilização, cadeias de valor, actores, etc.\n
        - Compreender as tecnologias e estruturas básicas dos modernos sistemas de informação (incluindo as tecnologias de virtualização e clouding).\n
        - Desenhar e projectar a arquitectura básica de um sistema de informação e ser capaz de fazer a respectiva integração e colocação em serviço.\n
        - Ter sensibilidade para os aspectos de natureza ética, legal e social dos sistemas de informação.');    

INSERT INTO DegreeClasses(id, year, semester, ects , isOptional, degree) VALUES (268, 4, 2, 6, TRUE, 4);
INSERT INTO DegreeClassTranslations(degreeClass, language, name, description) VALUES  (268, 'PT_PT', 'Sistemas Distribuídos','O seu objectivo principal é introduzir os alunos aos princípios e à prática subjacente
        ao projecto de sistemas distribuídos, apresentando os conceitos mais importantes relativos à sua implementação.
        São particularmente explorados diferentes paradigmas de comunicação e de sincronização.\n
        Pretende-se especificamente promover\n
        - compreensão dos problemas principais que envolvem o projecto de sistemas distribuídos;\n
        - capacidade de desenvolvimento de aplicações distribuídas simples;\n
        - familiarização com o ambiente de programação distribuída em Java.');    

INSERT INTO DegreeClasses(id, year, semester, ects , isOptional, degree) VALUES (269, 4, 2, 6, TRUE, 4);
INSERT INTO DegreeClassTranslations(degreeClass, language, name, description) VALUES  (269, 'PT_PT', 'Sistemas Inteligentes','Partindo de conhecimentos de base em Inteligência Artificial,
        tipicamente adquiridos no 1º ciclo, aunidade curricular de Sistemas Inteligentes introduz conceitos avançados
        nessa área, dando uma perspectiva integrada orientada ao sistema. Em particular, pretende-se que os alunos
        fiquem a conhecer os conceitos básicos e a saber utilizar as principais técnicas nas seguintes áreas:\n
        - Técnicas avançadas de representação do conhecimento e raciocínio\n
        - Aprendizagem automática\n
        - Sistemas multi-agente');    

INSERT INTO DegreeClasses(id, year, semester, ects , isOptional, degree) VALUES (270, 4, 2, 6, TRUE, 4);
INSERT INTO DegreeClassTranslations(degreeClass, language, name, description) VALUES  (270, 'PT_PT', 'Web Semântica','Unidade curricular centrada na formação avançada nos domínios das tecnologias
        e gestão de conhecimento em ambientes Web, complementando a formação, nos mesmos domínios, obtida na licenciatura e
        em disciplinas do primeiro semestre do mestrado.');    
   
-- Aveiro 5th year 

INSERT INTO DegreeClasses(id, year, semester, ects , isOptional, degree) VALUES (271, 5, 1, 6, FALSE, 4);
INSERT INTO DegreeClassTranslations(degreeClass, language, name, description) VALUES  (271, 'PT_PT', 'Seminário','A cadeira de seminário pretende familiarizar o aluno com o ambiente
        de investigação e desenvolvimento em geral, e com os mais recentes avanços na área de especialização quer
        ao nível de I and D quer ao nível das empresas, assim como abordar competências transversais ao nível da
        organização da investigação e escrita de artigos e teses, técnicas bibliográficas, apresentação e
        comunicação, ética e deontologia profissional, empreendedorismo, etc.');

INSERT INTO DegreeClasses(id, year, semester, ects , isOptional, degree) VALUES (272, 5, 1, 6, TRUE, 4);
INSERT INTO DegreeClassTranslations(degreeClass, language, name, description) VALUES  (272, 'PT_PT', 'Avaliação e Gestão de Projectos','A gestão de projectos é uma ciência bem desenvolvida e aceite tanto no meio
        profissional como académico. Inúmeros métodos, técnicas e ferramentas têm sido desenvolvidos, para cobrir todos os
        aspectos da gestão de projectos, nomeadamente, a avaliação da mesma.\n
        No entanto, a Avaliação e Gestão de Projectos continua a ser uma área problemática, ou seja, não tem sido vista como
        um processo organizacional, a despeito de existir a visão de que todas as Organizações necessitariam de realizar
        projectos internamente para assegurarem e/ou minimizarem o risco nas suas actividades principais, e por tal,
        criar competências internas para executar os seus projectos.\n
        Esta disciplina visa fornecer conhecimentos teóricos necessários à gestão de projectos ao nível Organizacional
        e os conhecimentos práticos das ferramentas de planeamento, avaliação e controlo de custos, prazos,
        recursos materiais, humanos e financeiros.\n
        A metodologia permitirá a implementação de um conjunto de boas práticas de Avaliação e Gestão de
        Projectos nas suas diferentes fases.');

INSERT INTO DegreeClasses(id, year, semester, ects , isOptional, degree) VALUES (273, 5, 1, 6, TRUE, 4);
INSERT INTO DegreeClassTranslations(degreeClass, language, name, description) VALUES  (273, 'PT_PT', 'Computação Móvel, Ubiqua e Pervasiva','Fornecer uma visão global dos aspectos fundamentais que norteiam o
        desenvolvimento de soluções e aplicações moveis, ubíquas e pervasivas. Apresentar os conceitos e tecnologias que
        norteiam o estado da arte. Deve ser capaz de compreender e discutir, protocolos e tecnologias de rede apropriadas
        à utilização em ambientes de computação ubíqua e pervasivo. Ser capaz de projectar e desenvolver aplicações e
        serviços ubíquos e pervasivos.');

INSERT INTO DegreeClasses(id, year, semester, ects , isOptional, degree) VALUES (274, 5, 1, 6, TRUE, 4);
INSERT INTO DegreeClassTranslations(degreeClass, language, name, description) VALUES  (274, 'PT_PT', 'Computação Quântica','A Computação Quântica é uma área recente em franco desenvolvimento,
        visando na sua componente prática a construção de computadores quânticos.
        Neste curso introdutório, os alunos poderão adquirir os fundamentos matemáticos básicos subjacentes ao
        modelo de computação quântica, a par com a compreensão global dos mais proeminentes algoritmos desenvolvidos
        até ao momento e suas implicações');

INSERT INTO DegreeClasses(id, year, semester, ects , isOptional, degree) VALUES (275, 5, 1, 6, TRUE, 4);
INSERT INTO DegreeClassTranslations(degreeClass, language, name, description) VALUES  (275, 'PT_PT', 'Computação Visual','A disciplina de Computação Visual visa dotar os alunos com conhecimentos
        fundamentais associados aos algoritmos e operações nucleares dos processos de Síntese e de Análise de Imagens,
        através uma selecção apropriada de tópicos das áreas de Computação Gráfica e Processamento de Imagem.');

INSERT INTO DegreeClasses(id, year, semester, ects , isOptional, degree) VALUES (276, 5, 2, 6, TRUE, 4);
INSERT INTO DegreeClassTranslations(degreeClass, language, name, description) VALUES  (276, 'PT_PT', 'Empreendedorismo','Objectivos para esta UC:\n
        - Apresentar a evolução histórica, as teorias e o processo do empreendedorismo no Mundo e, em particular, o empreendedorismo em Portugal;\n
        - Fornecer um conjunto de técnicas utilizadas para formular, implementar e gerir uma ideia de negócio;\n
        - Proporcionar meios e caminhos para as análises teóricas e práticas dos ambientes interno e externos às organizações;\n
        - Estimular a atitude empreendedora do aluno e no aluno;\n
        - Incentivar a compreensão do processo de detecção e de análise das oportunidades de negócios;\n
        - Fornecer ferramentas para as análises da plausibilidade e da viabilidade económica e financeira de um negócio.');

INSERT INTO DegreeClasses(id, year, semester, ects , isOptional, degree) VALUES (277, 5, 2, 6, TRUE, 4);
INSERT INTO DegreeClassTranslations(degreeClass, language, name, description) VALUES  (277, 'PT_PT', 'Engenharia de Serviços','Fornecer uma visão global dos aspectos fundamentais que norteiam o desenvolvimento de
        arquitecturas de serviço em telecomunicações. Apresentar arquitecturas de desenvolvimento de software e serviços em redes avançadas.');

INSERT INTO DegreeClasses(id, year, semester, ects , isOptional, degree) VALUES (278, 5, 1, 6, TRUE, 4);
INSERT INTO DegreeClassTranslations(degreeClass, language, name, description) VALUES  (278, 'PT_PT', 'Estratégia e Competitividade','Os objectivos da unidade curricular são:\n
        - Fornecer aos discentes um conjunto de elementos que lhes permitam, utilizando uma lógica de raciocínio própria
        das ciências empresariais, compreender e interpretar o funcionamento das organizações, sejam públicas,
        privadas ou para-públicas, numa óptica estratégica;\n
        - Proporcionar aos discentes uma perspectiva técnica e científica da estratégia e competitividade,
        tanto a nível de planeamento como a nível de implementação;\n
        - Adquirir um corpo básico de conhecimentos, de forma a permitir a sua aplicação no contexto
        empresarial no que concerne a tomadas de decisões estratégicas;\n
        - Desenvolver competências de pesquisa bibliográfica e de campo, de trabalho em grupo e de
        apresentação oral e escrita científica.\n
        - Reconhecer a necessidade de adaptação contínua ao meio em que a empresa se insere,
        nomeadamente tendo em consideração o relacionamento bi-direccional empresa-meio ambiente.');

INSERT INTO DegreeClasses(id, year, semester, ects , isOptional, degree) VALUES (279, 5, 1, 6, TRUE, 4);
INSERT INTO DegreeClassTranslations(degreeClass, language, name, description) VALUES  (279, 'PT_PT', 'Geometria Computacional','O objectivo desta disciplina é desenvolver algoritmos e estruturas de dados
        eficientes que serão aplicados na resolução de problemas de optimização em termos de objectos geométricos elementares.');

INSERT INTO DegreeClasses(id, year, semester, ects , isOptional, degree) VALUES (280, 5, 1, 6, TRUE, 4);
INSERT INTO DegreeClassTranslations(degreeClass, language, name, description) VALUES  (280, 'PT_PT', 'Gestão da Qualidade em Serviços','Os objectivos específicos da unidade curricular são os seguintes:
        - Desenvolver os elementos fundamentais da gestão de qualidade em serviços;\n
        - Abordar diferentes modelos de avaliação da qualidade dos serviços;\n
        - Aprofundar o papel do cliente na definição de requisitos dos serviços;\n
        - Discutir metodologias de projecto e definição dos padrões dos serviços;\n
        - Detalhar estratégias e ferramentas para a prestação de serviços de qualidade;\n
        - Examinar os mecanismos de gestão das promessas de serviço.');

INSERT INTO DegreeClasses(id, year, semester, ects , isOptional, degree) VALUES (281, 5, 1, 6, TRUE, 4);
INSERT INTO DegreeClassTranslations(degreeClass, language, name, description) VALUES  (281, 'PT_PT', 'Gestão de Dados e de Informação','Estudar conceitos essenciais relativos aos dados semi-estruturados e tipos de dados complexos.
        Estudar as mais recentes tecnologias e normas relacionadas com este tipo de dados.
        Aplicar os conceitos estudados a cenários reais e utilizar as tecnologias e normas no desenvolvimento de soluções
        informáticas que facilitem a criação, manipulação, pesquisa e recuperação no âmbito deste tipo de dados e informação.');

INSERT INTO DegreeClasses(id, year, semester, ects , isOptional, degree) VALUES (282, 5, 1, 6, TRUE, 4);
INSERT INTO DegreeClassTranslations(degreeClass, language, name, description) VALUES  (282, 'PT_PT', 'Modelos e Processos de Negócio Nas Organizações','Os objectivos desta UC são:
        estudar modelos e processos de negócio, do planeamento e desenho à implementação e controlo,que permitam à organização uma posição sustentada no mercado;\n
        introduzir metodologias e ferramentas que permitam arquitectar e desenhar o modelo de negócio e inventariar, analisar, representar e automatizar os processos;\n
        estudar e desenvolver novas formas de negócio implementadas com recurso à Internet;\n
        estudar e desenvolver formas de integração intra e interorganizacional, recorrendo a perspectivas, ferramentas e competências multidisciplinares.');

INSERT INTO DegreeClasses(id, year, semester, ects , isOptional, degree) VALUES (283, 5, 1, 6, TRUE, 4);
INSERT INTO DegreeClassTranslations(degreeClass, language, name, description) VALUES  (283, 'PT_PT', 'Programação Concorrente Orientada por Objectos','Domínio de métodos e técnicas avançadas de programação concorrente no
        contexto da programação orientada por objectos em Java');

INSERT INTO DegreeClasses(id, year, semester, ects , isOptional, degree) VALUES (284, 5, 1, 6, TRUE, 4);
INSERT INTO DegreeClassTranslations(degreeClass, language, name, description) VALUES  (284, 'PT_PT', 'Programação Web Avançada','Objectivos da unidade curricular e conhecimentos, capacidades e competências a adquirir:\n
        - Aprender as diferenças entre CMS, ERP e CRM.\n
        - Compreender os diferentes requisitos associados a cada sistema, sabendo avaliar de forma cabal a necessidade,
        validade e exequibilidade destes no decurso de exigências associadas a determinados processos de negócio.\n
        - Aprender a analisar componentes integráveis nos diversos CMSs.\n
        - Aprender a especificar, implementar e testar componentes integráveis num CMS.');

INSERT INTO DegreeClasses(id, year, semester, ects , isOptional, degree) VALUES (285, 5, 1, 6, TRUE, 4);
INSERT INTO DegreeClassTranslations(degreeClass, language, name, description) VALUES  (285, 'PT_PT', 'Realidade Virtual e Aumentada','Esta é uma disciplina introdutória às áreas da Realidade Virtual e Aumentada em que se pretende introduzir
        conceitos básicos, métodos e ferramentas que permitam aos alunos projectar, avaliar e desenvolver aplicações simples.\n
        Os objectivos principais são:\n
        - Definir e dar uma panorâmica das aplicações da Realidade Virtual e Aumentada;\n
        - Introduzir ideias, métodos e ferramentas para o projecto, implementação e avaliação de sistemas de Realidade Virtual e Aumentada.\n
        - Pretende-se também promover capacidades gerais importantes, como o pensamento crítico, capacidade de trabalho em
        grupo e capacidades de comunicação oral e por escrito.');

INSERT INTO DegreeClasses(id, year, semester, ects , isOptional, degree) VALUES (286, 5, 1, 6, TRUE, 4);
INSERT INTO DegreeClassTranslations(degreeClass, language, name, description) VALUES  (286, 'PT_PT', 'Redes e Serviços em Imagiologia','Introduzir o conceito genérico de PACS\n
        Abordar do ponto de vista sistémico as principais modalidades de imagem médica\n
        Estudar as principais estratégias de arquivo de transmissão de imagem\n
        Abordar questões de gestão e controlo de qualidade em ambientes RIS/PACS\n
        Envolver os alunos em pequenos projectos de desenvolvimento relacionado com o universo PACS/DICOM');

INSERT INTO DegreeClasses(id, year, semester, ects , isOptional, degree) VALUES (287, 5, 1, 6, TRUE, 4);
INSERT INTO DegreeClassTranslations(degreeClass, language, name, description) VALUES  (287, 'PT_PT', 'Robótica Móvel e Inteligente','Pretende-se nesta disciplina fornecer aos alunos uma formação abrangente
        na área da robótica móvel inteligente, focando temas essenciais no desenvolvimento de um robô autónomo e móvel.');

INSERT INTO DegreeClasses(id, year, semester, ects , isOptional, degree) VALUES (288, 5, 1, 6, TRUE, 4);
INSERT INTO DegreeClassTranslations(degreeClass, language, name, description) VALUES  (288, 'PT_PT', 'Segurança','O objectivo geral desta disciplina é apresentar e descrever os principais conceitos
        fundamentais da segurança em sistemas computacionais. Como muitas das soluções de segurança recorrem à aplicação de técnicas
        criptográficas, nesta cadeira faz-se também uma introdução à criptografia e à criptanálise. A segurança é abordada em diversos
        contextos, como o dos programas, dos sistemas operativos, das máquinas virtuais e das bases de dados.');

INSERT INTO DegreeClasses(id, year, semester, ects , isOptional, degree) VALUES (289, 5, 1, 6, TRUE, 4);
INSERT INTO DegreeClassTranslations(degreeClass, language, name, description) VALUES  (289, 'PT_PT', 'Segurança e Gestão de Risco','Aprender a projectar e orientar o desenvolvimento de uma política de segurança na organização\n
        Aprender a determinar estratégias adequadas para assegurar confidencialidade, integridade e disponibilidade da informação\n
        Aprender a aplicar técnicas de gestão de risco de modo a melhor gerir riscos, reduzir vulnerabilidades, ameaças e aplicar garantias/controlos adequados.');

INSERT INTO DegreeClasses(id, year, semester, ects , isOptional, degree) VALUES (290, 5, 2, 42, FALSE, 4);
INSERT INTO DegreeClassTranslations(degreeClass, language, name, description) VALUES  (290, 'PT_PT', 'Dissertação/Projecto/Estágio','Esta é uma unidade curricular integradora onde os alunos devem demonstrar que têm as
        competências e os conhecimentos necessários para obter o grau de Mestre em Engenharia Informática. Os objectivos são os seguintes:\n
        - Aprofundar as capacidades de organização, planificação e gestão do tempo.
        - Ser capaz de trabalhar de forma autónoma, agir com iniciativa e tomar decisões tendo em vista a
        concretização dos objectivos definidos no plano de trabalhos.
        - Ser capaz de aplicar conhecimentos técnicos e metodológicos adquiridos no curso, e de resolver problemas
        em situações novas e não familiares, bem como em contextos alargados e multidisciplinares.
        - Ser capaz de apresentar resultados de forma concisa, estruturada e com rigor académico e científico.
        - Promover o raciocínio crítico e o desenvolvimento da autocrítica.');
       
-- UMinho 1st year

INSERT INTO DegreeClasses(id, year, semester, ects , isOptional, degree) VALUES (291, 1, 1, 5, FALSE, 5);
INSERT INTO DegreeClassTranslations(degreeClass, language, name, description) VALUES  (291, 'PT_PT', 'Álgebra Linear','Pretende-se que o estudante adquira:\n
        - conhecimentos básicos de Álgebra Linear;\n
        - capacidade de aplicar os conhecimentos adquiridos em diversos contextos;\n
        - aptidões de cálculo e raciocínio matemáticos de modo a construir argumentos rigorosos;\n
        - capacidade de comunicar, por escrito e oralmente, em linguagem matemática;\n
        - capacidade de trabalhar em grupo;\n
        - capacidade de aprender de modo autónomo.');

INSERT INTO DegreeClasses(id, year, semester, ects , isOptional, degree) VALUES (292, 1, 1, 5, FALSE, 5);
INSERT INTO DegreeClassTranslations(degreeClass, language, name, description) VALUES  (292, 'PT_PT', 'Cálculo','No final do semestre os alunos deverão ser capazes de:\n
        - aplicar resultados de continuidade e diferenciabilidade ao estudo das propriedades e ao esboço dos
        gráficos de funções reais de variável real;\n
        - calcular primitivas de funções aplicando as técnicas apresentadas;\n
        - aplicar o conceito de integral ao áreas e de comprimento de curvas. Reconhecer e calcular
        integrais impróprios;\n
        - interpretar e aplicar critérios de convergência de séries numéricas;\n
        - analisar em que condições uma série de potências define uma função e estabelecer algumas das suas
        propriedades.');

INSERT INTO DegreeClasses(id, year, semester, ects , isOptional, degree) VALUES (293, 1, 1, 5, FALSE, 5);
INSERT INTO DegreeClassTranslations(degreeClass, language, name, description) VALUES  (293, 'PT_PT', 'Tópicos de Matemática Discreta','Transmissão de conhecimentos específicos: cálculo proposicional, indução nos naturais, teoria de
        conjuntos, relações binárias, conjuntos finitos e infinitos.
        Contribuição para a aquisição de um conjunto de competências:\n
        - capacidade de assimilar informação e de a comunicar;\n
        - capacidade de construir argumentos rigorosos, recorrendo ao raciocínio matemático;\n
        - capacidade de expressão escrita e oral;\n
        - capacidade de aprendizagem independente.');

INSERT INTO DegreeClasses(id, year, semester, ects , isOptional, degree) VALUES (294, 1, 1, 5, FALSE, 5);
INSERT INTO DegreeClassTranslations(degreeClass, language, name, description) VALUES  (294, 'PT_PT', 'Programação Funcional','No final desta unidade curricular o aluno deverá ser
        capaz de programar dentro do paradigma funcional, tendo por base a linguagem Haskell. Nomeadamente:\n
        - Escrever programas em Haskell.\n
        - Definir tipos indutivos e codificar funções recursivas.\n
        - Definir tipos algébricos para modelar problemas, e programar com esses tipos.\n
        - Compreender a noção de tipo principal e de polimorfismo.\n
        - Usar funções de ordem superior.');

INSERT INTO DegreeClasses(id, year, semester, ects , isOptional, degree) VALUES (295, 1, 1, 5, FALSE, 5);
INSERT INTO DegreeClassTranslations(degreeClass, language, name, description) VALUES  (295, 'PT_PT', 'Elementos de Engenharia de Sistemas','O principal objectivo desta UC é introduzir a área a
        Engenharia de Sistemas através da sua caracterização, metodologia e ferramentas representativas.
        Dentro destas últimas são abordados modelos de simulação, de filas de espera e de optimização de
        sistemas em rede. Os resultados de aprendizagem são:\n
        - Identificar sistemas onde modelos de simulação, filas de espera e de optimização,
        podem ser utilizados na definição da sua configuração ou no melhoramento do seu desempenho.\n
        - Obter e interpretar as principais medidas de desempenho de um sistema de filas de espera
        de Markov dadas as taxas de chegada e de serviço.\n
        - Utilizar modelos de rede para representar e optimizar problemas reais.\n
        - Obter soluções óptimas através da utilização de software em modelos referidos
        no ponto anterior.\n
        - Obter soluções aproximadas através da aplicação manual de algoritmos adequados
        em problemas de redes de pequena dimensão.');

INSERT INTO DegreeClasses(id, year, semester, ects , isOptional, degree) VALUES (296, 1, 1, 5, FALSE, 5);
INSERT INTO DegreeClassTranslations(degreeClass, language, name, description) VALUES  (296, 'PT_PT', 'Laboratórios de Informática I','Aprendizagem prática de conceitos básicos de programação.
        Ciclo edição/compilação/teste. Programação na shell de um sistema operativo. Contacto com um sistema
        para produção de documentação de qualidade. Prática em desenvolvimento de projectos de software em grupo.');

INSERT INTO DegreeClasses(id, year, semester, ects , isOptional, degree) VALUES (297, 1, 2, 5, FALSE, 5);
INSERT INTO DegreeClassTranslations(degreeClass, language, name, description) VALUES  (297, 'PT_PT', 'Sistemas de Computação','Ao completar com sucesso a UC cada estudante deverá demonstrar que
        adquiriu os seguintes conhecimentos, capacidades e aptidões:\n
        - reconhecer e discutir a organização e arquitectura dum computador e sua evolução;\n
        - reconhecer e interpretar as principais características da arquitectura de um instraction set;\n
        - examinar e modificar a funcionalidade de programas imperativos (tipo C), com recurso ao assembly e
        linguagem máquina;\n
        - aplicar e experimentar técnicas com impacto no desempenho na execução de código;\n
        - utilizar e analisar ferramentas de compilação de programas, e análise e teste de
        baixo nível de código (em Unix/Linux);\n
        - aptidões transversais, nomeadamente a capacidade de raciocínio na resolução de problemas
        e a capacidade de comunicação escrita e oral.');

INSERT INTO DegreeClasses(id, year, semester, ects , isOptional, degree) VALUES (298, 1, 2, 5, FALSE, 5);
INSERT INTO DegreeClassTranslations(degreeClass, language, name, description) VALUES  (298, 'PT_PT', 'Análise','No final do semestre os alunos deverão ser capazes de:\n
        - interpretar as noções de continuidade, de derivabilidade direcional e global;\n
        - determinar e classificar extremos livres e condicionados de funções reais de várias variáveis reais;\n
        - interpretar a noção de integrabilidade de uma função real sobre um subconjunto de R^n;\n
        - calcular e interpretar integrais múltiplos, de linha e de superfície.');

INSERT INTO DegreeClasses(id, year, semester, ects , isOptional, degree) VALUES (299, 1, 2, 5, FALSE, 5);
INSERT INTO DegreeClassTranslations(degreeClass, language, name, description) VALUES  (299, 'PT_PT', 'Tópicos de Física Moderna','Conhecer a relatividade de Einstein aplicando-a a problemas concretos.
        Descrever matematicamente ondas mecânicas e ondas eletromagnéticas e aplicar os conceitos de reflexão,
        refracção, polarização, interferência e difracção da radiação electromagnética.
        Reconhecer a natureza corpuscular da radiação e a existência de níveis de energia discretos na matéria.
        Conhecer e aplicar os diversos modelos atómicos.
        Reconhecer o dualismo onda-corpúsculo quer para a radiação quer para as partículas.
        Interpretar o princípio de incerteza de Heisenberg e os fundamentos da Física Quântica interpretando a
        equação de Schrodinger.
        Compreender os fundamentos da estrutura atómica e molecular à luz da Mecânica Quântica.
        Conhecer a estrutura nuclear e aplicar os conceitos associados à radioactividade.
        Compreender os efeitos nocivos da radiação ionizante.
        Adquirir conhecimentos básicos sobre as partículas elementares e as interações fundamentais na
        natureza. Interpretar o modelo padrão.');

INSERT INTO DegreeClasses(id, year, semester, ects , isOptional, degree) VALUES (300, 1, 2, 5, FALSE, 5);
INSERT INTO DegreeClassTranslations(degreeClass, language, name, description) VALUES  (300, 'PT_PT', 'Lógica','No final do semestre o aluno deve ter capacidade para:\n
        1) definir funções por recursão estrutural e fazer demonstrações por indução estrutural;\n
        2) manipular a sintaxe formal do Cálculo Proposicional e do Predicados de 1ª Ordem da Lógica Clássica;\n
        3) usar fórmulas da Lógica de 1ª Ordem para representar frases em linguagem natural;\n
        4) dar significado a fórmulas e decidir o seu valor lógico, no contexto de uma interpretação;\n
        5) compreender e construir demonstrações formais em dedução natural;\n
        6) conhecer algumas das consequências dos Teoremas da Correcção e da Completude.');

INSERT INTO DegreeClasses(id, year, semester, ects , isOptional, degree) VALUES (301, 1, 2, 5, FALSE, 5);
INSERT INTO DegreeClassTranslations(degreeClass, language, name, description) VALUES  (301, 'PT_PT', 'Programação Imperativa','No fim da disciplina, o aluno deverá ser capaz de: \n
        - bresolver problemas decompondo-os em problemas mais pequenos e especificando algoritmos para cada um destes;\n
        - resolver problemas envolvendo cálculo numérico, manipulação de strings, manipulação de ficheiros,
        armazenamento de informação e processamento de estruturas de dados (listas e árvores binárias);\n
        - codificar qualquer algoritmo na linguagem de programação C.');

INSERT INTO DegreeClasses(id, year, semester, ects , isOptional, degree) VALUES (302, 1, 2, 5, FALSE, 5);
INSERT INTO DegreeClassTranslations(degreeClass, language, name, description) VALUES  (302, 'PT_PT', 'Laboratórios de Informática II','O conhecimento e a capacidade de codificar algoritmos e estruturas de
        dados numa linguagem de programação imperativa:\n
        - a capacidade de gerar, executar e testar programas codificados em C, usando um conjunto adequado de utilitários\n
        - o conhecimento e a capacidade de analisar a execução de programas numa dada arquitectura, e as aptidões de
        desenvolver e aplicar testes de conformidade em situações de fronteira\n
        - a aptidão para analisar código em assembly e utilizar ferramentas de depuração de programas\n
        - as capacidades e aptidões para descrever, aplicar e avaliar técnicas de optimização de desempenho\n
        - a capacidade trabalhar em equipa e de desenvolver algoritmos para resolver problemas.');

-- UMinho 2nd year

INSERT INTO DegreeClasses(id, year, semester, ects , isOptional, degree) VALUES (303, 2, 1, 5, FALSE, 5);
INSERT INTO DegreeClassTranslations(degreeClass, language, name, description) VALUES  (303, 'PT_PT', 'Introdução aos Sistemas Dinâmicos','1. Descrever técnicas de integração e exemplificar aplicações de equações diferenciais ordinárias.\n
        2. Analisar qualitativamente sistemas de EDOs não-lineares.\n
        3. Aplicar ferramentas computacionais no contexto da unidade curricular.\n
        4. Descrever técnicas de integração e aplicações de equações diferenciais de derivadas parciais.</string>
    <string name="um_class_dynamic_sys_topic1">Equações diferenciais ordinárias');

INSERT INTO DegreeClasses(id, year, semester, ects , isOptional, degree) VALUES (304, 2, 1, 5, FALSE, 5);
INSERT INTO DegreeClassTranslations(degreeClass, language, name, description) VALUES  (304, 'PT_PT', 'Estatística Aplicada','Aprendizagem de metodologia associada à recolha e análise de dados em estatística. Os objectivos
        expressos em resultados de aprendizagem podem ser descritos da seguinte forma:\n
        - Resumir e descrever conjuntos de dados.\n
        - Seleccionar uma amostra representativa.\n
        - Interpretar dados de natureza qualitativa e quantitativa.\n
        - Calcular probabilidades e determinar funções de probabilidade.\n
        - Formular e testar hipóteses.\n
        - Usar software específico (SPSS).');

INSERT INTO DegreeClasses(id, year, semester, ects , isOptional, degree) VALUES (305, 2, 1, 5, FALSE, 5);
INSERT INTO DegreeClassTranslations(degreeClass, language, name, description) VALUES  (305, 'PT_PT', 'Engenharia Económica','O objectivo principal desta UC é proporcionar aos alunos
        conhecimentos essenciais de economia e gestão que lhes permitam uma correta tomada de decisão em ambiente empresarial. Os resultados esperados de
        aprendizagem são os seguintes:\n
        - Compreender o funcionamento de uma economia \n
        - Caracterizar as funções gerais de gestão de uma empresa\n
        - Explicar os comportamentos dos agentes económicos e suas inter-relações nos mercados\n
        - Explicar o funcionamento de diferentes estruturas de mercado \n
        - Avaliar aspectos económicos na perspectiva da decisão\n
        - Adquirir conhecimentos básicos de natureza financeira \n
        - Aplicar conhecimentos matemáticos e de natureza financeira para descrever e analisar projectos de investimento.\n
        - Aplicar ferramentas de análise económica.');

INSERT INTO DegreeClasses(id, year, semester, ects , isOptional, degree) VALUES (306, 2, 1, 5, FALSE, 5);
INSERT INTO DegreeClassTranslations(degreeClass, language, name, description) VALUES  (306, 'PT_PT', 'Arquitectura de Computadores','Identificar e caracterizar as métricas relativas ao
        desempenho da execução de programas e a sua relação com a codificação de programas em linguagens de alto nível\n
        Identificar o impacto da hierarquia de memória no desempenho de programas escritos em linguagens de alto nível \n
        Caracterizar limitações inerentes ao encadeamento de instruções (dependências) e conceber potenciais soluções\n
        Analisar e justificar o impacto de múltiplas unidades funcionais no desempenho da máquina\n
        Descrever, aplicar e avaliar técnicas de optimização do desempenho\n
        Identificar as oportunidades de exploração de processamento paralelo e caracterizar as limitações inerentes ao processamento paralelo');

INSERT INTO DegreeClasses(id, year, semester, ects , isOptional, degree) VALUES (307, 2, 1, 5, FALSE, 5);
INSERT INTO DegreeClassTranslations(degreeClass, language, name, description) VALUES  (307, 'PT_PT', 'Comunicação de Dados','Definir, discutir e relacionar os conceitos teóricos básicos
        relacionados com os processos de comunicação de dados e tecnologias de telecomunicações;\n
        Explicar os componentes fundamentais dum sistema de comunicações digital ou analógico; \n
        Compreender e relacionar diversos conceitos da área da Teoria da Informação
        no contexto dos processos de codificação e comunicação de dados; \n
        Listar e discutir as principais limitações dos sistemas de transmissão;\n
        Compreender os mecanismos básicos de multiplexagem subjacentes aos sistemas de telecomunicações/transmissão actuais; \n
        Capacidade de compreender e analisar a representação no domínio das frequências
        (espectro) de sinais analógicos e digitais; \n
        Compreender os conceitos subjacentes aos principais algoritmos,técnicas e ferramentas
        relacionadas com a digitalização e processamento de sinais multimédia; \n
        Compreender as técnicas e a teorias de suporte que permitem a detecção e correcção
        de erros nas comunicações digitais.');

INSERT INTO DegreeClasses(id, year, semester, ects , isOptional, degree) VALUES (308, 2, 1, 5, FALSE, 5);
INSERT INTO DegreeClassTranslations(degreeClass, language, name, description) VALUES  (308, 'PT_PT', 'Algoritmos e Complexidade','O objectivo principal da UC de Algoritmos e Complexidade é
        a introdução de técnicas para o desenho e análise de algoritmos.Resultados de aprendizagem:\n
        1. Avaliar a correcção de um algoritmo\n
        2. Determinar a complexidade assimptótica de um algoritmo iterativo ou recursivo.\n
        3. Reconhecer e utilizar estratégias algorítmicas fundamentais.\n
        4. Utilizar estruturas de dados fundamentais (em particular implementações de funções finitas e grafos), e
        utilizar algoritmos sobre elas.\n
        5. Reconhecer problemas NP-completos e alguns algoritmos aproximados para a sua resolução.');

INSERT INTO DegreeClasses(id, year, semester, ects , isOptional, degree) VALUES (309, 2, 2, 5, FALSE, 5);
INSERT INTO DegreeClassTranslations(degreeClass, language, name, description) VALUES  (309, 'PT_PT', 'Sistemas Operativos','Num sentido lato, o objectivo da unidade curricular é ajudar a ter uma visão coerente e integrada de como
        funcionam os sistemas informáticos: o que é, em termos físicos, uma aplicação informática, que recursos
        necessita, como interage com outras e com o sistema operativo, que políticas de gestão são mais
        adequadas a cada tipo de carga e respectivos custos de implementação, razões para o sistema estar lento,
        que atitudes tomar, etc.');

INSERT INTO DegreeClasses(id, year, semester, ects , isOptional, degree) VALUES (310, 2, 2, 5, FALSE, 5);
INSERT INTO DegreeClassTranslations(degreeClass, language, name, description) VALUES  (310, 'PT_PT', 'Programação Orientada aos Objectos','Compreender os conceitos fundamentais da PPO (Objectos, Classes, Herança e Polimorfismo;\n
        - analisar e ilustrar a estruturação de um domínio em classes;\n
        - construir hierarquias de classes utilizando as noções de classe abstracta, tipo abstracto de dados e polimorfismo;\n
        - compreender a importância das classes abstractas e herança na concepção de um sistema em POO;\n
        - utilizar linguagens de programação por objectos para construção de programas de média escala, seguros, robustos e extensíveis.');

INSERT INTO DegreeClasses(id, year, semester, ects , isOptional, degree) VALUES (311, 2, 2, 5, FALSE, 5);
INSERT INTO DegreeClassTranslations(degreeClass, language, name, description) VALUES  (311, 'PT_PT', 'Electromagnetismo','1. Calcular o campo eléctrico para distribuições discretas e contínuas de carga.\n
        Usar a lei de Gauss para o cálculo do campo eléctricos.\n
        2. Aplicar o conceito de potencial eléctrico a distribuições discretas e contínuas de carga.\n
        3. Compreender e usar o conceito de capacidade e de força electromotriz\n
        4.) Descrever o movimento de cargas eléctricas na presença de campos magnéticos\n
        5.) Conhecer as fontes de campo magnético. Calcular o campo magnético de alguns sistemas simples\n
        6.) Conhecer e aplicar o conceito de indução magnética e de indutância.');

INSERT INTO DegreeClasses(id, year, semester, ects , isOptional, degree) VALUES (312, 2, 2, 5, FALSE, 5);
INSERT INTO DegreeClassTranslations(degreeClass, language, name, description) VALUES  (312, 'PT_PT', 'Opcional','A Opção UMinho será escolhida pelos alunos entre um conjunto de UCs que todos os anos será disponibilizado ao nível da Universidade');

INSERT INTO DegreeClasses(id, year, semester, ects , isOptional, degree) VALUES (313, 2, 2, 5, FALSE, 5);
INSERT INTO DegreeClassTranslations(degreeClass, language, name, description) VALUES  (313, 'PT_PT', 'Programas','(i) Construção de programas: escrever programas funcionais de forma
        composicional, com recurso a combinadores algébricos.\n
        (ii) Transformação de programas: recurso à algebra da programação para se obterem programas mais
        eficientes sem comprometer as sua correcção.\n
        (iii) Análise e compreensão de programas: recurso à factorização em pares "fold" + "unfold" (hilomorfismos)
        como forma de se perceber a arquitectura dos algoritmos e sua catalogação.\n
        (iv) Síntese de programas: ciclos-for a partir de definições indutivas.\n
        (v) Programação funcional avançada: construir e raciocinar sobre programas funcionais com efeitos sob a forma de mónades.');

INSERT INTO DegreeClasses(id, year, semester, ects , isOptional, degree) VALUES (314, 2, 2, 5, FALSE, 5);
INSERT INTO DegreeClassTranslations(degreeClass, language, name, description) VALUES  (314, 'PT_PT', 'Laboratórios de Informática III','Conhecer os princípios fundamentais da Engenharia de Software, designadamente modularidade,
        reutilização, encapsulamento e abstracção de dados, e saber implementá-los em diferentes linguagens de
        implementação (C - 1º projecto e Java 2º projecto);\n
        - Complementar experimentalmente os conhecimentos adquiridos nas Unidades Curriculares de
        Algoritmos e Complexidade e Programação Orientada aos Objectos;\n
        - Desenhar e codificar dois projectos de média dimensão, a serem entregues e avaliados em várias fases. 1º
        projecto Linguagem C Conceitos envolvidos: modularidade, reutilização, grafos, árvores, manipulação de
        ficheiros.
        2º projecto Linguagem Java Conceitos envolvidos: manipulação de colecções Java, medição de
        tempos de operações sobre colecções, construção de interfaces com utilizador (padrão MVC), exploração
        dos componentes Swing.');

-- UMinho 3rd year

INSERT INTO DegreeClasses(id, year, semester, ects , isOptional, degree) VALUES (315, 3, 1, 5, FALSE, 5);
INSERT INTO DegreeClassTranslations(degreeClass, language, name, description) VALUES  (315, 'PT_PT', 'Bases de Dados','1) Distinguir dados, informação e conhecimento.\n
        2) Compreender e aplicar as formas normais e definir conceptualmente o modelo de dados para um
        problema específico.\n
        3) Escrever interrogações de bases de dados relacionais usando a álgebra relacional\n
        4) Utilizar a linguagem SQL para administrar, manter e interrogar bases de dados relacionais.\n
        5) Desenvolver aplicações informáticas que operem sobre bases de dados, incluindo aplicações baseadas
        na Web.');

INSERT INTO DegreeClasses(id, year, semester, ects , isOptional, degree) VALUES (316, 3, 1, 5, FALSE, 5);
INSERT INTO DegreeClassTranslations(degreeClass, language, name, description) VALUES  (316, 'PT_PT', 'Desenvolvimento de Sistemas Software','Os alunos deverão ser capazes de:\n
        - Reconhecer os diferentes tipos de diagramas da UML ;\n
        - Compreender modelos (de requisitos/estruturais/comportamentais) descritos em UML;\n
        - Conceber sistemas de software utilizando UML;\n
        - Implementar sistemas de software a partir de modelos UML.');

INSERT INTO DegreeClasses(id, year, semester, ects , isOptional, degree) VALUES (317, 3, 1, 5, FALSE, 5);
INSERT INTO DegreeClassTranslations(degreeClass, language, name, description) VALUES  (317, 'PT_PT', 'Modelos Determinísticos de Investigação Operacional','Desenvolver a capacidade de resolução de problemas (modelos determinísticos), com ênfase em
        problemas de engenharia de sistemas.\n
        - Conhecer as técnicas e os métodos de Investigação Operacional apresentados na Unidade Curricular, e
        ser capaz de os aplicar na resolução de instâncias de problemas de pequena dimensão.\n
        -  Desenvolver a capacidade de analisar sistemas complexos, de criar modelos para os descrever, de obter
        soluções para esses modelos utilizando programas computacionais adequados, de validar os modelos
        obtidos, de interpretar as soluções obtidas, e de elaborar recomendações para o sistema em análise.\n
        - Compreender a importância da avaliação das soluções, e ser capaz de realizar análises de sensibilidade.');

INSERT INTO DegreeClasses(id, year, semester, ects , isOptional, degree) VALUES (318, 3, 1, 5, FALSE, 5);
INSERT INTO DegreeClassTranslations(degreeClass, language, name, description) VALUES  (318, 'PT_PT', 'Sistemas Distribuídos','a) Conhecer as características, virtudes, limitações e aplicabilidade do modelo de memória partilhada;\n
        b) conhecer e saber analisar os vários problemas decorrentes da programação com processos concorrentes;\n
        c) conhecer e saber aplicar vários tipos de primitivas de controlo de concorrência em sistemas de memória partilhada;\n
        d) Conhecer as características, virtudes, limitações e aplicabilidade dos modelos e arquitecturas de sistemas distribuídos;\n
        f) saber resolver problemas clássicos de coordenação em sistemas distribuídos.');

INSERT INTO DegreeClasses(id, year, semester, ects , isOptional, degree) VALUES (319, 3, 1, 5, FALSE, 5);
INSERT INTO DegreeClassTranslations(degreeClass, language, name, description) VALUES  (319, 'PT_PT', 'Redes de Computadores','Como resultado da aprendizagem, espera-se que os alunos devam ser capazes de:\n
        - Discutir os conceitos fundamentais sobre comunicação de dados, protocolos de comunicação, famílias
        de protocolos e sua arquitectura, incluindo os elementos protocolares mais comuns;\n
        - Analisar e instanciar esses conceitos, em especial, no nível de ligação de dados;\n
        - Ter uma visão global e crítica sobre as redes locais de computadores e do seu funcionamento;\n
        - Explicar em detalhe as principais funções do protocolo IP;\n
        - Saber implementar soluções concretas do estabelecimento de uma rede local IP, planeando também o
        seu esquema de endereçamento e encaminhamento.');

INSERT INTO DegreeClasses(id, year, semester, ects , isOptional, degree) VALUES (325, 3, 1, 5, FALSE, 5);
INSERT INTO DegreeClassTranslations(degreeClass, language, name, description) VALUES  (325, 'PT_PT', 'Métodos Numéricos e Optimização Não Linear','Compreender e utilizar métodos de resolução de equações e sistemas não lineares;\n
        Resolver sistemas de equações lineares por métodos diretos com pivotagem parcial;\n
        Compreender e aplicar estratégias de aproximação de funções;\n
        Descrever e aplicar métodos de integração numérica;\n
        Compreender, escolher e utilizar o método de optimização mais adequado a um problema específico;\n
        Utilizar os métodos numéricos em problemas de Engenharia Informática;\n
        Utilizar software específico (MATLAB) na resolução de problemas.');

INSERT INTO DegreeClasses(id, year, semester, ects , isOptional, degree) VALUES (326, 3, 2, 5, FALSE, 5);
INSERT INTO DegreeClassTranslations(degreeClass, language, name, description) VALUES  (326, 'PT_PT', 'Sistemas de Representação de Conhecimento e Raciocínio','As matérias que são objecto de tratamento na unidade curricular emanam da área de conhecimento que,
        em larga medida, se situa na intersecção das áreas científicas da Inteligência Artificial, das Bases de
        Dados e da Lógica Computacional.\n
        (i) É objectivo desta unidade curricular a introdução dos discentes aos paradigmas da representação do
        conhecimento e de raciocínio lógico, e sua aplicação na concepção e implementação de sistemas
        inteligentes ou de apoio à decisão, em que a qualidade da informação e o grau de confiança que é
        depositado na conjugação dos atributos de um predicado ou função lógica é fulcral.\n
        (ii) Compreender a relação entre a complexidade de um modelo representação de conhecimento e as
        formas de raciocínio a ele associadas e o seu desempenho, utilizando esta informação na definição de
        uma estratégia para a sua optimização.');

INSERT INTO DegreeClasses(id, year, semester, ects , isOptional, degree) VALUES (327, 3, 2, 5, FALSE, 5);
INSERT INTO DegreeClassTranslations(degreeClass, language, name, description) VALUES  (327, 'PT_PT', 'Modelos Estocásticos de Investigação Operacional','a) Conhecer as técnicas e os métodos de Investigação Operacional apresentados na UC, e ser capaz de os
        aplicar na resolução de instâncias de problemas de pequena dimensão.\n
        b) Desenvolver a capacidade de resolução de problemas (modelos estocásticos), com ênfase em
        problemas de engenharia de sistemas.\n
        c) Desenvolver a capacidade de analisar sistemas complexos, de criar modelos para os descrever, de
        obter soluções para esses modelos utilizando programas computacionais adequados, de validar os
        modelos obtidos, de interpretar as soluções obtidas, e de elaborar recomendações para o sistema em
        análise.\n
        d) Compreender a importância da avaliação das soluções, e ser capaz de realizar análises de sensibilidade.');

INSERT INTO DegreeClasses(id, year, semester, ects , isOptional, degree) VALUES (328, 3, 2, 5, FALSE, 5);
INSERT INTO DegreeClassTranslations(degreeClass, language, name, description) VALUES  (328, 'PT_PT', 'Computação Gráfica','Os formandos devem desenvolver as seguintes competências com a frequência deste módulo:\n
        - Caracterizar as transformações geométricas e os referencias utilizados na computação gráfica;\n
        - Aplicar transformações para construção de modelos geométricos complexos e posicionamento da câmara;\n
        - Algoritmos de iluminação local e global: Gouraud, Phong, Ray-tracing, Radiosity and Virtual Point Lights;\n
        - Aplicar texturas e definir coordenadas de textura;\n
        - Analisar soluções do ponto de vista do desempenho recorrento a profilers.\n
        - Utilizar apropriadamente soluções de eliminação de geometria, recorrendo a partição espacial.\n
        - Aplicar a Analisar algoritmos para geração de sombras');

INSERT INTO DegreeClasses(id, year, semester, ects , isOptional, degree) VALUES (329, 3, 2, 5, FALSE, 5);
INSERT INTO DegreeClassTranslations(degreeClass, language, name, description) VALUES  (329, 'PT_PT', 'Comunicações por Computador','- Descrever e aplicar os diferentes algoritmos de rotas (LS e DV)\n
        - Discutir diferentes protocolos de encaminhamento unicast\n
        - Planear e implementar solução de interligação intra e inter domínios\n
        - Distinguir os diferentes serviços de transporte\n
        - Configurar soluções de segurança para os níveis de rede e de transporte\n
        - Identificar, classificar e configurar serviços básicos de rede e soluções de gestão de redes\n
        - Descrever o funcionamento das principais aplicações\n
        - Classificar as diferentes aplicações em função dos seus requisitos de QoS');

INSERT INTO DegreeClasses(id, year, semester, ects , isOptional, degree) VALUES (330, 3, 2, 5, FALSE, 5);
INSERT INTO DegreeClassTranslations(degreeClass, language, name, description) VALUES  (330, 'PT_PT', 'Processamento de Linguagens','Competências Genéricas:
        a capacidade de comunicação escrita e oral na apresentação e discussão dos processos usados e
        resultados obtidos;\n
        a capacidade de utilização de ferramentas genéricas de informática em ambiente Linux e de elaboração de
        documentos.');

INSERT INTO DegreeClasses(id, year, semester, ects , isOptional, degree) VALUES (331, 3, 2, 5, FALSE, 5);
INSERT INTO DegreeClassTranslations(degreeClass, language, name, description) VALUES  (331, 'PT_PT', 'Laboratórios de Informática IV','- Fundamentar, projectar e gerir o desenvolvimento de um sistema de software.\n
        - Analisar e especificar de forma completa todos os requisitos operacionais e funcionais de um sistema de software.\n
        - Desenvolver, testar, documentar e instalar sistemas de software.');

-- UMinho 4th year

INSERT INTO DegreeClasses(id, year, semester, ects , isOptional, degree) VALUES (332, 4, 1, 5, TRUE, 5);
INSERT INTO DegreeClassTranslations(degreeClass, language, name, description) VALUES  (332, 'PT_PT', 'Algoritmos para Análise de Sequências Biológicas','O objectivo desta unidade curricular é o de dotar os alunos das capacidades de perceber,
        utilizar e desenvolver algoritmos de processamento e análise de sequências biológicas, utilizando uma linguagem de programação para a sua implementação.');

INSERT INTO DegreeClasses(id, year, semester, ects , isOptional, degree) VALUES (333, 4, 1, 5, TRUE, 5);
INSERT INTO DegreeClassTranslations(degreeClass, language, name, description) VALUES  (333, 'PT_PT', 'Laboratórios de Bioinformática','- Dotar os alunos dos conhecimentos biológicos básicos para
        compreensão dos problemas e ferramentas da Bioinformática\n
        - Promover o conhecimento das principais bases de dados e ferramentas disponíveis na área da Bioinformática\n
        - Promover o desenvolvimento de competências ao nível da utilização avançada de repositórios de software livre
        na área da Bioinformática para construção de pequenos programas para tarafas específicas');

INSERT INTO DegreeClasses(id, year, semester, ects , isOptional, degree) VALUES (334, 4, 2, 5, TRUE, 5);
INSERT INTO DegreeClassTranslations(degreeClass, language, name, description) VALUES  (334, 'PT_PT', 'Algoritmos Avançados de Bioinformática','Promover a aquisição de competências avançadas ao nível da compreensão
        e implementação dos principais algoritmos na área da Bioinformática, incluindo métodos de
        optimização e sua utilização para resolução de problemas biológicos');

INSERT INTO DegreeClasses(id, year, semester, ects , isOptional, degree) VALUES (335, 4, 2, 5, TRUE, 5);
INSERT INTO DegreeClassTranslations(degreeClass, language, name, description) VALUES  (335, 'PT_PT', 'Extracção de Conhecimento de Bases de Dados Biológicas','Promover a aquisição de conhecimentos e competências básicas sobre os processos e
        ferramentas de análise de dados multivariada, mineração de dados  e aprendizagem máquina e suas aplicações na Bioinformática');

INSERT INTO DegreeClasses(id, year, semester, ects , isOptional, degree) VALUES (336, 4, 1, 5, TRUE, 5);
INSERT INTO DegreeClassTranslations(degreeClass, language, name, description) VALUES  (336, 'PT_PT', 'Visualização e Iluminação I','Os formandos devem desenvolver as seguintes competências com a frequência deste módulo:\m
        Caracterizar o pipeline gráfico e o fluxo de dados. Identificar as componentes programáveis e as suas
        potencialidades;\n
        Produzir programas a correr no GPU para obter efeitos gráficos ou processamento de dados ;\n
        Projectar, implementar, e avaliar soluções recorrendo à programação em GPU para problemas na área da
        computação gráfica;\n
        Analisar algoritmos de iluminação local, e efeitos gráficos do ponto de vista da sua adequabilidade à
        utilização de GPUs, e desempenho final.\n
        Adicionalmente, pretende-se desenvolver a seguinte competência transversal:\n
        Exibir uma capacidade de comunicação escrita e oral adequada, promovendo a linguagem como ferramenta
        de expressão e construção de pensamentos, ideias e argumentos próprios, alicerçados no espírito crítico.');

INSERT INTO DegreeClasses(id, year, semester, ects , isOptional, degree) VALUES (337, 4, 1, 5, TRUE, 5);
INSERT INTO DegreeClassTranslations(degreeClass, language, name, description) VALUES  (337, 'PT_PT', 'Visão por computador','Introduzir o estado da arte na tecnologia da imagem médica, fornecendo uma visão global sobre as normas,
        técnicas, equipamentos e aplicações. Promover a análise de casos práticos e simulação de situações de
        ambientes clínicos reais.\n
        Competências:\n
        - Reconhecer e argumentar a importância da utilização de computadores no processamento de informação
        pictórica no contexto médico.\n
        - Evidenciar conhecimento acerca dos conceitos associados aos sistemas de imagem, processamento de
        imagem, visão e modelação por computador em imagem médica.\n
        - Executar as tarefas de desenvolvimento de novos componentes funcionais utilizando as aplicações ImageJ e OsiriX.');

INSERT INTO DegreeClasses(id, year, semester, ects , isOptional, degree) VALUES (338, 4, 2, 5, TRUE, 5);
INSERT INTO DegreeClassTranslations(degreeClass, language, name, description) VALUES  (338, 'PT_PT', 'Visualização e Iluminação II','Os formandos devem desenvolver as seguintes competências com a frequência deste módulo:\n
        - Caracterizar a iluminação global e descrever os vários estágios do processo de síntese e visualização de
        imagens;\n
        - Explicar a equação de rendering e discutir o significado de cada um dos seus factores;\n
        - Relacionar os vários métodos de iluminação global com o modelo geral sustentado pela equação de
        rendering, inferindo quais os fenómenos de iluminação modelados;\n
        - Projectar, implementar e avaliar soluções para novos problemas de iluminação por recombinação de
        soluções conhecidas;\n
        -Reconhecer as limitações funcionais e/ou de desempenho associadas a cada algoritmo de iluminação global.
        Adicionalmente, pretende-se desenvolver a seguinte competência transversal:\n
        - Exibir uma capacidade de comunicação escrita e oral adequada, promovendo a linguagem como ferramenta
        de expressão e construção de pensamentos, ideias e argumentos próprios, alicerçados no espírito crítico.');

INSERT INTO DegreeClasses(id, year, semester, ects , isOptional, degree) VALUES (339, 4, 2, 5, TRUE, 5);
INSERT INTO DegreeClassTranslations(degreeClass, language, name, description) VALUES  (339, 'PT_PT', 'Tecnologias e Aplicações','Este módulo pretende expor os alunos a técnicas avançadas no domínio da
        computação gráfica confrontado-os com aplicações práticas. Pretende-se que os formandos desenvolvam as seguintes competências:\n
        Analisar soluções associadas aos sistemas de imagem, processamento de imagem, visão e modelação por computador em imagem médica,
        nomeadamente utilizando técnicas de aprendizagem profunda;\n
        Criar aplicações de processamento de imagem baseadas em casos concretos, como por exemplo reconhecimento de sinais de trânsito;
        Proectar, implementar e avaliar soluções para geração de imagens baseadas na física do transporte de luz;\n
        Projectar, implementar e avaliar soluções para geração de imagens de alta qualidade em tempo real recorrendo a técnicas como Voxelização.');

INSERT INTO DegreeClasses(id, year, semester, ects , isOptional, degree) VALUES (340, 4, 1, 5, TRUE, 5);
INSERT INTO DegreeClassTranslations(degreeClass, language, name, description) VALUES  (340, 'PT_PT', 'Arquitecturas Avançadas','Um estudante que complete com sucesso a UC deverá ser capaz de demonstrar que adquiriu as seguintes
        competências:\n
        - caracterizar e avaliar qualitativa e quantitativamente a arquitectura de sistemas de computação
        paralelos/distribuídos\n
        - analisar, medir e avaliar o desempenho de sistemas de computação na execução de aplicações\n
        - desenvolver e/ou modificar aplicações computacionais com vista a optimizar o seu desempenho e
        escalabilidade');

INSERT INTO DegreeClasses(id, year, semester, ects , isOptional, degree) VALUES (341, 4, 2, 5, TRUE, 5);
INSERT INTO DegreeClassTranslations(degreeClass, language, name, description) VALUES  (341, 'PT_PT', 'Algoritmos Paralelos','Um estudante que complete com sucesso esta UC deverá ser capaz de demonstrar que adquiriu as seguintes
        competências:\n
        Apreender os fundamentos teóricos para suporte aos algoritmos analisados\n
        Identificar, a diferentes níveis (complexidade, robustez, eficiência, escalabilidade, etc.) pontos fortes e fracos
        dos algoritmos analisados\n
        Desenvolver implementações sequenciais e paralelas e discutir os resultados de desempenho e eficiência
        obtidos com os algoritmos analisados\n
        Identificar, nos algoritmos paralelos, eventuais problemas de balanceamento de carga e/ou elevados custos
        de comunicação entre os elementos de computação');

INSERT INTO DegreeClasses(id, year, semester, ects , isOptional, degree) VALUES (342, 4, 2, 5, TRUE, 5);
INSERT INTO DegreeClassTranslations(degreeClass, language, name, description) VALUES  (342, 'PT_PT', 'Engenharia dos Sistemas de Computação','Identificar os diferentes tipos de sistemas de computação, incluindo máquinas SMP, clusters e grids e
        discutir as respectivas vantagens e limitações\n
        Analisar e avaliar os requisitos de hardware e software com vista ao planeamento e instalação do
        equipamento\n
        Identificar os requisitos dos utilizadores necessários para selecionar o software a instalar e a manter\n
        Identificar e caracterizar políticas de gestão e escalonamento de trabalhos e avaliar os resultados da sua
        aplicação\n
        Discutir e avaliar o desempenho efetivo de programas sequenciais e paralelos nas plataformas estudadas\n
        Identificar os pontos de estrangulamento do ambiente de execução (run-time) face a uma determinada carga
        computacional.\n
        Usar as ferramentas existentes, ao nível do ambiente de execução, para estudar estratégias de optimização
        dos recurso partilhados nas diferentes plataformas com vista a minimizar uma determinada função de custo
        (por exemplo tempo de execução)');

INSERT INTO DegreeClasses(id, year, semester, ects , isOptional, degree) VALUES (343, 4, 1, 5, TRUE, 5);
INSERT INTO DegreeClassTranslations(degreeClass, language, name, description) VALUES  (343, 'PT_PT', 'Paradigmas de Computação Paralela','Um estudante que complete com sucesso esta UC deverá ser capaz de demonstrar que adquiriu as seguintes
        competências:
        - Desenvolver aplicações paralelas capazes de executar numa gama alargada de arquitecturas
        - Implementar aplicações utilizando os tipos mais comuns de algoritmos paralelos
        - Medir e optimizar o desempenho de aplicações em sistemas de memória distribuída
        - Implementar técnicas de gestão de recursos ao nível da aplicação.');

INSERT INTO DegreeClasses(id, year, semester, ects , isOptional, degree) VALUES (344, 4, 1, 5, TRUE, 5);
INSERT INTO DegreeClassTranslations(degreeClass, language, name, description) VALUES  (344, 'PT_PT', 'Tecnologia Criptográfica','(Não disponível)');

INSERT INTO DegreeClasses(id, year, semester, ects , isOptional, degree) VALUES (345, 4, 1, 5, TRUE, 5);
INSERT INTO DegreeClassTranslations(degreeClass, language, name, description) VALUES  (345, 'PT_PT', 'Tecnologia da Segurança','(Não disponível)');

INSERT INTO DegreeClasses(id, year, semester, ects , isOptional, degree) VALUES (346, 4, 2, 5, TRUE, 5);
INSERT INTO DegreeClassTranslations(degreeClass, language, name, description) VALUES  (346, 'PT_PT', 'Estruturas Criptográficas','(Não disponível)');

INSERT INTO DegreeClasses(id, year, semester, ects , isOptional, degree) VALUES (347, 4, 2, 5, TRUE, 5);
INSERT INTO DegreeClassTranslations(degreeClass, language, name, description) VALUES  (347, 'PT_PT', 'Engenharia de Segurança','(Não disponível)');

INSERT INTO DegreeClasses(id, year, semester, ects , isOptional, degree) VALUES (348, 4, 1, 5, TRUE, 5);
INSERT INTO DegreeClassTranslations(degreeClass, language, name, description) VALUES  (348, 'PT_PT', 'Arquitecturas Aplicacionais','Analisar e conhecer os principais patterns estruturais e de comportamento utilizados para o
        desenvolvimento de sistemas de software complexo e de grande escala, tendo em conta as especificidades
        arquitecturais das aplicações multi-camada.\n
        Saber desenvolver camadas computacionais que permitam evolução controlada e independente das
        camadas de apresentação e dados e que permitam a disponibilização de serviços como mecanismo de
        integração.\n
        Identificar as principais características dos servidores aplicacionais por forma a escolher o modelo de
        programação pretendido e saber utilizar tecnologia orientada a serviços como mecanismo de criação de
        arquitecturas de software parametrizáveis.');

INSERT INTO DegreeClasses(id, year, semester, ects , isOptional, degree) VALUES (349, 4, 1, 5, TRUE, 5);
INSERT INTO DegreeClassTranslations(degreeClass, language, name, description) VALUES  (349, 'PT_PT', 'Administração de Bases de Dados','Reconhecer e explicar os principais desafios de desempenho, fiabilidade e escala na gestão de dados.
        Conhecer e descrever os mecanismos disponiveis para o processamento de interrogações e a manutenção de
        garantias transaccionais.
        Planear e executar soluções de gestão de dados, combinando, compondo e configurando os mecanismos
        disponíveis.
        Estimar a medir o comportamento de sistemas de gestão de dados.');

INSERT INTO DegreeClasses(id, year, semester, ects , isOptional, degree) VALUES (350, 4, 2, 5, TRUE, 5);
INSERT INTO DegreeClassTranslations(degreeClass, language, name, description) VALUES  (350, 'PT_PT', 'Infra-estruturas de Centro de Dados','Compreender e explicar os compromissos entre custo, desempenho, e confiabilidade na concepção de
        centros de dados e a sua tradução em tecnologias concretas.\n
        Aplicar mecanismos de redundância, virtualização e administração centralizada no desenvolvimento e
        operação de centros de dados.\n
        Desenhar, planear e concretizar infra-estruturas de armazenamento de dados escaláveis e de elevado
        desempenho\n
        Compreender e estabelecer os limites das infra-estruturas definindo os thresholds para a sua revisão e
        actualização\n
        Ter uma visão global das infra-estruturas e capacidade para identificar os pontos críticos das mesmas');

INSERT INTO DegreeClasses(id, year, semester, ects , isOptional, degree) VALUES (351, 4, 2, 5, TRUE, 5);
INSERT INTO DegreeClassTranslations(degreeClass, language, name, description) VALUES  (351, 'PT_PT', 'Sistemas Interactivos','Conceber interfaces com o utilizador com consideração por aspectos de usabilidade\n
        - Saber avaliar as interfaces concebidas recorrendo às técnicas mais apropriadas\n
        - Compreender e explorar diferentes técnicas de desenvolvimento de camadas interactivas\n
        - Saber desenvolver camadas de apresentação que permitam evolução controlada e independente das
        camadas de lógica e de dados.');

INSERT INTO DegreeClasses(id, year, semester, ects , isOptional, degree) VALUES (352, 4, 1, 5, TRUE, 5);
INSERT INTO DegreeClassTranslations(degreeClass, language, name, description) VALUES  (352, 'PT_PT', 'Arquitecturas de Software','Conhecer e compreender, tendo por base o RUP, as várias etapas do processo de conceção e
        desenvolvimento de um sistema de software complexo e de grande escala e usar a linguagem UML como
        ferramenta de base para a sua modelação;\n
        - Conhecer e ser capaz de aplicar princípios avançados de engenharia de software (ES), designadamente IOC
        (Inversion of Control), DI (Dependency Injection) e de separação de camadas (cf. modelo MVC - model, view e
        controller), bem como aplicar padrões usuais (“design patterns”);\n
        - Saber usar tecnologias Java para desenvolvimento de aplicações Web, designadamente, Servlets, Java
        Server Pages (ou Java Server Faces ou Structs) e Beans (bem como tecnologias de persistência), e usá-las
        segundo os princípios do modelo MVC;\n
        - Saber modelar em Alloy pequenos subsistemas de um dado sistema de software e realizar a verificação
        formal da satisfação de propriedades que fazem parte dos requisitos funcionais de tais subsistemas');

INSERT INTO DegreeClasses(id, year, semester, ects , isOptional, degree) VALUES (353, 4, 1, 5, TRUE, 5);
INSERT INTO DegreeClassTranslations(degreeClass, language, name, description) VALUES  (353, 'PT_PT', 'Engenharia de Requisitos','Definir, no âmbito de todo o processo de engenharia de software, a intervenção da equipa de engenharia de
        requisitos e o envolvimento formal dos stakeholders\n
        Escolher a forma como devem ser capturados os requisitos, em particular decidir quais as técnicas a usar
        para levantar os requisitos junto das fontes identificadas\n
        Detectar, negociar e resolver conflitos entre os requisitos capturados\n
        Estruturar o documento de requisitos a dois níveis (os requisitos do utilizador e os requisitos de sistema) e
        assegurar a sua qualidade e verificabilidade\n
        Examinar o documento de requisitos, garantindo que descreve o sistema pretendido, através de revisões
        formais, de inspecções ou de criação de protótipos\n
        Gerir a alteração dos requisitos, através de técnicas de rastreabilidade e de análise de impacto');

INSERT INTO DegreeClasses(id, year, semester, ects , isOptional, degree) VALUES (354, 4, 2, 5, TRUE, 5);
INSERT INTO DegreeClassTranslations(degreeClass, language, name, description) VALUES  (354, 'PT_PT', 'Engenharia Web','Conceber, desenvolver, instalar e manter aplicações web\n
        Identificar as questões de âmbito legal, profissional, social e ético envolvidas no desenvolvimento de
        aplicações web usáveis e acessíveis\n
        Adaptar uma aplicação web a outros contextos de utilização, em função dos requisitos capturados\n
        Descrever e discutir as técnicas, os métodos e as abordagens usados no desenvolvimento web');

INSERT INTO DegreeClasses(id, year, semester, ects , isOptional, degree) VALUES (355, 4, 2, 5, TRUE, 5);
INSERT INTO DegreeClassTranslations(degreeClass, language, name, description) VALUES  (355, 'PT_PT', 'Gestão do Processo de Software','Os estudantes que completarem esta UC com sucesso, deverão ser capazes de:\n
        1. Discutir alternativas de aplicação das técnicas do PMBoK em projectos de software;\n
        2. Elaborar o plano de um projecto de desenvolvimento de sistemas de informação, seguindo as orientações do PMBoK;\n
        3. Compreender e aplicar os métodos adequados para registar o progresso de um projecto (Execução do Projecto);\n
        4. Aplicar as técnicas propostas pelo PMBoK para monitorizar o progresso de um projecto (EVM - Earned Value Management);\n
        5. Compreender os princípios, temas e processos propostos pelo método PRINCE2.');

INSERT INTO DegreeClasses(id, year, semester, ects , isOptional, degree) VALUES (356, 4, 1, 5, TRUE, 5);
INSERT INTO DegreeClassTranslations(degreeClass, language, name, description) VALUES  (356, 'PT_PT', 'Tecnologias e Protocolos Internet','Pretende-se com esta UC desenvolver as capacidades dos alunos nas vertentes de conhecimentos
        teóricos e experimentais centrados em temas relevantes da área das tecnologias de acesso e core,
        bem como das soluções protocolares de internetworking IPv4 e IPv6.');

INSERT INTO DegreeClasses(id, year, semester, ects , isOptional, degree) VALUES (357, 4, 1, 5, TRUE, 5);
INSERT INTO DegreeClassTranslations(degreeClass, language, name, description) VALUES  (357, 'PT_PT', 'Redes Móveis','Enquadra-se na vertente de formação especializada do curso,
        leccionada no 1º ano, e destina-se a introduzir os fundamentos e as tecnologias associados às redes de
        comunicações móveis. Aborda a emissão, propagação e recepção de sinais de rádio, e introduz as tecnologias
        associadas às redes móveis celulares e às redes de área local sem fios.');

INSERT INTO DegreeClasses(id, year, semester, ects , isOptional, degree) VALUES (358, 4, 2, 5, TRUE, 5);
INSERT INTO DegreeClassTranslations(degreeClass, language, name, description) VALUES  (358, 'PT_PT', 'Qualidade de Serviço na Internet','A presente unidade curricular (UC) visa promover o estudo e o
        conhecimento de soluções actuais e emergentes que possibilitam a integração de Aplicações e Serviços
        com requisitos de Qualidade de Serviço (QoS) distintos na rede Internet.');

INSERT INTO DegreeClasses(id, year, semester, ects , isOptional, degree) VALUES (359, 4, 2, 5, TRUE, 5);
INSERT INTO DegreeClassTranslations(degreeClass, language, name, description) VALUES  (359, 'PT_PT', 'Aplicações Multimedia e Ubíquas','Compreender os princípios, técnicas e algoritmos usados para
        representação, compressão, recuperação e processamento de conteúdos multimédia;
        Conhecer e diferenciar as diferentes tecnologias e sistemas e aplicações multimédia em rede.
        Tem ainda como objectivo complementar a formação em Tecnologia da Informação e Comunicações com
        competências avançadas na concepção, realização e avaliação de soluções informáticas para
        sistemas caracterizados pela forte mobilidade dos seus utilizadores e pela ubiquidade
        dos serviços de computação e comunicações.');

INSERT INTO DegreeClasses(id, year, semester, ects , isOptional, degree) VALUES (360, 4, 1, 5, TRUE, 5);
INSERT INTO DegreeClassTranslations(degreeClass, language, name, description) VALUES  (360, 'PT_PT', 'Administração e Exploração de Bases de Dados','É objectivo desta unidade curricular a introdução aos sistemas de bases de dados,
        em particular no que diz respeito à sua administração e exploração.');

INSERT INTO DegreeClasses(id, year, semester, ects , isOptional, degree) VALUES (361, 4, 1, 5, TRUE, 5);
INSERT INTO DegreeClassTranslations(degreeClass, language, name, description) VALUES  (361, 'PT_PT', 'Análise de Dados','É objectivo desta unidade curricular a introdução à análise de dados e a sua
        aplicação na concepção e implementação de sistemas de business inteligence ou de apoio à decisão.');

INSERT INTO DegreeClasses(id, year, semester, ects , isOptional, degree) VALUES (362, 4, 2, 5, TRUE, 5);
INSERT INTO DegreeClassTranslations(degreeClass, language, name, description) VALUES  (362, 'PT_PT', 'Interoperabilidade Semântica','O objectivo desta unidade curricular a introdução ao conceito de interoperabilidade semântica.
        Pretende-se alcançar os seguintes resultados de aprendizagem:\n
        - Identificar, descrever e definir os principais conceitos relacionados com a interopersbilidade semântica.\n
        - Compreender e identificar os níveis de interoperabilidade e as normas internacionais associadas a esta área temática.\n
        - Compreender e identificar protocolos e formatos de comunicação.\n
        - Estudar, implementar e avaliar arquétipos, terminologias e ontologias.\n
        - Desenvolver ferramentas de software para a sincronização e integração semântica de dados.</');

INSERT INTO DegreeClasses(id, year, semester, ects , isOptional, degree) VALUES (363, 4, 2, 5, TRUE, 5);
INSERT INTO DegreeClassTranslations(degreeClass, language, name, description) VALUES  (363, 'PT_PT', 'Descoberta de Conhecimento','É objectivo desta unidade curricular a introdução ao conceito de descoberta do conhecimento.
        Pretende-se alcançar os seguintes resultados de aprendizagem:\n
        - Identificar, descrever e definir os principais conceitos relacionados com a descoberta do conhecimento.\n
        - Seleccionar as metodologias apropriadas e aplicar software disponível mais recomendado na resolução de problemas reais de descoberta de conhecimento.\n
        - Introduzir o conceito de visão por computador.\n
        - Analisar os resultados de ferramentas de descoberta de conhecimento.\n
        - Conhecer e ser capaz de implementar e avaliar cenários.');

INSERT INTO DegreeClasses(id, year, semester, ects , isOptional, degree) VALUES (364, 4, 1, 5, TRUE, 5);
INSERT INTO DegreeClassTranslations(degreeClass, language, name, description) VALUES  (364, 'PT_PT', 'Gestão de Redes','Esta UC visa introduzir uma formação genérica na área da gestão
        de redes e de sistemas de comunicações por computador. Abordando temáticas iminentemente práticas, apesar da
        intenção em garantir uma importante componente formativa sobre os principais conceitos teóricos definidos nas
        normas actuais, as aulas teóricas são complementadas, na parte prática, com pequenos projectos de desenvolvimento
        ou de investigação, individuais ou em pequenos grupos, que sirvam para experimentação das ferramentas mais
        importantes neste domínio e que ajudem os alunos a compreender e resolver os problemas mais comuns da gestão
        de redes de computadores, serviços, sistemas de comunicações ou aplicações distribuídas.');

INSERT INTO DegreeClasses(id, year, semester, ects , isOptional, degree) VALUES (365, 4, 1, 5, TRUE, 5);
INSERT INTO DegreeClassTranslations(degreeClass, language, name, description) VALUES  (365, 'PT_PT', 'Segurança em Redes','As competências a adquirir são as seguintes:\n
        Reconhecer a importância de uma cultura de segurança relativamente à utilização das redes de computadores\n
        Conhecer os aspectos técnicos das redes de computadores e que mais as expõem a riscos de segurança\n
        Reconhecer as principais ameaças e a forma típica como os ataques são efectuados\n
        Analisar vulnerabilidades em sistemas interligados em rede\n
        Implementar e controlar processos de gestão, contínuos, definidos no contexto de uma política de segurança para rede de computadores\n
        Discutir a evolução do fenómeno de Segurança dos Sistemas de Informação, não só no aspecto das tecnologias de segurança, mas também das ameaças.');

INSERT INTO DegreeClasses(id, year, semester, ects , isOptional, degree) VALUES (366, 4, 2, 5, TRUE, 5);
INSERT INTO DegreeClassTranslations(degreeClass, language, name, description) VALUES  (366, 'PT_PT', 'Virtualização de Redes','Explorar e compreender as definições, protocolos e normas para as Redes
        Definidas por Software (SDN). Perceber o funcionamento e a interligação dos componentes que são necessários para construir
        redes que usam software para comunição bi-direcional comunicação entre as aplicações e a infra-estrutura de rede subjacente.
        Será tambem necessário a compreensão de vários caso de uso das SDNs nomeadamente escalonamento e manipulação da
        largura de banda, tráfego de entrada e acções desencadeadas, tal como casos interessantes à volta de big data,
        redes de overlay em centros de dados e virtualização de funções de rede (NFVs). É necessário avaliar como as
        empresas e fornecedores de serviço estão a tirar partido das SDNs e as NFVs para concretizar e fazer evoluir
        os seus serviços e negócios.');

INSERT INTO DegreeClasses(id, year, semester, ects , isOptional, degree) VALUES (367, 4, 2, 5, TRUE, 5);
INSERT INTO DegreeClassTranslations(degreeClass, language, name, description) VALUES  (367, 'PT_PT', 'Arquitecturas Emergentes de Rede','Nesta UC o objectivo é tomar contacto com arquitecturas emergentes de rede.
        Começa-se por identificar as principais debilidades da arquitectura da Internet actual, abordando a partir delas novas
        arquitecturas que melhor colmatam essas debilidades. Para as dificuldades em lidar com a mobilidade, surgem as redes
        Ad-Hoc as redes Veiculares e as redes tolerantes a atrasos. Para as questões relacionadas com o desempenho as novas
        arquitecturas centradas nos conteúdos (CDN, Peer-to-Peer e NDN). No último item abordam-se as questões relacionadas
        com a escala levantadas pela Internet das Coisas.');

INSERT INTO DegreeClasses(id, year, semester, ects , isOptional, degree) VALUES (368, 4, 1, 5, TRUE, 5);
INSERT INTO DegreeClassTranslations(degreeClass, language, name, description) VALUES  (368, 'PT_PT', 'Especificação e Modelação','Abstrair os detalhes de um componente de software por forma a obter um modelo adequado à verificação
        formal; \n
        Modelar o estado de um componente de software usando o conceito unificador de relação matemática;\n
        Especificar invariantes e pré- e pós-condições de operações usando lógica relacional; \n
        Especificar sistemas reactivos usando lógica temporal;\n
        Utilizar ferramentas de verificação automática para estabelecer a validade
        de uma propriedade de software.');

INSERT INTO DegreeClasses(id, year, semester, ects , isOptional, degree) VALUES (369, 4, 1, 5, TRUE, 5);
INSERT INTO DegreeClassTranslations(degreeClass, language, name, description) VALUES  (369, 'PT_PT', 'Cálculo de Sistemas de Informação','(Não disponível)');

INSERT INTO DegreeClasses(id, year, semester, ects , isOptional, degree) VALUES (370, 4, 2, 5, TRUE, 5);
INSERT INTO DegreeClassTranslations(degreeClass, language, name, description) VALUES  (370, 'PT_PT', 'Arquitectura e Cálculo','Esta Unidade Curricular, que é parte integrante do perfil em Métodos Formais em Engenharia de Software, tem
        por objectivo proporcionar formação em Arquitectura de Software numa perspectiva formal e com ênfase nos sistemas reactivos.');

INSERT INTO DegreeClasses(id, year, semester, ects , isOptional, degree) VALUES (371, 4, 2, 5, TRUE, 5);
INSERT INTO DegreeClassTranslations(degreeClass, language, name, description) VALUES  (371, 'PT_PT', 'Verificação Formal','Explicar o funcionamento das técnicas mais importantes em verificação de software.\n
        Especificar o comportamento de programas através de contratos.\n
        Utilizar ferramentas para a verificação de programas anotados com contratos.\n
        Explicar as diferentes abordagens que têm sido utilizadas para mitigar o problema de explosão do espaço de
        estados no model checking.\n
        Utilizar uma ferramenta de model checking simbólico.\n
        Utilizar ferramentas de verificação automática de software baseadas em model checking.');

INSERT INTO DegreeClasses(id, year, semester, ects , isOptional, degree) VALUES (372, 4, 1, 5, TRUE, 5);
INSERT INTO DegreeClassTranslations(degreeClass, language, name, description) VALUES  (372, 'PT_PT', 'Gramáticas na Compreensão de Software','No fim, os alunos deverão ter: capacidade para desenvolver especificações da sintaxe/semântica de
        linguagens e problemas em geral com gramáticas;\n
        capacidade para gerar programas (protótipos) usando ferramentas automáticas baseadas em gramáticas;\n
        capacidade de construir front-ends poderosos para a análise de linguagens de programação;\n
        capacidade para conceber e implementar estruturas de dados complexas para representação intermédia da
        informação extraída da análise do código;\n
        capacidade para criar representações visuais adequadas à compreensão clara do conhecimento complexo detido;\n
        capacidade para desenvolver software como uma tarefa de transformação de programas e/ou especificações em
        implementações eficientes;\n
        capacidade para utilizar técnicas de transformação de programas para optimizar
        programas (e.g. cálculo parcial, detecção de código morto), efetuar debugging de programase melhorar a estrutura dos programas;\n
        capacidade de desenvolver ferramentas para ajuda à compreensão de código.');

INSERT INTO DegreeClasses(id, year, semester, ects , isOptional, degree) VALUES (373, 4, 2, 5, TRUE, 5);
INSERT INTO DegreeClassTranslations(degreeClass, language, name, description) VALUES  (373, 'PT_PT', 'Processamento e Representação de Conhecimento','No fim, os alunos deverão: ser capazes de especificar formalmente conhecimento usando várias
        metodologias: taxonomias, thesaurus e ontologias; ser capazes de adicionar semântica descritiva a objectos
        digitais; ser capazes de especificar taxonomias em SKOS; ser capazes de espeficicar ontologias em OWL; ser
        capazes de processar ontologias; ser capazes de adicionar semântica a sítios web usando as normas RDFa e
        "Open Linked Data".');

INSERT INTO DegreeClasses(id, year, semester, ects , isOptional, degree) VALUES (374, 4, 1, 5, TRUE, 5);
INSERT INTO DegreeClassTranslations(degreeClass, language, name, description) VALUES  (374, 'PT_PT', 'Processamento e Representação de Informação','No fim, os alunos deverão: conhecer o ciclo de vida documental, saber identificar as várias fases e as
        tecnologias a utilizar em cada uma; ser capazes de especificar uma linguagem de anotação para um conjunto
        de requisitos; ser capazes de implementar transformações de documentos para diversos fins: extracção de
        conhecimento, publicação na Web, intercâmbio de informação; conhecer e utilizar soluções de
        armazenamento para documentos anotados; ser capazes de definir as camadas necessárias para integrar e
        realizar o intercâmbio de informação entre sistemas de informação distintos; ser capazes de implementar um
        projecto de publicação electrónica recorrendo a normas internacionais abertas: XML, XSLFO e XSL; ser capazes
        de programar a geração automática de sítios Web a partir de um repositório de documentos XML; ser capazes
        de utilizar linguagens de anotação e respectivas ferramentas desenvolvidas por outrém.');

INSERT INTO DegreeClasses(id, year, semester, ects , isOptional, degree) VALUES (375, 4, 2, 5, TRUE, 5);
INSERT INTO DegreeClassTranslations(degreeClass, language, name, description) VALUES  (375, 'PT_PT', 'Scripting no Processamento de Linguagem Natural','No fim, os alunos deverão: ser capazes de escrever scripts para automatização de uma variedade de tarefas e
        transformações; ser capazes de resolver problemas usando transformações via expressões regulares;
        compreender as vantagens e o funcionamento de sistemas guiados por regras de produção (condição-reacção);
        ter a capacidade para construir DSLs concretas; ter a capacidade de construir e usar corpora; ter a capacidade
        de extrair informação diversa a partir de corpora; ter a capacidade de construir dicionários electrónicos; ter a
        capacidade de construir pequenos protótipos para modelar linguagem natural.');

INSERT INTO DegreeClasses(id, year, semester, ects , isOptional, degree) VALUES (376, 4, 1, 5, TRUE, 5);
INSERT INTO DegreeClassTranslations(degreeClass, language, name, description) VALUES  (376, 'PT_PT', 'Paradigmas de Sistemas Distribuídos','No seguimento da programação de sistemas (de Sistemas Operativos) e das
        noções essenciais de programação concorrente e sistemas distribuídos (de Sistemas Distribuídos), esta UC aborda
        diferentes paradigmas que podem ser utilizados no desenvolvimento de aplicações distribuídas sofisticadas.');

INSERT INTO DegreeClasses(id, year, semester, ects , isOptional, degree) VALUES (377, 4, 1, 5, TRUE, 5);
INSERT INTO DegreeClassTranslations(degreeClass, language, name, description) VALUES  (377, 'PT_PT', 'Fundamentos de Sistemas Distribuídos','Na sequência das noções básicas de programação de sistemas distribuídos e em
        paralelo com a aprendizagem de paradigmas de programação que tornam possível a construção de sistemas cada vez mais complexos,
        esta unidade curricular tem como objectivo focar o raciocínio no sistema distribuído como um todo, compreendendo as noções
        de correcção do sistema e os algoritmos principais para a atingir baseados em relógios lógicos e transacções distribuídas.');

INSERT INTO DegreeClasses(id, year, semester, ects , isOptional, degree) VALUES (378, 4, 2, 5, TRUE, 5);
INSERT INTO DegreeClassTranslations(degreeClass, language, name, description) VALUES  (378, 'PT_PT', 'Tolerância a Faltas','Desenvolver e aprofundar a formação na área de sistemas distribuídos
        dando continuidade ao desenvolvimento das técnicas estudadas na unidade curricular de Sistemas Distribuídos.
        Pretende-se complementar a formação anterior e conferir capacidade de desenvolver sistemas distribuídos
        confiáveis com recurso a técnicas de replicação por software para coerência forte.');

INSERT INTO DegreeClasses(id, year, semester, ects , isOptional, degree) VALUES (379, 4, 2, 5, TRUE, 5);
INSERT INTO DegreeClassTranslations(degreeClass, language, name, description) VALUES  (379, 'PT_PT', 'Sistemas Distribuídos em Larga Escala','Esta unidade dá continuidade aos temas desenvolvidos em Sistemas Operativos e Sistemas Distribuídos,
        e aborda um conjunto de matérias que suportam a criação de soluções robustas para sistemas distribuídos em larga escala.
        Entende-se aqui larga escala por elevados números de componentes, potencialmente distribuídos numa escala
        geográfica com distâncias físicas significativas.');

INSERT INTO DegreeClasses(id, year, semester, ects , isOptional, degree) VALUES (380, 4, 1, 5, TRUE, 5);
INSERT INTO DegreeClassTranslations(degreeClass, language, name, description) VALUES  (380, 'PT_PT', 'Agentes Inteligentes','- Compreender as noções gerais de agente e sistemas multiagente, enumerando
        e classificando diferentes propriedades de agentes e de ambientes;\n
        - Criar agentes com uma dada arquitectura;\n
        - Desenhar uma sociedade de agentes e utilizá-la na resolução de um problema; \n
        - Desenvolver soluções, nas mais diversas áreas de aplicação, usando uma metodologia de resolução de problemas orientada ao agente;\n
        - Criar, de uma forma prática, uma sociedade de agentes que comunicam usando uma linguagem de agentes, e usando diferentes plataformas.');

INSERT INTO DegreeClasses(id, year, semester, ects , isOptional, degree) VALUES (381, 4, 1, 5, TRUE, 5);
INSERT INTO DegreeClassTranslations(degreeClass, language, name, description) VALUES  (381, 'PT_PT', 'Aprendizagem e Extracção de Conhecimento','- Identificar, descrever e definir os principais conceitos relacionados com os sistemas de dados,
        processamento analítico, mineração, extracção de conhecimento e aprendizagem máquina.\n
        - Utilizar, classificar e avaliar as aplicações existentes ou a desenvolver.\n
        - Seleccionar as metodologias apropriadas e aplicar software disponível na resolução de problemas reais, ao
        nível da análise de dados, mineração de dados, extração de conhecimento e tomada de decisão.\n
        - Conhecer e ser capaz de implementar os principais algoritmos relacionados com as técnicas de mineração
        de dados, extracção de conhecimento e formas de aprendizagem.');

INSERT INTO DegreeClasses(id, year, semester, ects , isOptional, degree) VALUES (382, 4, 2, 5, TRUE, 5);
INSERT INTO DegreeClassTranslations(degreeClass, language, name, description) VALUES  (382, 'PT_PT', 'Computação Natural','- Identificar, descrever e definir os principais conceitos relacionados
        com Computação Evolutiva (e.g., Intelectos Virtuais), Inteligência de Grupo (e.g. “Particle Swarm”)
        e Computação Natural (e.g. Redes Neuronais Artificias, Programação Genética e Evolucionária).\n
        - Seleccionar as metodologias de resolução de problemas, assim como os paradigmas computacionais que melhor se lhes adequam.');

INSERT INTO DegreeClasses(id, year, semester, ects , isOptional, degree) VALUES (383, 4, 2, 5, TRUE, 5);
INSERT INTO DegreeClassTranslations(degreeClass, language, name, description) VALUES  (383, 'PT_PT', 'Sistemas Autónomos','- Identificar, descrever e definir os principais conceitos relacionados com Sistemas Autónomos e Agentes Robóticos.\n
        - Realizar Sistemas Autónomos pela utilização do conceito de Agentes Inteligentes.\n
        - Conhecer e saber utilizar o conhecimento proveniente de sensores.\n
        - Conhecer e saber utilizar os actuadores que potenciam a mobilidade e a navegação.\n
        - Estudar e desenvolver métodos de coordenação e interacção com o meio.\n
        - Utilizar a prototipagem e a análise de complexidade para a sua aplicação na resolução de problemas.');

INSERT INTO DegreeClasses(id, year, semester, ects , isOptional, degree) VALUES (384, 4, 1, 5, TRUE, 5);
INSERT INTO DegreeClassTranslations(degreeClass, language, name, description) VALUES  (384, 'PT_PT', 'Mineração de Dados','Sensibilizar os alunos para o valor acrescentado que se pode retirar
        dos dados acumulados resultantes de actividades empresariais, públicas ou científicas;\n
        Dotar os alunos do conhecimento adequado para que possam utilizar, ou gerir a utilização,
        com rigor de ferramentas computacionais no apoio à decisão baseado em dados;\n
        Dotar os alunos de conhecimentos suficientes, a nível conceptual, para que possam
        desenvolver e avaliar novas ferramentas de mineração de dados;');

INSERT INTO DegreeClasses(id, year, semester, ects , isOptional, degree) VALUES (385, 4, 1, 5, TRUE, 5);
INSERT INTO DegreeClassTranslations(degreeClass, language, name, description) VALUES  (385, 'PT_PT', 'Computação Paralela','Um estudante que complete com sucesso a UC deverá ser capaz de demonstrar que adquiriu as seguintes competências:\n
        caracterizar e avaliar qualitativa e quantitativamente os sistemas de computação;\n
        analisar, medir e avaliar o desempenho de sistemas de computação na execução de aplicações;\n
        desenvolver aplicações paralelas capazes de executar numa gama alargada de arquitecturas;\n
        implementar aplicações utilizando os tipos mais comuns de algoritmos paralelos;\n
        medir e optimizar o desempenho de aplicações computacionais com vista a optimizar o seu desempenho e escalabilidade;');

INSERT INTO DegreeClasses(id, year, semester, ects , isOptional, degree) VALUES (386, 4, 1, 5, TRUE, 5);
INSERT INTO DegreeClassTranslations(degreeClass, language, name, description) VALUES  (386, 'PT_PT', 'Segurança de Sistemas Informáticos','O objectivo desta unidade curricular é o de dotar os alunos de capacidade de:
        - compreender conceitos, estratégias, técnicas e ferramentas essenciais para o domínio da Segurança de Sistemas Informáticos;\n
        - identificar e relacionar os principais problemas relacionados com ameaças e vulnerabilidades técnicas e não-técnicas no domínio das Tecnologias da Informação;\n
        - compreender e aplicar as normas e melhores práticas no âmbito da segurança, tanto ao nível do desenvolvimento do software como da operação de infra-estruturas;\n
        - desenhar, implementar e manter mecanismos de protecção de infra-estruturas informáticas;\n
        - desenhar, implementar e manter mecanismos de mitigação de riscos de segurança, detectar e conter intrusões, e conter o impacto na organização;\n
        - auditar infra-estruturas existentes, identificar vulnerabilidades, eventuais métodos de exploração e ferramentas relevantes;');

INSERT INTO DegreeClasses(id, year, semester, ects , isOptional, degree) VALUES (387, 4, 1, 5, TRUE, 5);
INSERT INTO DegreeClassTranslations(degreeClass, language, name, description) VALUES  (387, 'PT_PT', 'Processamento de Dados com Streams de Java','Estudo, compreensão e aplicação das construções de Java que possibilitam realizar
        Programação Funcional: Lambdas, Interfaces Funcionais, Funções, Composição Funcional e Currying;\n
        Estudo, compreensão e aplicação de construções, técnicas e métodos de Metaprogramação e de
        Refactoring em Java: Reflexão, MetaClasses, Factory Methods, Annotations e Inversão de Controlo (IoC);\n
        Processamento massivo de dados usando pipelines. Estudo das Streams de Java. Operações com streams.
        Processamento sequencial versus processamento paralelo. Análise e testes de performance;');

INSERT INTO DegreeClasses(id, year, semester, ects , isOptional, degree) VALUES (388, 4, 1, 5, TRUE, 5);
INSERT INTO DegreeClassTranslations(degreeClass, language, name, description) VALUES  (388, 'PT_PT', 'Análise e Teste de Software','Explicar as técnicas genéricas para análise de código de software;\n
        Desenvolver ferramentas para analisar programas e sistemas de software;\n
        Perceber o conceito de qualidade de software e modelos de qualidade de software;\n
        Desenvolver analisadores de qualidadade de software baseado em métricas;\n
        Construir ferramentas de software para a transformação, refactoring e evolução de programas.\n
        Implementar algoritmos fundamentais de análise estática de programas;');

INSERT INTO DegreeClasses(id, year, semester, ects , isOptional, degree) VALUES (389, 4, 1, 5, TRUE, 5);
INSERT INTO DegreeClassTranslations(degreeClass, language, name, description) VALUES  (389, 'PT_PT', 'Entrega de Sistemas e Benchmarking','A UC tem como objectivo a aprendizagem do processo de análise de
        requisitos de operação de aplicações informáticas, seguida da operacionalização e avaliação de todo o
        sistema de suporte à entrega do serviço.
        A UC é de cariz fortemente tecnológico, fazendo acompanhar a formação conceptual dos vários
        tópicos do programa com a apresentação e experimentação detalhada de tecnologia representante do estado da arte.
        O conteúdo programático da UC está particularmente alinhado com os perfis de Sistemas
        Distribuídos e Engenharia de Aplicações. O seu teor prático é complementar e de manifesto
        interesse tanto para estes como para vários perfis orientados à construção de software.');

INSERT INTO DegreeClasses(id, year, semester, ects , isOptional, degree) VALUES (390, 4, 1, 5, TRUE, 5);
INSERT INTO DegreeClassTranslations(degreeClass, language, name, description) VALUES  (390, 'PT_PT', 'Inteligência Ambiente: Tecnologias e Aplicações','Com a unidade curricular de Inteligência Ambiente pretende-se dar formação na área
        científica da Inteligência Ambiente. Os tópicos que a compõem garantem que o aluno possuirá conhecimentos sobre as
        potencialidades da Inteligência Ambiente, sua caracterização, bem como das tecnologias e metodologias de
        resolução problemas, mais comuns nesta área, sendo capaz de as contextualizar, aplicar e analisar.');

INSERT INTO DegreeClasses(id, year, semester, ects , isOptional, degree) VALUES (391, 4, 2, 10, FALSE, 5);
INSERT INTO DegreeClassTranslations(degreeClass, language, name, description) VALUES  (391, 'PT_PT', 'Laboratório de Engenharia Informática','Aprendizagem prática de conceitos de desenvolvimento de projecto, associado a um perfil de especialização.');

-- UMinho 5th year

INSERT INTO DegreeClasses(id, year, semester, ects , isOptional, degree) VALUES (392, 5, 1, 15, FALSE, 5);
INSERT INTO DegreeClassTranslations(degreeClass, language, name, description) VALUES  (392, 'PT_PT', 'Projecto de Engenharia Informática','Desenhar e implementar um projecto de software em grupo');

INSERT INTO DegreeClasses(id, year, semester, ects , isOptional, degree) VALUES (393, 5, 1, 45, FALSE, 5);
INSERT INTO DegreeClassTranslations(degreeClass, language, name, description) VALUES  (393, 'PT_PT', 'Dissertação em Engenharia Informática em Engenharia Informáticaação','A dissertação implica necessariamente o envolvimento do estudante num projecto de
        investigação e desenvolvimento de média/grande dimensão. Este projecto insere-se regra geral num projecto
        maior, associado a um centro de investigação e/ou a uma empresa');
