INSERT INTO Countries (id, alpha2code) VALUES (1, 'AF');
INSERT INTO Countries (id, alpha2code) VALUES (2, 'AL');
INSERT INTO Countries (id, alpha2code) VALUES (3, 'DZ');
INSERT INTO Countries (id, alpha2code) VALUES (4, 'AS');
INSERT INTO Countries (id, alpha2code) VALUES (5, 'AD');
INSERT INTO Countries (id, alpha2code) VALUES (6, 'AO');
INSERT INTO Countries (id, alpha2code) VALUES (7, 'AI');
INSERT INTO Countries (id, alpha2code) VALUES (8, 'AQ');
INSERT INTO Countries (id, alpha2code) VALUES (9, 'AG');
INSERT INTO Countries (id, alpha2code) VALUES (10, 'AR');
INSERT INTO Countries (id, alpha2code) VALUES (11, 'AM');
INSERT INTO Countries (id, alpha2code) VALUES (12, 'AW');
INSERT INTO Countries (id, alpha2code) VALUES (13, 'AU');
INSERT INTO Countries (id, alpha2code) VALUES (14, 'AT');
INSERT INTO Countries (id, alpha2code) VALUES (15, 'AZ');
INSERT INTO Countries (id, alpha2code) VALUES (16, 'BS');
INSERT INTO Countries (id, alpha2code) VALUES (17, 'BH');
INSERT INTO Countries (id, alpha2code) VALUES (18, 'BD');
INSERT INTO Countries (id, alpha2code) VALUES (19, 'BB');
INSERT INTO Countries (id, alpha2code) VALUES (20, 'BY');
INSERT INTO Countries (id, alpha2code) VALUES (21, 'BE');
INSERT INTO Countries (id, alpha2code) VALUES (22, 'BZ');
INSERT INTO Countries (id, alpha2code) VALUES (23, 'BJ');
INSERT INTO Countries (id, alpha2code) VALUES (24, 'BM');
INSERT INTO Countries (id, alpha2code) VALUES (25, 'BT');
INSERT INTO Countries (id, alpha2code) VALUES (26, 'BA');
INSERT INTO Countries (id, alpha2code) VALUES (27, 'BW');
INSERT INTO Countries (id, alpha2code) VALUES (28, 'BV');
INSERT INTO Countries (id, alpha2code) VALUES (29, 'BR');
INSERT INTO Countries (id, alpha2code) VALUES (30, 'IO');
INSERT INTO Countries (id, alpha2code) VALUES (31, 'BN');
INSERT INTO Countries (id, alpha2code) VALUES (32, 'BG');
INSERT INTO Countries (id, alpha2code) VALUES (33, 'BF');
INSERT INTO Countries (id, alpha2code) VALUES (34, 'BI');
INSERT INTO Countries (id, alpha2code) VALUES (35, 'KH');
INSERT INTO Countries (id, alpha2code) VALUES (36, 'CM');
INSERT INTO Countries (id, alpha2code) VALUES (37, 'CA');
INSERT INTO Countries (id, alpha2code) VALUES (38, 'CV');
INSERT INTO Countries (id, alpha2code) VALUES (39, 'KY');
INSERT INTO Countries (id, alpha2code) VALUES (40, 'CF');
INSERT INTO Countries (id, alpha2code) VALUES (41, 'TD');
INSERT INTO Countries (id, alpha2code) VALUES (42, 'CL');
INSERT INTO Countries (id, alpha2code) VALUES (43, 'CN');
INSERT INTO Countries (id, alpha2code) VALUES (44, 'CX');
INSERT INTO Countries (id, alpha2code) VALUES (45, 'CC');
INSERT INTO Countries (id, alpha2code) VALUES (46, 'CO');
INSERT INTO Countries (id, alpha2code) VALUES (47, 'KM');
INSERT INTO Countries (id, alpha2code) VALUES (48, 'CG');
INSERT INTO Countries (id, alpha2code) VALUES (49, 'CK');
INSERT INTO Countries (id, alpha2code) VALUES (50, 'CR');
INSERT INTO Countries (id, alpha2code) VALUES (51, 'HR');
INSERT INTO Countries (id, alpha2code) VALUES (52, 'CU');
INSERT INTO Countries (id, alpha2code) VALUES (53, 'CY');
INSERT INTO Countries (id, alpha2code) VALUES (54, 'CZ');
INSERT INTO Countries (id, alpha2code) VALUES (55, 'DK');
INSERT INTO Countries (id, alpha2code) VALUES (56, 'DJ');
INSERT INTO Countries (id, alpha2code) VALUES (57, 'DM');
INSERT INTO Countries (id, alpha2code) VALUES (58, 'DO');
INSERT INTO Countries (id, alpha2code) VALUES (59, 'EC');
INSERT INTO Countries (id, alpha2code) VALUES (60, 'EG');
INSERT INTO Countries (id, alpha2code) VALUES (61, 'SV');
INSERT INTO Countries (id, alpha2code) VALUES (62, 'GQ');
INSERT INTO Countries (id, alpha2code) VALUES (63, 'ER');
INSERT INTO Countries (id, alpha2code) VALUES (64, 'EE');
INSERT INTO Countries (id, alpha2code) VALUES (65, 'ET');
INSERT INTO Countries (id, alpha2code) VALUES (66, 'FK');
INSERT INTO Countries (id, alpha2code) VALUES (67, 'FO');
INSERT INTO Countries (id, alpha2code) VALUES (68, 'FJ');
INSERT INTO Countries (id, alpha2code) VALUES (69, 'FI');
INSERT INTO Countries (id, alpha2code) VALUES (70, 'FR');
INSERT INTO Countries (id, alpha2code) VALUES (71, 'GF');
INSERT INTO Countries (id, alpha2code) VALUES (72, 'PF');
INSERT INTO Countries (id, alpha2code) VALUES (73, 'TF');
INSERT INTO Countries (id, alpha2code) VALUES (74, 'GA');
INSERT INTO Countries (id, alpha2code) VALUES (75, 'GM');
INSERT INTO Countries (id, alpha2code) VALUES (76, 'GE');
INSERT INTO Countries (id, alpha2code) VALUES (77, 'DE');
INSERT INTO Countries (id, alpha2code) VALUES (78, 'GH');
INSERT INTO Countries (id, alpha2code) VALUES (79, 'GI');
INSERT INTO Countries (id, alpha2code) VALUES (80, 'GR');
INSERT INTO Countries (id, alpha2code) VALUES (81, 'GL');
INSERT INTO Countries (id, alpha2code) VALUES (82, 'GD');
INSERT INTO Countries (id, alpha2code) VALUES (83, 'GP');
INSERT INTO Countries (id, alpha2code) VALUES (84, 'GU');
INSERT INTO Countries (id, alpha2code) VALUES (85, 'GT');
INSERT INTO Countries (id, alpha2code) VALUES (86, 'GG');
INSERT INTO Countries (id, alpha2code) VALUES (87, 'GN');
INSERT INTO Countries (id, alpha2code) VALUES (88, 'GW');
INSERT INTO Countries (id, alpha2code) VALUES (89, 'GY');
INSERT INTO Countries (id, alpha2code) VALUES (90, 'HT');
INSERT INTO Countries (id, alpha2code) VALUES (91, 'HM');
INSERT INTO Countries (id, alpha2code) VALUES (92, 'VA');
INSERT INTO Countries (id, alpha2code) VALUES (93, 'HN');
INSERT INTO Countries (id, alpha2code) VALUES (94, 'HK');
INSERT INTO Countries (id, alpha2code) VALUES (95, 'HU');
INSERT INTO Countries (id, alpha2code) VALUES (96, 'IS');
INSERT INTO Countries (id, alpha2code) VALUES (97, 'IN');
INSERT INTO Countries (id, alpha2code) VALUES (98, 'ID');
INSERT INTO Countries (id, alpha2code) VALUES (99, 'IR');
INSERT INTO Countries (id, alpha2code) VALUES (100, 'IQ');
INSERT INTO Countries (id, alpha2code) VALUES (101, 'IE');
INSERT INTO Countries (id, alpha2code) VALUES (102, 'IM');
INSERT INTO Countries (id, alpha2code) VALUES (103, 'IL');
INSERT INTO Countries (id, alpha2code) VALUES (104, 'IT');
INSERT INTO Countries (id, alpha2code) VALUES (105, 'JM');
INSERT INTO Countries (id, alpha2code) VALUES (106, 'JP');
INSERT INTO Countries (id, alpha2code) VALUES (107, 'JE');
INSERT INTO Countries (id, alpha2code) VALUES (108, 'JO');
INSERT INTO Countries (id, alpha2code) VALUES (109, 'KZ');
INSERT INTO Countries (id, alpha2code) VALUES (110, 'KE');
INSERT INTO Countries (id, alpha2code) VALUES (111, 'KI');
INSERT INTO Countries (id, alpha2code) VALUES (112, 'KW');
INSERT INTO Countries (id, alpha2code) VALUES (113, 'KG');
INSERT INTO Countries (id, alpha2code) VALUES (114, 'LA');
INSERT INTO Countries (id, alpha2code) VALUES (115, 'LV');
INSERT INTO Countries (id, alpha2code) VALUES (116, 'LB');
INSERT INTO Countries (id, alpha2code) VALUES (117, 'LS');
INSERT INTO Countries (id, alpha2code) VALUES (118, 'LR');
INSERT INTO Countries (id, alpha2code) VALUES (119, 'LY');
INSERT INTO Countries (id, alpha2code) VALUES (120, 'LI');
INSERT INTO Countries (id, alpha2code) VALUES (121, 'LT');
INSERT INTO Countries (id, alpha2code) VALUES (122, 'LU');
INSERT INTO Countries (id, alpha2code) VALUES (123, 'MO');
INSERT INTO Countries (id, alpha2code) VALUES (124, 'MG');
INSERT INTO Countries (id, alpha2code) VALUES (125, 'MW');
INSERT INTO Countries (id, alpha2code) VALUES (126, 'MY');
INSERT INTO Countries (id, alpha2code) VALUES (127, 'MV');
INSERT INTO Countries (id, alpha2code) VALUES (128, 'ML');
INSERT INTO Countries (id, alpha2code) VALUES (129, 'MT');
INSERT INTO Countries (id, alpha2code) VALUES (130, 'MH');
INSERT INTO Countries (id, alpha2code) VALUES (131, 'MQ');
INSERT INTO Countries (id, alpha2code) VALUES (132, 'MR');
INSERT INTO Countries (id, alpha2code) VALUES (133, 'MU');
INSERT INTO Countries (id, alpha2code) VALUES (134, 'YT');
INSERT INTO Countries (id, alpha2code) VALUES (135, 'MX');
INSERT INTO Countries (id, alpha2code) VALUES (136, 'MC');
INSERT INTO Countries (id, alpha2code) VALUES (137, 'MN');
INSERT INTO Countries (id, alpha2code) VALUES (138, 'ME');
INSERT INTO Countries (id, alpha2code) VALUES (139, 'MS');
INSERT INTO Countries (id, alpha2code) VALUES (140, 'MA');
INSERT INTO Countries (id, alpha2code) VALUES (141, 'MZ');
INSERT INTO Countries (id, alpha2code) VALUES (142, 'MM');
INSERT INTO Countries (id, alpha2code) VALUES (143, 'NA');
INSERT INTO Countries (id, alpha2code) VALUES (144, 'NR');
INSERT INTO Countries (id, alpha2code) VALUES (145, 'NP');
INSERT INTO Countries (id, alpha2code) VALUES (146, 'NL');
INSERT INTO Countries (id, alpha2code) VALUES (147, 'NC');
INSERT INTO Countries (id, alpha2code) VALUES (148, 'NZ');
INSERT INTO Countries (id, alpha2code) VALUES (149, 'NI');
INSERT INTO Countries (id, alpha2code) VALUES (150, 'NE');
INSERT INTO Countries (id, alpha2code) VALUES (151, 'NG');
INSERT INTO Countries (id, alpha2code) VALUES (152, 'NU');
INSERT INTO Countries (id, alpha2code) VALUES (153, 'NF');
INSERT INTO Countries (id, alpha2code) VALUES (154, 'MP');
INSERT INTO Countries (id, alpha2code) VALUES (155, 'NO');
INSERT INTO Countries (id, alpha2code) VALUES (156, 'OM');
INSERT INTO Countries (id, alpha2code) VALUES (157, 'PK');
INSERT INTO Countries (id, alpha2code) VALUES (158, 'PW');
INSERT INTO Countries (id, alpha2code) VALUES (159, 'PA');
INSERT INTO Countries (id, alpha2code) VALUES (160, 'PG');
INSERT INTO Countries (id, alpha2code) VALUES (161, 'PY');
INSERT INTO Countries (id, alpha2code) VALUES (162, 'PE');
INSERT INTO Countries (id, alpha2code) VALUES (163, 'PH');
INSERT INTO Countries (id, alpha2code) VALUES (164, 'PN');
INSERT INTO Countries (id, alpha2code) VALUES (165, 'PL');
INSERT INTO Countries (id, alpha2code) VALUES (166, 'PT');
INSERT INTO Countries (id, alpha2code) VALUES (167, 'PR');
INSERT INTO Countries (id, alpha2code) VALUES (168, 'QA');
INSERT INTO Countries (id, alpha2code) VALUES (169, 'RO');
INSERT INTO Countries (id, alpha2code) VALUES (170, 'RU');
INSERT INTO Countries (id, alpha2code) VALUES (171, 'RW');
INSERT INTO Countries (id, alpha2code) VALUES (172, 'KN');
INSERT INTO Countries (id, alpha2code) VALUES (173, 'LC');
INSERT INTO Countries (id, alpha2code) VALUES (174, 'MF');
INSERT INTO Countries (id, alpha2code) VALUES (175, 'PM');
INSERT INTO Countries (id, alpha2code) VALUES (176, 'VC');
INSERT INTO Countries (id, alpha2code) VALUES (177, 'WS');
INSERT INTO Countries (id, alpha2code) VALUES (178, 'SM');
INSERT INTO Countries (id, alpha2code) VALUES (179, 'ST');
INSERT INTO Countries (id, alpha2code) VALUES (180, 'SA');
INSERT INTO Countries (id, alpha2code) VALUES (181, 'SN');
INSERT INTO Countries (id, alpha2code) VALUES (182, 'RS');
INSERT INTO Countries (id, alpha2code) VALUES (183, 'SC');
INSERT INTO Countries (id, alpha2code) VALUES (184, 'SL');
INSERT INTO Countries (id, alpha2code) VALUES (185, 'SG');
INSERT INTO Countries (id, alpha2code) VALUES (186, 'SX');
INSERT INTO Countries (id, alpha2code) VALUES (187, 'SK');
INSERT INTO Countries (id, alpha2code) VALUES (188, 'SI');
INSERT INTO Countries (id, alpha2code) VALUES (189, 'SB');
INSERT INTO Countries (id, alpha2code) VALUES (190, 'SO');
INSERT INTO Countries (id, alpha2code) VALUES (191, 'ZA');
INSERT INTO Countries (id, alpha2code) VALUES (192, 'GS');
INSERT INTO Countries (id, alpha2code) VALUES (193, 'SS');
INSERT INTO Countries (id, alpha2code) VALUES (194, 'ES');
INSERT INTO Countries (id, alpha2code) VALUES (195, 'LK');
INSERT INTO Countries (id, alpha2code) VALUES (196, 'PS');
INSERT INTO Countries (id, alpha2code) VALUES (197, 'SD');
INSERT INTO Countries (id, alpha2code) VALUES (198, 'SR');
INSERT INTO Countries (id, alpha2code) VALUES (199, 'SJ'); 
INSERT INTO Countries (id, alpha2code) VALUES (200, 'SZ'); 
INSERT INTO Countries (id, alpha2code) VALUES (201, 'SE');
INSERT INTO Countries (id, alpha2code) VALUES (202, 'CH');
INSERT INTO Countries (id, alpha2code) VALUES (203, 'SY');
INSERT INTO Countries (id, alpha2code) VALUES (204, 'TW');
INSERT INTO Countries (id, alpha2code) VALUES (205, 'TJ');
INSERT INTO Countries (id, alpha2code) VALUES (206, 'TZ'); 
INSERT INTO Countries (id, alpha2code) VALUES (207, 'TH');
INSERT INTO Countries (id, alpha2code) VALUES (208, 'TL');
INSERT INTO Countries (id, alpha2code) VALUES (209, 'MK'); 
INSERT INTO Countries (id, alpha2code) VALUES (210, 'TG');
INSERT INTO Countries (id, alpha2code) VALUES (211, 'TK');
INSERT INTO Countries (id, alpha2code) VALUES (212, 'TO');
INSERT INTO Countries (id, alpha2code) VALUES (213, 'TT');
INSERT INTO Countries (id, alpha2code) VALUES (214, 'TN');
INSERT INTO Countries (id, alpha2code) VALUES (215, 'TR');
INSERT INTO Countries (id, alpha2code) VALUES (216, 'TM');
INSERT INTO Countries (id, alpha2code) VALUES (217, 'TC');
INSERT INTO Countries (id, alpha2code) VALUES (218, 'TV');
INSERT INTO Countries (id, alpha2code) VALUES (219, 'UG');
INSERT INTO Countries (id, alpha2code) VALUES (220, 'UA');
INSERT INTO Countries (id, alpha2code) VALUES (221, 'AE');
INSERT INTO Countries (id, alpha2code) VALUES (222, 'GB');
INSERT INTO Countries (id, alpha2code) VALUES (223, 'US');
INSERT INTO Countries (id, alpha2code) VALUES (224, 'UM');
INSERT INTO Countries (id, alpha2code) VALUES (225, 'UY');
INSERT INTO Countries (id, alpha2code) VALUES (226, 'UZ');
INSERT INTO Countries (id, alpha2code) VALUES (227, 'VU');
INSERT INTO Countries (id, alpha2code) VALUES (228, 'VE'); 
INSERT INTO Countries (id, alpha2code) VALUES (229, 'VN');
INSERT INTO Countries (id, alpha2code) VALUES (230, 'VG');
INSERT INTO Countries (id, alpha2code) VALUES (231, 'VI');
INSERT INTO Countries (id, alpha2code) VALUES (232, 'WF');
INSERT INTO Countries (id, alpha2code) VALUES (233, 'EH');
INSERT INTO Countries (id, alpha2code) VALUES (234, 'YE');
INSERT INTO Countries (id, alpha2code) VALUES (235, 'ZM');
INSERT INTO Countries (id, alpha2code) VALUES (236, 'ZW');



INSERT INTO CountryTranslations (country, language, name) VALUES (1, 'EN_UK', 'Afghanistan');
INSERT INTO CountryTranslations (country, language, name) VALUES (2, 'EN_UK', 'Albania');
INSERT INTO CountryTranslations (country, language, name) VALUES (3, 'EN_UK', 'Algeria');
INSERT INTO CountryTranslations (country, language, name) VALUES (4, 'EN_UK', 'American Samoa');
INSERT INTO CountryTranslations (country, language, name) VALUES (5, 'EN_UK', 'Andorra');
INSERT INTO CountryTranslations (country, language, name) VALUES (6, 'EN_UK', 'Angola');
INSERT INTO CountryTranslations (country, language, name) VALUES (7, 'EN_UK', 'Anguilla');
INSERT INTO CountryTranslations (country, language, name) VALUES (8, 'EN_UK', 'Antarctica');
INSERT INTO CountryTranslations (country, language, name) VALUES (9, 'EN_UK', 'Antigua and Barbuda');
INSERT INTO CountryTranslations (country, language, name) VALUES (10, 'EN_UK', 'Argentina');
INSERT INTO CountryTranslations (country, language, name) VALUES (11, 'EN_UK', 'Armenia');
INSERT INTO CountryTranslations (country, language, name) VALUES (12, 'EN_UK', 'Aruba');
INSERT INTO CountryTranslations (country, language, name) VALUES (13, 'EN_UK', 'Australia');
INSERT INTO CountryTranslations (country, language, name) VALUES (14, 'EN_UK', 'Austria');
INSERT INTO CountryTranslations (country, language, name) VALUES (15, 'EN_UK', 'Azerbaijan');
INSERT INTO CountryTranslations (country, language, name) VALUES (16, 'EN_UK', 'Bahamas');
INSERT INTO CountryTranslations (country, language, name) VALUES (17, 'EN_UK', 'Bahrain');
INSERT INTO CountryTranslations (country, language, name) VALUES (18, 'EN_UK', 'Bangladesh');
INSERT INTO CountryTranslations (country, language, name) VALUES (19, 'EN_UK', 'Barbados');
INSERT INTO CountryTranslations (country, language, name) VALUES (20, 'EN_UK', 'Belarus');
INSERT INTO CountryTranslations (country, language, name) VALUES (21, 'EN_UK', 'Belgium');
INSERT INTO CountryTranslations (country, language, name) VALUES (22, 'EN_UK', 'Belize');
INSERT INTO CountryTranslations (country, language, name) VALUES (23, 'EN_UK', 'Benin');
INSERT INTO CountryTranslations (country, language, name) VALUES (24, 'EN_UK', 'Bermuda');
INSERT INTO CountryTranslations (country, language, name) VALUES (25, 'EN_UK', 'Bhutan');
INSERT INTO CountryTranslations (country, language, name) VALUES (26, 'EN_UK', 'Bosnia and Herzegovina');
INSERT INTO CountryTranslations (country, language, name) VALUES (27, 'EN_UK', 'Botswana');
INSERT INTO CountryTranslations (country, language, name) VALUES (28, 'EN_UK', 'Bouvet Island');
INSERT INTO CountryTranslations (country, language, name) VALUES (29, 'EN_UK', 'Brazil');
INSERT INTO CountryTranslations (country, language, name) VALUES (30, 'EN_UK', 'British Indian Ocean Territory');
INSERT INTO CountryTranslations (country, language, name) VALUES (31, 'EN_UK', 'Brunei Darussalam');
INSERT INTO CountryTranslations (country, language, name) VALUES (32, 'EN_UK', 'Bulgaria');
INSERT INTO CountryTranslations (country, language, name) VALUES (33, 'EN_UK', 'Burkina Faso');
INSERT INTO CountryTranslations (country, language, name) VALUES (34, 'EN_UK', 'Burundi');
INSERT INTO CountryTranslations (country, language, name) VALUES (35, 'EN_UK', 'Cambodia');
INSERT INTO CountryTranslations (country, language, name) VALUES (36, 'EN_UK', 'Cameroon');
INSERT INTO CountryTranslations (country, language, name) VALUES (37, 'EN_UK', 'Canada');
INSERT INTO CountryTranslations (country, language, name) VALUES (38, 'EN_UK', 'Cape Verde');
INSERT INTO CountryTranslations (country, language, name) VALUES (39, 'EN_UK', 'Cayman Islands');
INSERT INTO CountryTranslations (country, language, name) VALUES (40, 'EN_UK', 'Central African Republic');
INSERT INTO CountryTranslations (country, language, name) VALUES (41, 'EN_UK', 'Chad');
INSERT INTO CountryTranslations (country, language, name) VALUES (42, 'EN_UK', 'Chile');
INSERT INTO CountryTranslations (country, language, name) VALUES (43, 'EN_UK', 'China');
INSERT INTO CountryTranslations (country, language, name) VALUES (44, 'EN_UK', 'Christmas Island');
INSERT INTO CountryTranslations (country, language, name) VALUES (45, 'EN_UK', 'Cocos (Keeling) Islands');
INSERT INTO CountryTranslations (country, language, name) VALUES (46, 'EN_UK', 'Colombia');
INSERT INTO CountryTranslations (country, language, name) VALUES (47, 'EN_UK', 'Comoros');
INSERT INTO CountryTranslations (country, language, name) VALUES (48, 'EN_UK', 'Congo');
INSERT INTO CountryTranslations (country, language, name) VALUES (49, 'EN_UK', 'Cook Islands');
INSERT INTO CountryTranslations (country, language, name) VALUES (50, 'EN_UK', 'Costa Rica');
INSERT INTO CountryTranslations (country, language, name) VALUES (51, 'EN_UK', 'Croatia');
INSERT INTO CountryTranslations (country, language, name) VALUES (52, 'EN_UK', 'Cuba');
INSERT INTO CountryTranslations (country, language, name) VALUES (53, 'EN_UK', 'Cyprus');
INSERT INTO CountryTranslations (country, language, name) VALUES (54, 'EN_UK', 'Czech Republic');
INSERT INTO CountryTranslations (country, language, name) VALUES (55, 'EN_UK', 'Denmark');
INSERT INTO CountryTranslations (country, language, name) VALUES (56, 'EN_UK', 'Djibouti');
INSERT INTO CountryTranslations (country, language, name) VALUES (57, 'EN_UK', 'Dominica');
INSERT INTO CountryTranslations (country, language, name) VALUES (58, 'EN_UK', 'Dominican Republic');
INSERT INTO CountryTranslations (country, language, name) VALUES (59, 'EN_UK', 'Ecuador');
INSERT INTO CountryTranslations (country, language, name) VALUES (60, 'EN_UK', 'Egypt');
INSERT INTO CountryTranslations (country, language, name) VALUES (61, 'EN_UK', 'El Salvador');
INSERT INTO CountryTranslations (country, language, name) VALUES (62, 'EN_UK', 'Equatorial Guinea');
INSERT INTO CountryTranslations (country, language, name) VALUES (63, 'EN_UK', 'Eritrea');
INSERT INTO CountryTranslations (country, language, name) VALUES (64, 'EN_UK', 'Estonia');
INSERT INTO CountryTranslations (country, language, name) VALUES (65, 'EN_UK', 'Ethiopia');
INSERT INTO CountryTranslations (country, language, name) VALUES (66, 'EN_UK', 'Falkland Islands (Malvinas)');
INSERT INTO CountryTranslations (country, language, name) VALUES (67, 'EN_UK', 'Faroe Islands');
INSERT INTO CountryTranslations (country, language, name) VALUES (68, 'EN_UK', 'Fiji');
INSERT INTO CountryTranslations (country, language, name) VALUES (69, 'EN_UK', 'Finland');
INSERT INTO CountryTranslations (country, language, name) VALUES (70, 'EN_UK', 'France');
INSERT INTO CountryTranslations (country, language, name) VALUES (71, 'EN_UK', 'French Guiana');
INSERT INTO CountryTranslations (country, language, name) VALUES (72, 'EN_UK', 'French Polynesia');
INSERT INTO CountryTranslations (country, language, name) VALUES (73, 'EN_UK', 'French Southern Territories');
INSERT INTO CountryTranslations (country, language, name) VALUES (74, 'EN_UK', 'Gabon');
INSERT INTO CountryTranslations (country, language, name) VALUES (75, 'EN_UK', 'Gambia');
INSERT INTO CountryTranslations (country, language, name) VALUES (76, 'EN_UK', 'Georgia');
INSERT INTO CountryTranslations (country, language, name) VALUES (77, 'EN_UK', 'Germany');
INSERT INTO CountryTranslations (country, language, name) VALUES (78, 'EN_UK', 'Ghana');
INSERT INTO CountryTranslations (country, language, name) VALUES (79, 'EN_UK', 'Gibraltar');
INSERT INTO CountryTranslations (country, language, name) VALUES (80, 'EN_UK', 'Greece');
INSERT INTO CountryTranslations (country, language, name) VALUES (81, 'EN_UK', 'Greenland');
INSERT INTO CountryTranslations (country, language, name) VALUES (82, 'EN_UK', 'Grenada');
INSERT INTO CountryTranslations (country, language, name) VALUES (83, 'EN_UK', 'Guadeloupe');
INSERT INTO CountryTranslations (country, language, name) VALUES (84, 'EN_UK', 'Guam');
INSERT INTO CountryTranslations (country, language, name) VALUES (85, 'EN_UK', 'Guatemala');
INSERT INTO CountryTranslations (country, language, name) VALUES (86, 'EN_UK', 'Guernsey');
INSERT INTO CountryTranslations (country, language, name) VALUES (87, 'EN_UK', 'Guinea');
INSERT INTO CountryTranslations (country, language, name) VALUES (88, 'EN_UK', 'Guinea-Bissau');
INSERT INTO CountryTranslations (country, language, name) VALUES (89, 'EN_UK', 'Guyana');
INSERT INTO CountryTranslations (country, language, name) VALUES (90, 'EN_UK', 'Haiti');
INSERT INTO CountryTranslations (country, language, name) VALUES (91, 'EN_UK', 'Heard Island and McDonald Islands');
INSERT INTO CountryTranslations (country, language, name) VALUES (92, 'EN_UK', 'Holy See (Vatican City State)');
INSERT INTO CountryTranslations (country, language, name) VALUES (93, 'EN_UK', 'Honduras');
INSERT INTO CountryTranslations (country, language, name) VALUES (94, 'EN_UK', 'Hong Kong');
INSERT INTO CountryTranslations (country, language, name) VALUES (95, 'EN_UK', 'Hungary');
INSERT INTO CountryTranslations (country, language, name) VALUES (96, 'EN_UK', 'Iceland');
INSERT INTO CountryTranslations (country, language, name) VALUES (97, 'EN_UK', 'India');
INSERT INTO CountryTranslations (country, language, name) VALUES (98, 'EN_UK', 'Indonesia');
INSERT INTO CountryTranslations (country, language, name) VALUES (99, 'EN_UK', 'Iran');
INSERT INTO CountryTranslations (country, language, name) VALUES (100, 'EN_UK', 'Iraq');
INSERT INTO CountryTranslations (country, language, name) VALUES (101, 'EN_UK', 'Ireland');
INSERT INTO CountryTranslations (country, language, name) VALUES (102, 'EN_UK', 'Isle of Man');
INSERT INTO CountryTranslations (country, language, name) VALUES (103, 'EN_UK', 'Israel');
INSERT INTO CountryTranslations (country, language, name) VALUES (104, 'EN_UK', 'Italy');
INSERT INTO CountryTranslations (country, language, name) VALUES (105, 'EN_UK', 'Jamaica');
INSERT INTO CountryTranslations (country, language, name) VALUES (106, 'EN_UK', 'Japan');
INSERT INTO CountryTranslations (country, language, name) VALUES (107, 'EN_UK', 'Jersey');
INSERT INTO CountryTranslations (country, language, name) VALUES (108, 'EN_UK', 'Jordan');
INSERT INTO CountryTranslations (country, language, name) VALUES (109, 'EN_UK', 'Kazakhstan');
INSERT INTO CountryTranslations (country, language, name) VALUES (110, 'EN_UK', 'Kenya');
INSERT INTO CountryTranslations (country, language, name) VALUES (111, 'EN_UK', 'Kiribati');
INSERT INTO CountryTranslations (country, language, name) VALUES (112, 'EN_UK', 'Kuwait');
INSERT INTO CountryTranslations (country, language, name) VALUES (113, 'EN_UK', 'Kyrgyzstan');
INSERT INTO CountryTranslations (country, language, name) VALUES (114, 'EN_UK', 'Lao Peoples Democratic Republic');
INSERT INTO CountryTranslations (country, language, name) VALUES (115, 'EN_UK', 'Latvia');
INSERT INTO CountryTranslations (country, language, name) VALUES (116, 'EN_UK', 'Lebanon');
INSERT INTO CountryTranslations (country, language, name) VALUES (117, 'EN_UK', 'Lesotho');
INSERT INTO CountryTranslations (country, language, name) VALUES (118, 'EN_UK', 'Liberia');
INSERT INTO CountryTranslations (country, language, name) VALUES (119, 'EN_UK', 'Libya');
INSERT INTO CountryTranslations (country, language, name) VALUES (120, 'EN_UK', 'Liechtenstein');
INSERT INTO CountryTranslations (country, language, name) VALUES (121, 'EN_UK', 'Lithuania');
INSERT INTO CountryTranslations (country, language, name) VALUES (122, 'EN_UK', 'Luxembourg');
INSERT INTO CountryTranslations (country, language, name) VALUES (123, 'EN_UK', 'Macao');
INSERT INTO CountryTranslations (country, language, name) VALUES (124, 'EN_UK', 'Madagascar');
INSERT INTO CountryTranslations (country, language, name) VALUES (125, 'EN_UK', 'Malawi');
INSERT INTO CountryTranslations (country, language, name) VALUES (126, 'EN_UK', 'Malaysia');
INSERT INTO CountryTranslations (country, language, name) VALUES (127, 'EN_UK', 'Maldives');
INSERT INTO CountryTranslations (country, language, name) VALUES (128, 'EN_UK', 'Mali');
INSERT INTO CountryTranslations (country, language, name) VALUES (129, 'EN_UK', 'Malta');
INSERT INTO CountryTranslations (country, language, name) VALUES (130, 'EN_UK', 'Marshall Islands');
INSERT INTO CountryTranslations (country, language, name) VALUES (131, 'EN_UK', 'Martinique');
INSERT INTO CountryTranslations (country, language, name) VALUES (132, 'EN_UK', 'Mauritania');
INSERT INTO CountryTranslations (country, language, name) VALUES (133, 'EN_UK', 'Mauritius');
INSERT INTO CountryTranslations (country, language, name) VALUES (134, 'EN_UK', 'Mayotte');
INSERT INTO CountryTranslations (country, language, name) VALUES (135, 'EN_UK', 'Mexico');
INSERT INTO CountryTranslations (country, language, name) VALUES (136, 'EN_UK', 'Monaco');
INSERT INTO CountryTranslations (country, language, name) VALUES (137, 'EN_UK', 'Mongolia');
INSERT INTO CountryTranslations (country, language, name) VALUES (138, 'EN_UK', 'Montenegro');
INSERT INTO CountryTranslations (country, language, name) VALUES (139, 'EN_UK', 'Montserrat');
INSERT INTO CountryTranslations (country, language, name) VALUES (140, 'EN_UK', 'Morocco');
INSERT INTO CountryTranslations (country, language, name) VALUES (141, 'EN_UK', 'Mozambique');
INSERT INTO CountryTranslations (country, language, name) VALUES (142, 'EN_UK', 'Myanmar');
INSERT INTO CountryTranslations (country, language, name) VALUES (143, 'EN_UK', 'Namibia');
INSERT INTO CountryTranslations (country, language, name) VALUES (144, 'EN_UK', 'Nauru');
INSERT INTO CountryTranslations (country, language, name) VALUES (145, 'EN_UK', 'Nepal');
INSERT INTO CountryTranslations (country, language, name) VALUES (146, 'EN_UK', 'Netherlands');
INSERT INTO CountryTranslations (country, language, name) VALUES (147, 'EN_UK', 'New Caledonia');
INSERT INTO CountryTranslations (country, language, name) VALUES (148, 'EN_UK', 'New Zealand');
INSERT INTO CountryTranslations (country, language, name) VALUES (149, 'EN_UK', 'Nicaragua');
INSERT INTO CountryTranslations (country, language, name) VALUES (150, 'EN_UK', 'Niger');
INSERT INTO CountryTranslations (country, language, name) VALUES (151, 'EN_UK', 'Nigeria');
INSERT INTO CountryTranslations (country, language, name) VALUES (152, 'EN_UK', 'Niue');
INSERT INTO CountryTranslations (country, language, name) VALUES (153, 'EN_UK', 'Norfolk Island');
INSERT INTO CountryTranslations (country, language, name) VALUES (154, 'EN_UK', 'Northern Mariana Islands');
INSERT INTO CountryTranslations (country, language, name) VALUES (155, 'EN_UK', 'Norway');
INSERT INTO CountryTranslations (country, language, name) VALUES (156, 'EN_UK', 'Oman');
INSERT INTO CountryTranslations (country, language, name) VALUES (157, 'EN_UK', 'Pakistan');
INSERT INTO CountryTranslations (country, language, name) VALUES (158, 'EN_UK', 'Palau');
INSERT INTO CountryTranslations (country, language, name) VALUES (159, 'EN_UK', 'Panama');
INSERT INTO CountryTranslations (country, language, name) VALUES (160, 'EN_UK', 'Papua New Guinea');
INSERT INTO CountryTranslations (country, language, name) VALUES (161, 'EN_UK', 'Paraguay');
INSERT INTO CountryTranslations (country, language, name) VALUES (162, 'EN_UK', 'Peru');
INSERT INTO CountryTranslations (country, language, name) VALUES (163, 'EN_UK', 'Philippines');
INSERT INTO CountryTranslations (country, language, name) VALUES (164, 'EN_UK', 'Pitcairn');
INSERT INTO CountryTranslations (country, language, name) VALUES (165, 'EN_UK', 'Poland');
INSERT INTO CountryTranslations (country, language, name) VALUES (166, 'EN_UK', 'Portugal');
INSERT INTO CountryTranslations (country, language, name) VALUES (167, 'EN_UK', 'Puerto Rico');
INSERT INTO CountryTranslations (country, language, name) VALUES (168, 'EN_UK', 'Qatar');
INSERT INTO CountryTranslations (country, language, name) VALUES (169, 'EN_UK', 'Romania');
INSERT INTO CountryTranslations (country, language, name) VALUES (170, 'EN_UK', 'Russian Federation');
INSERT INTO CountryTranslations (country, language, name) VALUES (171, 'EN_UK', 'Rwanda');
INSERT INTO CountryTranslations (country, language, name) VALUES (172, 'EN_UK', 'Saint Kitts and Nevis');
INSERT INTO CountryTranslations (country, language, name) VALUES (173, 'EN_UK', 'Saint Lucia');
INSERT INTO CountryTranslations (country, language, name) VALUES (174, 'EN_UK', 'Saint Martin (French part)');
INSERT INTO CountryTranslations (country, language, name) VALUES (175, 'EN_UK', 'Saint Pierre and Miquelon');
INSERT INTO CountryTranslations (country, language, name) VALUES (176, 'EN_UK', 'Saint Vincent and the Grenadines');
INSERT INTO CountryTranslations (country, language, name) VALUES (177, 'EN_UK', 'Samoa');
INSERT INTO CountryTranslations (country, language, name) VALUES (178, 'EN_UK', 'San Marino');
INSERT INTO CountryTranslations (country, language, name) VALUES (179, 'EN_UK', 'Sao Tome and Principe');
INSERT INTO CountryTranslations (country, language, name) VALUES (180, 'EN_UK', 'Saudi Arabia');
INSERT INTO CountryTranslations (country, language, name) VALUES (181, 'EN_UK', 'Senegal');
INSERT INTO CountryTranslations (country, language, name) VALUES (182, 'EN_UK', 'Serbia');
INSERT INTO CountryTranslations (country, language, name) VALUES (183, 'EN_UK', 'Seychelles');
INSERT INTO CountryTranslations (country, language, name) VALUES (184, 'EN_UK', 'Sierra Leone');
INSERT INTO CountryTranslations (country, language, name) VALUES (185, 'EN_UK', 'Singapore');
INSERT INTO CountryTranslations (country, language, name) VALUES (186, 'EN_UK', 'Sint Maarten (Dutch part)');
INSERT INTO CountryTranslations (country, language, name) VALUES (187, 'EN_UK', 'Slovakia');
INSERT INTO CountryTranslations (country, language, name) VALUES (188, 'EN_UK', 'Slovenia');
INSERT INTO CountryTranslations (country, language, name) VALUES (189, 'EN_UK', 'Solomon Islands');
INSERT INTO CountryTranslations (country, language, name) VALUES (190, 'EN_UK', 'Somalia');
INSERT INTO CountryTranslations (country, language, name) VALUES (191, 'EN_UK', 'South Africa');
INSERT INTO CountryTranslations (country, language, name) VALUES (192, 'EN_UK', 'South Georgia and the South Sandwich Islands');
INSERT INTO CountryTranslations (country, language, name) VALUES (193, 'EN_UK', 'South Sudan');
INSERT INTO CountryTranslations (country, language, name) VALUES (194, 'EN_UK', 'Spain');
INSERT INTO CountryTranslations (country, language, name) VALUES (195, 'EN_UK', 'Sri Lanka');
INSERT INTO CountryTranslations (country, language, name) VALUES (196, 'EN_UK', 'Palestine');
INSERT INTO CountryTranslations (country, language, name) VALUES (197, 'EN_UK', 'Sudan');
INSERT INTO CountryTranslations (country, language, name) VALUES (198, 'EN_UK', 'Suriname');
INSERT INTO CountryTranslations (country, language, name) VALUES (199, 'EN_UK', 'Svalbard and Jan Mayen');
INSERT INTO CountryTranslations (country, language, name) VALUES (200, 'EN_UK', 'Swaziland');
INSERT INTO CountryTranslations (country, language, name) VALUES (201, 'EN_UK', 'Sweden');
INSERT INTO CountryTranslations (country, language, name) VALUES (202, 'EN_UK', 'Switzerland');
INSERT INTO CountryTranslations (country, language, name) VALUES (203, 'EN_UK', 'Syrian Arab Republic');
INSERT INTO CountryTranslations (country, language, name) VALUES (204, 'EN_UK', 'Taiwan');
INSERT INTO CountryTranslations (country, language, name) VALUES (205, 'EN_UK', 'Tajikistan');
INSERT INTO CountryTranslations (country, language, name) VALUES (206, 'EN_UK', 'Tanzania');
INSERT INTO CountryTranslations (country, language, name) VALUES (207, 'EN_UK', 'Thailand');
INSERT INTO CountryTranslations (country, language, name) VALUES (208, 'EN_UK', 'North Macedonia');
INSERT INTO CountryTranslations (country, language, name) VALUES (209, 'EN_UK', 'Timor-Leste');
INSERT INTO CountryTranslations (country, language, name) VALUES (210, 'EN_UK', 'Togo');
INSERT INTO CountryTranslations (country, language, name) VALUES (211, 'EN_UK', 'Tonga');
INSERT INTO CountryTranslations (country, language, name) VALUES (212, 'EN_UK', 'Tokelau');
INSERT INTO CountryTranslations (country, language, name) VALUES (213, 'EN_UK', 'Trinidad and Tobago');
INSERT INTO CountryTranslations (country, language, name) VALUES (214, 'EN_UK', 'Tunisia');
INSERT INTO CountryTranslations (country, language, name) VALUES (215, 'EN_UK', 'Turkey');
INSERT INTO CountryTranslations (country, language, name) VALUES (216, 'EN_UK', 'Turkmenistan');
INSERT INTO CountryTranslations (country, language, name) VALUES (217, 'EN_UK', 'Tuvalu');
INSERT INTO CountryTranslations (country, language, name) VALUES (218, 'EN_UK', 'Uganda');
INSERT INTO CountryTranslations (country, language, name) VALUES (219, 'EN_UK', 'Ukraine');
INSERT INTO CountryTranslations (country, language, name) VALUES (220, 'EN_UK', 'United Arab Emirates');
INSERT INTO CountryTranslations (country, language, name) VALUES (221, 'EN_UK', 'United Kingdom of Great Britain and Northern Ireland');
INSERT INTO CountryTranslations (country, language, name) VALUES (222, 'EN_UK', 'United Republic of Tanzania');
INSERT INTO CountryTranslations (country, language, name) VALUES (223, 'EN_UK', 'United States Minor Outlying Islands');
INSERT INTO CountryTranslations (country, language, name) VALUES (224, 'EN_UK', 'United States of America');
INSERT INTO CountryTranslations (country, language, name) VALUES (225, 'EN_UK', 'Uruguay');
INSERT INTO CountryTranslations (country, language, name) VALUES (226, 'EN_UK', 'Uzbekistan');
INSERT INTO CountryTranslations (country, language, name) VALUES (227, 'EN_UK', 'Vanuatu');
INSERT INTO CountryTranslations (country, language, name) VALUES (228, 'EN_UK', 'Venezuela');
INSERT INTO CountryTranslations (country, language, name) VALUES (229, 'EN_UK', 'Viet Nam');
INSERT INTO CountryTranslations (country, language, name) VALUES (230, 'EN_UK', 'Virgin Islands (British)');
INSERT INTO CountryTranslations (country, language, name) VALUES (231, 'EN_UK', 'Virgin Islands (U.S.)');
INSERT INTO CountryTranslations (country, language, name) VALUES (232, 'EN_UK', 'Wallis and Futuna');
INSERT INTO CountryTranslations (country, language, name) VALUES (233, 'EN_UK', 'Western Sahara');
INSERT INTO CountryTranslations (country, language, name) VALUES (234, 'EN_UK', 'Yemen');
INSERT INTO CountryTranslations (country, language, name) VALUES (235, 'EN_UK', 'Zambia');
INSERT INTO CountryTranslations (country, language, name) VALUES (236, 'EN_UK', 'Zimbabwe');
                                                                  
INSERT INTO CountryTranslations (country, language, name) VALUES (1, 'PT_PT', 'Afeganistão');
INSERT INTO CountryTranslations (country, language, name) VALUES (2, 'PT_PT', 'Albânia');
INSERT INTO CountryTranslations (country, language, name) VALUES (3, 'PT_PT', 'Argélia');
INSERT INTO CountryTranslations (country, language, name) VALUES (4, 'PT_PT', 'Samoa Americana');
INSERT INTO CountryTranslations (country, language, name) VALUES (5, 'PT_PT', 'Andorra');
INSERT INTO CountryTranslations (country, language, name) VALUES (6, 'PT_PT', 'Angola');
INSERT INTO CountryTranslations (country, language, name) VALUES (7, 'PT_PT', 'Anguilla');
INSERT INTO CountryTranslations (country, language, name) VALUES (8, 'PT_PT', 'Antárctida');
INSERT INTO CountryTranslations (country, language, name) VALUES (9, 'PT_PT', 'Antígua e Barbuda');
INSERT INTO CountryTranslations (country, language, name) VALUES (10, 'PT_PT', 'Argentina');
INSERT INTO CountryTranslations (country, language, name) VALUES (11, 'PT_PT', 'Arménia');
INSERT INTO CountryTranslations (country, language, name) VALUES (12, 'PT_PT', 'Aruba');
INSERT INTO CountryTranslations (country, language, name) VALUES (13, 'PT_PT', 'Austrália');
INSERT INTO CountryTranslations (country, language, name) VALUES (14, 'PT_PT', 'Áustria');
INSERT INTO CountryTranslations (country, language, name) VALUES (15, 'PT_PT', 'Azerbaijão');
INSERT INTO CountryTranslations (country, language, name) VALUES (16, 'PT_PT', 'Bahamas');
INSERT INTO CountryTranslations (country, language, name) VALUES (17, 'PT_PT', 'Bahrein');
INSERT INTO CountryTranslations (country, language, name) VALUES (18, 'PT_PT', 'Bangladesh');
INSERT INTO CountryTranslations (country, language, name) VALUES (19, 'PT_PT', 'Barbados');
INSERT INTO CountryTranslations (country, language, name) VALUES (20, 'PT_PT', 'Bielorrússia');
INSERT INTO CountryTranslations (country, language, name) VALUES (21, 'PT_PT', 'Bélgica');
INSERT INTO CountryTranslations (country, language, name) VALUES (22, 'PT_PT', 'Belize');
INSERT INTO CountryTranslations (country, language, name) VALUES (23, 'PT_PT', 'Benin');
INSERT INTO CountryTranslations (country, language, name) VALUES (24, 'PT_PT', 'Bermudas');
INSERT INTO CountryTranslations (country, language, name) VALUES (25, 'PT_PT', 'Butão');
INSERT INTO CountryTranslations (country, language, name) VALUES (26, 'PT_PT', 'Bósnia e Herzegovina');
INSERT INTO CountryTranslations (country, language, name) VALUES (27, 'PT_PT', 'Botsuana');
INSERT INTO CountryTranslations (country, language, name) VALUES (28, 'PT_PT', 'Ilha Bouvet');
INSERT INTO CountryTranslations (country, language, name) VALUES (29, 'PT_PT', 'Brasil');
INSERT INTO CountryTranslations (country, language, name) VALUES (30, 'PT_PT', 'Território Britânico do Oceano Índico');
INSERT INTO CountryTranslations (country, language, name) VALUES (31, 'PT_PT', 'Brunei Darussalam');
INSERT INTO CountryTranslations (country, language, name) VALUES (32, 'PT_PT', 'Bulgária');
INSERT INTO CountryTranslations (country, language, name) VALUES (33, 'PT_PT', 'Burquina Faso');
INSERT INTO CountryTranslations (country, language, name) VALUES (34, 'PT_PT', 'Burundi');
INSERT INTO CountryTranslations (country, language, name) VALUES (35, 'PT_PT', 'Camboja');
INSERT INTO CountryTranslations (country, language, name) VALUES (36, 'PT_PT', 'Camarões');
INSERT INTO CountryTranslations (country, language, name) VALUES (37, 'PT_PT', 'Canadá');
INSERT INTO CountryTranslations (country, language, name) VALUES (38, 'PT_PT', 'Cabo Verde');
INSERT INTO CountryTranslations (country, language, name) VALUES (39, 'PT_PT', 'Ilhas Caimão');
INSERT INTO CountryTranslations (country, language, name) VALUES (40, 'PT_PT', 'República Centro-Africana');
INSERT INTO CountryTranslations (country, language, name) VALUES (41, 'PT_PT', 'Chade');
INSERT INTO CountryTranslations (country, language, name) VALUES (42, 'PT_PT', 'Chile');
INSERT INTO CountryTranslations (country, language, name) VALUES (43, 'PT_PT', 'China');
INSERT INTO CountryTranslations (country, language, name) VALUES (44, 'PT_PT', 'Ilha do Natal');
INSERT INTO CountryTranslations (country, language, name) VALUES (45, 'PT_PT', 'Ilhas Cocos (Keeling)');
INSERT INTO CountryTranslations (country, language, name) VALUES (46, 'PT_PT', 'Colômbia');
INSERT INTO CountryTranslations (country, language, name) VALUES (47, 'PT_PT', 'Comores');
INSERT INTO CountryTranslations (country, language, name) VALUES (48, 'PT_PT', 'Congo');
INSERT INTO CountryTranslations (country, language, name) VALUES (49, 'PT_PT', 'Ilhas Cook');
INSERT INTO CountryTranslations (country, language, name) VALUES (50, 'PT_PT', 'Costa Rica');
INSERT INTO CountryTranslations (country, language, name) VALUES (51, 'PT_PT', 'Croácia');
INSERT INTO CountryTranslations (country, language, name) VALUES (52, 'PT_PT', 'Cuba');
INSERT INTO CountryTranslations (country, language, name) VALUES (53, 'PT_PT', 'Chipre');
INSERT INTO CountryTranslations (country, language, name) VALUES (54, 'PT_PT', 'República Checa');
INSERT INTO CountryTranslations (country, language, name) VALUES (55, 'PT_PT', 'Dinamarca');
INSERT INTO CountryTranslations (country, language, name) VALUES (56, 'PT_PT', 'Djibuti');
INSERT INTO CountryTranslations (country, language, name) VALUES (57, 'PT_PT', 'Dominica');
INSERT INTO CountryTranslations (country, language, name) VALUES (58, 'PT_PT', 'República Dominicana');
INSERT INTO CountryTranslations (country, language, name) VALUES (59, 'PT_PT', 'Equador');
INSERT INTO CountryTranslations (country, language, name) VALUES (60, 'PT_PT', 'Egito');
INSERT INTO CountryTranslations (country, language, name) VALUES (61, 'PT_PT', 'El Salvador');
INSERT INTO CountryTranslations (country, language, name) VALUES (62, 'PT_PT', 'Guiné Equatorial');
INSERT INTO CountryTranslations (country, language, name) VALUES (63, 'PT_PT', 'Eritreia');
INSERT INTO CountryTranslations (country, language, name) VALUES (64, 'PT_PT', 'Estónia');
INSERT INTO CountryTranslations (country, language, name) VALUES (65, 'PT_PT', 'Etiópia');
INSERT INTO CountryTranslations (country, language, name) VALUES (66, 'PT_PT', 'Ilhas Falkland');
INSERT INTO CountryTranslations (country, language, name) VALUES (67, 'PT_PT', 'Ilhas Faroé');
INSERT INTO CountryTranslations (country, language, name) VALUES (68, 'PT_PT', 'Fiji');
INSERT INTO CountryTranslations (country, language, name) VALUES (69, 'PT_PT', 'Finlândia');
INSERT INTO CountryTranslations (country, language, name) VALUES (70, 'PT_PT', 'França');
INSERT INTO CountryTranslations (country, language, name) VALUES (71, 'PT_PT', 'Guiana Francesa');
INSERT INTO CountryTranslations (country, language, name) VALUES (72, 'PT_PT', 'Polinésia Francesa');
INSERT INTO CountryTranslations (country, language, name) VALUES (73, 'PT_PT', 'Territórios Austrais e Antárcticos Franceses');
INSERT INTO CountryTranslations (country, language, name) VALUES (74, 'PT_PT', 'Gabão');
INSERT INTO CountryTranslations (country, language, name) VALUES (75, 'PT_PT', 'Gâmbia');
INSERT INTO CountryTranslations (country, language, name) VALUES (76, 'PT_PT', 'Geórgia');
INSERT INTO CountryTranslations (country, language, name) VALUES (77, 'PT_PT', 'Alemanha');
INSERT INTO CountryTranslations (country, language, name) VALUES (78, 'PT_PT', 'Gana');
INSERT INTO CountryTranslations (country, language, name) VALUES (79, 'PT_PT', 'Gibraltar');
INSERT INTO CountryTranslations (country, language, name) VALUES (80, 'PT_PT', 'Grécia');
INSERT INTO CountryTranslations (country, language, name) VALUES (81, 'PT_PT', 'Gronelândia');
INSERT INTO CountryTranslations (country, language, name) VALUES (82, 'PT_PT', 'Granada');
INSERT INTO CountryTranslations (country, language, name) VALUES (83, 'PT_PT', 'Guadalupe');
INSERT INTO CountryTranslations (country, language, name) VALUES (84, 'PT_PT', 'Guam');
INSERT INTO CountryTranslations (country, language, name) VALUES (85, 'PT_PT', 'Guatemala');
INSERT INTO CountryTranslations (country, language, name) VALUES (86, 'PT_PT', 'Guernsey');
INSERT INTO CountryTranslations (country, language, name) VALUES (87, 'PT_PT', 'Guiné');
INSERT INTO CountryTranslations (country, language, name) VALUES (88, 'PT_PT', 'Guiné-Bissau');
INSERT INTO CountryTranslations (country, language, name) VALUES (89, 'PT_PT', 'Guiana');
INSERT INTO CountryTranslations (country, language, name) VALUES (90, 'PT_PT', 'Haiti');
INSERT INTO CountryTranslations (country, language, name) VALUES (91, 'PT_PT', 'Ilha Heard e Ilhas McDonald');
INSERT INTO CountryTranslations (country, language, name) VALUES (92, 'PT_PT', 'Santa Sé (Cidade do Vaticano)');
INSERT INTO CountryTranslations (country, language, name) VALUES (93, 'PT_PT', 'Honduras');
INSERT INTO CountryTranslations (country, language, name) VALUES (94, 'PT_PT', 'Hong Kong');
INSERT INTO CountryTranslations (country, language, name) VALUES (95, 'PT_PT', 'Hungria');
INSERT INTO CountryTranslations (country, language, name) VALUES (96, 'PT_PT', 'Islândia');
INSERT INTO CountryTranslations (country, language, name) VALUES (97, 'PT_PT', 'Índia');
INSERT INTO CountryTranslations (country, language, name) VALUES (98, 'PT_PT', 'Indonésia');
INSERT INTO CountryTranslations (country, language, name) VALUES (99, 'PT_PT', 'Irão');
INSERT INTO CountryTranslations (country, language, name) VALUES (100, 'PT_PT', 'Iraque');
INSERT INTO CountryTranslations (country, language, name) VALUES (101, 'PT_PT', 'Irlanda');
INSERT INTO CountryTranslations (country, language, name) VALUES (102, 'PT_PT', 'Ilha de Man');
INSERT INTO CountryTranslations (country, language, name) VALUES (103, 'PT_PT', 'Israel');
INSERT INTO CountryTranslations (country, language, name) VALUES (104, 'PT_PT', 'Itália');
INSERT INTO CountryTranslations (country, language, name) VALUES (105, 'PT_PT', 'Jamaica');
INSERT INTO CountryTranslations (country, language, name) VALUES (106, 'PT_PT', 'Japão');
INSERT INTO CountryTranslations (country, language, name) VALUES (107, 'PT_PT', 'Jersey');
INSERT INTO CountryTranslations (country, language, name) VALUES (108, 'PT_PT', 'Jordánia');
INSERT INTO CountryTranslations (country, language, name) VALUES (109, 'PT_PT', 'Cazaquistão');
INSERT INTO CountryTranslations (country, language, name) VALUES (110, 'PT_PT', 'Quénia');
INSERT INTO CountryTranslations (country, language, name) VALUES (111, 'PT_PT', 'Kiribati');
INSERT INTO CountryTranslations (country, language, name) VALUES (112, 'PT_PT', 'Kuwait');
INSERT INTO CountryTranslations (country, language, name) VALUES (113, 'PT_PT', 'Quirguistão');
INSERT INTO CountryTranslations (country, language, name) VALUES (114, 'PT_PT', 'República Democrática Popular do Laos');
INSERT INTO CountryTranslations (country, language, name) VALUES (115, 'PT_PT', 'Letónia');
INSERT INTO CountryTranslations (country, language, name) VALUES (116, 'PT_PT', 'Líbano');
INSERT INTO CountryTranslations (country, language, name) VALUES (117, 'PT_PT', 'Lesoto');
INSERT INTO CountryTranslations (country, language, name) VALUES (118, 'PT_PT', 'Libéria');
INSERT INTO CountryTranslations (country, language, name) VALUES (119, 'PT_PT', 'Líbia');
INSERT INTO CountryTranslations (country, language, name) VALUES (120, 'PT_PT', 'Liechtenstein');
INSERT INTO CountryTranslations (country, language, name) VALUES (121, 'PT_PT', 'Lituânia');
INSERT INTO CountryTranslations (country, language, name) VALUES (122, 'PT_PT', 'Luxemburgo');
INSERT INTO CountryTranslations (country, language, name) VALUES (123, 'PT_PT', 'Macau');
INSERT INTO CountryTranslations (country, language, name) VALUES (124, 'PT_PT', 'Madagáscar');
INSERT INTO CountryTranslations (country, language, name) VALUES (125, 'PT_PT', 'Malaui');
INSERT INTO CountryTranslations (country, language, name) VALUES (126, 'PT_PT', 'Malásia');
INSERT INTO CountryTranslations (country, language, name) VALUES (127, 'PT_PT', 'Maldivas');
INSERT INTO CountryTranslations (country, language, name) VALUES (128, 'PT_PT', 'Mali');
INSERT INTO CountryTranslations (country, language, name) VALUES (129, 'PT_PT', 'Malta');
INSERT INTO CountryTranslations (country, language, name) VALUES (130, 'PT_PT', 'Ilhas Marshall');
INSERT INTO CountryTranslations (country, language, name) VALUES (131, 'PT_PT', 'Martinica');
INSERT INTO CountryTranslations (country, language, name) VALUES (132, 'PT_PT', 'Mauritânia');
INSERT INTO CountryTranslations (country, language, name) VALUES (133, 'PT_PT', 'Maurícia');
INSERT INTO CountryTranslations (country, language, name) VALUES (134, 'PT_PT', 'Mayotte');
INSERT INTO CountryTranslations (country, language, name) VALUES (135, 'PT_PT', 'México');
INSERT INTO CountryTranslations (country, language, name) VALUES (136, 'PT_PT', 'Mónaco');
INSERT INTO CountryTranslations (country, language, name) VALUES (137, 'PT_PT', 'Mongólia');
INSERT INTO CountryTranslations (country, language, name) VALUES (138, 'PT_PT', 'Montenegro');
INSERT INTO CountryTranslations (country, language, name) VALUES (139, 'PT_PT', 'Montserrat');
INSERT INTO CountryTranslations (country, language, name) VALUES (140, 'PT_PT', 'Marrocos');
INSERT INTO CountryTranslations (country, language, name) VALUES (141, 'PT_PT', 'Moçambique');
INSERT INTO CountryTranslations (country, language, name) VALUES (142, 'PT_PT', 'Myanmar');
INSERT INTO CountryTranslations (country, language, name) VALUES (143, 'PT_PT', 'Namíbia');
INSERT INTO CountryTranslations (country, language, name) VALUES (144, 'PT_PT', 'Nauru');
INSERT INTO CountryTranslations (country, language, name) VALUES (145, 'PT_PT', 'Nepal');
INSERT INTO CountryTranslations (country, language, name) VALUES (146, 'PT_PT', 'Holanda');
INSERT INTO CountryTranslations (country, language, name) VALUES (147, 'PT_PT', 'Nova Caledónia');
INSERT INTO CountryTranslations (country, language, name) VALUES (148, 'PT_PT', 'Nova Zelândia');
INSERT INTO CountryTranslations (country, language, name) VALUES (149, 'PT_PT', 'Nicarágua');
INSERT INTO CountryTranslations (country, language, name) VALUES (150, 'PT_PT', 'Níger');
INSERT INTO CountryTranslations (country, language, name) VALUES (151, 'PT_PT', 'Nigéria');
INSERT INTO CountryTranslations (country, language, name) VALUES (152, 'PT_PT', 'Niue');
INSERT INTO CountryTranslations (country, language, name) VALUES (153, 'PT_PT', 'Ilha Norfolk');
INSERT INTO CountryTranslations (country, language, name) VALUES (154, 'PT_PT', 'Ilhas Marianas do Norte');
INSERT INTO CountryTranslations (country, language, name) VALUES (155, 'PT_PT', 'Noruega');
INSERT INTO CountryTranslations (country, language, name) VALUES (156, 'PT_PT', 'Omã');
INSERT INTO CountryTranslations (country, language, name) VALUES (157, 'PT_PT', 'Paquistão');
INSERT INTO CountryTranslations (country, language, name) VALUES (158, 'PT_PT', 'Palau');
INSERT INTO CountryTranslations (country, language, name) VALUES (159, 'PT_PT', 'Panamá');
INSERT INTO CountryTranslations (country, language, name) VALUES (160, 'PT_PT', 'Papua Nova Guiné');
INSERT INTO CountryTranslations (country, language, name) VALUES (161, 'PT_PT', 'Paraguai');
INSERT INTO CountryTranslations (country, language, name) VALUES (162, 'PT_PT', 'Peru');
INSERT INTO CountryTranslations (country, language, name) VALUES (163, 'PT_PT', 'Filipinas');
INSERT INTO CountryTranslations (country, language, name) VALUES (164, 'PT_PT', 'Ilhas Pitcairn');
INSERT INTO CountryTranslations (country, language, name) VALUES (165, 'PT_PT', 'Polónia');
INSERT INTO CountryTranslations (country, language, name) VALUES (166, 'PT_PT', 'Portugal');
INSERT INTO CountryTranslations (country, language, name) VALUES (167, 'PT_PT', 'Porto Rico');
INSERT INTO CountryTranslations (country, language, name) VALUES (168, 'PT_PT', 'Catar');
INSERT INTO CountryTranslations (country, language, name) VALUES (169, 'PT_PT', 'Roménia');
INSERT INTO CountryTranslations (country, language, name) VALUES (170, 'PT_PT', 'Federação Russa');
INSERT INTO CountryTranslations (country, language, name) VALUES (171, 'PT_PT', 'Ruanda');
INSERT INTO CountryTranslations (country, language, name) VALUES (172, 'PT_PT', 'São Cristóvão e Nevis');
INSERT INTO CountryTranslations (country, language, name) VALUES (173, 'PT_PT', 'Santa Lúcia');
INSERT INTO CountryTranslations (country, language, name) VALUES (174, 'PT_PT', 'São Martinho (França)');
INSERT INTO CountryTranslations (country, language, name) VALUES (175, 'PT_PT', 'São Pedro e Miquelão');
INSERT INTO CountryTranslations (country, language, name) VALUES (176, 'PT_PT', 'São Vicente e Granadinas');
INSERT INTO CountryTranslations (country, language, name) VALUES (177, 'PT_PT', 'Samoa');
INSERT INTO CountryTranslations (country, language, name) VALUES (178, 'PT_PT', 'San Marino');
INSERT INTO CountryTranslations (country, language, name) VALUES (179, 'PT_PT', 'São Tomé e Príncipe');
INSERT INTO CountryTranslations (country, language, name) VALUES (180, 'PT_PT', 'Arábia Saudita');
INSERT INTO CountryTranslations (country, language, name) VALUES (181, 'PT_PT', 'Senegal');
INSERT INTO CountryTranslations (country, language, name) VALUES (182, 'PT_PT', 'Sérvia');
INSERT INTO CountryTranslations (country, language, name) VALUES (183, 'PT_PT', 'Ilhas Seychelles');
INSERT INTO CountryTranslations (country, language, name) VALUES (184, 'PT_PT', 'Serra Leoa');
INSERT INTO CountryTranslations (country, language, name) VALUES (185, 'PT_PT', 'Singapura');
INSERT INTO CountryTranslations (country, language, name) VALUES (186, 'PT_PT', 'Sint Maarten (Holanda)');
INSERT INTO CountryTranslations (country, language, name) VALUES (187, 'PT_PT', 'Eslováquia');
INSERT INTO CountryTranslations (country, language, name) VALUES (188, 'PT_PT', 'Eslovénia');
INSERT INTO CountryTranslations (country, language, name) VALUES (189, 'PT_PT', 'Ilhas Salomão');
INSERT INTO CountryTranslations (country, language, name) VALUES (190, 'PT_PT', 'Somália');
INSERT INTO CountryTranslations (country, language, name) VALUES (191, 'PT_PT', 'África do Sul');
INSERT INTO CountryTranslations (country, language, name) VALUES (192, 'PT_PT', 'Ilhas Geórgia do Sul e Sandwich do Sul');
INSERT INTO CountryTranslations (country, language, name) VALUES (193, 'PT_PT', 'Sudão do Sul');
INSERT INTO CountryTranslations (country, language, name) VALUES (194, 'PT_PT', 'Espanha');
INSERT INTO CountryTranslations (country, language, name) VALUES (195, 'PT_PT', 'Sri Lanka');
INSERT INTO CountryTranslations (country, language, name) VALUES (196, 'PT_PT', 'Palestina');
INSERT INTO CountryTranslations (country, language, name) VALUES (197, 'PT_PT', 'Sudão');
INSERT INTO CountryTranslations (country, language, name) VALUES (198, 'PT_PT', 'Suriname');
INSERT INTO CountryTranslations (country, language, name) VALUES (199, 'PT_PT', 'Svalbard e Jan Mayen');
INSERT INTO CountryTranslations (country, language, name) VALUES (200, 'PT_PT', 'Swazilândia');
INSERT INTO CountryTranslations (country, language, name) VALUES (201, 'PT_PT', 'Suécia');
INSERT INTO CountryTranslations (country, language, name) VALUES (202, 'PT_PT', 'Suíça');
INSERT INTO CountryTranslations (country, language, name) VALUES (203, 'PT_PT', 'Síria');
INSERT INTO CountryTranslations (country, language, name) VALUES (204, 'PT_PT', 'Taiwan');
INSERT INTO CountryTranslations (country, language, name) VALUES (205, 'PT_PT', 'Tajiquistão');
INSERT INTO CountryTranslations (country, language, name) VALUES (206, 'PT_PT', 'Tanzânia');
INSERT INTO CountryTranslations (country, language, name) VALUES (207, 'PT_PT', 'Tailândia');
INSERT INTO CountryTranslations (country, language, name) VALUES (208, 'PT_PT', 'Macedónia do Norte');
INSERT INTO CountryTranslations (country, language, name) VALUES (209, 'PT_PT', 'Timor-Leste');
INSERT INTO CountryTranslations (country, language, name) VALUES (210, 'PT_PT', 'Togo');
INSERT INTO CountryTranslations (country, language, name) VALUES (211, 'PT_PT', 'Tonga');
INSERT INTO CountryTranslations (country, language, name) VALUES (212, 'PT_PT', 'Toquelau');
INSERT INTO CountryTranslations (country, language, name) VALUES (213, 'PT_PT', 'Trindade e Tobago');
INSERT INTO CountryTranslations (country, language, name) VALUES (214, 'PT_PT', 'Tunísia');
INSERT INTO CountryTranslations (country, language, name) VALUES (215, 'PT_PT', 'Turquia');
INSERT INTO CountryTranslations (country, language, name) VALUES (216, 'PT_PT', 'Turquemenistão');
INSERT INTO CountryTranslations (country, language, name) VALUES (217, 'PT_PT', 'Tuvalu');
INSERT INTO CountryTranslations (country, language, name) VALUES (218, 'PT_PT', 'Uganda');
INSERT INTO CountryTranslations (country, language, name) VALUES (219, 'PT_PT', 'Ucrânia');
INSERT INTO CountryTranslations (country, language, name) VALUES (220, 'PT_PT', 'Emirados Árabes Unidos');
INSERT INTO CountryTranslations (country, language, name) VALUES (221, 'PT_PT', 'Reino Unido da Grã-Bretanha e Irlanda do Norte');
INSERT INTO CountryTranslations (country, language, name) VALUES (222, 'PT_PT', 'República Unida da Tanzânia');
INSERT INTO CountryTranslations (country, language, name) VALUES (223, 'PT_PT', 'Ilhas Menores Distantes dos Estados Unidos');
INSERT INTO CountryTranslations (country, language, name) VALUES (224, 'PT_PT', 'Estados Unidos da América');
INSERT INTO CountryTranslations (country, language, name) VALUES (225, 'PT_PT', 'Uruguai');
INSERT INTO CountryTranslations (country, language, name) VALUES (226, 'PT_PT', 'Uzbequistão');
INSERT INTO CountryTranslations (country, language, name) VALUES (227, 'PT_PT', 'Vanuatu');
INSERT INTO CountryTranslations (country, language, name) VALUES (228, 'PT_PT', 'Venezuela');
INSERT INTO CountryTranslations (country, language, name) VALUES (229, 'PT_PT', 'Vietname');
INSERT INTO CountryTranslations (country, language, name) VALUES (230, 'PT_PT', 'Ilhas Virgens Britânicas');
INSERT INTO CountryTranslations (country, language, name) VALUES (231, 'PT_PT', 'Ilhas Virgens Americanas');
INSERT INTO CountryTranslations (country, language, name) VALUES (232, 'PT_PT', 'Wallis e Futuna');
INSERT INTO CountryTranslations (country, language, name) VALUES (233, 'PT_PT', 'Saara Ocidental');
INSERT INTO CountryTranslations (country, language, name) VALUES (234, 'PT_PT', 'Iémen');
INSERT INTO CountryTranslations (country, language, name) VALUES (235, 'PT_PT', 'Zâmbia');
INSERT INTO CountryTranslations (country, language, name) VALUES (236, 'PT_PT', 'Zimbabwe');


INSERT INTO Schools (id, name, country) VALUES (1, 'Universidade do Porto' , 166);
INSERT INTO Schools (id, name, country) VALUES (2, 'Universidade de Coimbra' , 166);
INSERT INTO Schools (id, name, country) VALUES (3, 'Instituto Superior Técnico' , 166);
INSERT INTO Schools (id, name, country) VALUES (4, 'Universidade de Aveiro' , 166);
INSERT INTO Schools (id, name, country) VALUES (5, 'Universidade do Minho' , 166);
                                                                  

INSERT INTO KnowledgeAreas(id, image) VALUES (1 ,'http://www.images.com/ka_software_requirements');
INSERT INTO KnowledgeAreas(id, image) VALUES (2 ,'http://www.images.com/ka_software_design');
INSERT INTO KnowledgeAreas(id, image) VALUES (3 ,'http://www.images.com/ka_software_construction');
INSERT INTO KnowledgeAreas(id, image) VALUES (4 ,'http://www.images.com/ka_software_testing');
INSERT INTO KnowledgeAreas(id, image) VALUES (5 ,'http://www.images.com/ka_software_maintenance');
INSERT INTO KnowledgeAreas(id, image) VALUES (6 ,'http://www.images.com/ka_software_config_management');
INSERT INTO KnowledgeAreas(id, image) VALUES (7 ,'http://www.images.com/ka_software_engineering_management');
INSERT INTO KnowledgeAreas(id, image) VALUES (8 ,'http://www.images.com/ka_software_engineering_process');
INSERT INTO KnowledgeAreas(id, image) VALUES (9 ,'http://www.images.com/ka_software_models_methods');
INSERT INTO KnowledgeAreas(id, image) VALUES (10,'http://www.images.com/ka_software_quality');
INSERT INTO KnowledgeAreas(id, image) VALUES (11,'http://www.images.com/ka_software_engineering_professional_practice');
INSERT INTO KnowledgeAreas(id, image) VALUES (12,'http://www.images.com/ka_software_economics');
INSERT INTO KnowledgeAreas(id, image) VALUES (13,'http://www.images.com/ka_computing_foundations');
INSERT INTO KnowledgeAreas(id, image) VALUES (14,'http://www.images.com/ka_mathematical_foundations');
INSERT INTO KnowledgeAreas(id, image) VALUES (15,'http://www.images.com/ka_engineering_foundations');
INSERT INTO KnowledgeAreas(id, image) VALUES (16,'http://www.images.com/ka_other');
     
-- Portuguese
INSERT INTO KnowledgeAreaTranslations(knowledgeArea, language, name, description) VALUES (1 , 'PT_PT', 'Requisitos de Software', 'A AC “Requisitos de Software” trata do levantamento, análise, especificação e validação dos requisitos bem como a gestão dos mesmos durante todo o ciclo de vida de um produto de software.\n\nOs requisitos de software são definidos genericamente como:\na) o conjunto de condições/necessidades que o software deve satisfazer de modo a atingir um determinado objectivo;\nb) as restrições à sua concepção e funcionamento.\n\nOs tópicos desta AC detalham a maneira sistemática como a Engenharia de Software deve tratar os Requisitos. Todos os conceitos que esta área engloba são usados no Processo do Ciclo de Vida do Software chamado “Análise de Requisitos de Software” que, apesar de ser frequentemente associado ao período inicial do desenvolvimento de software é uma actividade que se prolonga ao longo do ciclo de vida de um produto de software.');
INSERT INTO KnowledgeAreaTranslations(knowledgeArea, language, name, description) VALUES (2 , 'PT_PT', 'Desenho de Software','A AC “Desenho de Software” é o processo de definir a arquitectura, os componentes, interfaces e outras características do software assim como o resultado desse mesmo processo.\n\nComo parte do ciclo de vida do software é um processo no qual os requisitos são analisados de modo a produzir uma descrição da estrutura interna do software que servirá de base à sua construção. O resultado deste processo descreve a Arquitectura do Software, ou seja, como o software é decomposto e organizado em componentes e as interfaces entre esses componentes.\n\nDurante o processo de Desenho, os engenheiros produzem vários modelos que formam uma espécie de planta (ou diagrama) da solução a ser implementada. Modelos estes que podem ser avaliados de modo a verificar se efectivamente respondem aos requisitos do produto.\n\nApesar da similaridade do termo, Software Design não se refere apenas à construção dos componentes gráficos do software, sendo essa actividade apenas uma pequena subparte da muito mais abrangente AC Desenho de Software.'); 
INSERT INTO KnowledgeAreaTranslations(knowledgeArea, language, name, description) VALUES (3 , 'PT_PT', 'Construção de Software', 'A Construção de Software refere-se à criação detalhada de software através de uma combinação de codificação (também conhecido como programação), verificação, teste e debugging. Por outras palavras, esta AC detalha o conjunto de habilidades que um engenheiro deve possuir de modo a efectivamente construir metodicamente artefactos de software.\n\nA Construção de Software tem uma forte ligação com o Desenho de Software e com o Teste de Software, já que a construção, enquanto processo utiliza como fonte os artefactos resultantes do processo de Desenho e alimenta o processo de Teste.');
INSERT INTO KnowledgeAreaTranslations(knowledgeArea, language, name, description) VALUES (4 , 'PT_PT', 'Teste de Software', 'O Teste de Software consiste no conjunto de conhecimentos que o engenheiro de software deve dominar para executar testes ao software.\n\nEnquanto actividade, o Teste consiste na verificação dinâmica que um programa providencia os comportamentos esperados para um conjunto finito de casos de teste adequadamente escolhidos a partir do domínio de execuções tipicamente infinito.');
INSERT INTO KnowledgeAreaTranslations(knowledgeArea, language, name, description) VALUES (5 , 'PT_PT', 'Manutenção de Software', 'A Manutenção de Software é o conjunto das actividades necessárias para providenciar um suporte eficaz do software. Isto pressupõe uma modificação sistemática do software após a sua entrega/publicação de modo a corrigir falhas, melhorar o seu desempenho ou mesmo alterações/incrementos de funcionalidade.\n\nA Manutenção tem ganho um relevo crescente agora que as empresas tentam retirar o máximo do seu investimento em software ao prolongar a vida útil dos seus produtos de software.');
INSERT INTO KnowledgeAreaTranslations(knowledgeArea, language, name, description) VALUES (6 , 'PT_PT', 'Gestão de Configurações de Software', 'A Gestão de Configurações de Software é a tarefa de identificar as configurações de um software em pontos distintos no tempo com o objectivo de controlar sistematicamente as mudanças no mesmo ao longo do seu ciclo de vida.\n\nCom a utilização de ferramentas como controlos de versões e baselines (conjunto fixo de configurações num determinado ponto no tempo) é assim possível por um lado, em caso de problemas, determinar o que foi alterado e por quem e por fim e corrigir, e por outro, em caso de estabilidade do software, replicar a sua configuração controladamente.');
INSERT INTO KnowledgeAreaTranslations(knowledgeArea, language, name, description) VALUES (7 , 'PT_PT', 'Gestão de Engenharia de Software' , 'A Gestão de Engenharia de Software a aplicação de actividades de gestão (como planeamento, coordenação, medição, monitorização, controlo e reporte) com a finalidade de garantir que os produtos e serviços de software são entregues eficazmente, eficientemente e para o benefício dos stakeholders.\n\nA gestão de projectos de software engloba um conjunto de habilidades com impacto decisivo na sua concretização sistematizada.\n\nEntre os diferentes aspectos que um engenheiro tem que gerir num projecto de software encontram-se a aplicação de normas específicas da organização a que pertence, a gestão de recursos humanos (seja a nível de contratações, treino, progressão de carreiras), gestão de comunicação com uma equipa e gestão de custos.');
INSERT INTO KnowledgeAreaTranslations(knowledgeArea, language, name, description) VALUES (8 , 'PT_PT', 'Processo de Engenharia de Software', 'O Processo de Engenharia de Software é a AC que concerne sobre as actividades de trabalho cumpridas por um engenheiro de software com a finalidade de desenvolver, manter e operar software.\nExemplos destas actividades são requisitos, desenho, construção, teste e gestão de configurações, entre outos.\n\nOs processos de software são especificados com vários objectivos tais como: a facilitação da compreensão humana, comunicação e coordenação; auxiliar a gestão de projectos de software; medir e melhorar a qualidade do software duma maneira eficiente; suportar a melhoria do processo e providenciar uma base para o suporte automático da execução do processo.');
INSERT INTO KnowledgeAreaTranslations(knowledgeArea, language, name, description) VALUES (9 , 'PT_PT', 'Modelos e Métodos de Engenharia de Software', 'Modelos e Métodos de Engenharia de Software são ferramentas que impõem estrutura na engenharia de software com o objectivo de tornar essa actividade sistemática, repetível e no geral mais propensa ao sucesso.\n\nOs modelos providenciam uma abordagem à solução de problemas, uma notação e procedimentos para a análise e construção de software ao passo que os métodos providenciam uma abordagem à especificação, desenho, construção, teste e verificação sistemáticas do software e seus produtos de trabalho.');
INSERT INTO KnowledgeAreaTranslations(knowledgeArea, language, name, description) VALUES (10, 'PT_PT', 'Qualidade de Software', 'A Qualidade de Software é a capacidade de um produto de software satisfazer as necessidades enunciadas ou implicadas sob determinadas condições, assim como, até onde o produto de software responde aos requisitos estabelecidos – a qualidade depende assim de o quão precisamente os requisitos estabelecidos representam as necessidades, desejos e expectativas dos stakeholders.Por poucas palavras, a Qualidade do software é o reflexo de quão bem um produto de software responde aos requisitos do mesmo produto.');
INSERT INTO KnowledgeAreaTranslations(knowledgeArea, language, name, description) VALUES (11, 'PT_PT', 'Prática Profissional de Engenharia de Software', 'A Prática Profissional de Engenharia de Software diz respeito ao conhecimento, habilidades e atitudes que um engenheiro de software deve possuir para praticar a engenharia de software duma forma profissional, responsável e ética.\n\nDevido ao impacto cada vez mais generalizado que o software tem na vida das pessoas, os engenheiros têm que possuir um conjunto de características profissionais e pessoais que lhe permita desenvolver a sua actividade duma forma constantemente criteriosa resultando na criação de software com características conhecidas e de confiança.\n\nA prática profissional significa assim um modo de conduzir um serviço com a finalidade de atingir um certo standard ou critério em, não só o processo de executar o serviço como no produto final desse mesmo serviço.');
INSERT INTO KnowledgeAreaTranslations(knowledgeArea, language, name, description) VALUES (12, 'PT_PT', 'Economia de Engenharia de Software', 'A Economia de Engenharia de Software trata da tomada de decisões relacionadas com a Engenharia de Software num contexto de negócio. Isto advém do relacionamento directo entre o sucesso de um produto ou serviço de software e uma boa gestão de negócios.\n\nA Economia é o estudo do valor, custos, recursos e o relacionamento entre eles sob um determinado contexto.Também na disciplina de Engenharia de Software, tanto as actividades com o software resultante têm atributos económicos (têm custos, exigem recursos e têm valor).\n\nA economia em engenharia de software providencia então uma maneira de estudar os atributos do software e os seus processos de forma a relacioná-los sistematicamente com medidas económicas com a finalidade de tomar melhores decisões sobre os mesmos.');
INSERT INTO KnowledgeAreaTranslations(knowledgeArea, language, name, description) VALUES (13, 'PT_PT', 'Fundações de Computação' , 'A AC Fundações de Computação debruça-se sobre o ambiente de desenvolvimento e de operação no qual o software evolui e é executado – o computador. Isto ocorre pelo simples facto de o software não existir no vácuo nem poder ser executado sem o recurso a um computador – este juntamente com os seus componentes são o núcleo do ambiente onde o software corre.\n\nA disciplina de Engenharia de Software assenta sobre a Ciência da Computação e como tal, a sua importância é absolutamente inestimável e fulcral para o seu corpo de conhecimento. A um engenheiro de software é necessário conhecimentos sobre o computador: o seu hardware, software, tipos de computadores, paradigmas de programação, redes de computadores, compiladores, bases de dados, etc.');
INSERT INTO KnowledgeAreaTranslations(knowledgeArea, language, name, description) VALUES (14, 'PT_PT', 'Fundações de Matemática', 'A AC Fundações de Matemática advém da ligação intrínseca entre as disciplinas de Engenhara e Matemática. Na Engenharia de Software no entanto, esta ligação existe mais a um nível da essência da lógica e raciocínio e não tanto de aritmética (sobre os números).\n\nA Matemática é uma disciplina sobre o estudo formal dos sistemas. A sua intervenção a nível da engenharia de software tem uma influência directa nas técnicas de identificação de um conjunto de regras para o raciocínio no contexto de sistemas em estudo. As suas vertentes de linguagem e lógica são também importantes de modo descrever provas matemáticas sobre certos problemas e desenvolver uma solução algorítmica para os mesmos.');
INSERT INTO KnowledgeAreaTranslations(knowledgeArea, language, name, description) VALUES (15, 'PT_PT', 'Fundações de Engenharia', 'As Fundações da Engenharia é uma AC que advém do facto da Engenharia de Software ser uma disciplina de Engenharia. Tal como mencionado anteriormente, uma engenharia é definida como “a aplicação de uma abordagem sistemática, disciplinada e quantificável a estruturas, máquinas, produtos, sistemas ou processos.\n\nÉ a diferença entre este enunciado e uma outra abordagem mais empírica que permite reconhecer a Engenharia de Software como uma engenharia de plena legitimidade.Como tal, esta AC aborda os aspectos que se aplicam à engenharia de software e outras disciplinas de engenharia, tais como medição, técnicas experimentais ou análise estatística.');
INSERT INTO KnowledgeAreaTranslations(knowledgeArea, language, name, description) VALUES (16, 'PT_PT', 'Outra', 'Nenhuma Área do Conhecimento de Engenharia de Software');
                   
-- English                                                                               
INSERT INTO KnowledgeAreaTranslations(knowledgeArea, language, name, description) VALUES (1 , 'EN_UK', 'Software Requirements', 'Software Requirements Engineering (SRE) deals with the elicitation, analysis, specification, and validation of requirements, as well as their management throughout the software product lifecycle.
Software requirements are generically defined as:
a) The set of conditions/needs that the software must satisfy in order to achieve a specific objective;
b) The constraints on its design and operation.
The topics in this KA detail the systematic way in which Software Engineering should deal with Requirements. All the concepts that this area encompasses are used in the Software Life Cycle Process called "Software Requirements Analysis" which, although often associated with the early period of software development, is an activity that extends throughout the life cycle of a software product.');

INSERT INTO KnowledgeAreaTranslations(knowledgeArea, language, name, description) VALUES (2 , 'EN_UK', 'Software Design','Software Design is the process of defining the architecture, components, interfaces, and other characteristics of software, as well as the result of that process.
As part of the software life cycle, it is a process in which requirements are analyzed to produce a description of the internal structure of the software that will serve as the basis for its construction. The result of this process describes the Software Architecture, i.e., how the software is decomposed and organized into components and the interfaces between those components.
During the Design process, engineers produce various models that form a kind of blueprint (or diagram) of the solution to be implemented. These models can be evaluated to verify that they effectively meet the product requirements.
Despite the similarity of the term, Software Design does not refer only to the construction of the graphical components of the software, this activity being only a small subpart of the much more comprehensive KA Software Design.');

INSERT INTO KnowledgeAreaTranslations(knowledgeArea, language, name, description) VALUES (3 , 'EN_UK', 'Software Construction', 'Software Construction refers to the detailed creation of software through a combination of coding (also known as programming), verification, testing, and debugging. In other words, this KA details the set of skills that an engineer must possess in order to effectively and methodically build software artifacts.
Software Construction is strongly linked to Software Design and Software Testing, since the construction, as a process, uses the artifacts resulting from the Design process and feeds the Testing process.');

INSERT INTO KnowledgeAreaTranslations(knowledgeArea, language, name, description) VALUES (4 , 'EN_UK', 'Software Testing', 'Software Testing consists of the set of knowledge that a software engineer must master to perform software testing.
As an activity, Testing consists of the dynamic verification that a program provides the expected behaviors for a finite set of test cases appropriately chosen from the domain of typically infinite executions.');

INSERT INTO KnowledgeAreaTranslations(knowledgeArea, language, name, description) VALUES (5 , 'EN_UK', 'Software Maintenance', 'Software Maintenance is the set of activities necessary to provide effective software support. This presupposes a systematic modification of the software after its delivery/publication in order to correct errors, improve its performance or even changes/increments of functionality.
Maintenance has become increasingly important now that companies are trying to get the most out of their software investment by extending the life of their software products.');

INSERT INTO KnowledgeAreaTranslations(knowledgeArea, language, name, description) VALUES (6 , 'EN_UK', 'Software Configuration Management', 'Software Configuration Management is the task of identifying the configurations of a software at distinct points in time with the aim of systematically controlling changes to it throughout its life cycle.
With the use of tools such as version control and baselines (fixed set of configurations at a certain point in time), it is thus possible, on the one hand, in case of problems, to determine what was changed and by whom and finally to correct, and on the other hand, in case of software stability, to replicate its configuration in a controlled manner.');

INSERT INTO KnowledgeAreaTranslations(knowledgeArea, language, name, description) VALUES (7 , 'EN_UK', 'Software Engineering Management', 'Software Engineering Management is the application of management activities (such as planning, coordination, measurement, monitoring, control, and reporting) with the purpose of ensuring that software products and services are delivered effectively, efficiently, and for the benefit of stakeholders.
Software project management encompasses a set of skills with a decisive impact on its systematic implementation.
Among the different aspects that an engineer has to manage in a software project are the application of specific standards of the organization to which he belongs, human resources management (whether at the level of hiring, training, career progression), communication management with a team and cost management.');

INSERT INTO KnowledgeAreaTranslations(knowledgeArea, language, name, description) VALUES (8 , 'EN_UK', 'Software Engineering Process', 'The Software Engineering Process is the KA that concerns the work activities performed by a software engineer for the purpose of developing, maintaining, and operating software.
Examples of these activities are requirements, design, construction, testing, and configuration management, among others.
Software processes are specified with various objectives such as: facilitating human understanding, communication, and coordination; assisting in the management of software projects; measuring and improving software quality in an efficient manner; supporting process improvement and providing a basis for automatic support of process execution.');

INSERT INTO KnowledgeAreaTranslations(knowledgeArea, language, name, description) VALUES (9 , 'EN_UK', 'Software Engineering Methods and Models', 'Software Engineering Models and Methods are tools that impose structure on software engineering with the aim of making this activity systematic, repeatable, and generally more likely to be successful.');

INSERT INTO KnowledgeAreaTranslations(knowledgeArea, language, name, description) VALUES (10, 'EN_UK', 'Software Quality', 'Software Quality is the capability of a software product to satisfy the stated or implied needs under specified conditions, as well as the extent to which the software product meets the established requirements – the quality thus depends on how precisely the established requirements represent the needs, desires and expectations of the stakeholders.
In short, Software Quality is the reflection of how well a software product meets the requirements of the same product.');

INSERT INTO KnowledgeAreaTranslations(knowledgeArea, language, name, description) VALUES (11, 'EN_UK', 'Software Engineering Professional Practice', 'The Professional Practice of Software Engineering refers to the knowledge, skills and attitudes that a software engineer must possess in order to practice software engineering in a professional, responsible and ethical manner.
Due to the increasingly widespread impact that software has on people''s lives, engineers must possess a set of professional and personal characteristics that allow them to carry out their activity in a consistently conscientious manner, resulting in the creation of software with known and reliable characteristics.
Professional practice thus means a way of conducting a service with the aim of achieving a certain standard or criterion, not only in the process of carrying out the service but also in the final product of that same service.');

INSERT INTO KnowledgeAreaTranslations(knowledgeArea, language, name, description) VALUES (12, 'EN_UK', 'Software Engineering Economics', 'Software Engineering Economics deals with decision-making related to Software Engineering in a business context. This arises from the direct relationship between the success of a software product or service and good business management.
Economics is the study of value, costs, resources and the relationship between them under a given context. In the discipline of Software Engineering as well, both the activities and the resulting software have economic attributes (they have costs, require resources and have value).
Software engineering economics then provides a way to study the attributes of software and its processes in order to systematically relate them to economic measures with the aim of making better decisions about them.');

INSERT INTO KnowledgeAreaTranslations(knowledgeArea, language, name, description) VALUES (13, 'EN_UK', 'Computing Foundations', 'The Knowledge Area Computing Foundations deals with the development and operational environment in which software evolves and is executed - the computer. This occurs for the simple fact that software does not exist in a vacuum nor can it be executed without recourse to a computer - this together with its components are the core of the environment where the software runs.
The discipline of Software Engineering is based on Computer Science and as such, its importance is absolutely invaluable and crucial for its body of knowledge. A software engineer needs knowledge about the computer: its hardware, software, types of computers, programming paradigms, computer networks, compilers, databases, etc.');

INSERT INTO KnowledgeAreaTranslations(knowledgeArea, language, name, description) VALUES (14, 'EN_UK', 'Mathematical Foundations', 'The Mathematical Foundations KA stems from the intrinsic link between the disciplines of Engineering and Mathematics. In Software Engineering, however, this connection exists more at the level of the essence of logic and reasoning and not so much arithmetic (about numbers).
Mathematics is a discipline concerned with the formal study of systems. Its intervention at the level of software engineering has a direct influence on techniques for identifying a set of rules for reasoning in the context of systems under study. Its strands of language and logic are also important for describing mathematical proofs about certain problems and developing an algorithmic solution for them.');

INSERT INTO KnowledgeAreaTranslations(knowledgeArea, language, name, description) VALUES (15, 'EN_UK', 'Engineering Foundations', 'Engineering Foundations is a KA that arises from the fact that Software Engineering is an Engineering discipline. As mentioned earlier, engineering is defined as "the application of a systematic, disciplined and quantifiable approach to structures, machines, products, systems or processes."
It is the difference between this statement and another more empirical approach that allows Software Engineering to be recognized as a fully legitimate engineering discipline. As such, this KA addresses the aspects that apply to software engineering and other engineering disciplines, such as measurement, experimental techniques, or statistical analysis.');

INSERT INTO KnowledgeAreaTranslations(knowledgeArea, language, name, description) VALUES (16, 'EN_UK', 'Other', 'No Software Engineering Knowledge Area');

INSERT INTO Topics(id,knowledgeArea) VALUES (1 , 1); 
INSERT INTO Topics(id,knowledgeArea) VALUES (2 , 1); 
INSERT INTO Topics(id,knowledgeArea) VALUES (3 , 1); 
INSERT INTO Topics(id,knowledgeArea) VALUES (4 , 1); 
INSERT INTO Topics(id,knowledgeArea) VALUES (5 , 1); 
INSERT INTO Topics(id,knowledgeArea) VALUES (6 , 1); 
INSERT INTO Topics(id,knowledgeArea) VALUES (7 , 1); 

INSERT INTO Topics(id,knowledgeArea) VALUES (8 , 2); 
INSERT INTO Topics(id,knowledgeArea) VALUES (9 , 2); 
INSERT INTO Topics(id,knowledgeArea) VALUES (10, 2);  
INSERT INTO Topics(id,knowledgeArea) VALUES (11, 2); 
INSERT INTO Topics(id,knowledgeArea) VALUES (12, 2);
INSERT INTO Topics(id,knowledgeArea) VALUES (13, 2); 
INSERT INTO Topics(id,knowledgeArea) VALUES (14, 2);
INSERT INTO Topics(id,knowledgeArea) VALUES (15, 2);
                                                  
INSERT INTO Topics(id,knowledgeArea) VALUES (16, 3);
INSERT INTO Topics(id,knowledgeArea) VALUES (17, 3);
INSERT INTO Topics(id,knowledgeArea) VALUES (18, 3);
INSERT INTO Topics(id,knowledgeArea) VALUES (19, 3);
INSERT INTO Topics(id,knowledgeArea) VALUES (20, 3);

INSERT INTO Topics(id,knowledgeArea) VALUES (21, 4);
INSERT INTO Topics(id,knowledgeArea) VALUES (22, 4);
INSERT INTO Topics(id,knowledgeArea) VALUES (23, 4);
INSERT INTO Topics(id,knowledgeArea) VALUES (24, 4);
INSERT INTO Topics(id,knowledgeArea) VALUES (25, 4);
INSERT INTO Topics(id,knowledgeArea) VALUES (26, 4);

INSERT INTO Topics(id,knowledgeArea) VALUES (27, 5);
INSERT INTO Topics(id,knowledgeArea) VALUES (28, 5);
INSERT INTO Topics(id,knowledgeArea) VALUES (29, 5);
INSERT INTO Topics(id,knowledgeArea) VALUES (30, 5);
INSERT INTO Topics(id,knowledgeArea) VALUES (31, 5);

INSERT INTO Topics(id,knowledgeArea) VALUES (32, 6);
INSERT INTO Topics(id,knowledgeArea) VALUES (33, 6);
INSERT INTO Topics(id,knowledgeArea) VALUES (34, 6);
INSERT INTO Topics(id,knowledgeArea) VALUES (35, 6);
INSERT INTO Topics(id,knowledgeArea) VALUES (36, 6);
INSERT INTO Topics(id,knowledgeArea) VALUES (37, 6);
INSERT INTO Topics(id,knowledgeArea) VALUES (38, 6);

INSERT INTO Topics(id,knowledgeArea) VALUES (39, 7);
INSERT INTO Topics(id,knowledgeArea) VALUES (40, 7);
INSERT INTO Topics(id,knowledgeArea) VALUES (41, 7);
INSERT INTO Topics(id,knowledgeArea) VALUES (42, 7);
INSERT INTO Topics(id,knowledgeArea) VALUES (43, 7);
INSERT INTO Topics(id,knowledgeArea) VALUES (44, 7);
INSERT INTO Topics(id,knowledgeArea) VALUES (45, 7);

INSERT INTO Topics(id,knowledgeArea) VALUES (46, 8);
INSERT INTO Topics(id,knowledgeArea) VALUES (47, 8);
INSERT INTO Topics(id,knowledgeArea) VALUES (48, 8);
INSERT INTO Topics(id,knowledgeArea) VALUES (49, 8);
INSERT INTO Topics(id,knowledgeArea) VALUES (50, 8);

INSERT INTO Topics(id,knowledgeArea) VALUES (51, 9);
INSERT INTO Topics(id,knowledgeArea) VALUES (52, 9);
INSERT INTO Topics(id,knowledgeArea) VALUES (53, 9);
INSERT INTO Topics(id,knowledgeArea) VALUES (54, 9);

INSERT INTO Topics(id,knowledgeArea) VALUES (55, 10);
INSERT INTO Topics(id,knowledgeArea) VALUES (56, 10);
INSERT INTO Topics(id,knowledgeArea) VALUES (57, 10);
INSERT INTO Topics(id,knowledgeArea) VALUES (58, 10);

INSERT INTO Topics(id,knowledgeArea) VALUES (59, 11);
INSERT INTO Topics(id,knowledgeArea) VALUES (60, 11);
INSERT INTO Topics(id,knowledgeArea) VALUES (61, 11);

INSERT INTO Topics(id,knowledgeArea) VALUES (62, 12);
INSERT INTO Topics(id,knowledgeArea) VALUES (63, 12);
INSERT INTO Topics(id,knowledgeArea) VALUES (64, 12);
INSERT INTO Topics(id,knowledgeArea) VALUES (65, 12);
INSERT INTO Topics(id,knowledgeArea) VALUES (66, 12);

INSERT INTO Topics(id,knowledgeArea) VALUES (67, 13);
INSERT INTO Topics(id,knowledgeArea) VALUES (68, 13);
INSERT INTO Topics(id,knowledgeArea) VALUES (69, 13);
INSERT INTO Topics(id,knowledgeArea) VALUES (70, 13);
INSERT INTO Topics(id,knowledgeArea) VALUES (71, 13);
INSERT INTO Topics(id,knowledgeArea) VALUES (72, 13);
INSERT INTO Topics(id,knowledgeArea) VALUES (73, 13);
INSERT INTO Topics(id,knowledgeArea) VALUES (74, 13);
INSERT INTO Topics(id,knowledgeArea) VALUES (75, 13);
INSERT INTO Topics(id,knowledgeArea) VALUES (76, 13);
INSERT INTO Topics(id,knowledgeArea) VALUES (77, 13);
INSERT INTO Topics(id,knowledgeArea) VALUES (78, 13);
INSERT INTO Topics(id,knowledgeArea) VALUES (79, 13);
INSERT INTO Topics(id,knowledgeArea) VALUES (80, 13);
INSERT INTO Topics(id,knowledgeArea) VALUES (81, 13);
INSERT INTO Topics(id,knowledgeArea) VALUES (82, 13);
INSERT INTO Topics(id,knowledgeArea) VALUES (83, 13);

INSERT INTO Topics(id,knowledgeArea) VALUES (84, 14);
INSERT INTO Topics(id,knowledgeArea) VALUES (85, 14);
INSERT INTO Topics(id,knowledgeArea) VALUES (86, 14);
INSERT INTO Topics(id,knowledgeArea) VALUES (87, 14);
INSERT INTO Topics(id,knowledgeArea) VALUES (88, 14);
INSERT INTO Topics(id,knowledgeArea) VALUES (89, 14);
INSERT INTO Topics(id,knowledgeArea) VALUES (90, 14);
INSERT INTO Topics(id,knowledgeArea) VALUES (91, 14);
INSERT INTO Topics(id,knowledgeArea) VALUES (92, 14);
INSERT INTO Topics(id,knowledgeArea) VALUES (93, 14);
INSERT INTO Topics(id,knowledgeArea) VALUES (94, 14);

INSERT INTO Topics(id,knowledgeArea) VALUES (95 , 15);
INSERT INTO Topics(id,knowledgeArea) VALUES (96 , 15);
INSERT INTO Topics(id,knowledgeArea) VALUES (97 , 15);
INSERT INTO Topics(id,knowledgeArea) VALUES (98 , 15);
INSERT INTO Topics(id,knowledgeArea) VALUES (99 , 15);
INSERT INTO Topics(id,knowledgeArea) VALUES (100, 15);
INSERT INTO Topics(id,knowledgeArea) VALUES (101, 15);

INSERT INTO Topics(id,knowledgeArea) VALUES (102, 16);

INSERT INTO TopicTranslations(topic, language, name, description) VALUES (1 ,'PT_PT', 'Fundamentos de Requisitos de Software', 'Sobre a defininição do que é um requisito;\n\na diferença entre um requisito do produto e um requisito do processo;\n\na diferença entre requisitos funcionais e não-funcionais;\n\nrequisitos inter-dependentes;\n\ncomo classificar quantitativamente requisitos;\n\ndiferença entre requisitos de sistema e de software.' );
INSERT INTO TopicTranslations(topic, language, name, description) VALUES (2 ,'PT_PT', 'Processo de Requisitos', 'Sobre a natureza contínua do processo de requisitos e a sua natureza moldável ao contexto do projecto ou organização;\n\nos diferentes actores do processos (frequentemente conhecidos como “stakeholders”);\n\ncomo gerir um processo de requisitos e como avaliar a sua qualidade e ainda como o melhorar.');
INSERT INTO TopicTranslations(topic, language, name, description) VALUES (3 ,'PT_PT', 'Levantamento de Requisitos', 'Sobre a origem dos requisitos (como Conhecimento próprio do Domínio, stakeholders, regras do negócio, etc.) e as técnicas para os coleccionar eficazmente (tais como entrevistas, cenários, protótipos, reuniões, etc.).');
INSERT INTO TopicTranslations(topic, language, name, description) VALUES (4 ,'PT_PT', 'Análise de Requisitos', 'Sobre como classificar requisitos quanto ao seu tipo, importância, estabilidade ou extensão;\n\nmodelação conceptual (tal como “Use Cases”, modelos de dados, modelos de estados, etc.).');
INSERT INTO TopicTranslations(topic, language, name, description) VALUES (5 ,'PT_PT', 'Especificação de Requisitos', 'Sobre a produção de um conjunto de documentos sobre os requisitos que possa ser sistematicamente revisto, avaliado e aprovado. Estes documentos são: a Definição do Sistema, Especificação dos Requisitos do Sistema e Especificação dos Requisitos do Software (derivados dos requisitos do sistema).');
INSERT INTO TopicTranslations(topic, language, name, description) VALUES (6 ,'PT_PT', 'Validação de Requisitos', 'Sobre as técnicas de validação dos requisitos levantados, tais como: Revisão por terceiros (“peer-review”), prototipagem, validação de modelos e testes de aceitação.');
INSERT INTO TopicTranslations(topic, language, name, description) VALUES (7 ,'PT_PT', 'Considerações Práticas', 'Sobre as particularidades práticas dos requisitos;\n\na natureza iterativa do processo de requisitos;\n\na gestão de alterações dos requisitos (como um todo ou em apenas alguns dos seus atributos);\n\nrastreamento de requisitos;\n\nmedição do peso dos requisitos na eventualidade de alteração do produto.');

INSERT INTO TopicTranslations(topic, language, name, description) VALUES (8 ,'PT_PT', 'Fundamentos de Desenho de Software',  'Sobre os conceitos gerais de desenho (como objectivo, restrições, alternativas, contexto etc.);\n\no processo de desenho (diferença entre desenho arquitectural e detalhado);\n\nos principios do desenho de software (como abstracção, acoplamento, coesão, decomposição, modularização, encapsulamento, separação de interface e implementação, suficiência, completividade, etc.).'); 
INSERT INTO TopicTranslations(topic, language, name, description) VALUES (9 ,'PT_PT', 'Problemas-chave no Desenho de Software', 'Sobre os problemas típicos no desenho de software como concorrência: controlo de eventos;\n\npersistência de dados;\n\ndistribuição de componentes e comunicação entre si;\n\ntratamento de erros e tolerância a falhas;\n\ninteracção e apresentação;\n\nsegurança.'); 
INSERT INTO TopicTranslations(topic, language, name, description) VALUES (10,'PT_PT', 'Estrutura e Arquitectura de Software', 'Sobre os modos de organizar o software a vários níveis de abstracção desde a macro-arquitectura até ao desenho detalhado do código;\n\nos diferentes estilos de arquitectura tais como construção por camadas, sistemas distribuídos (Cliente-Servidor, Three-Tiers, Broker), sistemas interactivos (Model-View-Controller, Presentation-Abstraction-Control), sistemas adaptáveis (microkernel ou reflexão) e outros;\n\nDesign Patterns (como “builder”, “factory”, “adapter”; “bridge”, “iterator”, “strategy”, etc.);\n\no cariz decisório do processo de design;\n\nfamilías de programas e “frameworks” de software.'); 
INSERT INTO TopicTranslations(topic, language, name, description) VALUES (11,'PT_PT', 'Desenho de Interface com o Utilizador', 'Sobre a eficaz comunicação com o utilizador do software;\n\nprincípios base de UI (facilidade de aprendizagem, familiaridade, consistência, surpresa mínima, diversidade de utilização, etc.);\n\nlidar com problemas comuns (interacção com utilizador e  apresentação de informação);\n\nas modalidades típicas de interacção (pergunta-resposta, manipulação directa, selecção em menus, formulários, linguagens de comandos, linguagem natural);\n\ncomo apresentar a informação (número de cores, mudanças de cores, “colour-coding”, visualização para pessoas com necessidades especiais);\n\no processo de design de UI (análise de utilização, prototipagem de software, avaliação da interface com o utilizador desenvolvida);\n\nadaptar a UI para localização e internacionalização;\n\nmetáforas e modelos conceptuais (tal como utilização de ícones reconhecidos universalmente para diversas acções comuns, tal como usar uma roldana para representar as definições).'); 
INSERT INTO TopicTranslations(topic, language, name, description) VALUES (12,'PT_PT', 'Análise de Qualidade e Avaliação', 'Sobre os atributos de qualidade do desenho (tais como portabilidade, testabilidade, robustez, performance, segurança, reutilizável, etc.);\n\ntécnicas de avaliação de qualidade (como revista de design por terceiros, análise estática formal – com modelos matemáticos -  ou informal, simulação ou prototipagem);\n\nmedidas de software para o seu tamanho, estrutura ou qualidade.'); 
INSERT INTO TopicTranslations(topic, language, name, description) VALUES (13,'PT_PT', 'Notações de Desenho de Software', 'Sobre a representação do desenho em diferentes artefactos universalmente compreendidos;\n\ndescrições de estrutura (diagramas de classe e objectos, diagramas de componentes, “class responsability cards”, diagramas de Entidade-Relacionamento, linguagens de descrição de interfaces, etc.);\n\ndescrições de comportamentos e dinâmicas entre componentes (diagramas de actividade, diagramas de comunicação, diagramas de fluxo de dados, tabelas e diagramas de decisão, diagramas de sequência, diagramas de transição de estados, pseudo-código, etc.).'); 
INSERT INTO TopicTranslations(topic, language, name, description) VALUES (14,'PT_PT', 'Estratégias e Métodos de Desenho de Software', 'Sobre como desenhar um sistema num ou mais paradigmas bem definidos, como Orientado a Funções, Orientado a Objectos, Centrado em Estruturas de Dados e Centrado em Componentes;\n\nas estratégias gerais de desenho como “divide-and-conquer”, “top-down”, “bottom-up”, etc.'); 
INSERT INTO TopicTranslations(topic, language, name, description) VALUES (15,'PT_PT', 'Ferramentas de Desenho de Software','Sobre ferramentas de ajuda à criação de artefactos do desenho de software, tipicamente também software, que consiga, por exemplo, criar modelos e diagramas ou possibilite uma análise de qualidade de modelos.'); 
                                                                
INSERT INTO TopicTranslations(topic, language, name, description) VALUES (16,'PT_PT', 'Fundamentos de Construção de Software', 'Sobre os conceitos fundamentais da construção de software, que são: Minimização de Complexidade, Antecipação de Mudanças, Construção para Verificação, Reutilização e Standards de Construção (relativo às convenções das linguagens de programação usadas, tal como nomenclatura de variáveis ou identação, etc.).' ); 
INSERT INTO TopicTranslations(topic, language, name, description) VALUES (17,'PT_PT', 'Gestão de Construção', 'Sobre como gerir um processo de construção através de Modelos de Ciclo de Vida (como as metodologias lineares estilo Waterfall ou iterativas tipo Agile);\n\no planeamento da construção (qual a ordem de actividades num processo de construção – isto é altamente dependente de que Modelo de construção é usado);\n\ncomo medir o que é criado (estatísticas sobre código, calendarização, esforço – novamente diferentes medidas dependem do Modelo escolhido, e.g. esforço é uma medida típica da metodologia scrum).' );
INSERT INTO TopicTranslations(topic, language, name, description) VALUES (18,'PT_PT', 'Considerações Práticas', 'Sobre o cariz predominantemente prático da construção;\n\na necessidade de fazer ajustamentos ou modificações de pequena escala ao Desenho durante a construção;\n\nas linguagens necessárias para construir software - como linguagens de configuração, linguagens de scripting, linguagens de programação, linguagens visuais, etc.;\n\nas características da codificação em si (construções semânticas, estruturas de controlo, tratamento de erros, organização do código em classes, modos de documentação do código, etc.);\n\ntestes de construção (testes unitários e testes de integração);\n\ntécnicas de construção para reutilização por terceiros (tais como estruturação de bibliotecas, utilização de padrões de desenho conhecidos);\n\nreutilização de software pré-existente (recurso a bibliotecas, repositórios públicos, etc.);\n\nqualidade na construção (testes de código, debugging, assertions, programação defensiva, code reviews, etc.);\n\nintegração do código num sistema (phase integration e incremental).' );
INSERT INTO TopicTranslations(topic, language, name, description) VALUES (19,'PT_PT', 'Tecnologias de Construção', 'Sobre como desenhar e usar APIs;\n\nproblemas típicos de paradigmas orientados aos objectos (como polimorfismo e reflexão);\n\ntipos parametrizados e genéricos;\n\nassertions, programação por interfaces e programação defensiva;\n\ntratamento de erros;\n\nmodelos executáveis (criação de um programa compilando um modelo executável de uma linguagem de modelação);\n\nprogramação baseada em estados e baseada em tabelas;\n\nconfiguração em runtime e internacionalização;\n\nprocessamento de gramáticas de linguagens;\n\nprimitivas de concorrência (semáforos, mutexes, monitores, etc.);\n\nmiddleware (software que providencia serviços entre a camada do SO e a camada aplicacional);\n\nprogramação para sistemas distribuídos;\n\nconstrução de sistemas heterogéneos (como Processadores de Sinais Digitais ou Sistemas Embebidos);\n\nanálise de performance e tuning (escolhas de arquitecturas, estruturas de dados ou selecção de algoritmos);\n\nstandards de plataformas (por exemplo J2EE vs J2SE);\n\ntest-driven development.' );
INSERT INTO TopicTranslations(topic, language, name, description) VALUES (20,'PT_PT', 'Ferramentas de Construção de Software', 'Sobre todo o tipo de ferramentas (tipicamente também software) que ajudam à construção de software tais como IDEs (ambientes de desenvolvimento integrado como Eclipse, Netbeans, Visual Studio, etc);\n\nconstrutores de Interfaces Gráficas (actualmente também parte de IDEs modernos);\n\nferramentas de Testes Unitários e ainda ferramentas de profiling de código, análise de performance e slicing.' );

INSERT INTO TopicTranslations(topic, language, name, description) VALUES (21,'PT_PT', 'Fundamentos do Teste de Software','Sobre os conceitos fundamentais de teste;\n\ndistinção entre falta, falha, erro e defeito;\n\nescolha de casos de teste;\n\neficácia e objectivos do teste;\n\nteste para descoberta de defeitos;\n\nlimites teóricos e práticos dos testes;\n\ncenários de teste impraticáveis e o relacionamento do teste com as outras actividades do ciclo de vida do software.' );
INSERT INTO TopicTranslations(topic, language, name, description) VALUES (22,'PT_PT', 'Níveis de Teste', 'Sobre os diferentes níveis a que um software pode ser testado;\n\nquanto ao alvo do teste (testes unitários vs testes de integração vs testes do sistema);\n\nquanto ao objectivo do teste (testes de aceitação,  testes de instalação, testes alfa e beta;\n\ntestes de confiabilidade, testes de regressão, testes de performance, testes de segurança, testes de stress, testes back-to-back, testes de recuperação, testes de interface, testes de configuração e testes de usabilidade).' );
INSERT INTO TopicTranslations(topic, language, name, description) VALUES (23,'PT_PT', 'Técnicas de Teste' , 'Sobre as diferentes técnicas usadas para encontrar o maior número de falhas possíveis;\n\ntécnicas baseadas na Intuição do Engenheiro (ad hoc e testes exploratórios);\n\ntécnicas baseadas no domínio do input (particionamento equivalente, teste combinatório, teste de valores-limite, testes aleatórios);\n\ntécnicas baseadas em código (testes baseados nos fluxos de controlo do código, testes do fluxo de dados);\n\ntécnicas baseadas nas falhas (error guessing, testes de mutação);\n\ntécnicas baseadas no uso (teste ao típico perfil operacional, heurísticas de observação do utilizador);\n\ntécnicas baseadas em modelos (tabelas de decisão, máquinas de estado;\n\nespecificações formais, modelos de workflow);\n\ntécnicas baseadas na natureza da aplicação (aplicação web vs aplicação mobile, etc.);\n\ncombinação das técnicas descritas.');
INSERT INTO TopicTranslations(topic, language, name, description) VALUES (24,'PT_PT', 'Métricas Relacionadas com o Teste', 'Sobre as diferentes métricas usadas para avaliar a qualidade dos testes;\n\nmétricas de avaliação do programa (métricas de tamanho, falhas típicas para esse tipo de software, densidade das falhas, avaliação da confiabilidade, modelos de crescimento da confiabilidade);\n\nmétricas de avaliação dos testes realizados (cobertura total de testes, introdução de falhas, resultados das mutações).' );
INSERT INTO TopicTranslations(topic, language, name, description) VALUES (25,'PT_PT', 'Processo de Teste' , 'Sobre a forma de organizar as actividades, estratégias e técnicas de teste num processo controlado;\n\nconsiderações práticas (criação de guias de teste, organizadores do processo, criação de documentação de testes, test-driven development, criação de uma equipa de testes independente ou interna, estivativas de esforço e teste, definição de terminação de um testes, reutilização de testes e utilização de um padrão de testes);\n\nactividades de teste ( planeamento de teste, geração de casos de teste, desenvolvimento de ambientes de treino, execução sistemática de testes, avaliação do resultado dos mesmos, registo dos resultados ao longo do tempo, rastreamento de defeitos).');
INSERT INTO TopicTranslations(topic, language, name, description) VALUES (26,'PT_PT', 'Ferramentas de Teste de Software' , 'Sobre as ferramentas, tipicamente também software, que servem de auxilio à escolha realização e avaliação de testes.' );

INSERT INTO TopicTranslations(topic, language, name, description) VALUES (27,'PT_PT', 'Fundamentos da Manutenção de Software','Sobre os conceitos básicos, terminologia e definições de manutenção de software;\n\no papel específico de um engenheiro responsável por manutenção de software;\n\nas necessidades de manutenção (corrigir falhas, melhorar o desenho do software, adaptar a novos ambientes, etc.);\n\ncustos de manutenção do software;\n\nevolução do software como uma das finalidades de manutenção;\n\nas diferentes categorias de manutenção (correctiva, adaptativa, perfectiva e preventiva).' );
INSERT INTO TopicTranslations(topic, language, name, description) VALUES (28,'PT_PT', 'Problemas-chave da Manutenção de Software', 'Sobre os principais problemas que um responsável pela manutenção de software enfrenta tais como questões técnicas (compreensão limitada do software em questão, testes a um sistema em manutenção, análise de impacto da manutenção proposta, grau de modificabilidade de um sistema em produção);\n\nquestões relacionadas com a gestão do processo de manutenção (alinhar o processo de manutenção de um software com os objectivos da organização responsável, gerir e motivar responsáveis pela manutenção, outsourcing de manutenção);\n\nestimativas de custo de manutenção;\n\nmétricas de manutenção.' );
INSERT INTO TopicTranslations(topic, language, name, description) VALUES (29,'PT_PT', 'Processo de Manutenção', 'Sobre um ciclo de vida de uma fase de manutenção (analisar problemas, implementar as modificações, aprovar, descontinuar o produto, migrar, etc.);\n\nas actividades exclusivas de um engenheiro responsável pela manutenção (análise do estado do software, tarefas de suporte, planeamento da manutenção em termos de prazos e âmbito da manutenção, gestão da configuração do software em manutenção, garantir a qualidade do software em manutenção).');
INSERT INTO TopicTranslations(topic, language, name, description) VALUES (30,'PT_PT', 'Técnicas de Manutenção', 'Sobre as técnicas utilizadas para manter e/ou actualizar um software com sucesso;\n\ncompreensão do código do software;\n\ntécnicas de alteração sistemática do software (como refactoring);\n\ntécnicas de engenharia reversa de um software;\n\ntécnicas de migração de software;\n\ntécnicas e políticas de descontinuação de software.' );
INSERT INTO TopicTranslations(topic, language, name, description) VALUES (31,'PT_PT', 'Ferramentas de Manutenção de Software', 'Sobre as ferramentas que auxiliam à manutenção de software, tais como ferramentas de corte (slicing) de software (que isolam as partes a modificar), analisadores estáticos e dinâmicos de código;\n\nanalisadores de fluxos de dados e de dependências e ainda ferramentas de auxílio à engenharia reversa.');

INSERT INTO TopicTranslations(topic, language, name, description) VALUES (32,'PT_PT', 'Gestão do processo de Gestão de Configurações', 'Sobre como organizar uma gestão de configurações;\n\nquais as restrições impostas ao processo;\n\nsobre o planeamento típico de um processo de gestão de configurações (quem é o responsável, qual a calendarização do projecto, quais as ferramentas a ser usadas, que configurações providenciar a terceiros, as interacções potenciais entre o software a ser controlado e externos);\n\ndocumentação das configurações e sua gestão e utilização do mesmo como guidelines numa organização;\n\ngarantia da aplicação correcta da configurações da organização seja através da aplicação de métricas, ferramentas próprias ou simples auditorias.' );
INSERT INTO TopicTranslations(topic, language, name, description) VALUES (33,'PT_PT', 'Identificação de Configurações de Software', 'obre a identificação das entidades a serem sujeitas a controlo de configurações, quais os relacionamentos entre si, como definir o seu versionamento, regras de criação de uma baseline, políticas de integração de um item de software (um ficheiro, código-fonte, recursos visuais, etc) no controlo de configurações;\n\nutilização e gestão de software libraries.' );
INSERT INTO TopicTranslations(topic, language, name, description) VALUES (34,'PT_PT', 'Controlo de Configurações de Software', 'Sobre o controlo do fluxo normal de um processo de gestão de alterações na configuração do software, como requisição de alteração (vulgo change request), avaliação e aceitação/rejeição da alteração proposta;\n\nimplementação da alteração e seu rastreamento e por fim autorizações de desvio (da funcionalidade a alterar) ou renúncia (idem).');
INSERT INTO TopicTranslations(topic, language, name, description) VALUES (35,'PT_PT', 'Registo de Estado da Configuração de Software', 'Sobre o registo e relato da evolução do estado das configurações de software ao longo do tempo;\n\ncomo capturar o estado de itens de software a cada momento e como reportá-los à organização.');
INSERT INTO TopicTranslations(topic, language, name, description) VALUES (36,'PT_PT', 'Auditoria de Configurações de Software', 'Sobre o processo de escrutinar as configurações de software de modo a garantir que o seu funcionamento está alinhado com os requisitos especificado (como um todo ou a nível de determinada baseline), a arquitectura/desenho planeada e se está alinhado com a documentação.' );
INSERT INTO TopicTranslations(topic, language, name, description) VALUES (37,'PT_PT', 'Gestão de Lançamento e Entrega de Software', 'Sobre como organizar a entrega de uma ou mais versões de software;\n\ncomo executar um processo de build de software (empacotamento, distribuição de diferentes versões em simultâneo, diferentes ambientes de produção;\n\na entrega de um produto de software completo (quanto efectuar a entrega com base no estado do software, quais os restantes artefactos entregáveis – como documentação e notas de entrega).' );
INSERT INTO TopicTranslations(topic, language, name, description) VALUES (38,'PT_PT', 'Ferramentas de Gestão de Configurações de Software', 'Sobre os tipos de ferramentas utilizados para suportarem a eficaz gestão de configurações, tais como ferramentas de controlo de versões, ferramentas de build, ferramentas de suporte a problemas de clientes, ferramentas de controlo de workspaces para equipas de desenvolvimento, ferramentas de issue-tracking, etc.' );

INSERT INTO TopicTranslations(topic, language, name, description) VALUES (39,'PT_PT', 'Inicialização e Definição de Âmbito', 'Sobre como determinar e negociar requisitos de software;\n\nanálise de viabilidade (avaliação da capacidade de realizar os requisitos com base em todas as restrições a que está sujeito - como custos, tecnologias, recursos humanos, políticas, etc.);\n\nprocessos de revisão de requisitos (quais as regras acordadas com stakeholders para fazer eventuais alterações aos requisitos).');
INSERT INTO TopicTranslations(topic, language, name, description) VALUES (40,'PT_PT', 'Planeamento do Projecto de Software', 'Sobre como planear um projecto de software;\n\nqual o modelo de ciclo de vida de software a usar (tal como cascata, espiral ou métodos ágeis) e que ferramentas a usar para garantir a sua aplicação;\n\nescolha dos artefactos entregáveis (documentação, software instalável, etc.);\n\nestimação de custos, esforço e temporização;\n\nalocação de recursos humanos a tarefas;\n\ngestão de risco (identificação, análise de impacto, prioritização de factores de risco, desenvolvimento de estratégias de atenuação de risco, etc.);\n\ngestão da qualidade (definição de métricas de qualidade, garantir a aplicação de controlo de qualidade durante o projecto).');
INSERT INTO TopicTranslations(topic, language, name, description) VALUES (41,'PT_PT', 'Execução do Projecto de Software', 'Sobre a aplicação do planeamento ao desenvolvimento do projecto;\n\naplicação dos termos contratados com o receptor do software (o cliente);\n\naplicação das medições e métricas planeadas;\n\nmonitorizar e adaptar os planos consoante a evolução do projecto e em alguns casos abandonar o mesmo;\n\norganização e desenvolvimento de relatórios sobre o progresso.');
INSERT INTO TopicTranslations(topic, language, name, description) VALUES (42,'PT_PT', 'Revisão e Avaliação', 'Sobre o acompanhamento e avaliação periódica do projecto quanto aos objectivos e satisfação do cliente;\n\ndeterminar a satisfação do cliente quanto aos requisitos;\n\navaliação e revisão da performance dos métodos, ferramentas e recursos aplicados no projecto.');
INSERT INTO TopicTranslations(topic, language, name, description) VALUES (43,'PT_PT', 'Término do Projecto', 'Sobre a finalização do projecto na sua totalidade ou numa milestone;\n\ndeterminar a âmbito de “término” quer a nível total ou parcial (e.g. um número pré-acordado de requisitos implementados pode ser um término de fase assim como todos os requisitos acordados e a respectiva documentação pode ser o término total);\n\nas actividades de término de projecto (como o arquivamento de documentação, por quanto tempo manter documentação, actualização de estados de projecto, elaborar documentos de “Lições aprendidas”, etc.).');
INSERT INTO TopicTranslations(topic, language, name, description) VALUES (44,'PT_PT', 'Medições de Engenharia de Software', 'Sobre a aplicação de medições ao nível do projecto, processos e produtos de trabalho;\n\nestabelecimento e incentivo de medições (quais as medições, qual o âmbito, aplicação das medições pelas equipas, etc.);\n\nplaneamento de processos de medições;\n\naplicação de medições nos processos com todos os dados relevantes coleccionados e documentação das mesmas;\n\navaliação das medições e aplicação de correcções ou melhoramentos se necessário.');
INSERT INTO TopicTranslations(topic, language, name, description) VALUES (45,'PT_PT', 'Ferramentas de Gestão de Engenharia de Software', 'Sobre as ferramentas usadas para auxílio à gestão de um projecto de software (planeamento e acompanhamento do estado de projecto, ferramentas de gestão de risco, ferramentas de comunicação e ferramentas de medição). Estas são também tipicamente software.' );

INSERT INTO TopicTranslations(topic, language, name, description) VALUES (46,'PT_PT', 'Definição de Processo de Software', 'Sobre a definição daquilo que é um processo de software e o que o compõe;\n\ninputs requeridos, actividades de trabalho transformativas e os outputs gerados;\n\ndecomposição do processo em unidades de trabalho;\n\ncargos e competências;\n\ntécnicas, ferramentas e notações;\n\ngestão de processos de software, a sua eficiência para um projecto e os impactos que advenham da sua troca por outro.'  );
INSERT INTO TopicTranslations(topic, language, name, description) VALUES (47,'PT_PT', 'Ciclos de Vida de Software', 'Sobre as diferentes categorias de modelos de ciclos de vida do desenvolvimento de software;\n\ncategorias de processos de software, tais com processos primários (para desenvolvimento, operação e manutenção de software), processos de suporte (para gestão das configurações, controlo de qualidade, verificação e validação), processos organizacionais (treino, gestão de infra-estruturas, gestão de portefolio, etc.), processos inter-projectos (transversais a vários projectos);\n\nmodelos de ciclo de vida do software (modelos preditivos ou lineares como o modelo cascata vs modelos iterativos como o modelo espirar vs modelos ágeis de desenvolvimento como scrum);\n\nadaptação de processos de software existentes às necessidades do projecto, organização ou desenvolvimentos tecnológicos.' );
INSERT INTO TopicTranslations(topic, language, name, description) VALUES (48,'PT_PT', 'Avaliação e Melhoramento de Processos de Software', 'Sobre o acompanhamento do desempenho dos processos e a sua potencial alteração de modo a melhor responderem às necessidades específicas do projecto ou organização;\n\nos diferentes modelos e métodos (qualitativos que são sujeitos ao julgamento especializado ou quantitativos que são realizados com base em métricas);\n\nmodelos de melhoria iterativa de processos (como por exemplo o Plan-Do-Check-Act);\n\nsistemas de avaliação e pontuação de processos.');
INSERT INTO TopicTranslations(topic, language, name, description) VALUES (49,'PT_PT', 'Medidas para Processos de Software', 'Sobre as diferentes medidas e técnicas de medição usadas para os processos de software;\n\nmedidas de determinação da eficiência de um processo (como medidas de esforço, horas-homem, dias-homem, custos monetários do processo ou fase de processo) ou do produto em si;\n\na qualidade das medidas a usar para processos e produtos;\n\nrecurso a software com modelos de análise de processos que permitem testar vários parâmetros dos processos usados e determinar possíveis pontos de melhoria;\n\ntécnicas de medição de processos quantitativas (medição directa de número de defeitos, horas-homem, entre outras e respectiva análise por métodos estatísticos) e técnicas qualitativas (como questionários ou entrevistas).');
INSERT INTO TopicTranslations(topic, language, name, description) VALUES (50,'PT_PT', 'Ferramentas de Processos de Engenharia de Software', 'Sobre todo o tipo de ferramentas relacionadas com os processos de software, com por exemplo diagramas de BPMN, folhas de cálculo, diagramas de UML ou até software de gestão de projectos.');

INSERT INTO TopicTranslations(topic, language, name, description) VALUES (51,'PT_PT', 'Modelação', 'Sobre os princípios gerais de modelação de software, sendo estes “Modelar o essencial”, “Providenciar uma perspectiva sobre o problema” e “Permitir a comunicação eficaz”;\n\nas propriedades de modelos (completude, consistência e exactidão) e expressão de modelos (conceito de entidade e relacionamento e os seus significados de acordo como tipo de modelo);\n\na sintaxe e a semântica das linguagens de modelação (textuais ou gráficas);\n\nos conceitos de pré-condição, pós-condição e invariantes.');
INSERT INTO TopicTranslations(topic, language, name, description) VALUES (52,'PT_PT', 'Tipos de Modelos', 'Sobre os diferentes tipos de modelos usados para software;\n\nmodelos de informação (que identificam e definem um conjunto de conceitos, propriedades, relacionamentos e restrições em entidades de dados);\n\nmodelos comportamentais (identificam e definem as funções do software a ser modelado, os exemplos comuns são máquinas de estado, modelos de controlo de fluxo e modelos de fluxos de dados);\n\nmodelos estruturais (definem a composição lógica ou física das suas diferentes partes, exemplos disso são os diagramas de classe, de objectos e de packages).');
INSERT INTO TopicTranslations(topic, language, name, description) VALUES (53,'PT_PT', 'Análise de Modelos', 'Sobre as técnicas de inspecção crítica de modelos pelo engenheiro;\n\nanálise de completude;\n\nanálise de consistência;\n\nanálise de exactidão;\n\nrastreamento entre requisitos, modelos e funcionalidade implementada;\n\nanálise de interacção entre modelos e funcionalidade.');
INSERT INTO TopicTranslations(topic, language, name, description) VALUES (54,'PT_PT', 'Métodos de Engenharia de Software', 'Sobre as abordagens organizadas e sistemáticas ao desenvolvimento de software para um computador alvo;\n\nMétodos Heurísticos, que são baseados na experiência e largamente praticados pela indústria (tais como métodos de Análise Estruturada que tratam o software como um conjunto hierárquico de funções, métodos de Modelação de Dados que se focam na forma e relacionamento dos dados para organizações cujo princial activo é precisamente os dados e por fim Métodos Orientados aos Objectos, cujo software é um conjunto de objectos que representam o mundo real, encapsulam dados e têm comportamento);\n\nMétodos Formais que utilizam uma notação matemática rigorosa que permite definir, refinar, derivar e verficar software;\n\nMétodos de Prototipagem cuja finalidade é desenvolver uma pequena parte ou parte incompleta do software (normalmente a menos bem compreendida) de modo a poder refiná-la com recurso a input crítico do protótipo;\n\nMétodos Ágeis de desenvolvimento, caracterizados por desenvolvimentos iterativos curtos com alta participação de elementos da equipa (métodos como Extreme Programming, scrum ou Cristal Clear).' );
                                                                            
INSERT INTO TopicTranslations(topic, language, name, description) VALUES (55,'PT_PT', 'Fundamentos da Qualidade de Software', 'Sobre os princípios gerais do que define qualidade para os stakeholders;\n\na instalação de uma cultura e uma ética de trabalho orientada à qualidade;\n\no valor de desenvolver software de qualidade e o impacto que isso tem  nos custos do mesmo;\n\ncaracterísticas e modelos de qualidade a nível de processos e do produto em si;\n\ntécnicas de melhoramento de qualidade (como Plan-Do-Check-Act, kaizen ou Quality Function Deployment);\n\nconceitos de software para sistemas críticos e o impacto que a qualidade tem nestes sistemas.');
INSERT INTO TopicTranslations(topic, language, name, description) VALUES (56,'PT_PT', 'Processos de Gestão de Qualidade de Software', 'Sobre os processos que asseguram que produtos de software, serviços e modelos de ciclo de vida respondem aos objectivos  organizacionais de qualidade e satisfação de stakeholders;\n\na garantia de qualidade de software (vulgo Quality Assurance);\n\nverificação e validação da qualidade;\n\nrevisão e auditoria de processos e produtos de software.');
INSERT INTO TopicTranslations(topic, language, name, description) VALUES (57,'PT_PT', 'Considerações Práticas', 'Sobre os problemas práticos que têm um impacto na qualidade do software: o modo como os requisitos influenciam a gestão da qualidade, tais como o tipo de segurança do sistema, o ambiente físico, o orçamento do projecto, o grau de dependência do mesmo (software crítico implica um processo de qualidade elevado);\n\nos diferentes tipos de defeitos do software (erro computacional, erro humano, defeito, falta e falha);\n\nas técnicas de gestão da qualidade do software, como técnicas estáticas (análise de código-fonte, análise de design, métodos formais, etc.), técnicas dinâmicas (execução de código, simulação, debugging), teste de software executado por individuos fora da equipa de desenvolvimento para verificar a conformidade do software à sua especificação;\n\nmedição da qualidade do software (com recurso a métricas de qualidade, análise estatística, análise de tendência, etc.) com a finalidade de ter uma vista geral sobre a qualidade do produto e sobre as partes problemáticas do mesmo.' );
INSERT INTO TopicTranslations(topic, language, name, description) VALUES (58,'PT_PT', 'Ferramentas de Qualidade de Software', 'Sobre as ferramentas de auxílio aos processos de qualidade de software, tais como ferramentas de análise estática de sintaxe e semântica de código (tal como compiladores, Java Mission Control, etc) e ferramentas de análise dinâmica de código (como debuggers).' );
                                                                           
INSERT INTO TopicTranslations(topic, language, name, description) VALUES (59,'PT_PT', 'Profissionalismo', 'Sobre a aderência do engenheiro a códigos de ética, conduta profissional e práticas standard estabelecidas pela sua comunidade profissional;\n\nacreditação, certificação e licenciamento;\n\ncódigos de ética e conduta profissional definidos pela sua comunidade profissional (como o código de ética da ACM e IEEE);\n\nas sociedades profissionais e a sua função (por exemplo a IEEE ou a Ordem dos Engenheiros);\n\nos Standards de Engenharia de Software (por exemplo os múltiplos standards da IEEE para Engenharia de Software);\n\no impacto económico do software;\n\nos variados tipos de contratos de trabalho e características;\n\nas questões legais (como marcas registadas, propriedade intelectual, uso justo, cibercrime, direitos de cópia);\n\na criação de documentação e os seus trâmites;\n\nnegociações (de requisitos, funcionalidades, contratos, etc.).');
INSERT INTO TopicTranslations(topic, language, name, description) VALUES (60,'PT_PT', 'Dinâmica de Grupo e Psicologia', 'Sobre as questões relacionadas com trabalho em equipa e diferentes grupos de individuos como clientes ou colaboradores;\n\nquestões relacionadas com trabalho em grupo (honestidades intelectual, admissão de ignorância, admissão de erros, adaptabilidade);\n\nos factores que afectam a cognição pessoal (volume de dados, complexidade de problemas, incapacidade de exprimir os problemas, incapacidade de consultar com outros, etc.);\n\ncomo lidar com problemas complexos (trabalho em equipa, decomposição de problemas, etc.);\n\ncomo interagir com stakeholders;\n\nlidar com incerteza e ambiguidade nos problemas de desenvolvimento;\n\nlidar com problemas de multiculturalismo de equipas ou clientes.');
INSERT INTO TopicTranslations(topic, language, name, description) VALUES (61,'PT_PT', 'Habilidades de Comunicação', 'Sobre as capacidades de comunicação orais e de escrita do engenheiro;\n\nleitura de material técnico, compreensão e resumo;\n\nhabilidades de escrita de documentos relevantes aos processos de software (requisitos, documentação de software, contratos, etc.);\n\ncomunicação eficaz com equipas ou grupos;\n\nhabilidades de criar e executar apresentações (de ideias, de produtos, pitches, etc.).');

INSERT INTO TopicTranslations(topic, language, name, description) VALUES (62,'PT_PT', 'Fundamentos de Economia', 'Sobre os conceitos base de Economia;\n\nfinanças e contabilidade;\n\ncontrolo de custos;\n\ncash flow;\n\nprocessos de tomada de decisões (orientada à Economia);\n\nconceito de valorização;\n\ninflação e depreciação;\n\ntaxação (impostos);\n\nvalor temporal do dinheiro (a oscilação do valor do dinheiro ao longo do tempo);\n\neficiência económica;\n\neficácia;\n\ndefinição de produtividade.' );
INSERT INTO TopicTranslations(topic, language, name, description) VALUES (63,'PT_PT', 'Economia de Ciclos de Vida', 'Sobre os conceitos económicos aplicados à actividade do software ao longo do seu ciclo de vida;\n\nconceitos de produto, projecto, programa, portefolio, ciclo de vida de um produto, ciclo de vida de um projecto, propostas e tipos de propostas;\n\ndecisões de investimento;\n\nhorizonte de planeamento (sobre os custos económicos relacionados com investimentos num determinado prazo, como o tempo de vida de um produto de sotware e o seu impacto económico numa empresa);\n\nconceito de preço e estabelecimento de políticas de preços;\n\nconceito de custo e gestão de custos;\n\nmedição de performance económica;\n\ngestão do valor ganho (técnica económica que permite um controlo eficaz de custos comparando o valor já criado com o orçamento projectado e com o custo calendarizado até esse momento);\n\ndecisões de terminação de um produto baseadas em economia;\n\ndecisões de troca (troca de um software antiquado por um novo em vez de o manter) ou descontinuação (de um produto ou de actividade como um todo).');
INSERT INTO TopicTranslations(topic, language, name, description) VALUES (64,'PT_PT', 'Risco e Incerteza', 'Sobre os conceitos de objectivo económico, estimativas e planeamento;\n\ntécnicas de estimação (como analogias, estimação por partes, métodos estatísticos, etc.);\n\nreagir a incerteza (como utilizar estimativas de diversos âmbitos, adiar decisões finais, etc.);\n\ntécnicas de prioritização;\n\ntécnicas de tomada decisões sob risco (como árvores de decisão, análise de Monte Carlo, etc.);\n\ntécnicas de tomada de decisões sob incerteza (como Regra de Laplace, Regra de Hurwicz, etc.).');
INSERT INTO TopicTranslations(topic, language, name, description) VALUES (65,'PT_PT', 'Métodos de Análise Económica', 'Sobre os diferentes métodos de análise ecónomica aplicáveis dependendo do tipo de organização, finalidade ou objectivos do software: análise de decisão de organizações com fins lucrativos;\n\nmínimo rácio de retorno aceitável (critério de escolha de investimentos baseado num retorno percentual mínimo);\n\nretorno de investimento (rácio entre o valor ganho relativamente ao investido);\n\nretorno do capital aplicado;\n\nanálise custo-benefício;\n\nanálise custo-efectividade;\n\nanálise de break-even (igualdade entre custos e rendimentos);\n\ncaso de negócio (apresentação estruturada e consolidada sobre uma proposta de negócio a partir de diferentes perspectivas de decisão como custos, benefícios, risco, etc.);\n\navaliação a multiplos atributos (a nível de outras propriedades que não simplesmente dinheiro);\n\nanálise de optimização.');
INSERT INTO TopicTranslations(topic, language, name, description) VALUES (66,'PT_PT', 'Considerações Práticas', 'O princípio do “Suficientemente Bom” (quando o custo de adicionar uma nova funcionalidade - ou investir em algo não essencial - não pode ser medido este princípio é um indicador de quando o estado desta funcionalidade é suficientemente boa para ser entregue);\n\nmercados sem fricção (sempre que existem entraves a uma competição perfeita, sejam custos de transporte, estabelecimentos, proteccionismo e, particularmente no software, não-neutralidade de internet ou limitação de venda de aplicações em lojas especificas);\n\necossistemas (quando as qualidades ou atributos de um produto são melhoradas devido à existência de terceiros que de alguma forma interagem com  produto, como por exemplo, uma aplicação que é integrada ou configurada à medida por uma empresa externa);\n\noffshoring (o desenvolvimento de uma actividade económica fora do território de operação da organização por razões de custos ou de défices de qualidade) e outsourcing (a execução de tarefas para uma organização por uma entidade externa quando essas actividades poderiam ser feitas pela organização).');
                                                                           
INSERT INTO TopicTranslations(topic, language, name, description) VALUES (67,'PT_PT', 'Técnicas de Resolução de Problemas', 'Sobre a definição de resolução de problemas;\n\nformulação de problemas reais;\n\nanálises de problemas;\n\ndesenhar uma estratégia de procura de soluções;\n\nresolução de problemas com recurso a programas de computadores.' );
INSERT INTO TopicTranslations(topic, language, name, description) VALUES (68,'PT_PT', 'Abstracção' ,'Sobre os conceitos inerentes à abstracção - genericamente definida como “o processo e o resultado da generalização através da redução da informação a um conceito, um problema ou um fenómeno observável de modo a permitir o foco no panorâma geral;\n\nos níveis de abstracção;\n\nconceito de encapsulamento;\n\nhierarquia de abstracções.');
INSERT INTO TopicTranslations(topic, language, name, description) VALUES (69,'PT_PT', 'Fundamentos de Programação' ,'Sobre os conceitos-base de programação – a criação de programas de computador com recurso a código;\n\no processo de programação (desenho, escrita, teste, debug e manutenção);\n\nas características dos diferentes paradigmas de programação (não-estruturada, estruturada, procedimental, imperativa, orientada aos objectos, funcional, orientada aos aspectos, etc).');
INSERT INTO TopicTranslations(topic, language, name, description) VALUES (70,'PT_PT', 'Bases de Linguagens de Programação' ,'Sobre as linguagens em que é possível escrever código com a finalidade de criar programas para um computador;\n\na sintaxe e semântica de uma linguagem;\n\nlinguagens de baixo nível, linguagens de alto nível;\n\ndiferenças entre linguagens declarativas e imperativas.');
INSERT INTO TopicTranslations(topic, language, name, description) VALUES (71,'PT_PT', 'Técnicas e Ferramentas de Debugging' ,'Sobre o processo de encontrar e corrigir problemas no software escrito;\n\nos diferentes tipos de erros (de sintaxe, erros lógicos, erros de dados, etc.);\n\ntécnicas de debugging (um passo de cada vez, recurso a breakpoints, recurso a pontos de observação, etc.);\n\nferramentas de debugging (como debuggers ou ferramentas de análise de código estático).');
INSERT INTO TopicTranslations(topic, language, name, description) VALUES (72,'PT_PT', 'Estruturas e Representação de Dados' ,'Sobre a organização e formas de expressão de dados para uso por programas;\n\ntipos de estruturas de dados (listas, filas, pilhas, tabelas, tabelas de hash, etc.);\n\nas diferentes operações em diferentes estruturas de dados (CRUD – create,read,update e delete, operações de encontro de elementos, travessia, ordenação).');
INSERT INTO TopicTranslations(topic, language, name, description) VALUES (73,'PT_PT', 'Algoritmos e Complexidade' ,'Sobre a escrita organizada de programas em algoritmos – uma estratégia definida numa série de passos com vista à resolução de um problema;\n\nos atributos de algoritmos (modularidade, funcionalidade, robustez, simplicidade, etc.);\n\nanálise de algoritmos (análise do pior caso, análise do caso médio, notação Big-O,etc.);\n\nestratégias de design de algoritmos (força-bruta, divide and conquer, algoritmos gulosos, programação dinâmica, etc.);\n\nestratégias de análise de algoritmos (contagem de passos, análise assimptótica, análise probabilística, etc.).');
INSERT INTO TopicTranslations(topic, language, name, description) VALUES (74,'PT_PT', 'Conceitos Básicos de um Sistema' ,'Sobre a definição de um sistema;\n\nas propriedades de um sistema;\n\npropriedades emergentes de um sistema;\n\nengenharia de sistemas e bases sobre um sistema de computadores.');
INSERT INTO TopicTranslations(topic, language, name, description) VALUES (75,'PT_PT', 'Organização de um Computador' ,'Sobre os quatro níveis em que se divide a organização de um computador (as macro-arquitecturas, micro-arquitecturas, circuitos lógicos e dispositivos);\n\nsistemas digitais (baseados em sinais e código binário);\n\nlógica digital (as operações sobre números binários como AND, OR, etc.);\n\na expressão de dados binários num computador;\n\na unidade de processamento central e o seu funcionamento (CPU);\n\na organização de memória;\n\no funcionamento de dispositivos de I/O.');
INSERT INTO TopicTranslations(topic, language, name, description) VALUES (76,'PT_PT', 'Bases de Compiladores','Sobre o que é um compilador;\n\nas diferenças entre compiladores e interpretadores;\n\no processo de compilação.' );
INSERT INTO TopicTranslations(topic, language, name, description) VALUES (77,'PT_PT', 'Bases de Sistemas Operativos' ,'Sobre os conceitos de um sistemas operativo;\n\nas tarefas de um sistemas operativo;\n\nos diferentes tipos de sistemas operativos (batch, sistemas em time-sharing, sistemas em tempo real, sistemas operativos distribuídos, sistemas embebidos, sistema operativo de servidor, sistema operativo móvel, sistema operativo de computador pessoal, etc.).');
INSERT INTO TopicTranslations(topic, language, name, description) VALUES (78,'PT_PT', 'Bases de Dados e Gestão de Dados' ,'Sobre os conceitos de uma base de dados;\n\nentidade e esquema;\n\nos diferentes sistemas de gestão de bases de dados (Oracle, MS SQL Server, Postgre, etc.);\n\nlinguagem de interpelação de bases de dados – como SQL – as suas características e como a usar;\n\norganização e manipulação de um sistema de gestão de bases de dados;\n\nmineração de dados (a descoberta de padrões e relações pouco óbvias entre os dados).');
INSERT INTO TopicTranslations(topic, language, name, description) VALUES (79,'PT_PT', 'Bases de Comunicação em Redes', 'Sobre os diferentes tipos de redes (rede pessoal, rede local, wide area network, internet, etc.);\n\nos conceitos básicos de redes (os seus componentes e as diferentes funções destes);\n\nos protocolos e standards de redes (pilha OSI e seus componentes como TCP/IP, UDP, Bluetooth, etc.);\n\na Internet;\n\na Internet das Coisas;\n\nredes virtuais privadas (vulgo VPN).');
INSERT INTO TopicTranslations(topic, language, name, description) VALUES (80,'PT_PT', 'Computação Paralela e Distribuída' , 'Sobre os conceitos básicos sobre o que é computação paralela e computação distribuída;\n\nas diferenças entre estes dois paradigmas;\n\nmodelos de computação paralela (memória partilhada, passagem de mensagens, etc.);\n\nos principais problemas na computação distribuída.');
INSERT INTO TopicTranslations(topic, language, name, description) VALUES (81,'PT_PT', 'Factores Básicos de Utilização Humana' , 'Sobre os problemas típicos que advêm da utilização de software pelos utilizadores humanos;\n\nconsiderações sobre o I/O (como mostrar o output a utilizadores, qual o formato mais adequado, qual a maneira mais agradável de apresentar, etc.);\n\nmensagens de erro (como explicar claramente o que aconteceu e como resolver, qual o tipo de linguagem, etc.);\n\nrobustez de software (como o software tolera o uso incorrecto por pessoas, como recuperar de maneira a não desincentivar o uso por pessoas, etc.).');
INSERT INTO TopicTranslations(topic, language, name, description) VALUES (82,'PT_PT', 'Factores Básicos de Desenvolvimento por Humanos' , 'Sobre os problemas comuns que advêm de o software ser construído e mantido por humanos e como a sua escrita afecta estas actividades;\n\ncomo estruturar o código para facilitar compreensão;\n\ncomo escrever comentários que facilitem o trabalho dos responsáveis presentes e futuros do software.');
INSERT INTO TopicTranslations(topic, language, name, description) VALUES (83,'PT_PT', 'Desenvolvimento e Manutenção Segura' , 'Sobre as práticas e regras seguidas com a finalidade de tornar o software mais seguro em todas as suas fases, quer a nível de requisitos, como construção e teste.');
                                                                           
INSERT INTO TopicTranslations(topic, language, name, description) VALUES (84,'PT_PT','Conjuntos, Relacionamentos e Funções' ,'Sobre os conceitos matemáticos e lógicos sobre os conjuntos (colecção de elementos), as suas propriedades e as suas operações (intesecção, união, produto cartesiano, etc.);\n\nsobre relacionamentos (associações entre dois conjuntos de informação);\n\nsobre funções matemáticas (uma relação de comportamento conhecido que exprime o mapeamento entre elementos de domínios).' );
INSERT INTO TopicTranslations(topic, language, name, description) VALUES (85,'PT_PT','Lógica Básica' , 'Sobre a lógica proposicional, a sua terminologia e leis (variáveis Booleanas, operações booleanas, Leis de Identidade, Leis Distributivas, Leis de De Morgan, etc.): a lógica de Predicados, as suas propriedades, terminologia e leis.');
INSERT INTO TopicTranslations(topic, language, name, description) VALUES (86,'PT_PT','Técnicas de Prova' ,'Sobre os argumentos que estabelecem rigorosamente a verdade de uma afirmação;\n\nos métodos de prova de um teorema (provas por contradição, provas por indução, etc.).' );
INSERT INTO TopicTranslations(topic, language, name, description) VALUES (87,'PT_PT','Bases da Contagem' ,'Sobre as acções que permitem encontrar o número de elementos num conjunto finito de elementos e suas regras (regra da soma, regra do produto, etc.) e princípios;\n\nprincípio da inclusão-exclusão;\n\ndefinição de recursividade, aleatoriedade, probabilidade, permutação e combinação.' );
INSERT INTO TopicTranslations(topic, language, name, description) VALUES (88,'PT_PT','Grafos e Árvores' , 'Sobre os diferentes tipos de grafos (grafos direccionados, grafos não-direccionados, etc.), a sua terminologia (vértices, nós, peso, arestas, etc.) e operações (travessia, conexões, etc.);\n\nos diferentes tipos de árvores, as suas propriedades e operações (travessias, adições, etc.).' );
INSERT INTO TopicTranslations(topic, language, name, description) VALUES (89,'PT_PT','Probabilidade Discreta' ,'Sobre a descrição matemática da aleatoriedade a sua terminologia, propriedades e operações.' );
INSERT INTO TopicTranslations(topic, language, name, description) VALUES (90,'PT_PT','Máquinas de Estado Finitas' , 'Sobre as máquinas de estados finitos (a abstracção matemática composta por um número finito de estados e as transições entre estes), a sua terminologia e operações.');
INSERT INTO TopicTranslations(topic, language, name, description) VALUES (91,'PT_PT','Gramáticas' , 'Sobre as gramáticas de linguagens formais, a sua terminologia (vocabulário, frase, terminais, símbolo, etc.);\n\nos tipos de gramáticas existentes (gramática livre de contexto, gramática sensível ao contexto, etc.).');
INSERT INTO TopicTranslations(topic, language, name, description) VALUES (92,'PT_PT','Precisão numérica, exactidão e erros' , 'Sobre os problemas que recorrem na representação de números;\n\no carácter finito da precisão de representação de números num computador;\n\ntécnicas de arredondamentos;\n\nalgarismos significativos;\n\ntipos de erros (relativos, absolutos).');
INSERT INTO TopicTranslations(topic, language, name, description) VALUES (93,'PT_PT','Teoria dos Números' ,'Sobre os números;\n\nos tipos de números (inteiro, racional, real, complexo, imaginário etc.);\n\nterminologia e operações (divisão, mod, módulo);\n\nos números primos, a sua utilidade a sua aplicação (como criptografia).' );
INSERT INTO TopicTranslations(topic, language, name, description) VALUES (94,'PT_PT','Estruturas Algébricas' ,'Sobre as estruturas algébricas (definidas como conjuntos sujeitos a algumas operações e que satisfaçam um número de axiomas);\n\nsobre grupos, as suas propriedades (associação, identidade, fecho, etc.) e tipos (monóide, subgrupo);\n\nanéis (um conjunto com duas operações binárias - normalmente adição e multiplicação - onde cada operação combina dois elementos para formar um terceiro).' );
                                                                           
INSERT INTO TopicTranslations(topic, language, name, description) VALUES (95 ,'PT_PT','Métodos Empíricos e Técnicas Experimentais' ,'Sobre como propôr soluções ou modelos de solução e realizar experiências para resolver problemas;\n\ncriação de experiências controladas (formular hipóteses, criar pré-condições, observar variáveis, relacionamento entre resultados, etc.);\n\nestudo observacional com recurso a contextualização;\n\nestudo retrospectivo, também conhecido como estudo histórico (análise de  dados históricos com a finalidade de encontrar relacionamentos entre dados e prever eventos futuros.' );
INSERT INTO TopicTranslations(topic, language, name, description) VALUES (96 ,'PT_PT','Análise Estatística' ,'Sobre a capacidade de atingir resultados generalizaveis através do estudo de uma população limitada de amostras de resultados prévios (i.e. com recurso a estatística);\n\nos conceitos estatísticos de amostra, população, unidade de análise, variável aleatória, evento, distribuição de variáveis, estimação, tipos de estimativas, propriedades de estimadores e testes de hipóteses estatísticas;\n\ncorrelação e regressão.' );
INSERT INTO TopicTranslations(topic, language, name, description) VALUES (97 ,'PT_PT','Medição' ,'Sobre a problemática da medição no software e as suas diferenças fundamentais para outros atributos de medição mais simples;\n\nos conceitos de níveis (ou escalas) de medição (nominal, ordinal, intervalar e por rácios);\n\nmedidas directas versus medidas indirectas;\n\nconfiabilidade e validade de uma medida;\n\navaliação de confiabilidade de medidas.' );
INSERT INTO TopicTranslations(topic, language, name, description) VALUES (98 ,'PT_PT','Desenho de Engenharia' ,'Sobre os desafios que a elaboração de uma solução estruturada para um problema de engenharia representam para o engenheiro, sendo que o desenho neste caso não tem nada que ver com o seu conceito tradicional - a representação gráfica - mas sim com o planeamento ou arquitectura de uma solução para um problema, o seu processo e as suas fases (definição de um problema, obtenção de informação pertinente, geração de múltiplas soluções, análise e selecção de uma solução, implementação da solução).' );
INSERT INTO TopicTranslations(topic, language, name, description) VALUES (99 ,'PT_PT','Modelação, Simulação e Prototipagem' ,'Sobre os conceitos e técnicas de modelação (o processo de representação de parte ou totalidade de um sistema recorrendo a abstracções) e os seus diferentes tipos (icónico, analógico e simbólico);\n\no conceito de simulação (condução de experiências em modelos com a finalidade de melhorar a compreensão sobre o mesmo) e a sua construção;\n\no conceito de protótipo (uma representação inicial, parcial ou incompleta de um sistema) e a sua utilização.' );
INSERT INTO TopicTranslations(topic, language, name, description) VALUES (100,'PT_PT','Standards' ,'Sobre o conceito de standard (requisito, especificação, guia ou característica que deve ser observado por engenheiros de modo que produtos, processos e materiais tem níveis aceitáveis de qualidade);\n\nos diferentes tipos de standards existentes;\n\na conformidade mensurável com standards;\n\nas diferentes entidades que produzem standards internacionais de engenharia.' );
INSERT INTO TopicTranslations(topic, language, name, description) VALUES (101,'PT_PT','Análise de Causa' ,'Sobre o processo de investigação e identificação de como e porque aconteceu um evento indesejável e sua causa de raíz (i.e. o que deu origem ao evento);\n\nas principais técnicas para conduzir este tipo de análise (métodos de revisão, diagramas de estado presente vs estado desejável, revisão por terceiros, árvores de falha, etc.);\n\nas ferramentas de auxílio à análise (diagramas de causa-efeito, histogramas, diagramas de Pareto, etc.).' );

INSERT INTO TopicTranslations(topic, language, name, description) VALUES (102,'PT_PT','Nenhuma das Áreas do Conhecimento', 'Para qualquer tópico do programa que não encaixa em qualquer das Áreas do Conhecimento.' );

-- English 
INSERT INTO TopicTranslations(topic, language, name, description) VALUES (1, 'EN_UK', 'Software Requirements Fundamentals', 'Covers the definition of a software requirement; the difference between a product requirement and a process requirement; the difference between functional and non-functional requirements; interdependent requirements; how to classify requirements quantitatively; and the difference between system and software requirements.');
INSERT INTO TopicTranslations(topic, language, name, description) VALUES (2, 'EN_UK', 'Requirements Process', 'Covers the continuous nature of the requirements process and its adaptability to the context of the project or organization; the different actors in the process (often known as stakeholders); how to manage a requirements process and how to assess and improve its quality.');
INSERT INTO TopicTranslations(topic, language, name, description) VALUES (3, 'EN_UK', 'Requirements Elicitation', 'Covers the sources of requirements (such as domain knowledge, stakeholders, business rules, etc.) and the techniques for collecting them effectively (such as interviews, scenarios, prototypes, meetings, etc.).');
INSERT INTO TopicTranslations(topic, language, name, description) VALUES (4, 'EN_UK', 'Requirements Analysis', 'Covers how to classify requirements according to their type, importance, stability, or scope; and conceptual modeling (such as use cases, data models, state models, etc.).');
INSERT INTO TopicTranslations(topic, language, name, description) VALUES (5, 'EN_UK', 'Requirements Specification', 'Covers the production of a set of documents on the requirements that can be systematically reviewed, evaluated, and approved. These documents are: the System Definition, the System Requirements Specification, and the Software Requirements Specification (derived from the system requirements).');
INSERT INTO TopicTranslations(topic, language, name, description) VALUES (6, 'EN_UK', 'Requirements Validation', 'Covers the techniques for validating the requirements gathered, such as: peer review, prototyping, model validation, and acceptance testing.');
INSERT INTO TopicTranslations(topic, language, name, description) VALUES (7, 'EN_UK', 'Practical Considerations', 'Covers the practical aspects of requirements; the iterative nature of the requirements process; the management of requirements changes (as a whole or in only some of their attributes); requirements traceability; and measurement of the weight of requirements in the event of a product change.');

INSERT INTO TopicTranslations(topic, language, name, description) VALUES (8, 'EN_UK', 'Software Design Fundamentals', 'Covers the general concepts of design (such as objective, constraints, alternatives, context, etc.); the design process (difference between architectural and detailed design); and the principles of software design (such as abstraction, coupling, cohesion, decomposition, modularization, encapsulation, separation of interface and implementation, sufficiency, completeness, etc.).');
INSERT INTO TopicTranslations(topic, language, name, description) VALUES (9, 'EN_UK', 'Key Issues in Software Design', 'Covers typical problems in software design such as concurrency: event control; data persistence; distribution of components and communication between them; error handling and fault tolerance; interaction and presentation; and security.');
INSERT INTO TopicTranslations(topic, language, name, description) VALUES (10, 'EN_UK', 'Software Structure and Architecture', 'Covers the ways to organize software at various levels of abstraction from macro-architecture to detailed code design; the different architectural styles such as layered construction, distributed systems (Client-Server, Three-Tiers, Broker), interactive systems (Model-View-Controller, Presentation-Abstraction-Control), adaptable systems (microkernel or reflection), and others; Design Patterns (such as builder, factory, adapter; bridge, iterator, strategy, etc.); the decision-making aspect of the design process; and software program families and frameworks.');
INSERT INTO TopicTranslations(topic, language, name, description) VALUES (11, 'EN_UK', 'User Interface Design', 'Covers effective communication with the software user; basic UI principles (ease of learning, familiarity, consistency, minimal surprise, diversity of use, etc.); dealing with common problems (user interaction and information presentation); typical interaction modes (question-and-answer, direct manipulation, menu selection, forms, command languages, natural language); how to present information (number of colors, color changes, color coding, visualization for people with special needs); the UI design process (user analysis, software prototyping, evaluation of the developed user interface); adapting the UI for localization and internationalization; and metaphors and conceptual models (such as using universally recognized icons for various common actions, such as using a scroll wheel to represent settings).');
INSERT INTO TopicTranslations(topic, language, name, description) VALUES (12, 'EN_UK', 'Quality Analysis and Evaluation', 'Covers the quality attributes of design (such as portability, testability, robustness, performance, security, reusability, etc.); quality assessment techniques (such as third-party design review, formal static analysis - with mathematical models - or informal, simulation or prototyping); and software metrics for its size, structure, or quality.');
INSERT INTO TopicTranslations(topic, language, name, description) VALUES (13, 'EN_UK', 'Software Design Notations', 'Covers the representation of design in different universally understood artifacts; structure descriptions (class and object diagrams, component diagrams, class responsibility cards, entity-relationship diagrams, interface description languages, etc.); and descriptions of behaviors and dynamics between components (activity diagrams, communication diagrams, data flow diagrams, decision tables and diagrams, sequence diagrams, state transition diagrams, pseudocode, etc.).');
INSERT INTO TopicTranslations(topic, language, name, description) VALUES (14, 'EN_UK', 'Software Design Strategies and Methods', 'Covers how to design a system in one or more well-defined paradigms, such as Functional, Object-Oriented, Data-Structure-Centric, and Component-Centric; and general design strategies such as divide-and-conquer, top-down, bottom-up, etc.');
INSERT INTO TopicTranslations(topic, language, name, description) VALUES (15, 'EN_UK', 'Software Design Tools', 'Covers tools that help create software design artifacts, typically software itself, which can, for example, create models and diagrams or enable quality analysis of models.');

INSERT INTO TopicTranslations(topic, language, name, description) VALUES (16, 'EN_UK', 'Software Construction Fundamentals', 'Covers the fundamental concepts of software construction, which are: Minimization of Complexity, Anticipation of Changes, Construction for Verification, Reuse, and Construction Standards (relating to the conventions of the programming languages used, such as variable naming or indentation, etc.).');
INSERT INTO TopicTranslations(topic, language, name, description) VALUES (17, 'EN_UK', 'Construction Management', 'Covers how to manage a construction process through Life Cycle Models (such as linear Waterfall methodologies or iterative Agile types); construction planning (the order of activities in a construction process - this is highly dependent on the construction model used); and how to measure what is created (statistics on code, scheduling, effort - again, different measures depend on the model chosen, e.g. effort is a typical measure of the scrum methodology).');
INSERT INTO TopicTranslations(topic, language, name, description) VALUES (18, 'EN_UK', 'Practical Considerations', 'Covers the predominantly practical nature of construction; the need to make small-scale adjustments or modifications to the Design during construction; the languages needed to build software - such as configuration languages, scripting languages, programming languages, visual languages, etc.; the characteristics of coding itself (semantic constructs, control structures, error handling, organization of code into classes, ways of documenting code, etc.); construction tests (unit tests and integration tests); construction techniques for reuse by others (such as structuring libraries, using known design patterns); reuse of pre-existing software (use of libraries, public repositories, etc.); quality in construction (code testing, debugging, assertions, defensive programming, code reviews, etc.); and integration of code into a system (phase integration and incremental).');
INSERT INTO TopicTranslations(topic, language, name, description) VALUES (19, 'EN_UK', 'Construction Technologies', 'Covers how to design and use APIs; typical problems of object-oriented paradigms (such as polymorphism and reflection); parameterized and generic types; assertions, interface programming, and defensive programming; error handling; executable models (creating a program by compiling an executable model of a modeling language); state-based and table-based programming; runtime configuration and internationalization; language grammar processing; concurrency primitives (semaphores, mutexes, monitors, etc.); middleware (software that provides services between the OS layer and the application layer); programming for distributed systems; construction of heterogeneous systems (such as Digital Signal Processors or Embedded Systems); performance analysis and tuning (choices of architectures, data structures, or algorithm selection); platform standards (e.g. J2EE vs J2SE); and test-driven development.');
INSERT INTO TopicTranslations(topic, language, name, description) VALUES (20, 'EN_UK', 'Software Construction Tools', 'Covers all kinds of tools (typically also software) that help with software construction, such as IDEs (integrated development environments such as Eclipse, Netbeans, Visual Studio, etc.); GUI builders (now also part of modern IDEs); unit testing tools, and also code profiling tools, performance analysis tools, and slicing tools.');

INSERT INTO TopicTranslations(topic, language, name, description) VALUES (21, 'EN_UK', 'Software Testing Fundamentals', 'Covers the fundamental concepts of testing; the distinction between fault, failure, error, and defect; test case selection; test effectiveness and objectives; testing for defect discovery; theoretical and practical limits of testing; impractical test scenarios; and the relationship of testing to other software lifecycle activities.');
INSERT INTO TopicTranslations(topic, language, name, description) VALUES (22, 'EN_UK', 'Testing Levels', 'Covers the different levels at which software can be tested; by test target (unit testing vs integration testing vs system testing); by test objective (acceptance testing, installation testing, alpha and beta testing; reliability testing, regression testing, performance testing, security testing, stress testing, back-to-back testing, recovery testing, interface testing, configuration testing, and usability testing).');
INSERT INTO TopicTranslations(topic, language, name, description) VALUES (23, 'EN_UK', 'Testing Techniques', 'Covers the different techniques used to find the largest number of possible failures; techniques based on the Engineer''s Intuition (ad hoc and exploratory testing); techniques based on the input domain (equivalent partitioning, combinatorial testing, boundary value testing, random testing); techniques based on code (code control flow testing, data flow testing); techniques based on failures (error guessing, mutation testing); techniques based on usage (typical operational profile testing, user observation heuristics); techniques based on models (decision tables, state machines; formal specifications, workflow models); techniques based on the nature of the application (web application vs mobile application, etc.); and combination of the described techniques.');
INSERT INTO TopicTranslations(topic, language, name, description) VALUES (24, 'EN_UK', 'Testing Metrics', 'Covers the different metrics used to assess the quality of tests; program evaluation metrics (size metrics, typical failures for that type of software, fault density, reliability assessment, reliability growth models); and test execution evaluation metrics (total test coverage, fault introduction, mutation results).');
INSERT INTO TopicTranslations(topic, language, name, description) VALUES (25, 'EN_UK', 'Testing Process', 'Covers how to organize testing activities, strategies, and techniques into a controlled process; practical considerations (creating test guides, process organizers, creating test documentation, test-driven development, creating an independent or internal test team, effort and test estimates, defining test termination, test reuse, and using a test pattern); and testing activities (test planning, test case generation, training environment development, systematic test execution, evaluation of test results, recording of results over time, defect tracking).');
INSERT INTO TopicTranslations(topic, language, name, description) VALUES (26, 'EN_UK', 'Software Testing Tools', 'Covers the tools, typically also software, that help in the selection, execution, and evaluation of tests.');

INSERT INTO TopicTranslations(topic, language, name, description) VALUES (27, 'EN_UK', 'Software Maintenance Fundamentals', 'Covers the basic concepts, terminology, and definitions of software maintenance; the specific role of a software maintenance engineer; maintenance needs (correcting faults, improving software design, adapting to new environments, etc.); software maintenance costs; software evolution as one of the purposes of maintenance; and the different categories of maintenance (corrective, adaptive, perfective, and preventive).');
INSERT INTO TopicTranslations(topic, language, name, description) VALUES (28, 'EN_UK', 'Key Issues in Software Maintenance', 'Covers the main problems that a software maintenance manager faces, such as technical issues (limited understanding of the software in question, testing a system under maintenance, impact analysis of the proposed maintenance, degree of modifiability of a system in production); issues related to the management of the maintenance process (aligning the software maintenance process with the objectives of the responsible organization, managing and motivating maintenance managers, outsourcing maintenance); maintenance cost estimates; and maintenance metrics.');
INSERT INTO TopicTranslations(topic, language, name, description) VALUES (29, 'EN_UK', 'Maintenance Process', 'Covers the life cycle of a maintenance phase (analyzing problems, implementing modifications, approving, discontinuing the product, migrating, etc.); and the activities exclusive to a maintenance engineer (analyzing the state of the software, support tasks, planning maintenance in terms of deadlines and scope of maintenance, managing the configuration of the software under maintenance, ensuring the quality of the software under maintenance).');
INSERT INTO TopicTranslations(topic, language, name, description) VALUES (30, 'EN_UK', 'Maintenance Techniques', 'Covers the techniques used to successfully maintain and/or update software; understanding the software code; techniques for systematic software modification (such as refactoring); software reverse engineering techniques; software migration techniques; and software discontinuation techniques and policies.');
INSERT INTO TopicTranslations(topic, language, name, description) VALUES (31, 'EN_UK', 'Software Maintenance Tools', 'Covers the tools that help with software maintenance, such as software slicing tools (which isolate the parts to be modified), static and dynamic code analyzers; data flow and dependency analyzers; and reverse engineering tools.');

INSERT INTO TopicTranslations(topic, language, name, description) VALUES (32, 'EN_UK', 'Configuration Management Process Management', 'Covers how to organize configuration management; the constraints imposed on the process; typical planning of a configuration management process (who is responsible, what is the project schedule, what tools are to be used, what configurations to provide to third parties, the potential interactions between the software to be controlled and external ones); documentation of configurations and their management and use as guidelines in an organization; ensuring the correct application of the organization''s configurations either through the application of metrics, own tools, or simple audits.');
INSERT INTO TopicTranslations(topic, language, name, description) VALUES (33, 'EN_UK', 'Software Configuration Identification', 'Covers the identification of the entities to be subject to configuration control, the relationships between them, how to define their versioning, rules for creating a baseline, policies for integrating a software item (a file, source code, visual resources, etc.) into configuration control; use and management of software libraries.');
INSERT INTO TopicTranslations(topic, language, name, description) VALUES (34, 'EN_UK', 'Software Configuration Control', 'Covers the control of the normal flow of a software configuration change management process, such as change request, evaluation, and acceptance/rejection of the proposed change; implementation of the change and its tracking, and finally authorization of deviation (of the functionality to be changed) or waiver (idem).');
INSERT INTO TopicTranslations(topic, language, name, description) VALUES (35, 'EN_UK', 'Software Configuration State Recording', 'Covers the recording and reporting of the evolution of the state of software configurations over time; how to capture the state of software items at each moment and how to report them to the organization.');
INSERT INTO TopicTranslations(topic, language, name, description) VALUES (36, 'EN_UK', 'Software Configuration Audit', 'Covers the process of scrutinizing software configurations to ensure that their operation is aligned with the specified requirements (as a whole or at the level of a specific baseline), the planned architecture/design, and is aligned with the documentation.');
INSERT INTO TopicTranslations(topic, language, name, description) VALUES (37, 'EN_UK', 'Software Release and Delivery Management', 'Covers how to organize the delivery of one or more software versions; how to execute a software build process (packaging, distributing different versions simultaneously, different production environments; delivering a complete software product (when to deliver based on the state of the software, what other deliverables are there - such as documentation and release notes).');
INSERT INTO TopicTranslations(topic, language, name, description) VALUES (38, 'EN_UK', 'Software Configuration Management Tools', 'Covers the types of tools used to support effective configuration management, such as version control tools, build tools, customer issue support tools, development team workspace control tools, issue-tracking tools, etc.');

INSERT INTO TopicTranslations(topic, language, name, description) VALUES (39, 'EN_UK', 'Initiation and Scope Definition', 'Covers how to determine and negotiate software requirements; feasibility analysis (assessing the ability to meet the requirements based on all the constraints that are subject to it - such as costs, technologies, human resources, policies, etc.); requirements review processes (what are the rules agreed with stakeholders to make any changes to the requirements).');
INSERT INTO TopicTranslations(topic, language, name, description) VALUES (40, 'EN_UK', 'Software Project Planning', 'Covers how to plan a software project; what software lifecycle model to use (such as waterfall, spiral, or agile methods) and what tools to use to ensure its application; choice of deliverables (documentation, installable software, etc.); cost, effort, and timing estimates; allocation of human resources to tasks; risk management (identification, impact analysis, prioritization of risk factors, development of risk mitigation strategies, etc.); quality management (definition of quality metrics, ensuring the application of quality control throughout the project).');
INSERT INTO TopicTranslations(topic, language, name, description) VALUES (41, 'EN_UK', 'Software Project Execution', 'Covers the application of planning to project development; application of the terms contracted with the software recipient (the client); application of the planned measurements and metrics; monitoring and adapting plans as the project progresses and in some cases abandoning the project; organizing and developing progress reports.');
INSERT INTO TopicTranslations(topic, language, name, description) VALUES (42, 'EN_UK', 'Review and Evaluation', 'Covers the monitoring and periodic evaluation of the project against the objectives and customer satisfaction; determining customer satisfaction with the requirements; evaluation and review of the performance of the methods, tools, and resources applied in the project.');
INSERT INTO TopicTranslations(topic, language, name, description) VALUES (43, 'EN_UK', 'Project Termination', 'Covers the completion of the project in its entirety or at a milestone; determining the scope of "termination" either in whole or in part (e.g. a pre-agreed number of implemented requirements can be a phase termination as well as all agreed requirements and the respective documentation can be the total termination); project termination activities (such as archiving documentation, how long to keep documentation, updating project statuses, preparing "Lessons Learned" documents, etc.).');
INSERT INTO TopicTranslations(topic, language, name, description) VALUES (44, 'EN_UK', 'Software Engineering Measurement', 'Covers the application of measurements at the project, process, and work product levels; establishment and encouragement of measurements (what are the measurements, what is the scope, application of measurements by teams, etc.); measurement process planning; application of measurements in the processes with all relevant data collected and documented; evaluation of measurements and application of corrections or improvements if necessary.');
INSERT INTO TopicTranslations(topic, language, name, description) VALUES (45, 'EN_UK', 'Software Engineering Management Tools', 'Covers the tools used to aid in the management of a software project (planning and monitoring the project status, risk management tools, communication tools, and measurement tools). These are also typically software.');

INSERT INTO TopicTranslations(topic, language, name, description) VALUES (46, 'EN_UK', 'Software Process Definition', 'Covers the definition of what a software process is and what it comprises; required inputs, transformative work activities, and generated outputs; decomposition of the process into work units; roles and responsibilities; techniques, tools, and notations; software process management, its efficiency for a project, and the impacts of changing it to another.');
INSERT INTO TopicTranslations(topic, language, name, description) VALUES (47, 'EN_UK', 'Software Life Cycles', 'Covers the different categories of software development life cycle models; categories of software processes, such as primary processes (for software development, operation, and maintenance), support processes (for configuration management, quality control, verification, and validation), organizational processes (training, infrastructure management, portfolio management, etc.), inter-project processes (transversal to several projects); software life cycle models (predictive or linear models such as the waterfall model vs iterative models such as the spiral model vs agile development models such as scrum); adaptation of existing software processes to the needs of the project, organization, or technological developments.');
INSERT INTO TopicTranslations(topic, language, name, description) VALUES (48, 'EN_UK', 'Software Process Evaluation and Improvement', 'Covers the monitoring of process performance and its potential modification to better meet the specific needs of the project or organization; the different models and methods (qualitative ones that are subject to expert judgment or quantitative ones that are performed based on metrics); iterative process improvement models (such as the Plan-Do-Check-Act); process assessment and scoring systems.');
INSERT INTO TopicTranslations(topic, language, name, description) VALUES (49, 'EN_UK', 'Software Process Metrics', 'Covers the different measures and measurement techniques used for software processes; measures of process efficiency (such as effort measures, man-hours, man-days, monetary costs of the process or process phase) or of the product itself; the quality of the measures to be used for processes and products; the use of software with process analysis models that allow testing various parameters of the processes used and determining possible improvement points; quantitative process measurement techniques (direct measurement of number of defects, man-hours, among others, and respective analysis by statistical methods) and qualitative techniques (such as questionnaires or interviews).');
INSERT INTO TopicTranslations(topic, language, name, description) VALUES (50, 'EN_UK', 'Software Engineering Process Tools', 'Covers all kinds of tools related to software processes, such as BPMN diagrams, spreadsheets, UML diagrams, or even project management software.');

INSERT INTO TopicTranslations(topic, language, name, description) VALUES (51, 'EN_UK', 'Modeling', 'Covers the general principles of software modeling, which are "Modeling the essentials", "Providing a perspective on the problem", and "Enabling effective communication"; the properties of models (completeness, consistency, and accuracy) and expression of models (concept of entity and relationship and their meanings according to the type of model); the syntax and semantics of modeling languages (textual or graphical); the concepts of precondition, postcondition, and invariants.');
INSERT INTO TopicTranslations(topic, language, name, description) VALUES (52, 'EN_UK', 'Types of Models', 'Covers the different types of models used for software; information models (which identify and define a set of concepts, properties, relationships, and constraints on data entities); behavioral models (identify and define the functions of the software to be modeled, common examples are state machines, flow control models, and data flow models); structural models (define the logical or physical composition of its different parts, examples of which are class diagrams, object diagrams, and package diagrams).');
INSERT INTO TopicTranslations(topic, language, name, description) VALUES (53, 'EN_UK', 'Model Analysis', 'Covers the techniques of critical inspection of models by the engineer; completeness analysis; consistency analysis; accuracy analysis; traceability between requirements, models, and implemented functionality; analysis of interaction between models and functionality.');
INSERT INTO TopicTranslations(topic, language, name, description) VALUES (54, 'EN_UK', 'Software Engineering Methods', 'Covers the organized and systematic approaches to software development for a target computer; Heuristic Methods, which are based on experience and widely practiced by the industry (such as Structured Analysis methods that treat software as a hierarchical set of functions, Data Modeling methods that focus on the form and relationship of data for organizations whose main asset is precisely data, and Object-Oriented Methods, whose software is a set of objects that represent the real world, encapsulate data, and have behavior); Formal Methods that use a rigorous mathematical notation that allows software to be defined, refined, derived, and verified; Prototyping Methods whose purpose is to develop a small or incomplete part of the software (usually the least well understood) in order to refine it with critical input from the prototype; Agile Development Methods, characterized by short iterative developments with high participation of team members (methods such as Extreme Programming, scrum, or Cristal Clear).');

INSERT INTO TopicTranslations(topic, language, name, description) VALUES (55, 'EN_UK', 'Software Quality Fundamentals', 'Covers the general principles of what defines quality for stakeholders; the installation of a quality-oriented work culture and ethic; the value of developing quality software and the impact it has on its costs; characteristics and quality models at the process and product level; quality improvement techniques (such as Plan-Do-Check-Act, kaizen, or Quality Function Deployment); concepts of software for critical systems and the impact that quality has on these systems.');
INSERT INTO TopicTranslations(topic, language, name, description) VALUES (56, 'EN_UK', 'Software Quality Management Processes', 'Covers the processes that ensure that software products, services, and life cycle models meet organizational quality and stakeholder satisfaction goals; software quality assurance; quality verification and validation; review and audit of software processes and products.');
INSERT INTO TopicTranslations(topic, language, name, description) VALUES (57, 'EN_UK', 'Practical Considerations', 'Covers the practical problems that have an impact on software quality: how requirements influence quality management, such as the type of system security, the physical environment, the project budget, the degree of dependence of the project (critical software implies a high quality process); the different types of software defects (computational error, human error, defect, fault, and failure); software quality management techniques, such as static techniques (source code analysis, design analysis, formal methods, etc.), dynamic techniques (code execution, simulation, debugging), software testing performed by individuals outside the development team to verify the software''s conformance to its specification; software quality measurement (using quality metrics, statistical analysis, trend analysis, etc.) with the purpose of having an overview of the product quality and its problematic parts.');
INSERT INTO TopicTranslations(topic, language, name, description) VALUES (58, 'EN_UK', 'Software Quality Tools', 'Covers software quality process support tools, such as static code syntax and semantics analysis tools (such as compilers, Java Mission Control, etc.) and dynamic code analysis tools (such as debuggers).');

INSERT INTO TopicTranslations(topic, language, name, description) VALUES (59, 'EN_UK', 'Professionalism', 'Covers the engineer''s adherence to codes of ethics, professional conduct, and standard practices established by their professional community; accreditation, certification, and licensing; codes of ethics and professional conduct defined by their professional community (such as the ACM and IEEE codes of ethics); professional societies and their function (e.g., the IEEE or the Order of Engineers); software engineering standards (e.g., the IEEE''s many software engineering standards); the economic impact of software; the various types of employment contracts and characteristics; legal issues (such as trademarks, intellectual property, fair use, cybercrime, copyright); the creation of documentation and its procedures; negotiations (of requirements, functionalities, contracts, etc.).');
INSERT INTO TopicTranslations(topic, language, name, description) VALUES (60, 'EN_UK', 'Group Dynamics and Psychology', 'Covers issues related to teamwork and different groups of individuals such as clients or collaborators; issues related to teamwork (intellectual honesty, admitting ignorance, admitting mistakes, adaptability); factors that affect personal cognition (volume of data, complexity of problems, inability to express problems, inability to consult with others, etc.); how to deal with complex problems (teamwork, problem decomposition, etc.); how to interact with stakeholders; dealing with uncertainty and ambiguity in development problems; dealing with multiculturalism issues in teams or clients.');
INSERT INTO TopicTranslations(topic, language, name, description) VALUES (61, 'EN_UK', 'Communication Skills', 'Covers the engineer''s oral and written communication skills; reading technical material, comprehension, and summarization; writing skills for documents relevant to software processes (requirements, software documentation, contracts, etc.); effective communication with teams or groups; skills to create and deliver presentations (of ideas, products, pitches, etc.).');

INSERT INTO TopicTranslations(topic, language, name, description) VALUES (62, 'EN_UK', 'Economic Fundamentals', 'Covers the basic concepts of economics; finance and accounting; cost control; cash flow; decision-making processes (oriented to economics); concept of value; inflation and depreciation; taxation (taxes); time value of money (the fluctuation of the value of money over time); economic efficiency; effectiveness; definition of productivity.');
INSERT INTO TopicTranslations(topic, language, name, description) VALUES (63, 'EN_UK', 'Lifecycle Economics', 'Covers the economic concepts applied to software activity throughout its lifecycle; concepts of product, project, program, portfolio, product lifecycle, project lifecycle, proposals and types of proposals; investment decisions; planning horizon (on the economic costs related to investments in a certain period, such as the lifetime of a software product and its economic impact on a company); concept of price and establishment of pricing policies; concept of cost and cost management; measurement of economic performance; earned value management (an economic technique that allows effective cost control by comparing the value already created with the projected budget and the cost schedule up to that point); product termination decisions based on economics; replacement decisions (replacing an outdated software with a new one instead of maintaining it) or discontinuation (of a product or activity as a whole).');
INSERT INTO TopicTranslations(topic, language, name, description) VALUES (64, 'EN_UK', 'Risk and Uncertainty', 'Covers the concepts of economic objective, estimates and planning; estimation techniques (such as analogies, part-by-part estimation, statistical methods, etc.); reacting to uncertainty (such as using estimates from different areas, postponing final decisions, etc.); prioritization techniques; decision-making techniques under risk (such as decision trees, Monte Carlo analysis, etc.); decision-making techniques under uncertainty (such as Laplace''s Rule, Hurwicz''s Rule, etc.).');
INSERT INTO TopicTranslations(topic, language, name, description) VALUES (65, 'EN_UK', 'Economic Analysis Methods', 'Covers the different economic analysis methods applicable depending on the type of organization, purpose or objectives of the software: decision analysis for profit-making organizations; minimum acceptable rate of return (investment selection criterion based on a minimum percentage return); return on investment (ratio of value gained to invested); return on capital employed; cost-benefit analysis; cost-effectiveness analysis; break-even analysis (equality between costs and revenues); business case (structured and consolidated presentation of a business proposal from different decision perspectives such as costs, benefits, risk, etc.); multi-attribute evaluation (at the level of other properties than just money); optimization analysis.');
INSERT INTO TopicTranslations(topic, language, name, description) VALUES (66, 'EN_UK', 'Practical Considerations', 'The "Good Enough" principle (when the cost of adding a new feature - or investing in something non-essential - cannot be measured, this principle is an indicator of when the state of this feature is good enough to be delivered); frictionless markets (whenever there are barriers to perfect competition, be it transportation costs, establishments, protectionism and, particularly in software, internet non-neutrality or limitation of application sales in specific stores); ecosystems (when the qualities or attributes of a product are improved due to the existence of third parties that somehow interact with the product, such as an application that is integrated or configured to measure by an external company); offshoring (the development of an economic activity outside the organization''s operating territory for reasons of cost or quality deficits) and outsourcing (the execution of tasks for an organization by an external entity when these activities could be done by the organization).');

INSERT INTO TopicTranslations(topic, language, name, description) VALUES (67, 'EN_UK', 'Problem Solving Techniques', 'Covers the definition of problem solving; problem formulation; problem analysis; designing a solution search strategy; problem solving using computer programs.');
INSERT INTO TopicTranslations(topic, language, name, description) VALUES (68, 'EN_UK', 'Abstraction', 'Covers the concepts inherent in abstraction - generically defined as "the process and result of generalization by reducing information to a concept, a problem, or an observable phenomenon in order to allow focus on the big picture"; levels of abstraction; concept of encapsulation; hierarchy of abstractions.');
INSERT INTO TopicTranslations(topic, language, name, description) VALUES (69, 'EN_UK', 'Programming Fundamentals', 'Covers the basic concepts of programming - the creation of computer programs using code; the programming process (design, writing, testing, debugging, and maintenance); the characteristics of different programming paradigms (unstructured, structured, procedural, imperative, object-oriented, functional, aspect-oriented, etc.).');
INSERT INTO TopicTranslations(topic, language, name, description) VALUES (70, 'EN_UK', 'Programming Language Fundamentals', 'Covers the languages in which it is possible to write code in order to create programs for a computer; the syntax and semantics of a language; low-level languages, high-level languages; differences between declarative and imperative languages.');
INSERT INTO TopicTranslations(topic, language, name, description) VALUES (71, 'EN_UK', 'Debugging Techniques and Tools', 'Covers the process of finding and fixing problems in written software; the different types of errors (syntax errors, logical errors, data errors, etc.); debugging techniques (one step at a time, using breakpoints, using watchpoints, etc.); debugging tools (such as debuggers or static code analysis tools).');
INSERT INTO TopicTranslations(topic, language, name, description) VALUES (72, 'EN_UK', 'Data Structures and Representation', 'Covers the organization and forms of expression of data for use by programs; types of data structures (lists, queues, stacks, tables, hash tables, etc.); the different operations on different data structures (CRUD - create, read, update and delete, element finding operations, traversal, sorting).');
INSERT INTO TopicTranslations(topic, language, name, description) VALUES (73, 'EN_UK', 'Algorithms and Complexity', 'Covers the organized writing of programs into algorithms - a strategy defined in a series of steps to solve a problem; attributes of algorithms (modularity, functionality, robustness, simplicity, etc.); algorithm analysis (worst-case analysis, average-case analysis, Big-O notation, etc.); algorithm design strategies (brute force, divide and conquer, greedy algorithms, dynamic programming, etc.); algorithm analysis strategies (step counting, asymptotic analysis, probabilistic analysis, etc.).');
INSERT INTO TopicTranslations(topic, language, name, description) VALUES (74, 'EN_UK', 'Basic System Concepts', 'Covers the definition of a system; the properties of a system; emergent properties of a system; systems engineering and foundations of a computer system.');
INSERT INTO TopicTranslations(topic, language, name, description) VALUES (75, 'EN_UK', 'Computer Organization', 'Covers the four levels of computer organization (macro-architectures, micro-architectures, logic circuits, and devices); digital systems (based on signals and binary code); digital logic (operations on binary numbers such as AND, OR, etc.); the expression of binary data in a computer; the central processing unit and its operation (CPU); memory organization; the operation of I/O devices.');
INSERT INTO TopicTranslations(topic, language, name, description) VALUES (76, 'EN_UK', 'Compiler Fundamentals', 'Covers what a compiler is; the differences between compilers and interpreters; the compilation process.');
INSERT INTO TopicTranslations(topic, language, name, description) VALUES (77, 'EN_UK', 'Operating System Fundamentals', 'Covers the concepts of an operating system; the tasks of an operating system; the different types of operating systems (batch, time-sharing systems, real-time systems, distributed operating systems, embedded systems, server operating systems, mobile operating systems, personal computer operating systems, etc.).');
INSERT INTO TopicTranslations(topic, language, name, description) VALUES (78, 'EN_UK', 'Databases and Data Management', 'Covers the concepts of a database; entity and schema; the different database management systems (Oracle, MS SQL Server, Postgre, etc.); database query language - such as SQL - its features and how to use it; organization and manipulation of a database management system; data mining (the discovery of patterns and non-obvious relationships between data).');
INSERT INTO TopicTranslations(topic, language, name, description) VALUES (79, 'EN_UK', 'Networking Fundamentals', 'Covers the different types of networks (personal area network, local area network, wide area network, internet, etc.); the basic concepts of networks (their components and the different functions of these); network protocols and standards (OSI stack and its components such as TCP/IP, UDP, Bluetooth, etc.); the Internet; the Internet of Things; virtual private networks (VPN).');
INSERT INTO TopicTranslations(topic, language, name, description) VALUES (80, 'EN_UK', 'Parallel and Distributed Computing', 'Covers the basic concepts of parallel computing and distributed computing; the differences between these two paradigms; parallel computing models (shared memory, message passing, etc.); the main problems in distributed computing.');
INSERT INTO TopicTranslations(topic, language, name, description) VALUES (81, 'EN_UK', 'Basic Human Usability Factors', 'Covers the typical problems that arise from the use of software by human users; considerations about I/O (such as how to show output to users, what is the most suitable format, what is the most pleasant way to present it, etc.); error messages (how to clearly explain what happened and how to solve it, what type of language, etc.); software robustness (how software tolerates incorrect use by people, how to recover in a way that does not discourage use by people, etc.).');
INSERT INTO TopicTranslations(topic, language, name, description) VALUES (82, 'EN_UK', 'Basic Human Development Factors', 'Covers the common problems that arise from software being built and maintained by humans and how its writing affects these activities; how to structure code for easy understanding; how to write comments that make the work of present and future software owners easier.');
INSERT INTO TopicTranslations(topic, language, name, description) VALUES (83, 'EN_UK', 'Secure Development and Maintenance', 'Covers the practices and rules followed in order to make software more secure in all its phases, both at the requirements level and at the construction and testing level.');

INSERT INTO TopicTranslations(topic, language, name, description) VALUES (84, 'EN_UK', 'Sets, Relations, and Functions', 'Covers the mathematical and logical concepts about sets (collection of elements), their properties and operations (intersection, union, Cartesian product, etc.); about relations (associations between two sets of information); about mathematical functions (a relationship of known behavior that expresses the mapping between elements of domains).');
INSERT INTO TopicTranslations(topic, language, name, description) VALUES (85, 'EN_UK', 'Basic Logic', 'Covers propositional logic, its terminology and laws (Boolean variables, Boolean operations, Identity Laws, Distributive Laws, De Morgan''s Laws, etc.): Predicate logic, its properties, terminology and laws.');
INSERT INTO TopicTranslations(topic, language, name, description) VALUES (86, 'EN_UK', 'Proof Techniques', 'Covers the arguments that rigorously establish the truth of a statement; the methods of proving a theorem (proofs by contradiction, proofs by induction, etc.).');
INSERT INTO TopicTranslations(topic, language, name, description) VALUES (87, 'EN_UK', 'Counting Fundamentals', 'Covers the actions that allow finding the number of elements in a finite set of elements and its rules (sum rule, product rule, etc.) and principles; inclusion-exclusion principle; definition of recursion, randomness, probability, permutation and combination.');
INSERT INTO TopicTranslations(topic, language, name, description) VALUES (88, 'EN_UK', 'Graphs and Trees', 'Covers the different types of graphs (directed graphs, undirected graphs, etc.), their terminology (vertices, nodes, weight, edges, etc.) and operations (traversal, connections, etc.); the different types of trees, their properties and operations (traversals, additions, etc.).');
INSERT INTO TopicTranslations(topic, language, name, description) VALUES (89, 'EN_UK', 'Discrete Probability', 'Covers the mathematical description of randomness, its terminology, properties and operations.');
INSERT INTO TopicTranslations(topic, language, name, description) VALUES (90, 'EN_UK', 'Finite State Machines', 'Covers finite state machines (the mathematical abstraction composed of a finite number of states and the transitions between them), their terminology and operations.');
INSERT INTO TopicTranslations(topic, language, name, description) VALUES (91, 'EN_UK', 'Grammars', 'Covers the grammars of formal languages, their terminology (vocabulary, sentence, terminals, symbol, etc.); the existing types of grammars (context-free grammar, context-sensitive grammar, etc.).');
INSERT INTO TopicTranslations(topic, language, name, description) VALUES (92, 'EN_UK', 'Numerical Precision, Accuracy, and Errors', 'Covers the problems that arise in the representation of numbers; the finite nature of the precision of number representation on a computer; rounding techniques; significant digits; types of errors (relative, absolute).');
INSERT INTO TopicTranslations(topic, language, name, description) VALUES (93, 'EN_UK', 'Number Theory', 'Covers numbers; the types of numbers (integer, rational, real, complex, imaginary, etc.); terminology and operations (division, mod, modulus); prime numbers, their usefulness and applications (such as cryptography).');
INSERT INTO TopicTranslations(topic, language, name, description) VALUES (94, 'EN_UK', 'Algebraic Structures', 'Covers algebraic structures (defined as sets subject to some operations and satisfying a number of axioms); groups, their properties (associativity, identity, closure, etc.) and types (monoid, subgroup); rings (a set with two binary operations - usually addition and multiplication - where each operation combines two elements to form a third).');

INSERT INTO TopicTranslations(topic, language, name, description) VALUES (95, 'EN_UK', 'Empirical Methods and Experimental Techniques', 'Covers how to propose solutions or solution models and conduct experiments to solve problems; creating controlled experiments (formulating hypotheses, creating preconditions, observing variables, relationship between results, etc.); observational study using contextualization; retrospective study, also known as historical study (analysis of historical data to find relationships between data and predict future events).');
INSERT INTO TopicTranslations(topic, language, name, description) VALUES (96, 'EN_UK', 'Statistical Analysis', 'Covers the ability to achieve generalizable results by studying a limited population of samples of previous results (i.e. using statistics); the statistical concepts of sample, population, unit of analysis, random variable, event, distribution of variables, estimation, types of estimates, properties of estimators and statistical hypothesis testing; correlation and regression.');
INSERT INTO TopicTranslations(topic, language, name, description) VALUES (97, 'EN_UK', 'Measurement', 'Covers the problem of measurement in software and its fundamental differences from other simpler measurement attributes; the concepts of levels (or scales) of measurement (nominal, ordinal, interval and ratio); direct versus indirect measures; reliability and validity of a measure; evaluation of reliability of measures.');
INSERT INTO TopicTranslations(topic, language, name, description) VALUES (98, 'EN_UK', 'Engineering Design', 'Covers the challenges that the development of a structured solution to an engineering problem represents for the engineer, since in this case the design has nothing to do with its traditional concept - the graphical representation - but rather with the planning or architecture of a solution to a problem, its process and its phases (definition of a problem, obtaining relevant information, generation of multiple solutions, analysis and selection of a solution, implementation of the solution).');
INSERT INTO TopicTranslations(topic, language, name, description) VALUES (99, 'EN_UK', 'Modeling, Simulation, and Prototyping', 'Covers the concepts and techniques of modeling (the process of representing part or all of a system using abstractions) and its different types (iconic, analogical and symbolic); the concept of simulation (conducting experiments on models in order to improve understanding of the model) and its construction; the concept of prototype (an initial, partial or incomplete representation of a system) and its use.');
INSERT INTO TopicTranslations(topic, language, name, description) VALUES (100, 'EN_UK', 'Standards', 'Covers the concept of standard (requirement, specification, guide or characteristic that must be observed by engineers so that products, processes and materials have acceptable levels of quality); the different types of standards that exist; measurable compliance with standards; the different entities that produce international engineering standards.');
INSERT INTO TopicTranslations(topic, language, name, description) VALUES (101, 'EN_UK', 'Root Cause Analysis', 'Covers the process of investigating and identifying how and why an undesirable event occurred and its root cause (i.e. what caused the event); the main techniques for conducting this type of analysis (review methods, present state vs desired state diagrams, third party review, failure trees, etc.); the tools to aid the analysis (cause and effect diagrams, histograms, Pareto charts, etc.).');

INSERT INTO TopicTranslations(topic, language, name, description) VALUES (102, 'EN_UK', 'None of the Knowledge Areas', 'For any topic in the program that does not fit into any of the Knowledge Areas.');

INSERT INTO Degrees(id, acronym, image, school, year) VALUES (1, 'MIEIC', 'http://images.com/mieic_up.jpeg' , 1, 2017);
INSERT INTO Degrees(id, acronym, image, school, year) VALUES (2, 'LEI + MEI', 'http://images.com/miei_um.jpeg' , 2, 2017);
INSERT INTO Degrees(id, acronym, image, school, year) VALUES (3, 'LEIC + MEIC', 'http://images.com/meic_ist.jpeg' , 3, 2017);
INSERT INTO Degrees(id, acronym, image, school, year) VALUES (4, 'LEI + MEI', 'http://images.com/mei_uav.jpeg' , 4, 2017);
INSERT INTO Degrees(id, acronym, image, school, year) VALUES (5, 'MIEI', 'http://images.com/miei_um.jpeg' , 5, 2017);

INSERT INTO DegreeTranslations(degree, language, name, description) VALUES (1, 'PT_PT' , 'Mestrado Integrado em Engenharia Informática e Computação', 'O ensino da Engenharia Informática e Computação foi concebido na FEUP como requerendo um ciclo de formação e aprendizagem completo de cinco anos integrados, correspondendo aos 1º e 2º ciclos da implementação do Processo de Bolonha e conferindo de imediato o grau de Mestre.\n\nNo final dos três primeiros anos (1º ciclo) do MIEIC os alunos estarão providos de uma sólida formação de base, abrangendo as competências científicas e de engenharia essenciais, mas também os conhecimentos fundamentais de banda larga nas diversas áreas da informática, embora sem qualquer especialização. Este primeiro degrau é visto sobretudo como possibilitador de mobilidade de e para outras escolas nacionais e europeias.\n\nNo final dos cinco anos do curso os diplomados terão uma formação avançada em Engenharia Informática e Computação, podendo ter escolhido uma área de especialização ou manter um leque mais alargado de interesses, mercê de uma ampla oferta de opções, configurável individualmente, contida no plano de estudos. As possíveis especializações incluem actualmente:\n\n- Engenharia de Software e Sistemas de Informação (2 sub-áreas com estes nomes)\n\n-Redes e Tecnologias de Informação (sub-áreas de Tecnologias da Internet e de Infra-estruturas Informáticas)\n\n-Sistemas Inteligentes e Multimédia (2 sub-áreas com estes nomes)');
INSERT INTO DegreeTranslations(degree, language, name, description) VALUES (2, 'PT_PT' , 'Licenciatura em Engenharia Informatica e Mestrado em Engenharia Informática', 'O curso de licenciatura em Engenharia Informática tem como objectivo principal fornecer aos futuros licenciados os princípios básicos, teorias, métodos e práticas da Engenharia Informática e da Computação de forma a que possam dominar todos os conceitos para a sua intervenção na sociedade ou complementar a sua formação com o 2º ciclo seguindo a vida prática ou a carreira científica. Para a concretização deste objectivo geral, o ciclo de estudos pretende conciliar os seguintes objectivos específicos: instrumentais, sistémicas e interpessoais.\n\n
    - No plano instrumental, procura-se que os licenciados em Engenharia Informática adquiram competências para articular de forma harmoniosa a complementaridade entre análise e síntese, que interiorizem as dinâmicas da resolução de problemas, que apreendam as lógicas e as práticas da gestão de informação e que perspectivem o exercício dessas competências segundo abordagens de planeamento organizacional centradas na construção de valor para o cliente e na transformação da complexidade em desempenho.\n
    - Ao nível sistémico, procura-se, reforçar a sua autonomia e capacidade para aprender, a sua adaptabilidade a situações novas, o seu sentido projectivo na aplicação dos saberes e competências e a sua aculturação para a qualidade e a excelência.\n
    - Finalmente, ao nível interpessoal, procura-se que os estudantes adquiram outro tipo de competências, que contribuam para o desenvolvimento da vertente pessoal e cívica, da capacidade de adquirir conhecimentos autonomamente, de sentido crítico e de responsabilidade, de gestão de informação, de trabalho em grupo e em equipas interdisciplinares, da aprendizagem colectiva e o sentido de corpo na construção de sucesso, etc.\n\nO Mestrado em Engenharia Informática (MEI) propõe quatro áreas de especialização de acordo com as últimas recomendações curriculares da Association for Computer Machinery (ACM) e do Institute for Electrical and Electronic Engineers (IEEE):\n
        - Comunicações, Serviços e Infra-estrtuturas\n
        - Sistemas Inteligentes\n
        - Sistemas de Informação\n
        - Engenharia de Software.\n\nPropõe-se assim a criação de especializações para dar resposta às necessidades do mercado, tanto a nível da indústria e serviços, como a nível da investigação, ambicionando um impacto internacional a médio prazo.');
INSERT INTO DegreeTranslations(degree, language, name, description) VALUES (3, 'PT_PT' , 'Licenciatura em Engenharia Informatica e de Computadores e Mestrado em Engenharia Informática e de Computadores', 'A licenciatura em Engenharia Informática e de Computadores (LEIC) é uma das maiores licenciaturas do Técnico e tem já provas dadas de sucesso no mercado de emprego, tanto a nível nacional como internacional. Os diplomados da LEIC são reconhecidos como profissionais competentes com conhecimentos sólidos a nível da engenharia informática e fácil adaptabilidade à evolução constante das tecnologias de informação.\n\nNo final da LEIC o aluno poderá especializar-se numa das áreas oferecidas no  Mestrado em Engenharia Informática e Computadores do Técnico, num outro curso afim, ou ainda entrar no mercado de trabalho.\n\nO Mestrado em Eng. Informática e de Computadores está alicerçado na forte formação de base dada pelo primeiro ciclo, oferece especializações atractivas para os alunos e para o mercado servindo ainda como base para os alunos que pretendam ingressar num Programa de Doutoramento, e cria uma base sólida para a intervenção do Departamento de Engenharia Informática do IST na formação ao longo da vida, que representará uma componente cada vez mais importante do mercado da educação avançada.\n\nNo final do Mestrado em Engenharia Informática e de Computadores os alunos poderão entrar no mercado de trabalho. Tendo em conta as especializações acima indicadas, os alunos têm uma gama alargada de competências profissionais específicas, das quais se destacam:\n
        - Análise e projecto de sistemas complexos\n
        - Técnicas de gestão de projecto de sistemas\n
        - Modelação e uso de dados em sistemas informáticos\n
        - Desenvolvimento de aplicações em sistemas distribuídos\n
        - Gestão, configuração e operação de sistemas de computadores\n
        - Técnicas avançadas de resolução de problemas\n
        - Projecto de sistemas adaptáveis, para resolução de problemas complexos\n
        - Projecto de sistemas que interajam com seres humanos usando interfaces naturais\n
        - Controlo e robótica\n
        - Modelação e controlo de sistemas industriais\n
        - Técnicas genéricas de optimização\n\nOs empregadores típicos para engenheiros que tenham efectuado o curso de Mestrado em Engenharia Informática e de Computadores no IST, campus da Alameda, são os seguintes: empresas de serviços da área da banca e seguros, empresas fornecedoras de serviços informáticos, empresas de telecomunicações, empresas de desenvolvimento de software.');
INSERT INTO DegreeTranslations(degree, language, name, description) VALUES (4, 'PT_PT' , 'Licenciatura em Engenharia Informatica + Mestrado em Engenharia Informática', 'A Licenciatura em Engenharia Informática da Universidade de Aveiro tem por finalidade fornecer uma formação sólida em engenharia informática, área que se tem vindo a revelar como o principal motor de desenvolvimento nas economias avançadas.\n\nMais concretamente, esta licenciatura pretende fornecer as seguintes competências:\n
- Compreender e utilizar metodologias de desenvolvimento de software em projectos de pequena e larga escala.\n
- Planear e escrever programas correctos, robustos, eficientes, bem organizados e bem documentados.\n
- Compreender e utilizar modelos e abstracções na concepção, implementação e utilização de sistemas computacionais e de informação.\n
- Entender os aspectos fundamentais em arquitectura de computadores e sistemas operativos, e a sua importância no desenvolvimento e execução de aplicações informáticas.\n
- Aplicar conhecimento nas áreas de cálculo, probabilidades, estatística e matemática discreta em problemas da área da informática.\n
- Aplicar técnicas de avaliação e gestão de qualidade em projectos de Engenharia Informática.\n
- Comunicar eficazmente e saber trabalhar em equipas multidisciplinares.\n
- Reconhecer a necessidade de, e ter a capacidade para, se envolver activamente num processo contínuo de aprendizagem ao longo da vida.\n\nOs objectivos do Mestrado em Engenharia Informática estão alinhados com esta estratégia e com as necessidades do mercado, procurando-se:\n
- Dotar o tecido empresarial da região, nacional e internacional de quadros superiores habilitados;\n
- omentar uma formação avançada centrada em inovação, desenvolvimento e investigação em engenharia informática');
INSERT INTO DegreeTranslations(degree, language, name, description) VALUES (5, 'PT_PT' , 'Mestrado Integrado em Engenharia Informática', 'O Mestrado Integrado em Engenharia Informática (MiEI) é um curso integrado do primeiro e segundo
        ciclo de estudos do ensino superior, ministrado na Universidade do Minho, com a duração de 5 anos lectivos, 10 semestres lectivos,
        a 40 semanas de estudo a tempo inteiro por ano e a um total de 300 ECTS.\n\nO MiEI tem por objectivo preparar engenheiros
        informáticos, aptos em todas as fases actualmente reconhecidas no rigoroso processo de análise, concepção e implementação
        de soluções informáticas. Os seus licenciados devem adquirir durante o curso grande experiência teórica e prática
        na análise de sistemas de software, na especificação dos requisitos desses mesmos sistemas, nas técnicas de
        construção de protótipos e em todas as fases da sua instalação, na gestão de projectos informáticos, no teste,
        instalação e manutenção de aplicações informáticas, e, consequentemente, dos sistemas ou redes que as suportam.\n\n
        O MiEI tem como objectivo básico providenciar durante o curso aos seus alunos a perícia e o conhecimento
        (teórico e prático) necessários para:\n
        - a análise e especificação de requisitos de sistemas de software a implementar;\n
        - a aplicação de técnicas de construção de protótipos;\n
        - o projecto, concepção, desenvolvimento, teste e manutenção de aplicações informáticas;\n
        - a implementação de redes de comunicação por computador e infra-estruturas de suporte;\n
        - a gestão e implementação de projectos informáticos, incluindo o projecto e implementação de sistemas de computação.\n\nComo futuros engenheiros deverão, também, ter sempre a preocupação do rigor, quer na execução quer na gestão do projecto, avaliando a sua qualidade, custos e impacto económico, bem como nas preocupações de implementação dos seus produtos nas organizações destino.');
  
-- English         
INSERT INTO DegreeTranslations(degree, language, name, description) VALUES (1, 'EN_UK', 'Integrated Master''s Degree in Computer Engineering and Computing', 'The teaching of Computer Engineering and Computing at FEUP was designed as a complete five-year integrated training and learning cycle, corresponding to the 1st and 2nd cycles of the Bologna Process implementation and immediately awarding the Master''s degree.
At the end of the first three years (1st cycle) of the MIEIC, students will have a solid basic training, covering essential scientific and engineering skills, as well as fundamental broad-band knowledge in the various areas of computer science, although without any specialization. This first step is seen mainly as an enabler of mobility to and from other national and European schools.
At the end of the five-year course, graduates will have advanced training in Computer Engineering and Computing, and may have chosen an area of specialization or maintained a wider range of interests, thanks to a wide range of options, individually configurable, contained in the study plan. The possible specializations currently include:
- Software Engineering and Information Systems (2 sub-areas with these names)
- Networks and Information Technologies (sub-areas of Internet Technologies and Computer Infrastructures)
- Intelligent and Multimedia Systems (2 sub-areas with these names)');

INSERT INTO DegreeTranslations(degree, language, name, description) VALUES (2, 'EN_UK', 'Bachelor''s Degree in Computer Engineering and Master''s Degree in Computer Engineering', 'The main objective of the Bachelor''s Degree in Computer Engineering is to provide future graduates with the basic principles, theories, methods and practices of Computer Engineering and Computing so that they can master all the concepts for their intervention in society or complement their training with the 2nd cycle following practical life or the scientific career. To achieve this general objective, the study cycle aims to reconcile the following specific objectives: instrumental, systemic and interpersonal.
- At the instrumental level, it is sought that graduates in Computer Engineering acquire skills to harmoniously articulate the complementarity between analysis and synthesis, that they internalize the dynamics of problem solving, that they learn the logics and practices of information management and that they perspective the exercise of these skills according to organizational planning approaches focused on building value for the client and transforming complexity into performance.
- At the systemic level, it is sought to strengthen their autonomy and capacity to learn, their adaptability to new situations, their projective sense in the application of knowledge and skills and their acculturation to quality and excellence.
- Finally, at the interpersonal level, it is sought that students acquire other types of skills, which contribute to the development of the personal and civic side, the ability to acquire knowledge autonomously, critical and responsible sense, information management, teamwork and in interdisciplinary teams, collective learning and the sense of body in the construction of success, etc.
The Master''s Degree in Computer Engineering (MEI) proposes four areas of specialization according to the latest curricular recommendations of the Association for Computer Machinery (ACM) and the Institute for Electrical and Electronic Engineers (IEEE):
- Communications, Services and Infrastructures
- Intelligent Systems
- Information Systems
- Software Engineering.
It is thus proposed to create specializations to meet the needs of the market, both at the level of industry and services, and at the level of research, aiming at an international impact in the medium term.');

INSERT INTO DegreeTranslations(degree, language, name, description) VALUES (3, 'EN_UK', 'Bachelor''s Degree in Computer Engineering and Computer Science and Master''s Degree in Computer Engineering and Computer Science', 'The Bachelor''s Degree in Computer Engineering and Computer Science (LEIC) is one of the largest undergraduate degrees at Técnico and has already proven its success in the job market, both nationally and internationally. LEIC graduates are recognized as competent professionals with solid knowledge in computer engineering and easy adaptability to the constant evolution of information technologies.
At the end of the LEIC, the student may specialize in one of the areas offered in the Master''s Degree in Computer Engineering and Computer Science at Técnico, in another related course, or even enter the job market.
The Master''s Degree in Computer Engineering and Computer Science is based on the strong foundation provided by the first cycle, offers attractive specializations for students and the market, also serving as a basis for students who wish to enter a PhD program, and creates a solid basis for the intervention of the Department of Computer Engineering at IST in lifelong learning, which will represent an increasingly important component of the advanced education market.
At the end of the Master''s Degree in Computer Engineering and Computer Science, students will be able to enter the job market. Taking into account the specializations mentioned above, students have a wide range of specific professional skills, of which the following stand out:
- Analysis and design of complex systems
- Systems project management techniques
- Modeling and use of data in computer systems
- Development of applications in distributed systems
- Management, configuration and operation of computer systems
- Advanced problem solving techniques
- Design of adaptable systems for solving complex problems
- Design of systems that interact with humans using natural interfaces
- Control and robotics
- Modeling and control of industrial systems
- Generic optimization techniques
Typical employers for engineers who have completed the Master''s Degree in Computer Engineering and Computer Science at IST, Alameda campus, are the following: banking and insurance services companies, IT services providers, telecommunications companies, software development companies.');

INSERT INTO DegreeTranslations(degree, language, name, description) VALUES (4, 'EN_UK', 'Bachelor''s Degree in Computer Engineering + Master''s Degree in Computer Engineering', 'The Bachelor''s Degree in Computer Engineering at the University of Aveiro aims to provide a solid education in computer engineering, an area that has been revealed as the main engine of development in advanced economies.
More specifically, this degree aims to provide the following skills:
- Understand and use software development methodologies in small and large scale projects.
- Plan and write correct, robust, efficient, well-organized and well-documented programs.
- Understand and use models and abstractions in the design, implementation and use of computational and information systems.
- Understand the fundamental aspects of computer architecture and operating systems, and their importance in the development and execution of computer applications.
- Apply knowledge in the areas of calculus, probability, statistics and discrete mathematics to computer science problems.
- Apply quality assessment and management techniques in Computer Engineering projects.
- Communicate effectively and be able to work in multidisciplinary teams.
- Recognize the need for, and have the ability to, actively engage in a continuous lifelong learning process.
The objectives of the Master''s Degree in Computer Engineering are aligned with this strategy and with the needs of the market, aiming to:
- Provide the regional, national and international business fabric with qualified high-level staff;
- Promote advanced training focused on innovation, development and research in computer engineering.');

INSERT INTO DegreeTranslations(degree, language, name, description) VALUES (5, 'EN_UK', 'Integrated Master''s Degree in Computer Engineering', 'The Integrated Master''s Degree in Computer Engineering (MiEI) is an integrated course of the first and second cycles of higher education, taught at the University of Minho, with a duration of 5 academic years, 10 academic semesters, 40 weeks of full-time study per year and a total of 300 ECTS.
The MiEI aims to prepare computer engineers, capable of all the phases currently recognized in the rigorous process of analysis, design and implementation of computer solutions. Its graduates should acquire during the course great theoretical and practical experience in the analysis of software systems, in the specification of the requirements of these systems, in the techniques of prototype construction and in all phases of their installation, in the management of computer projects, in the testing, installation and maintenance of computer applications, and, consequently, of the systems or networks that support them.
The MiEI has as its basic objective to provide its students during the course with the expertise and knowledge (theoretical and practical) necessary for:
- The analysis and specification of requirements of software systems to be implemented;
- The application of prototype construction techniques;
- The design, conception, development, testing and maintenance of computer applications;
- The implementation of computer communication networks and support infrastructures;
- The management and implementation of computer projects, including the design and implementation of computer systems.
As future engineers, they should also always be concerned with rigor, both in the execution and management of the project, evaluating its quality, costs and economic impact, as well as in the concerns of implementing their products in the target organizations.');


        
-- Degree Classes

-- UPorto 1st year
INSERT INTO DegreeClasses(id, year, semester, ects , isOptional, degree) VALUES (1, 1, 1, 6, false, 1);
INSERT INTO DegreeClassTranslations(degreeClass, language, name, description) VALUES  (1, 'PT_PT', 'Matemática Discreta' , 'A Lógica constitui a base de qualquer raciocínio científico e essa é a razão primeira da sua inclusão no 1º ano do curso. Para além disso, no caso da Engenharia Informática, a Lógica tem um interesse directo operacional em múltiplas dimensões da profissão.');
INSERT INTO DegreeClassTopics(id, degreeClass, ordering) VALUES (1, 1, 1);
INSERT INTO DegreeClassTopics(id, degreeClass, ordering) VALUES (2, 1, 2);
INSERT INTO DegreeClassTopics(id, degreeClass, ordering) VALUES (3, 1, 3);
INSERT INTO DegreeClassTopics(id, degreeClass, ordering) VALUES (4, 1, 4);
INSERT INTO DegreeClassTopics(id, degreeClass, ordering) VALUES (5, 1, 5);
INSERT INTO DegreeClassTopics(id, degreeClass, ordering) VALUES (6, 1, 6);
INSERT INTO DegreeClassTopics(id, degreeClass, ordering) VALUES (7, 1, 7);
INSERT INTO DegreeClassTopics(id, degreeClass, ordering) VALUES (8, 1, 8);
INSERT INTO DegreeClassTopics(id, degreeClass, ordering) VALUES (9, 1, 9);
INSERT INTO DegreeClassTopics(id, degreeClass, ordering) VALUES (10, 1, 10);
INSERT INTO DegreeClassTopicTranslations(degreeClassTopic, language, description) VALUES (1, 'PT_PT', 'Lógica proposicional');
INSERT INTO DegreeClassTopicTranslations(degreeClassTopic, language, description) VALUES (2, 'PT_PT', 'Métodos de prova em lógica proposicional');
INSERT INTO DegreeClassTopicTranslations(degreeClassTopic, language, description) VALUES (3, 'PT_PT', 'Quantificadores e representação do conhecimento');
INSERT INTO DegreeClassTopicTranslations(degreeClassTopic, language, description) VALUES (4, 'PT_PT', 'Métodos de prova em lógica de primeira ordem');
INSERT INTO DegreeClassTopicTranslations(degreeClassTopic, language, description) VALUES (5, 'PT_PT', 'Conjuntos, relações e ordens parciais');
INSERT INTO DegreeClassTopicTranslations(degreeClassTopic, language, description) VALUES (6, 'PT_PT', 'Funções');
INSERT INTO DegreeClassTopicTranslations(degreeClassTopic, language, description) VALUES (7, 'PT_PT', 'Introdução à teoria dos números');
INSERT INTO DegreeClassTopicTranslations(degreeClassTopic, language, description) VALUES (8, 'PT_PT', 'Congruências e equações de aritmética modular');
INSERT INTO DegreeClassTopicTranslations(degreeClassTopic, language, description) VALUES (9, 'PT_PT', 'Indução e recursão');
INSERT INTO DegreeClassTopicTranslations(degreeClassTopic, language, description) VALUES (10, 'PT_PT', 'Relações de recorrência');
INSERT INTO DegreeClassTopicTranslations(degreeClassTopic, language, description) VALUES (1, 'EN_UK', 'Propositional logic');
INSERT INTO DegreeClassTopicTranslations(degreeClassTopic, language, description) VALUES (2, 'EN_UK', 'Proof methods in propositional logic');
INSERT INTO DegreeClassTopicTranslations(degreeClassTopic, language, description) VALUES (3, 'EN_UK', 'Quantifiers and knowledge representation');
INSERT INTO DegreeClassTopicTranslations(degreeClassTopic, language, description) VALUES (4, 'EN_UK', 'Proof methods in first-order logic');
INSERT INTO DegreeClassTopicTranslations(degreeClassTopic, language, description) VALUES (5, 'EN_UK', 'Sets, relations and partial orders');
INSERT INTO DegreeClassTopicTranslations(degreeClassTopic, language, description) VALUES (6, 'EN_UK', 'Functions');
INSERT INTO DegreeClassTopicTranslations(degreeClassTopic, language, description) VALUES (7, 'EN_UK', 'Introduction to number theory');
INSERT INTO DegreeClassTopicTranslations(degreeClassTopic, language, description) VALUES (8, 'EN_UK', 'Congruences and modular arithmetic equations');
INSERT INTO DegreeClassTopicTranslations(degreeClassTopic, language, description) VALUES (9, 'EN_UK', 'Induction and recursion');
INSERT INTO DegreeClassTopicTranslations(degreeClassTopic, language, description) VALUES (10, 'EN_UK', 'Recurrence relations');

INSERT INTO DegreeClasses(id, year, semester, ects , isOptional, degree) VALUES (2, 1, 1, 6, false, 1);
INSERT INTO DegreeClassTranslations(degreeClass, language, name, description) VALUES  (2, 'PT_PT', 'Arquitectura e Organização de Computadores' , 'Esta unidade curricular introduz os princípios de funcionamento de um computador moderno e a sua arquitectura geral, com especial ênfase na contribuição de cada subsistema para o desempenho global. A análise da tecnologia de implementação física dos computadores (circuitos lógicos e de memória), associada à explicação das formas elementares de representação de informação em formato digital, permitirá aos estudantes identificar e descrever princípios fundamentais da operação dos computadores, das linguagens de programação e do desenvolvimento de software.');
INSERT INTO DegreeClassTopics(id, degreeClass, ordering) VALUES (11, 2, 1);
INSERT INTO DegreeClassTopics(id, degreeClass, ordering) VALUES (12, 2, 2);
INSERT INTO DegreeClassTopics(id, degreeClass, ordering) VALUES (13, 2, 3);
INSERT INTO DegreeClassTopics(id, degreeClass, ordering) VALUES (14, 2, 4);
INSERT INTO DegreeClassTopics(id, degreeClass, ordering) VALUES (15, 2, 5);
INSERT INTO DegreeClassTopics(id, degreeClass, ordering) VALUES (16, 2, 6);
INSERT INTO DegreeClassTopics(id, degreeClass, ordering) VALUES (17, 2, 7);
INSERT INTO DegreeClassTopics(id, degreeClass, ordering) VALUES (18, 2, 8);
INSERT INTO DegreeClassTopics(id, degreeClass, ordering) VALUES (19, 2, 9);
INSERT INTO DegreeClassTopics(id, degreeClass, ordering) VALUES (20, 2, 10);
INSERT INTO DegreeClassTopics(id, degreeClass, ordering) VALUES (21, 2, 11);
INSERT INTO DegreeClassTopics(id, degreeClass, ordering) VALUES (22, 2, 12);
INSERT INTO DegreeClassTopics(id, degreeClass, ordering) VALUES (23, 2, 13);
INSERT INTO DegreeClassTopics(id, degreeClass, ordering) VALUES (24, 2, 14);
INSERT INTO DegreeClassTopics(id, degreeClass, ordering) VALUES (25, 2, 15);
INSERT INTO DegreeClassTopics(id, degreeClass, ordering) VALUES (26, 2, 16);
INSERT INTO DegreeClassTopics(id, degreeClass, ordering) VALUES (27, 2, 17);
INSERT INTO DegreeClassTopics(id, degreeClass, ordering) VALUES (28, 2, 18);
INSERT INTO DegreeClassTopics(id, degreeClass, ordering) VALUES (29, 2, 19);
INSERT INTO DegreeClassTopics(id, degreeClass, ordering) VALUES (30, 2, 20);
INSERT INTO DegreeClassTopics(id, degreeClass, ordering) VALUES (31, 2, 21);
INSERT INTO DegreeClassTopics(id, degreeClass, ordering) VALUES (32, 2, 22);
INSERT INTO DegreeClassTopics(id, degreeClass, ordering) VALUES (33, 2, 23);
INSERT INTO DegreeClassTopics(id, degreeClass, ordering) VALUES (34, 2, 24);
INSERT INTO DegreeClassTopics(id, degreeClass, ordering) VALUES (35, 2, 25);
INSERT INTO DegreeClassTopics(id, degreeClass, ordering) VALUES (36, 2, 26);
INSERT INTO DegreeClassTopics(id, degreeClass, ordering) VALUES (37, 2, 27);
INSERT INTO DegreeClassTopics(id, degreeClass, ordering) VALUES (38, 2, 28);
INSERT INTO DegreeClassTopics(id, degreeClass, ordering) VALUES (39, 2, 29);
INSERT INTO DegreeClassTopics(id, degreeClass, ordering) VALUES (40, 2, 30);
INSERT INTO DegreeClassTopicTranslations(degreeClassTopic, language, description) VALUES (11, 'PT_PT', 'Áreas de aplicação de computadores e suas características');
INSERT INTO DegreeClassTopicTranslations(degreeClassTopic, language, description) VALUES (12, 'PT_PT', 'Representação binária de números inteiros');
INSERT INTO DegreeClassTopicTranslations(degreeClassTopic, language, description) VALUES (13, 'PT_PT', 'Operações binárias aritméticas elementares');
INSERT INTO DegreeClassTopicTranslations(degreeClassTopic, language, description) VALUES (14, 'PT_PT', 'Sistemas de Códigos binários');
INSERT INTO DegreeClassTopicTranslations(degreeClassTopic, language, description) VALUES (15, 'PT_PT', 'Vírgula flutuante');
INSERT INTO DegreeClassTopicTranslations(degreeClassTopic, language, description) VALUES (16, 'PT_PT', 'Álgebra de Boole');
INSERT INTO DegreeClassTopicTranslations(degreeClassTopic, language, description) VALUES (17, 'PT_PT', 'Portas lógicas elementares');
INSERT INTO DegreeClassTopicTranslations(degreeClassTopic, language, description) VALUES (18, 'PT_PT', 'Diagramas lógicos');
INSERT INTO DegreeClassTopicTranslations(degreeClassTopic, language, description) VALUES (19, 'PT_PT', 'Simulador lógico');
INSERT INTO DegreeClassTopicTranslations(degreeClassTopic, language, description) VALUES (20, 'PT_PT', 'Circuitos com funções padrão');
INSERT INTO DegreeClassTopicTranslations(degreeClassTopic, language, description) VALUES (21, 'PT_PT', 'Elementos constituintes da memória de um computador');
INSERT INTO DegreeClassTopicTranslations(degreeClassTopic, language, description) VALUES (22, 'PT_PT', 'Registos e contadores');
INSERT INTO DegreeClassTopicTranslations(degreeClassTopic, language, description) VALUES (23, 'PT_PT', 'Descodificação de endereços');
INSERT INTO DegreeClassTopicTranslations(degreeClassTopic, language, description) VALUES (24, 'PT_PT', 'Linguagens de alto e baixo nível');
INSERT INTO DegreeClassTopicTranslations(degreeClassTopic, language, description) VALUES (25, 'PT_PT', 'Modelo conceptual da execução de um programa');
INSERT INTO DegreeClassTopicTranslations(degreeClassTopic, language, description) VALUES (26, 'PT_PT', 'Subsistemas: CPU, memória, periféricos');
INSERT INTO DegreeClassTopicTranslations(degreeClassTopic, language, description) VALUES (27, 'PT_PT', 'Equação básica de desempenho');
INSERT INTO DegreeClassTopicTranslations(degreeClassTopic, language, description) VALUES (28, 'PT_PT', 'Benchmarks');
INSERT INTO DegreeClassTopicTranslations(degreeClassTopic, language, description) VALUES (29, 'PT_PT', 'Lei de Amdahl');
INSERT INTO DegreeClassTopicTranslations(degreeClassTopic, language, description) VALUES (30, 'PT_PT', 'Tipos de instruções');
INSERT INTO DegreeClassTopicTranslations(degreeClassTopic, language, description) VALUES (31, 'PT_PT', 'Modos de endereçamento');
INSERT INTO DegreeClassTopicTranslations(degreeClassTopic, language, description) VALUES (32, 'PT_PT', 'Codificação');
INSERT INTO DegreeClassTopicTranslations(degreeClassTopic, language, description) VALUES (33, 'PT_PT', 'Linguagem Assembly');
INSERT INTO DegreeClassTopicTranslations(degreeClassTopic, language, description) VALUES (34, 'PT_PT', 'Assemblador');
INSERT INTO DegreeClassTopicTranslations(degreeClassTopic, language, description) VALUES (35, 'PT_PT', 'Sub-rotinas');
INSERT INTO DegreeClassTopicTranslations(degreeClassTopic, language, description) VALUES (36, 'PT_PT', 'CPU - Unidade uniciclo: desempenho, limitações');
INSERT INTO DegreeClassTopicTranslations(degreeClassTopic, language, description) VALUES (37, 'PT_PT', 'CPU - Tratamento de excepções');
INSERT INTO DegreeClassTopicTranslations(degreeClassTopic, language, description) VALUES (38, 'PT_PT', 'Hierarquia de memória');
INSERT INTO DegreeClassTopicTranslations(degreeClassTopic, language, description) VALUES (39, 'PT_PT', 'Memórias cache');
INSERT INTO DegreeClassTopicTranslations(degreeClassTopic, language, description) VALUES (40, 'PT_PT', 'Desempenho de Memória');
INSERT INTO DegreeClassTopicTranslations(degreeClassTopic, language, description) VALUES (11, 'EN_UK', 'Areas of computer application and their characteristics');
INSERT INTO DegreeClassTopicTranslations(degreeClassTopic, language, description) VALUES (12, 'EN_UK', 'Binary representation of integers');
INSERT INTO DegreeClassTopicTranslations(degreeClassTopic, language, description) VALUES (13, 'EN_UK', 'Elementary binary arithmetic operations');
INSERT INTO DegreeClassTopicTranslations(degreeClassTopic, language, description) VALUES (14, 'EN_UK', 'Binary code systems');
INSERT INTO DegreeClassTopicTranslations(degreeClassTopic, language, description) VALUES (15, 'EN_UK', 'Floating point');
INSERT INTO DegreeClassTopicTranslations(degreeClassTopic, language, description) VALUES (16, 'EN_UK', 'Boolean algebra');
INSERT INTO DegreeClassTopicTranslations(degreeClassTopic, language, description) VALUES (17, 'EN_UK', 'Elementary logic gates');
INSERT INTO DegreeClassTopicTranslations(degreeClassTopic, language, description) VALUES (18, 'EN_UK', 'Logic diagrams');
INSERT INTO DegreeClassTopicTranslations(degreeClassTopic, language, description) VALUES (19, 'EN_UK', 'Logic simulator');
INSERT INTO DegreeClassTopicTranslations(degreeClassTopic, language, description) VALUES (20, 'EN_UK', 'Circuits with standard functions');
INSERT INTO DegreeClassTopicTranslations(degreeClassTopic, language, description) VALUES (21, 'EN_UK', 'Components of computer memory');
INSERT INTO DegreeClassTopicTranslations(degreeClassTopic, language, description) VALUES (22, 'EN_UK', 'Registers and counters');
INSERT INTO DegreeClassTopicTranslations(degreeClassTopic, language, description) VALUES (23, 'EN_UK', 'Address decoding');
INSERT INTO DegreeClassTopicTranslations(degreeClassTopic, language, description) VALUES (24, 'EN_UK', 'High-level and low-level languages');
INSERT INTO DegreeClassTopicTranslations(degreeClassTopic, language, description) VALUES (25, 'EN_UK', 'Conceptual model of program execution');
INSERT INTO DegreeClassTopicTranslations(degreeClassTopic, language, description) VALUES (26, 'EN_UK', 'Subsystems: CPU, memory, peripherals');
INSERT INTO DegreeClassTopicTranslations(degreeClassTopic, language, description) VALUES (27, 'EN_UK', 'Basic performance equation');
INSERT INTO DegreeClassTopicTranslations(degreeClassTopic, language, description) VALUES (28, 'EN_UK', 'Benchmarks');
INSERT INTO DegreeClassTopicTranslations(degreeClassTopic, language, description) VALUES (29, 'EN_UK', 'Amdahl''s Law');
INSERT INTO DegreeClassTopicTranslations(degreeClassTopic, language, description) VALUES (30, 'EN_UK', 'Instruction types');
INSERT INTO DegreeClassTopicTranslations(degreeClassTopic, language, description) VALUES (31, 'EN_UK', 'Addressing modes');
INSERT INTO DegreeClassTopicTranslations(degreeClassTopic, language, description) VALUES (32, 'EN_UK', 'Instruction encoding');
INSERT INTO DegreeClassTopicTranslations(degreeClassTopic, language, description) VALUES (33, 'EN_UK', 'Assembly language');
INSERT INTO DegreeClassTopicTranslations(degreeClassTopic, language, description) VALUES (34, 'EN_UK', 'Assembler');
INSERT INTO DegreeClassTopicTranslations(degreeClassTopic, language, description) VALUES (35, 'EN_UK', 'Subroutines');
INSERT INTO DegreeClassTopicTranslations(degreeClassTopic, language, description) VALUES (36, 'EN_UK', 'CPU - Single-cycle unit: performance, limitations');
INSERT INTO DegreeClassTopicTranslations(degreeClassTopic, language, description) VALUES (37, 'EN_UK', 'CPU - Exception handling');
INSERT INTO DegreeClassTopicTranslations(degreeClassTopic, language, description) VALUES (38, 'EN_UK', 'Memory hierarchy');
INSERT INTO DegreeClassTopicTranslations(degreeClassTopic, language, description) VALUES (39, 'EN_UK', 'Cache memory');
INSERT INTO DegreeClassTopicTranslations(degreeClassTopic, language, description) VALUES (40, 'EN_UK', 'Memory performance');

INSERT INTO DegreeClasses(id, year, semester, ects , isOptional, degree) VALUES (3, 1, 1, 6, false, 1);
INSERT INTO DegreeClassTranslations(degreeClass, language, name, description) VALUES  (3, 'PT_PT', 'Fundamentos da Programação' , 'Objectivos: Desenvolver os algoritmos para a resolução dos problemas adoptando uma abordagem estruturada;\nSeleccionar e criar as abstracções adequadas, tanto ao nível dos procedimentos como dos dados;\nUtilizar como ferramenta de desenvolvimento a linguagem Scheme, caracterizada por uma sintaxe simples.');
INSERT INTO DegreeClassTopics(id, degreeClass, ordering) VALUES (41, 3, 1);
INSERT INTO DegreeClassTopics(id, degreeClass, ordering) VALUES (42, 3, 2);
INSERT INTO DegreeClassTopics(id, degreeClass, ordering) VALUES (43, 3, 3);
INSERT INTO DegreeClassTopics(id, degreeClass, ordering) VALUES (44, 3, 4);
INSERT INTO DegreeClassTopics(id, degreeClass, ordering) VALUES (45, 3, 5);
INSERT INTO DegreeClassTopics(id, degreeClass, ordering) VALUES (46, 3, 6);
INSERT INTO DegreeClassTopics(id, degreeClass, ordering) VALUES (47, 3, 7);
INSERT INTO DegreeClassTopics(id, degreeClass, ordering) VALUES (48, 3, 8);
INSERT INTO DegreeClassTopics(id, degreeClass, ordering) VALUES (49, 3, 9);
INSERT INTO DegreeClassTopics(id, degreeClass, ordering) VALUES (50, 3, 10);
INSERT INTO DegreeClassTopics(id, degreeClass, ordering) VALUES (51, 3, 11);
INSERT INTO DegreeClassTopics(id, degreeClass, ordering) VALUES (52, 3, 12);
INSERT INTO DegreeClassTopics(id, degreeClass, ordering) VALUES (53, 3, 13);
INSERT INTO DegreeClassTopics(id, degreeClass, ordering) VALUES (54, 3, 14);
INSERT INTO DegreeClassTopicTranslations(degreeClassTopic, language, description) VALUES (41, 'PT_PT', 'Elementos de programação em Scheme');
INSERT INTO DegreeClassTopicTranslations(degreeClassTopic, language, description) VALUES (42, 'PT_PT', 'Procedimentos e processos');
INSERT INTO DegreeClassTopicTranslations(degreeClassTopic, language, description) VALUES (43, 'PT_PT', 'Recursividade e iteração');
INSERT INTO DegreeClassTopicTranslations(degreeClassTopic, language, description) VALUES (44, 'PT_PT', 'Ordem de crescimento dos processos');
INSERT INTO DegreeClassTopicTranslations(degreeClassTopic, language, description) VALUES (45, 'PT_PT', 'Selectores e construtores');
INSERT INTO DegreeClassTopicTranslations(degreeClassTopic, language, description) VALUES (46, 'PT_PT', 'Barreiras de abstracção');
INSERT INTO DegreeClassTopicTranslations(degreeClassTopic, language, description) VALUES (47, 'PT_PT', 'Listas');
INSERT INTO DegreeClassTopicTranslations(degreeClassTopic, language, description) VALUES (48, 'PT_PT', 'Exemplo de uma abstracção (conjuntos)');
INSERT INTO DegreeClassTopicTranslations(degreeClassTopic, language, description) VALUES (49, 'PT_PT', 'Modificadores');
INSERT INTO DegreeClassTopicTranslations(degreeClassTopic, language, description) VALUES (50, 'PT_PT', 'Listas mutáveis');
INSERT INTO DegreeClassTopicTranslations(degreeClassTopic, language, description) VALUES (51, 'PT_PT', 'Filas de espera');
INSERT INTO DegreeClassTopicTranslations(degreeClassTopic, language, description) VALUES (52, 'PT_PT', 'Tabelas');
INSERT INTO DegreeClassTopicTranslations(degreeClassTopic, language, description) VALUES (53, 'PT_PT', 'Vectores');
INSERT INTO DegreeClassTopicTranslations(degreeClassTopic, language, description) VALUES (54, 'PT_PT', 'Ficheiros de Texto');
INSERT INTO DegreeClassTopicTranslations(degreeClassTopic, language, description) VALUES (41, 'EN_UK', 'Elements of Scheme programming');
INSERT INTO DegreeClassTopicTranslations(degreeClassTopic, language, description) VALUES (42, 'EN_UK', 'Procedures and processes');
INSERT INTO DegreeClassTopicTranslations(degreeClassTopic, language, description) VALUES (43, 'EN_UK', 'Recursion and iteration');
INSERT INTO DegreeClassTopicTranslations(degreeClassTopic, language, description) VALUES (44, 'EN_UK', 'Order of growth of processes');
INSERT INTO DegreeClassTopicTranslations(degreeClassTopic, language, description) VALUES (45, 'EN_UK', 'Selectors and constructors');
INSERT INTO DegreeClassTopicTranslations(degreeClassTopic, language, description) VALUES (46, 'EN_UK', 'Abstraction barriers');
INSERT INTO DegreeClassTopicTranslations(degreeClassTopic, language, description) VALUES (47, 'EN_UK', 'Lists');
INSERT INTO DegreeClassTopicTranslations(degreeClassTopic, language, description) VALUES (48, 'EN_UK', 'Example of an abstraction (sets)');
INSERT INTO DegreeClassTopicTranslations(degreeClassTopic, language, description) VALUES (49, 'EN_UK', 'Modifiers');
INSERT INTO DegreeClassTopicTranslations(degreeClassTopic, language, description) VALUES (50, 'EN_UK', 'Mutable lists');
INSERT INTO DegreeClassTopicTranslations(degreeClassTopic, language, description) VALUES (51, 'EN_UK', 'Queues');
INSERT INTO DegreeClassTopicTranslations(degreeClassTopic, language, description) VALUES (52, 'EN_UK', 'Tables');
INSERT INTO DegreeClassTopicTranslations(degreeClassTopic, language, description) VALUES (53, 'EN_UK', 'Arrays');
INSERT INTO DegreeClassTopicTranslations(degreeClassTopic, language, description) VALUES (54, 'EN_UK', 'Text files');

INSERT INTO DegreeClasses(id, year, semester, ects , isOptional, degree) VALUES (4, 1, 1, 6, false, 1);
INSERT INTO DegreeClassTranslations(degreeClass, language, name, description) VALUES  (4, 'PT_PT', 'Análise Matemática' , 'Aquisição de conhecimentos teóricos e práticos sobre cálculo diferencial e integral em R que possibilitem a aplicação das ferramentas básicas da análise matemática ao tratamento e resolução dos problemas mais adaptados ao perfil do curso.\nCapacitar o estudante para a inovação, complementando os conhecimentos de forma a desenvolver soluções para resolução de novas questões.');
INSERT INTO DegreeClassTopics(id, degreeClass, ordering) VALUES (55, 4, 1);
INSERT INTO DegreeClassTopics(id, degreeClass, ordering) VALUES (56, 4, 2);
INSERT INTO DegreeClassTopics(id, degreeClass, ordering) VALUES (57, 4, 3);
INSERT INTO DegreeClassTopics(id, degreeClass, ordering) VALUES (58, 4, 4);
INSERT INTO DegreeClassTopics(id, degreeClass, ordering) VALUES (59, 4, 5);
INSERT INTO DegreeClassTopics(id, degreeClass, ordering) VALUES (60, 4, 6);
INSERT INTO DegreeClassTopics(id, degreeClass, ordering) VALUES (61, 4, 7);
INSERT INTO DegreeClassTopics(id, degreeClass, ordering) VALUES (62, 4, 8);
INSERT INTO DegreeClassTopics(id, degreeClass, ordering) VALUES (63, 4, 9);
INSERT INTO DegreeClassTopics(id, degreeClass, ordering) VALUES (64, 4, 10);
INSERT INTO DegreeClassTopics(id, degreeClass, ordering) VALUES (65, 4, 11);
INSERT INTO DegreeClassTopics(id, degreeClass, ordering) VALUES (66, 4, 12);
INSERT INTO DegreeClassTopics(id, degreeClass, ordering) VALUES (67, 4, 13);
INSERT INTO DegreeClassTopics(id, degreeClass, ordering) VALUES (68, 4, 14);
INSERT INTO DegreeClassTopics(id, degreeClass, ordering) VALUES (69, 4, 15);
INSERT INTO DegreeClassTopics(id, degreeClass, ordering) VALUES (70, 4, 16);
INSERT INTO DegreeClassTopicTranslations(degreeClassTopic, language, description) VALUES (55, 'PT_PT', 'Diferenciação');
INSERT INTO DegreeClassTopicTranslations(degreeClassTopic, language, description) VALUES (56, 'PT_PT', 'Aplicações da diferenciação: Máximos, mínimos, funções crescentes e decrescentes, concavidades');
INSERT INTO DegreeClassTopicTranslations(degreeClassTopic, language, description) VALUES (57, 'PT_PT', 'Aplicações da diferenciação: Gráficos de funções');
INSERT INTO DegreeClassTopicTranslations(degreeClassTopic, language, description) VALUES (58, 'PT_PT', 'Aplicações da diferenciação: Aplicações à engenharia');
INSERT INTO DegreeClassTopicTranslations(degreeClassTopic, language, description) VALUES (59, 'PT_PT', 'Integração: Integral indefinido');
INSERT INTO DegreeClassTopicTranslations(degreeClassTopic, language, description) VALUES (60, 'PT_PT', 'Integração: Integral definido');
INSERT INTO DegreeClassTopicTranslations(degreeClassTopic, language, description) VALUES (61, 'PT_PT', 'Integração: Teorema fundamental');
INSERT INTO DegreeClassTopicTranslations(degreeClassTopic, language, description) VALUES (62, 'PT_PT', 'Técnicas de integração');
INSERT INTO DegreeClassTopicTranslations(degreeClassTopic, language, description) VALUES (63, 'PT_PT', 'Aplicações de Integração');
INSERT INTO DegreeClassTopicTranslations(degreeClassTopic, language, description) VALUES (64, 'PT_PT', 'Equações Diferenciais: Equações Diferenciais de 1ª ordem');
INSERT INTO DegreeClassTopicTranslations(degreeClassTopic, language, description) VALUES (65, 'PT_PT', 'Equações Diferenciais: Equações Diferenciais de 2ª ordem');
INSERT INTO DegreeClassTopicTranslations(degreeClassTopic, language, description) VALUES (66, 'PT_PT', 'Transformadas de Laplace e sua aplicação à resolução de equações diferenciais');
INSERT INTO DegreeClassTopicTranslations(degreeClassTopic, language, description) VALUES (67, 'PT_PT', 'Séries: Critérios de convergência');
INSERT INTO DegreeClassTopicTranslations(degreeClassTopic, language, description) VALUES (68, 'PT_PT', 'Séries: Séries trigonométricas, de potências');
INSERT INTO DegreeClassTopicTranslations(degreeClassTopic, language, description) VALUES (69, 'PT_PT', 'Aproximação de funções: Séries de Taylor');
INSERT INTO DegreeClassTopicTranslations(degreeClassTopic, language, description) VALUES (70, 'PT_PT', 'Aproximação de funções: Séries de Fourier');
INSERT INTO DegreeClassTopicTranslations(degreeClassTopic, language, description) VALUES (55, 'EN_UK', 'Differentiation');
INSERT INTO DegreeClassTopicTranslations(degreeClassTopic, language, description) VALUES (56, 'EN_UK', 'Applications of differentiation: Maxima, minima, increasing and decreasing functions, concavity');
INSERT INTO DegreeClassTopicTranslations(degreeClassTopic, language, description) VALUES (57, 'EN_UK', 'Applications of differentiation: Graphing functions');
INSERT INTO DegreeClassTopicTranslations(degreeClassTopic, language, description) VALUES (58, 'EN_UK', 'Applications of differentiation: Applications to engineering');
INSERT INTO DegreeClassTopicTranslations(degreeClassTopic, language, description) VALUES (59, 'EN_UK', 'Integration: Indefinite integral');
INSERT INTO DegreeClassTopicTranslations(degreeClassTopic, language, description) VALUES (60, 'EN_UK', 'Integration: Definite integral');
INSERT INTO DegreeClassTopicTranslations(degreeClassTopic, language, description) VALUES (61, 'EN_UK', 'Integration: Fundamental theorem');
INSERT INTO DegreeClassTopicTranslations(degreeClassTopic, language, description) VALUES (62, 'EN_UK', 'Integration techniques');
INSERT INTO DegreeClassTopicTranslations(degreeClassTopic, language, description) VALUES (63, 'EN_UK', 'Applications of integration');
INSERT INTO DegreeClassTopicTranslations(degreeClassTopic, language, description) VALUES (64, 'EN_UK', 'Differential equations: 1st order differential equations');
INSERT INTO DegreeClassTopicTranslations(degreeClassTopic, language, description) VALUES (65, 'EN_UK', 'Differential equations: 2nd order differential equations');
INSERT INTO DegreeClassTopicTranslations(degreeClassTopic, language, description) VALUES (66, 'EN_UK', 'Laplace transforms and their application to solving differential equations');
INSERT INTO DegreeClassTopicTranslations(degreeClassTopic, language, description) VALUES (67, 'EN_UK', 'Series: Convergence criteria');
INSERT INTO DegreeClassTopicTranslations(degreeClassTopic, language, description) VALUES (68, 'EN_UK', 'Series: Trigonometric series, power series');
INSERT INTO DegreeClassTopicTranslations(degreeClassTopic, language, description) VALUES (69, 'EN_UK', 'Approximation of functions: Taylor series');
INSERT INTO DegreeClassTopicTranslations(degreeClassTopic, language, description) VALUES (70, 'EN_UK', 'Approximation of functions: Fourier series');


INSERT INTO DegreeClasses(id, year, semester, ects , isOptional, degree) VALUES (5, 1, 1, 4.5, false, 1);
INSERT INTO DegreeClassTranslations(degreeClass, language, name, description) VALUES  (5, 'PT_PT', 'Álgebra' , 'Esta disciplina tem dois objectivos fundamentais: por um lado, tratando-se de uma disciplina propedêutica tem um carácter didáctico/científico, promovendo o desenvolvimento do raciocínio lógico e de métodos de análise e, por outro, visa introduzir e desenvolver em termos teóricos um conjunto de conceitos que serão ferramentas essenciais para apoio às disciplinas mais específicas da Engenharia.');
INSERT INTO DegreeClassTopics(id, degreeClass, ordering) VALUES (71, 5, 1);
INSERT INTO DegreeClassTopics(id, degreeClass, ordering) VALUES (72, 5, 2);
INSERT INTO DegreeClassTopics(id, degreeClass, ordering) VALUES (73, 5, 3);
INSERT INTO DegreeClassTopics(id, degreeClass, ordering) VALUES (74, 5, 4);
INSERT INTO DegreeClassTopics(id, degreeClass, ordering) VALUES (75, 5, 5);
INSERT INTO DegreeClassTopics(id, degreeClass, ordering) VALUES (76, 5, 6);
INSERT INTO DegreeClassTopics(id, degreeClass, ordering) VALUES (77, 5, 7);
INSERT INTO DegreeClassTopics(id, degreeClass, ordering) VALUES (78, 5, 8);
INSERT INTO DegreeClassTopics(id, degreeClass, ordering) VALUES (79, 5, 9);
INSERT INTO DegreeClassTopics(id, degreeClass, ordering) VALUES (80, 5, 10);
INSERT INTO DegreeClassTopics(id, degreeClass, ordering) VALUES (81, 5, 11);
INSERT INTO DegreeClassTopics(id, degreeClass, ordering) VALUES (82, 5, 12);
INSERT INTO DegreeClassTopics(id, degreeClass, ordering) VALUES (83, 5, 13);
INSERT INTO DegreeClassTopics(id, degreeClass, ordering) VALUES (84, 5, 14);
INSERT INTO DegreeClassTopics(id, degreeClass, ordering) VALUES (85, 5, 15);
INSERT INTO DegreeClassTopics(id, degreeClass, ordering) VALUES (86, 5, 16);
INSERT INTO DegreeClassTopics(id, degreeClass, ordering) VALUES (87, 5, 17);
INSERT INTO DegreeClassTopics(id, degreeClass, ordering) VALUES (88, 5, 18);
INSERT INTO DegreeClassTopics(id, degreeClass, ordering) VALUES (89, 5, 19);
INSERT INTO DegreeClassTopics(id, degreeClass, ordering) VALUES (90, 5, 20);
INSERT INTO DegreeClassTopics(id, degreeClass, ordering) VALUES (91, 5, 21);
INSERT INTO DegreeClassTopics(id, degreeClass, ordering) VALUES (92, 5, 22);
INSERT INTO DegreeClassTopics(id, degreeClass, ordering) VALUES (93, 5, 23);
INSERT INTO DegreeClassTopics(id, degreeClass, ordering) VALUES (94, 5, 24);
INSERT INTO DegreeClassTopics(id, degreeClass, ordering) VALUES (95, 5, 25);
INSERT INTO DegreeClassTopics(id, degreeClass, ordering) VALUES (96, 5, 26);
INSERT INTO DegreeClassTopics(id, degreeClass, ordering) VALUES (97, 5, 27);
INSERT INTO DegreeClassTopicTranslations(degreeClassTopic, language, description) VALUES (71, 'PT_PT', 'Definição de espaço linear (vectorial)');
INSERT INTO DegreeClassTopicTranslations(degreeClassTopic, language, description) VALUES (72, 'PT_PT', 'Subespaços vectoriais');
INSERT INTO DegreeClassTopicTranslations(degreeClassTopic, language, description) VALUES (73, 'PT_PT', 'Independência e dependência linear');
INSERT INTO DegreeClassTopicTranslations(degreeClassTopic, language, description) VALUES (74, 'PT_PT', 'Bases e dimensões de espaços vectoriais');
INSERT INTO DegreeClassTopicTranslations(degreeClassTopic, language, description) VALUES (75, 'PT_PT', 'Componentes algébricos');
INSERT INTO DegreeClassTopicTranslations(degreeClassTopic, language, description) VALUES (76, 'PT_PT', 'Produto interno');
INSERT INTO DegreeClassTopicTranslations(degreeClassTopic, language, description) VALUES (77, 'PT_PT', 'Espaços Euclideanos');
INSERT INTO DegreeClassTopicTranslations(degreeClassTopic, language, description) VALUES (78, 'PT_PT', 'Norma');
INSERT INTO DegreeClassTopicTranslations(degreeClassTopic, language, description) VALUES (79, 'PT_PT', 'Ortogonalidade');
INSERT INTO DegreeClassTopicTranslations(degreeClassTopic, language, description) VALUES (80, 'PT_PT', 'Espaço linear de matrizes');
INSERT INTO DegreeClassTopicTranslations(degreeClassTopic, language, description) VALUES (81, 'PT_PT', 'Produto de matrizes');
INSERT INTO DegreeClassTopicTranslations(degreeClassTopic, language, description) VALUES (82, 'PT_PT', 'Tipos de Matrizes: transposta, inversa , quadrada, ortogonal, semelhante, de mudança de base');
INSERT INTO DegreeClassTopicTranslations(degreeClassTopic, language, description) VALUES (83, 'PT_PT', 'Estudo dos determinantes');
INSERT INTO DegreeClassTopicTranslations(degreeClassTopic, language, description) VALUES (84, 'PT_PT', 'Método de condensação e Teorema de Laplace');
INSERT INTO DegreeClassTopicTranslations(degreeClassTopic, language, description) VALUES (85, 'PT_PT', 'Inversão de matrizes usando o determinante');
INSERT INTO DegreeClassTopicTranslations(degreeClassTopic, language, description) VALUES (86, 'PT_PT', 'Estudo dos sistemas de equações lineares');
INSERT INTO DegreeClassTopicTranslations(degreeClassTopic, language, description) VALUES (87, 'PT_PT', 'Método de eliminação de Gauss');
INSERT INTO DegreeClassTopicTranslations(degreeClassTopic, language, description) VALUES (88, 'PT_PT', 'Regra de Cramer');
INSERT INTO DegreeClassTopicTranslations(degreeClassTopic, language, description) VALUES (89, 'PT_PT', 'Transformações lineares');
INSERT INTO DegreeClassTopicTranslations(degreeClassTopic, language, description) VALUES (90, 'PT_PT', 'Núcleo e contradomínio');
INSERT INTO DegreeClassTopicTranslations(degreeClassTopic, language, description) VALUES (91, 'PT_PT', 'Operações algébricas com transformações lineares');
INSERT INTO DegreeClassTopicTranslations(degreeClassTopic, language, description) VALUES (92, 'PT_PT', 'Transformações lineares injectivas');
INSERT INTO DegreeClassTopicTranslations(degreeClassTopic, language, description) VALUES (93, 'PT_PT', 'Representação matricial de transformações lineares');
INSERT INTO DegreeClassTopicTranslations(degreeClassTopic, language, description) VALUES (94, 'PT_PT', 'Isomorfismo entre transformações lineares e matrizes');
INSERT INTO DegreeClassTopicTranslations(degreeClassTopic, language, description) VALUES (95, 'PT_PT', 'Valores próprios e vectores próprios de transformações lineares');
INSERT INTO DegreeClassTopicTranslations(degreeClassTopic, language, description) VALUES (96, 'PT_PT', 'Polinómio característico');
INSERT INTO DegreeClassTopicTranslations(degreeClassTopic, language, description) VALUES (97, 'PT_PT', 'Condição necessária e suficiente para a existência de representação matricial diagonal de uma transformação linear');
INSERT INTO DegreeClassTopicTranslations(degreeClassTopic, language, description) VALUES (71, 'EN_UK', 'Definition of linear (vector) space');
INSERT INTO DegreeClassTopicTranslations(degreeClassTopic, language, description) VALUES (72, 'EN_UK', 'Subspaces');
INSERT INTO DegreeClassTopicTranslations(degreeClassTopic, language, description) VALUES (73, 'EN_UK', 'Linear independence and dependence');
INSERT INTO DegreeClassTopicTranslations(degreeClassTopic, language, description) VALUES (74, 'EN_UK', 'Bases and dimensions of vector spaces');
INSERT INTO DegreeClassTopicTranslations(degreeClassTopic, language, description) VALUES (75, 'EN_UK', 'Algebraic components');
INSERT INTO DegreeClassTopicTranslations(degreeClassTopic, language, description) VALUES (76, 'EN_UK', 'Inner product');
INSERT INTO DegreeClassTopicTranslations(degreeClassTopic, language, description) VALUES (77, 'EN_UK', 'Euclidean spaces');
INSERT INTO DegreeClassTopicTranslations(degreeClassTopic, language, description) VALUES (78, 'EN_UK', 'Norm');
INSERT INTO DegreeClassTopicTranslations(degreeClassTopic, language, description) VALUES (79, 'EN_UK', 'Orthogonality');
INSERT INTO DegreeClassTopicTranslations(degreeClassTopic, language, description) VALUES (80, 'EN_UK', 'Linear space of matrices');
INSERT INTO DegreeClassTopicTranslations(degreeClassTopic, language, description) VALUES (81, 'EN_UK', 'Matrix product');
INSERT INTO DegreeClassTopicTranslations(degreeClassTopic, language, description) VALUES (82, 'EN_UK', 'Matrix types: transpose, inverse, square, orthogonal, similar, change of basis');
INSERT INTO DegreeClassTopicTranslations(degreeClassTopic, language, description) VALUES (83, 'EN_UK', 'Study of determinants');
INSERT INTO DegreeClassTopicTranslations(degreeClassTopic, language, description) VALUES (84, 'EN_UK', 'Reduction method and Laplace''s Theorem');
INSERT INTO DegreeClassTopicTranslations(degreeClassTopic, language, description) VALUES (85, 'EN_UK', 'Matrix inversion using the determinant');
INSERT INTO DegreeClassTopicTranslations(degreeClassTopic, language, description) VALUES (86, 'EN_UK', 'Study of systems of linear equations');
INSERT INTO DegreeClassTopicTranslations(degreeClassTopic, language, description) VALUES (87, 'EN_UK', 'Gaussian elimination method');
INSERT INTO DegreeClassTopicTranslations(degreeClassTopic, language, description) VALUES (88, 'EN_UK', 'Cramer''s rule');
INSERT INTO DegreeClassTopicTranslations(degreeClassTopic, language, description) VALUES (89, 'EN_UK', 'Linear transformations');
INSERT INTO DegreeClassTopicTranslations(degreeClassTopic, language, description) VALUES (90, 'EN_UK', 'Kernel and image');
INSERT INTO DegreeClassTopicTranslations(degreeClassTopic, language, description) VALUES (91, 'EN_UK', 'Algebraic operations with linear transformations');
INSERT INTO DegreeClassTopicTranslations(degreeClassTopic, language, description) VALUES (92, 'EN_UK', 'Injective linear transformations');
INSERT INTO DegreeClassTopicTranslations(degreeClassTopic, language, description) VALUES (93, 'EN_UK', 'Matrix representation of linear transformations');
INSERT INTO DegreeClassTopicTranslations(degreeClassTopic, language, description) VALUES (94, 'EN_UK', 'Isomorphism between linear transformations and matrices');
INSERT INTO DegreeClassTopicTranslations(degreeClassTopic, language, description) VALUES (95, 'EN_UK', 'Eigenvalues and eigenvectors of linear transformations');
INSERT INTO DegreeClassTopicTranslations(degreeClassTopic, language, description) VALUES (96, 'EN_UK', 'Characteristic polynomial');
INSERT INTO DegreeClassTopicTranslations(degreeClassTopic, language, description) VALUES (97, 'EN_UK', 'Necessary and sufficient condition for the existence of a diagonal matrix representation of a linear transformation');

INSERT INTO DegreeClasses(id, year, semester, ects , isOptional, degree) VALUES (6, 1, 1, 1.5, false, 1);
INSERT INTO DegreeClassTranslations(degreeClass, language, name, description) VALUES  (6, 'PT_PT', 'Projecto FEUP' , 'Objectivos: Receber e integrar no ambiente FEUP os alunos recém-chegados;\nDar a conhecer os principais serviços disponíveis no campus;\nDar formação inicial nas áreas conhecidas como “Soft Skills” (trabalho em equipa, comunicação, etc.) e alertar para a sua importância ao longo da carreira em engenharia;\nDiscutir cientificamente um Tema\\resolver um Projecto de dificuldade limitada nas áreas de engenharia.');
INSERT INTO DegreeClassTopics(id, degreeClass, ordering) VALUES (98, 6, 1);
INSERT INTO DegreeClassTopics(id, degreeClass, ordering) VALUES (99, 6, 2);
INSERT INTO DegreeClassTopics(id, degreeClass, ordering) VALUES (100, 6, 3);
INSERT INTO DegreeClassTopics(id, degreeClass, ordering) VALUES (101, 6, 4);
INSERT INTO DegreeClassTopics(id, degreeClass, ordering) VALUES (102, 6, 5);
INSERT INTO DegreeClassTopics(id, degreeClass, ordering) VALUES (103, 6, 6);
INSERT INTO DegreeClassTopics(id, degreeClass, ordering) VALUES (104, 6, 7);
INSERT INTO DegreeClassTopics(id, degreeClass, ordering) VALUES (105, 6, 8);
INSERT INTO DegreeClassTopics(id, degreeClass, ordering) VALUES (106, 6, 9);
INSERT INTO DegreeClassTopicTranslations(degreeClassTopic, language, description) VALUES (98, 'PT_PT', 'Competências profissionais não técnicas: Escrita em engenharia');
INSERT INTO DegreeClassTopicTranslations(degreeClassTopic, language, description) VALUES (99, 'PT_PT', 'Competências profissionais não técnicas: Comunicação eficaz');
INSERT INTO DegreeClassTopicTranslations(degreeClassTopic, language, description) VALUES (100, 'PT_PT', 'Competências profissionais não técnicas: Comunicação visual');
INSERT INTO DegreeClassTopicTranslations(degreeClassTopic, language, description) VALUES (101, 'PT_PT', 'Aprendizagem eficaz (incluindo Gestão de Tempo, etc.)');
INSERT INTO DegreeClassTopicTranslations(degreeClassTopic, language, description) VALUES (102, 'PT_PT', 'Ética');
INSERT INTO DegreeClassTopicTranslations(degreeClassTopic, language, description) VALUES (103, 'PT_PT', 'Plágio');
INSERT INTO DegreeClassTopicTranslations(degreeClassTopic, language, description) VALUES (104, 'PT_PT', 'Estilos de citação e referenciação das fontes utilizadas');
INSERT INTO DegreeClassTopicTranslations(degreeClassTopic, language, description) VALUES (105, 'PT_PT', 'Ferramentas colaborativas');
INSERT INTO DegreeClassTopicTranslations(degreeClassTopic, language, description) VALUES (106, 'PT_PT', 'Ferramentas baseadas em web (como algumas Google Apps)');
INSERT INTO DegreeClassTopicTranslations(degreeClassTopic, language, description) VALUES (98, 'EN_UK', 'Non-technical professional skills: Engineering writing');
INSERT INTO DegreeClassTopicTranslations(degreeClassTopic, language, description) VALUES (99, 'EN_UK', 'Non-technical professional skills: Effective communication');
INSERT INTO DegreeClassTopicTranslations(degreeClassTopic, language, description) VALUES (100, 'EN_UK', 'Non-technical professional skills: Visual communication');
INSERT INTO DegreeClassTopicTranslations(degreeClassTopic, language, description) VALUES (101, 'EN_UK', 'Effective learning (including Time Management, etc.)');
INSERT INTO DegreeClassTopicTranslations(degreeClassTopic, language, description) VALUES (102, 'EN_UK', 'Ethics');
INSERT INTO DegreeClassTopicTranslations(degreeClassTopic, language, description) VALUES (103, 'EN_UK', 'Plagiarism');
INSERT INTO DegreeClassTopicTranslations(degreeClassTopic, language, description) VALUES (104, 'EN_UK', 'Citation and referencing styles for sources used');
INSERT INTO DegreeClassTopicTranslations(degreeClassTopic, language, description) VALUES (105, 'EN_UK', 'Collaborative tools');
INSERT INTO DegreeClassTopicTranslations(degreeClassTopic, language, description) VALUES (106, 'EN_UK', 'Web-based tools (such as some Google Apps)');

INSERT INTO DegreeClasses(id, year, semester, ects , isOptional, degree) VALUES (7, 1, 2, 4.5, false, 1);
INSERT INTO DegreeClassTranslations(degreeClass, language, name, description) VALUES  (7, 'PT_PT', 'Métodos Estatísticos' , 'Esta disciplina tem como objectivo: Garantir que os alunos adquiram uma visão integrada de conceitos e técnicas básicas da Estatística no âmbito do curso de Engenharia Informática.');
INSERT INTO DegreeClassTopics(id, degreeClass, ordering) VALUES (107, 7, 1);
INSERT INTO DegreeClassTopics(id, degreeClass, ordering) VALUES (108, 7, 2);
INSERT INTO DegreeClassTopics(id, degreeClass, ordering) VALUES (109, 7, 3);
INSERT INTO DegreeClassTopics(id, degreeClass, ordering) VALUES (110, 7, 4);
INSERT INTO DegreeClassTopics(id, degreeClass, ordering) VALUES (111, 7, 5);
INSERT INTO DegreeClassTopics(id, degreeClass, ordering) VALUES (112, 7, 6);
INSERT INTO DegreeClassTopics(id, degreeClass, ordering) VALUES (113, 7, 7);
INSERT INTO DegreeClassTopics(id, degreeClass, ordering) VALUES (114, 7, 8);
INSERT INTO DegreeClassTopics(id, degreeClass, ordering) VALUES (115, 7, 9);
INSERT INTO DegreeClassTopics(id, degreeClass, ordering) VALUES (116, 7, 10);
INSERT INTO DegreeClassTopics(id, degreeClass, ordering) VALUES (117, 7, 11);
INSERT INTO DegreeClassTopics(id, degreeClass, ordering) VALUES (118, 7, 12);
INSERT INTO DegreeClassTopics(id, degreeClass, ordering) VALUES (119, 7, 13);
INSERT INTO DegreeClassTopics(id, degreeClass, ordering) VALUES (120, 7, 14);
INSERT INTO DegreeClassTopics(id, degreeClass, ordering) VALUES (121, 7, 15);
INSERT INTO DegreeClassTopics(id, degreeClass, ordering) VALUES (122, 7, 16);
INSERT INTO DegreeClassTopics(id, degreeClass, ordering) VALUES (123, 7, 17);
INSERT INTO DegreeClassTopicTranslations(degreeClassTopic, language, description) VALUES (107, 'PT_PT', 'Objecto e Método da Estatística');
INSERT INTO DegreeClassTopicTranslations(degreeClassTopic, language, description) VALUES (108, 'PT_PT', 'Estatística Descritiva: Caracterização de amostras Univariadas e bivariadas constituídas por dados quantitativos ou qualitativos');
INSERT INTO DegreeClassTopicTranslations(degreeClassTopic, language, description) VALUES (109, 'PT_PT', 'Teoria Elementar de Probabilidade');
INSERT INTO DegreeClassTopicTranslations(degreeClassTopic, language, description) VALUES (110, 'PT_PT', 'Variáveis Aleatórias e Distribuições de Probabilidade: Distribuições de variáveis discretas e contínuas');
INSERT INTO DegreeClassTopicTranslations(degreeClassTopic, language, description) VALUES (111, 'PT_PT', 'Variáveis Aleatórias e Distribuições de Probabilidade: Parâmetros das distribuições');
INSERT INTO DegreeClassTopicTranslations(degreeClassTopic, language, description) VALUES (112, 'PT_PT', 'Variáveis Aleatórias e Distribuições de Probabilidade: Variáveis transformadas');
INSERT INTO DegreeClassTopicTranslations(degreeClassTopic, language, description) VALUES (113, 'PT_PT', 'Distribuição Conjunta de Probabilidade de Duas Variáveis Aleatórias: Distribuições conjunta, marginal e condicional');
INSERT INTO DegreeClassTopicTranslations(degreeClassTopic, language, description) VALUES (114, 'PT_PT', 'Distribuição Conjunta de Probabilidade de Duas Variáveis Aleatórias: Variáveis independentes');
INSERT INTO DegreeClassTopicTranslations(degreeClassTopic, language, description) VALUES (115, 'PT_PT', 'Distribuição Conjunta de Probabilidade de Duas Variáveis Aleatórias: Covariância e correlação');
INSERT INTO DegreeClassTopicTranslations(degreeClassTopic, language, description) VALUES (116, 'PT_PT', 'Distribuição Conjunta de Probabilidade de Duas Variáveis Aleatórias: Distribuição de funções de duas variáveis aleatórias');
INSERT INTO DegreeClassTopicTranslations(degreeClassTopic, language, description) VALUES (117, 'PT_PT', 'Caracterização de Algumas Distribuições Discretas Univariadas: Binomial, Hipergeométrica e Poisson');
INSERT INTO DegreeClassTopicTranslations(degreeClassTopic, language, description) VALUES (118, 'PT_PT', 'Caracterização de Algumas Distribuições Contínuas Univariadas: Uniforme, Exponencial Negativa, Normal, X2, t e F');
INSERT INTO DegreeClassTopicTranslations(degreeClassTopic, language, description) VALUES (119, 'PT_PT', 'Amostragem Aleatória e Distribuições Amostrais: Distribuição da média amostra');
INSERT INTO DegreeClassTopicTranslations(degreeClassTopic, language, description) VALUES (120, 'PT_PT', 'Amostragem Aleatória e Distribuições Amostrais: Teorema do limite central');
INSERT INTO DegreeClassTopicTranslations(degreeClassTopic, language, description) VALUES (121, 'PT_PT', 'Amostragem Aleatória e Distribuições Amostrais: Geração de variáveis aleatórias');
INSERT INTO DegreeClassTopicTranslations(degreeClassTopic, language, description) VALUES (122, 'PT_PT', 'Estimação por Intervalo: Especificação de intervalos de confiança');
INSERT INTO DegreeClassTopicTranslations(degreeClassTopic, language, description) VALUES (123, 'PT_PT', 'Teste de Hipóteses: Especificação de testes de hipóteses');
INSERT INTO DegreeClassTopicTranslations(degreeClassTopic, language, description) VALUES (107, 'EN_UK', 'Object and Method of Statistics');
INSERT INTO DegreeClassTopicTranslations(degreeClassTopic, language, description) VALUES (108, 'EN_UK', 'Descriptive Statistics: Characterization of Univariate and Bivariate Samples Composed of Quantitative or Qualitative Data');
INSERT INTO DegreeClassTopicTranslations(degreeClassTopic, language, description) VALUES (109, 'EN_UK', 'Elementary Probability Theory');
INSERT INTO DegreeClassTopicTranslations(degreeClassTopic, language, description) VALUES (110, 'EN_UK', 'Random Variables and Probability Distributions: Distributions of Discrete and Continuous Variables');
INSERT INTO DegreeClassTopicTranslations(degreeClassTopic, language, description) VALUES (111, 'EN_UK', 'Random Variables and Probability Distributions: Parameters of Distributions');
INSERT INTO DegreeClassTopicTranslations(degreeClassTopic, language, description) VALUES (112, 'EN_UK', 'Random Variables and Probability Distributions: Transformed Variables');
INSERT INTO DegreeClassTopicTranslations(degreeClassTopic, language, description) VALUES (113, 'EN_UK', 'Joint Probability Distribution of Two Random Variables: Joint, Marginal and Conditional Distributions');
INSERT INTO DegreeClassTopicTranslations(degreeClassTopic, language, description) VALUES (114, 'EN_UK', 'Joint Probability Distribution of Two Random Variables: Independent Variables');
INSERT INTO DegreeClassTopicTranslations(degreeClassTopic, language, description) VALUES (115, 'EN_UK', 'Joint Probability Distribution of Two Random Variables: Covariance and Correlation');
INSERT INTO DegreeClassTopicTranslations(degreeClassTopic, language, description) VALUES (116, 'EN_UK', 'Joint Probability Distribution of Two Random Variables: Distribution of Functions of Two Random Variables');
INSERT INTO DegreeClassTopicTranslations(degreeClassTopic, language, description) VALUES (117, 'EN_UK', 'Characterization of Some Discrete Univariate Distributions: Binomial, Hypergeometric and Poisson');
INSERT INTO DegreeClassTopicTranslations(degreeClassTopic, language, description) VALUES (118, 'EN_UK', 'Characterization of Some Continuous Univariate Distributions: Uniform, Exponential Negative, Normal, X2, t and F');
INSERT INTO DegreeClassTopicTranslations(degreeClassTopic, language, description) VALUES (119, 'EN_UK', 'Random Sampling and Sampling Distributions: Distribution of the Sample Mean');
INSERT INTO DegreeClassTopicTranslations(degreeClassTopic, language, description) VALUES (120, 'EN_UK', 'Random Sampling and Sampling Distributions: Central Limit Theorem');
INSERT INTO DegreeClassTopicTranslations(degreeClassTopic, language, description) VALUES (121, 'EN_UK', 'Random Sampling and Sampling Distributions: Generating Random Variables');
INSERT INTO DegreeClassTopicTranslations(degreeClassTopic, language, description) VALUES (122, 'EN_UK', 'Interval Estimation: Specifying Confidence Intervals');
INSERT INTO DegreeClassTopicTranslations(degreeClassTopic, language, description) VALUES (123, 'EN_UK', 'Hypothesis Testing: Specifying Hypothesis Tests');

INSERT INTO DegreeClasses(id, year, semester, ects , isOptional, degree) VALUES (8, 1, 2, 7.5, false, 1);
INSERT INTO DegreeClassTranslations(degreeClass, language, name, description) VALUES  (8, 'PT_PT', 'Programação' , 'Os objectivos principais desta unidade curricular são dotar os estudantes com:\n- conhecimentos fundamentais sobre a programação procedimental e a programação baseada em objectos;\n- a capacidade de aplicar esses paradigmas de programação para desenvolver programas, usando a linguagem C++ como ferramenta.');
INSERT INTO DegreeClassTopics(id, degreeClass, ordering) VALUES (124, 8, 1);
INSERT INTO DegreeClassTopics(id, degreeClass, ordering) VALUES (125, 8, 2);
INSERT INTO DegreeClassTopics(id, degreeClass, ordering) VALUES (126, 8, 3);
INSERT INTO DegreeClassTopics(id, degreeClass, ordering) VALUES (127, 8, 4);
INSERT INTO DegreeClassTopics(id, degreeClass, ordering) VALUES (128, 8, 5);
INSERT INTO DegreeClassTopics(id, degreeClass, ordering) VALUES (129, 8, 6);
INSERT INTO DegreeClassTopics(id, degreeClass, ordering) VALUES (130, 8, 7);
INSERT INTO DegreeClassTopics(id, degreeClass, ordering) VALUES (131, 8, 8);
INSERT INTO DegreeClassTopics(id, degreeClass, ordering) VALUES (132, 8, 9);
INSERT INTO DegreeClassTopics(id, degreeClass, ordering) VALUES (133, 8, 10);
INSERT INTO DegreeClassTopics(id, degreeClass, ordering) VALUES (134, 8, 11);
INSERT INTO DegreeClassTopics(id, degreeClass, ordering) VALUES (135, 8, 12);
INSERT INTO DegreeClassTopics(id, degreeClass, ordering) VALUES (136, 8, 13);
INSERT INTO DegreeClassTopics(id, degreeClass, ordering) VALUES (137, 8, 14);
INSERT INTO DegreeClassTopics(id, degreeClass, ordering) VALUES (138, 8, 15);
INSERT INTO DegreeClassTopics(id, degreeClass, ordering) VALUES (139, 8, 16);
INSERT INTO DegreeClassTopics(id, degreeClass, ordering) VALUES (140, 8, 17);
INSERT INTO DegreeClassTopics(id, degreeClass, ordering) VALUES (141, 8, 18);
INSERT INTO DegreeClassTopics(id, degreeClass, ordering) VALUES (142, 8, 19);
INSERT INTO DegreeClassTopics(id, degreeClass, ordering) VALUES (143, 8, 20);
INSERT INTO DegreeClassTopics(id, degreeClass, ordering) VALUES (144, 8, 21);
INSERT INTO DegreeClassTopics(id, degreeClass, ordering) VALUES (145, 8, 22);
INSERT INTO DegreeClassTopics(id, degreeClass, ordering) VALUES (146, 8, 23);
INSERT INTO DegreeClassTopics(id, degreeClass, ordering) VALUES (147, 8, 24);
INSERT INTO DegreeClassTopics(id, degreeClass, ordering) VALUES (148, 8, 25);
INSERT INTO DegreeClassTopics(id, degreeClass, ordering) VALUES (149, 8, 26);
INSERT INTO DegreeClassTopics(id, degreeClass, ordering) VALUES (150, 8, 27);
INSERT INTO DegreeClassTopics(id, degreeClass, ordering) VALUES (151, 8, 28);
INSERT INTO DegreeClassTopics(id, degreeClass, ordering) VALUES (152, 8, 29);
INSERT INTO DegreeClassTopics(id, degreeClass, ordering) VALUES (153, 8, 30);
INSERT INTO DegreeClassTopics(id, degreeClass, ordering) VALUES (154, 8, 31);
INSERT INTO DegreeClassTopicTranslations(degreeClassTopic, language, description) VALUES (124, 'PT_PT', 'Tipos de dados simples e I/O básico');
INSERT INTO DegreeClassTopicTranslations(degreeClassTopic, language, description) VALUES (125, 'PT_PT', 'Operadores');
INSERT INTO DegreeClassTopicTranslations(degreeClassTopic, language, description) VALUES (126, 'PT_PT', 'Expressões aritméticas e booleanas');
INSERT INTO DegreeClassTopicTranslations(degreeClassTopic, language, description) VALUES (127, 'PT_PT', 'Estruturas de controlo: estruturas de selecção e de repetição');
INSERT INTO DegreeClassTopicTranslations(degreeClassTopic, language, description) VALUES (128, 'PT_PT', 'Tipos de dados estruturados: arrays, strings e structs de C');
INSERT INTO DegreeClassTopicTranslations(degreeClassTopic, language, description) VALUES (129, 'PT_PT', 'Vectors e strings de C++');
INSERT INTO DegreeClassTopicTranslations(degreeClassTopic, language, description) VALUES (130, 'PT_PT', 'Apontadores e alocação dinâmica de memória');
INSERT INTO DegreeClassTopicTranslations(degreeClassTopic, language, description) VALUES (131, 'PT_PT', 'Definição e declaração de funções');
INSERT INTO DegreeClassTopicTranslations(degreeClassTopic, language, description) VALUES (132, 'PT_PT', 'Variáveis locais e variáveis globais');
INSERT INTO DegreeClassTopicTranslations(degreeClassTopic, language, description) VALUES (133, 'PT_PT', 'Mecanismos de passagem de parâmetros e retorno de valores');
INSERT INTO DegreeClassTopicTranslations(degreeClassTopic, language, description) VALUES (134, 'PT_PT', 'Overloading de funções');
INSERT INTO DegreeClassTopicTranslations(degreeClassTopic, language, description) VALUES (135, 'PT_PT', 'Templates em C++');
INSERT INTO DegreeClassTopicTranslations(degreeClassTopic, language, description) VALUES (136, 'PT_PT', 'Funções recursivas');
INSERT INTO DegreeClassTopicTranslations(degreeClassTopic, language, description) VALUES (137, 'PT_PT', 'Streams: entrada e saída usando ficheiros de texto');
INSERT INTO DegreeClassTopicTranslations(degreeClassTopic, language, description) VALUES (138, 'PT_PT', 'Stringstreams');
INSERT INTO DegreeClassTopicTranslations(degreeClassTopic, language, description) VALUES (139, 'PT_PT', 'Classes e structs');
INSERT INTO DegreeClassTopicTranslations(degreeClassTopic, language, description) VALUES (140, 'PT_PT', 'Membros-dado e membros-função de uma classe');
INSERT INTO DegreeClassTopicTranslations(degreeClassTopic, language, description) VALUES (141, 'PT_PT', 'Visibilidade dos membros');
INSERT INTO DegreeClassTopicTranslations(degreeClassTopic, language, description) VALUES (142, 'PT_PT', 'Conceito de encapsulamento');
INSERT INTO DegreeClassTopicTranslations(degreeClassTopic, language, description) VALUES (143, 'PT_PT', 'Construtores e Destrutores');
INSERT INTO DegreeClassTopicTranslations(degreeClassTopic, language, description) VALUES (144, 'PT_PT', 'Contentores C++: vector, list, queue, stack, map, multimap, set, multiset');
INSERT INTO DegreeClassTopicTranslations(degreeClassTopic, language, description) VALUES (145, 'PT_PT', 'Iteradores e algoritmos');
INSERT INTO DegreeClassTopicTranslations(degreeClassTopic, language, description) VALUES (146, 'PT_PT', 'Qualificativos especiais: const, static, friend');
INSERT INTO DegreeClassTopicTranslations(degreeClassTopic, language, description) VALUES (147, 'PT_PT', 'Overloading de operadores');
INSERT INTO DegreeClassTopicTranslations(degreeClassTopic, language, description) VALUES (148, 'PT_PT', 'Conceitos de herança e de polimorfismo');
INSERT INTO DegreeClassTopicTranslations(degreeClassTopic, language, description) VALUES (149, 'PT_PT', 'Classes derivadas');
INSERT INTO DegreeClassTopicTranslations(degreeClassTopic, language, description) VALUES (150, 'PT_PT', 'Acesso aos membros da classe base');
INSERT INTO DegreeClassTopicTranslations(degreeClassTopic, language, description) VALUES (151, 'PT_PT', 'Formas de polimorfismo: overloading de funções; overriding (funções virtuais); templates');
INSERT INTO DegreeClassTopicTranslations(degreeClassTopic, language, description) VALUES (152, 'PT_PT', 'Classes abstractas');
INSERT INTO DegreeClassTopicTranslations(degreeClassTopic, language, description) VALUES (153, 'PT_PT', 'Tratamento de Excepções');
INSERT INTO DegreeClassTopicTranslations(degreeClassTopic, language, description) VALUES (154, 'PT_PT', 'Implementação de abstracções');
INSERT INTO DegreeClassTopicTranslations(degreeClassTopic, language, description) VALUES (124, 'EN_UK', 'Basic data types and I/O');
INSERT INTO DegreeClassTopicTranslations(degreeClassTopic, language, description) VALUES (125, 'EN_UK', 'Operators');
INSERT INTO DegreeClassTopicTranslations(degreeClassTopic, language, description) VALUES (126, 'EN_UK', 'Arithmetic and boolean expressions');
INSERT INTO DegreeClassTopicTranslations(degreeClassTopic, language, description) VALUES (127, 'EN_UK', 'Control flow structures: selection and iteration structures');
INSERT INTO DegreeClassTopicTranslations(degreeClassTopic, language, description) VALUES (128, 'EN_UK', 'Structured data types: arrays, strings and C structs');
INSERT INTO DegreeClassTopicTranslations(degreeClassTopic, language, description) VALUES (129, 'EN_UK', 'C++ vectors and strings');
INSERT INTO DegreeClassTopicTranslations(degreeClassTopic, language, description) VALUES (130, 'EN_UK', 'Pointers and dynamic memory allocation');
INSERT INTO DegreeClassTopicTranslations(degreeClassTopic, language, description) VALUES (131, 'EN_UK', 'Function definition and declaration');
INSERT INTO DegreeClassTopicTranslations(degreeClassTopic, language, description) VALUES (132, 'EN_UK', 'Local and global variables');
INSERT INTO DegreeClassTopicTranslations(degreeClassTopic, language, description) VALUES (133, 'EN_UK', 'Parameter passing mechanisms and return values');
INSERT INTO DegreeClassTopicTranslations(degreeClassTopic, language, description) VALUES (134, 'EN_UK', 'Function overloading');
INSERT INTO DegreeClassTopicTranslations(degreeClassTopic, language, description) VALUES (135, 'EN_UK', 'C++ templates');
INSERT INTO DegreeClassTopicTranslations(degreeClassTopic, language, description) VALUES (136, 'EN_UK', 'Recursive functions');
INSERT INTO DegreeClassTopicTranslations(degreeClassTopic, language, description) VALUES (137, 'EN_UK', 'Streams: input and output using text files');
INSERT INTO DegreeClassTopicTranslations(degreeClassTopic, language, description) VALUES (138, 'EN_UK', 'Stringstreams');
INSERT INTO DegreeClassTopicTranslations(degreeClassTopic, language, description) VALUES (139, 'EN_UK', 'Classes and structs');
INSERT INTO DegreeClassTopicTranslations(degreeClassTopic, language, description) VALUES (140, 'EN_UK', 'Data members and member functions of a class');
INSERT INTO DegreeClassTopicTranslations(degreeClassTopic, language, description) VALUES (141, 'EN_UK', 'Member visibility');
INSERT INTO DegreeClassTopicTranslations(degreeClassTopic, language, description) VALUES (142, 'EN_UK', 'Encapsulation concept');
INSERT INTO DegreeClassTopicTranslations(degreeClassTopic, language, description) VALUES (143, 'EN_UK', 'Constructors and destructors');
INSERT INTO DegreeClassTopicTranslations(degreeClassTopic, language, description) VALUES (144, 'EN_UK', 'C++ containers: vector, list, queue, stack, map, multimap, set, multiset');
INSERT INTO DegreeClassTopicTranslations(degreeClassTopic, language, description) VALUES (145, 'EN_UK', 'Iterators and algorithms');
INSERT INTO DegreeClassTopicTranslations(degreeClassTopic, language, description) VALUES (146, 'EN_UK', 'Special qualifiers: const, static, friend');
INSERT INTO DegreeClassTopicTranslations(degreeClassTopic, language, description) VALUES (147, 'EN_UK', 'Operator overloading');
INSERT INTO DegreeClassTopicTranslations(degreeClassTopic, language, description) VALUES (148, 'EN_UK', 'Concepts of inheritance and polymorphism');
INSERT INTO DegreeClassTopicTranslations(degreeClassTopic, language, description) VALUES (149, 'EN_UK', 'Derived classes');
INSERT INTO DegreeClassTopicTranslations(degreeClassTopic, language, description) VALUES (150, 'EN_UK', 'Access to base class members');
INSERT INTO DegreeClassTopicTranslations(degreeClassTopic, language, description) VALUES (151, 'EN_UK', 'Forms of polymorphism: function overloading; overriding (virtual functions); templates');
INSERT INTO DegreeClassTopicTranslations(degreeClassTopic, language, description) VALUES (152, 'EN_UK', 'Abstract classes');
INSERT INTO DegreeClassTopicTranslations(degreeClassTopic, language, description) VALUES (153, 'EN_UK', 'Exception handling');
INSERT INTO DegreeClassTopicTranslations(degreeClassTopic, language, description) VALUES (154, 'EN_UK', 'Implementation of abstractions');

INSERT INTO DegreeClasses(id, year, semester, ects , isOptional, degree) VALUES (9, 1, 2, 6, false, 1);
INSERT INTO DegreeClassTranslations(degreeClass, language, name, description) VALUES  (9, 'PT_PT', 'Física I' , 'O objectivo desta unidade curricular é dar ao estudante conhecimentos básicos de mecânica e dos métodos computacionais usados para resolver sistemas dinâmicos. É usado um Sistema de Álgebra Computacional (CAS), para permitir que o estudante possa resolver problemas práticos de mecânica e sistemas dinâmicos, em vez de perder muito tempo em aprender métodos abstractos. Os conhecimentos adquiridos de dinâmica e modelação de sistemas físicos no computador serão bastante importantes em outras unidades curriculares relacionadas com computação gráfica e visualização, teoria de jogos, simulação e computação científica.');
INSERT INTO DegreeClassTopics(id, degreeClass, ordering) VALUES (155, 9, 1);
INSERT INTO DegreeClassTopics(id, degreeClass, ordering) VALUES (156, 9, 2);
INSERT INTO DegreeClassTopics(id, degreeClass, ordering) VALUES (157, 9, 3);
INSERT INTO DegreeClassTopics(id, degreeClass, ordering) VALUES (158, 9, 4);
INSERT INTO DegreeClassTopics(id, degreeClass, ordering) VALUES (159, 9, 5);
INSERT INTO DegreeClassTopics(id, degreeClass, ordering) VALUES (160, 9, 6);
INSERT INTO DegreeClassTopics(id, degreeClass, ordering) VALUES (161, 9, 7);
INSERT INTO DegreeClassTopics(id, degreeClass, ordering) VALUES (162, 9, 8);
INSERT INTO DegreeClassTopics(id, degreeClass, ordering) VALUES (163, 9, 9);
INSERT INTO DegreeClassTopics(id, degreeClass, ordering) VALUES (164, 9, 10);
INSERT INTO DegreeClassTopics(id, degreeClass, ordering) VALUES (165, 9, 11);
INSERT INTO DegreeClassTopics(id, degreeClass, ordering) VALUES (166, 9, 12);
INSERT INTO DegreeClassTopicTranslations(degreeClassTopic, language, description) VALUES (155, 'PT_PT', 'Cinemática: Resolução de equações simples usando o método de separação de variáveis');
INSERT INTO DegreeClassTopicTranslations(degreeClassTopic, language, description) VALUES (156, 'PT_PT', 'Cinemática vectorial: Identificação dos graus de liberdade de um sistema mecânico e resolução de sistemas de equações de movimento');
INSERT INTO DegreeClassTopicTranslations(degreeClassTopic, language, description) VALUES (157, 'PT_PT', 'Movimento curvilíneo: Vectores tangente e normal. Aceleração centrípeta. Curvatura da trajectória. Cinemática dos corpos rígidos');
INSERT INTO DegreeClassTopicTranslations(degreeClassTopic, language, description) VALUES (158, 'PT_PT', 'Mecânica vectorial: Tipos de forças presentes nos sistemas mecânicos. Trabalho e energia');
INSERT INTO DegreeClassTopicTranslations(degreeClassTopic, language, description) VALUES (159, 'PT_PT', 'Dinâmica dos corpos rígidos: Adição de forças. Momento de uma força. Momento de inércia. Equações do movimento plano dos corpos rígidos');
INSERT INTO DegreeClassTopicTranslations(degreeClassTopic, language, description) VALUES (160, 'PT_PT', 'Trabalho e energia: Relações entre trabalho e energia. Forças conservativas e dissipativas');
INSERT INTO DegreeClassTopicTranslations(degreeClassTopic, language, description) VALUES (161, 'PT_PT', 'Sistemas dinâmicos: Espaço de fase. Equilíbrio estável e instável. Retratos de fase. Sistemas conservativos');
INSERT INTO DegreeClassTopicTranslations(degreeClassTopic, language, description) VALUES (162, 'PT_PT', 'Mecânica lagrangiana: Coordenadas, velocidades e forças generalizadas. Equações de Lagrange. Multiplicadores de Lagrange');
INSERT INTO DegreeClassTopicTranslations(degreeClassTopic, language, description) VALUES (163, 'PT_PT', 'Sistemas lineares: Osciladores harmónicos. Classificação dos pontos de equilíbrio. Valores próprios e vectores próprios. Análise de estabilidade');
INSERT INTO DegreeClassTopicTranslations(degreeClassTopic, language, description) VALUES (164, 'PT_PT', 'Sistemas não lineares: Pêndulos. Aproximação linear. Matriz jacobiana. Espaços de fase com várias dimensões');
INSERT INTO DegreeClassTopicTranslations(degreeClassTopic, language, description) VALUES (165, 'PT_PT', 'Ciclos limite e sistemas de duas espécies: Oscilador de Van der Pol. Sistemas predador presa. Evolução e coexistência de duas espécies');
INSERT INTO DegreeClassTopicTranslations(degreeClassTopic, language, description) VALUES (166, 'PT_PT', 'Sistemas caóticos: Comportamento asssimptótico, atractores estranhos e sistemas caóticos');
INSERT INTO DegreeClassTopicTranslations(degreeClassTopic, language, description) VALUES (155, 'EN_UK', 'Kinematics: Solving simple equations using the separation of variables method');
INSERT INTO DegreeClassTopicTranslations(degreeClassTopic, language, description) VALUES (156, 'EN_UK', 'Vectorial kinematics: Identifying the degrees of freedom of a mechanical system and solving systems of motion equations');
INSERT INTO DegreeClassTopicTranslations(degreeClassTopic, language, description) VALUES (157, 'EN_UK', 'Curvilinear motion: Tangent and normal vectors. Centripetal acceleration. Curvature of the trajectory. Kinematics of rigid bodies');
INSERT INTO DegreeClassTopicTranslations(degreeClassTopic, language, description) VALUES (158, 'EN_UK', 'Vectorial mechanics: Types of forces present in mechanical systems. Work and energy');
INSERT INTO DegreeClassTopicTranslations(degreeClassTopic, language, description) VALUES (159, 'EN_UK', 'Dynamics of rigid bodies: Addition of forces. Moment of a force. Moment of inertia. Equations of the plane motion of rigid bodies');
INSERT INTO DegreeClassTopicTranslations(degreeClassTopic, language, description) VALUES (160, 'EN_UK', 'Work and energy: Relationships between work and energy. Conservative and dissipative forces');
INSERT INTO DegreeClassTopicTranslations(degreeClassTopic, language, description) VALUES (161, 'EN_UK', 'Dynamical systems: Phase space. Stable and unstable equilibrium. Phase portraits. Conservative systems');
INSERT INTO DegreeClassTopicTranslations(degreeClassTopic, language, description) VALUES (162, 'EN_UK', 'Lagrangian mechanics: Generalized coordinates, velocities, and forces. Lagrange equations. Lagrange multipliers');
INSERT INTO DegreeClassTopicTranslations(degreeClassTopic, language, description) VALUES (163, 'EN_UK', 'Linear systems: Harmonic oscillators. Classification of equilibrium points. Eigenvalues and eigenvectors. Stability analysis');
INSERT INTO DegreeClassTopicTranslations(degreeClassTopic, language, description) VALUES (164, 'EN_UK', 'Nonlinear systems: Pendulums. Linear approximation. Jacobian matrix. Multidimensional phase spaces');
INSERT INTO DegreeClassTopicTranslations(degreeClassTopic, language, description) VALUES (165, 'EN_UK', 'Limit cycles and two-species systems: Van der Pol oscillator. Predator-prey systems. Evolution and coexistence of two species');
INSERT INTO DegreeClassTopicTranslations(degreeClassTopic, language, description) VALUES (166, 'EN_UK', 'Chaotic systems: Asymptotic behavior, strange attractors and chaotic systems');

INSERT INTO DegreeClasses(id, year, semester, ects , isOptional, degree) VALUES (10, 1, 2, 6, false, 1);
INSERT INTO DegreeClassTranslations(degreeClass, language, name, description) VALUES  (10, 'PT_PT', 'Complementos de Matemática' , 'A unidade curricular tem dois objectivos fundamentais: por um lado, tratando-se de uma unidade curricular propedêutica tem um carácter didáctico/científico, promovendo o desenvolvimento do raciocínio lógico e de métodos de análise e, por outro, visa introduzir e desenvolver em termos teóricos um conjunto de conceitos que serão ferramentas essenciais para apoio às restantes unidades curriculares.');
INSERT INTO DegreeClassTopics(id, degreeClass, ordering) VALUES (167, 10, 1);
INSERT INTO DegreeClassTopics(id, degreeClass, ordering) VALUES (168, 10, 2);
INSERT INTO DegreeClassTopics(id, degreeClass, ordering) VALUES (169, 10, 3);
INSERT INTO DegreeClassTopics(id, degreeClass, ordering) VALUES (170, 10, 4);
INSERT INTO DegreeClassTopics(id, degreeClass, ordering) VALUES (171, 10, 5);
INSERT INTO DegreeClassTopicTranslations(degreeClassTopic, language, description) VALUES (167, 'PT_PT', 'Funções Vectoriais: Propriedades, Curvas, Comprimento de arco, Curvatura');
INSERT INTO DegreeClassTopicTranslations(degreeClassTopic, language, description) VALUES (168, 'PT_PT', 'Funções a várias variáveis: Superfícies quádricas, Curvas de nível e superfícies de nível, Derivadas parciais, Limites e continuidade');
INSERT INTO DegreeClassTopicTranslations(degreeClassTopic, language, description) VALUES (169, 'PT_PT', 'Gradientes: Diferenciabilidade e gradiente, Gradientes e derivadas direccionais, Teorema do valor médio, Regras de derivação em cadeia, Valores máximos e mínimos, Diferenciais');
INSERT INTO DegreeClassTopicTranslations(degreeClassTopic, language, description) VALUES (170, 'PT_PT', 'Integrais Duplos e Triplos: Integral duplo sobre uma região, Integrais duplos usando coordenadas polares, Integrais triplos, Coordenadas cilíndricas, Coordenadas esféricas, Jacobianos');
INSERT INTO DegreeClassTopicTranslations(degreeClassTopic, language, description) VALUES (171, 'PT_PT', 'Integrais de Linha e Integrais de Superfície: Integrais de linha, Propriedades, Integrais de linha em relação ao comprimento de arco, Teorema de Green, Parametrização de superfícies, Área de uma superfície, Integrais de superfície, Divergência e rotacional, Teorema da divergência, Teorema de Stokes');
INSERT INTO DegreeClassTopicTranslations(degreeClassTopic, language, description) VALUES (167, 'EN_UK', 'Vector Functions: Properties, Curves, Arc Length, Curvature');
INSERT INTO DegreeClassTopicTranslations(degreeClassTopic, language, description) VALUES (168, 'EN_UK', 'Functions of Several Variables: Quadric Surfaces, Level Curves and Level Surfaces, Partial Derivatives, Limits and Continuity');
INSERT INTO DegreeClassTopicTranslations(degreeClassTopic, language, description) VALUES (169, 'EN_UK', 'Gradients: Differentiability and Gradient, Gradients and Directional Derivatives, Mean Value Theorem, Chain Rule, Maxima and Minima, Differentials');
INSERT INTO DegreeClassTopicTranslations(degreeClassTopic, language, description) VALUES (170, 'EN_UK', 'Double and Triple Integrals: Double integral over a region, Double integrals using polar coordinates, Triple integrals, Cylindrical coordinates, Spherical coordinates, Jacobians');
INSERT INTO DegreeClassTopicTranslations(degreeClassTopic, language, description) VALUES (171, 'EN_UK', 'Line Integrals and Surface Integrals: Line integrals, Properties, Line integrals with respect to arc length, Green''s theorem, Parameterization of surfaces, Area of a surface, Surface integrals, Divergence and curl, Divergence theorem, Stokes'' theorem');

INSERT INTO DegreeClasses(id, year, semester, ects , isOptional, degree) VALUES (11, 1, 2, 6, false, 1);
INSERT INTO DegreeClassTranslations(degreeClass, language, name, description) VALUES  (11, 'PT_PT', 'Microprocessadores e Computadores Pessoais' , 'A unidade curricular de Microprocessadores e Computadores Pessoais tem por objectivo desenvolver, combinar e aplicar de forma integrada conceitos das áreas de Arquitectura de Computadores e de Linguagens de Programação. Por um lado, a unidade curricular explora as relações entre o conjunto de instruções do CPU e a programação de baixo nível (linguagem "assembly"). Por outro lado, reconhecendo que a arquitectura de computadores pessoais modernos vai muito para além da arquitectura do CPU, a unidade curricular abordará a arquitectura geral de um PC, incluindo o subsistema de armazenamento de dados e outros periféricos.');
INSERT INTO DegreeClassTopics(id, degreeClass, ordering) VALUES (172, 11, 1);
INSERT INTO DegreeClassTopics(id, degreeClass, ordering) VALUES (173, 11, 2);
INSERT INTO DegreeClassTopics(id, degreeClass, ordering) VALUES (174, 11, 3);
INSERT INTO DegreeClassTopics(id, degreeClass, ordering) VALUES (175, 11, 4);
INSERT INTO DegreeClassTopics(id, degreeClass, ordering) VALUES (176, 11, 5);
INSERT INTO DegreeClassTopics(id, degreeClass, ordering) VALUES (177, 11, 6);
INSERT INTO DegreeClassTopics(id, degreeClass, ordering) VALUES (178, 11, 7);
INSERT INTO DegreeClassTopics(id, degreeClass, ordering) VALUES (179, 11, 8);
INSERT INTO DegreeClassTopics(id, degreeClass, ordering) VALUES (180, 11, 9);
INSERT INTO DegreeClassTopics(id, degreeClass, ordering) VALUES (181, 11, 10);
INSERT INTO DegreeClassTopics(id, degreeClass, ordering) VALUES (182, 11, 11);
INSERT INTO DegreeClassTopics(id, degreeClass, ordering) VALUES (183, 11, 12);
INSERT INTO DegreeClassTopicTranslations(degreeClassTopic, language, description) VALUES (172, 'PT_PT', 'Introdução ao microprocessador e microcomputador');
INSERT INTO DegreeClassTopicTranslations(degreeClassTopic, language, description) VALUES (173, 'PT_PT', 'Arquitectura do microprocessador IA-32');
INSERT INTO DegreeClassTopicTranslations(degreeClassTopic, language, description) VALUES (174, 'PT_PT', 'Modos de endereçamento');
INSERT INTO DegreeClassTopicTranslations(degreeClassTopic, language, description) VALUES (175, 'PT_PT', 'Funcionalidade e organização de um "Assembler"');
INSERT INTO DegreeClassTopicTranslations(degreeClassTopic, language, description) VALUES (176, 'PT_PT', 'Instruções de transferência de dados, aritméticas e lógicas');
INSERT INTO DegreeClassTopicTranslations(degreeClassTopic, language, description) VALUES (177, 'PT_PT', 'Instruções de controlo de fluxo: saltos incondicionais e condicionais');
INSERT INTO DegreeClassTopicTranslations(degreeClassTopic, language, description) VALUES (178, 'PT_PT', 'Sub-rotinas (invocação, passagem de parâmetros)');
INSERT INTO DegreeClassTopicTranslations(degreeClassTopic, language, description) VALUES (179, 'PT_PT', 'Programação modular');
INSERT INTO DegreeClassTopicTranslations(degreeClassTopic, language, description) VALUES (180, 'PT_PT', 'Operações em vírgula flutuante');
INSERT INTO DegreeClassTopicTranslations(degreeClassTopic, language, description) VALUES (181, 'PT_PT', 'Interface com periféricos: "polling", interrupções, DMA');
INSERT INTO DegreeClassTopicTranslations(degreeClassTopic, language, description) VALUES (182, 'PT_PT', 'Barramentos de comunicação com periféricos');
INSERT INTO DegreeClassTopicTranslations(degreeClassTopic, language, description) VALUES (183, 'PT_PT', 'Subsistema de armazenamento de dados');
INSERT INTO DegreeClassTopicTranslations(degreeClassTopic, language, description) VALUES (172, 'EN_UK', 'Introduction to Microprocessor and Microcomputer');
INSERT INTO DegreeClassTopicTranslations(degreeClassTopic, language, description) VALUES (173, 'EN_UK', 'IA-32 Microprocessor Architecture');
INSERT INTO DegreeClassTopicTranslations(degreeClassTopic, language, description) VALUES (174, 'EN_UK', 'Addressing Modes');
INSERT INTO DegreeClassTopicTranslations(degreeClassTopic, language, description) VALUES (175, 'EN_UK', 'Assembler Functionality and Organization');
INSERT INTO DegreeClassTopicTranslations(degreeClassTopic, language, description) VALUES (176, 'EN_UK', 'Data Transfer, Arithmetic and Logic Instructions');
INSERT INTO DegreeClassTopicTranslations(degreeClassTopic, language, description) VALUES (177, 'EN_UK', 'Control Flow Instructions: Unconditional and Conditional Jumps');
INSERT INTO DegreeClassTopicTranslations(degreeClassTopic, language, description) VALUES (178, 'EN_UK', 'Subroutines (Invocation, Parameter Passing)');
INSERT INTO DegreeClassTopicTranslations(degreeClassTopic, language, description) VALUES (179, 'EN_UK', 'Modular Programming');
INSERT INTO DegreeClassTopicTranslations(degreeClassTopic, language, description) VALUES (180, 'EN_UK', 'Floating Point Operations');
INSERT INTO DegreeClassTopicTranslations(degreeClassTopic, language, description) VALUES (181, 'EN_UK', 'Peripheral Interfacing: Polling, Interrupts, DMA');
INSERT INTO DegreeClassTopicTranslations(degreeClassTopic, language, description) VALUES (182, 'EN_UK', 'Peripheral Communication Buses');
INSERT INTO DegreeClassTopicTranslations(degreeClassTopic, language, description) VALUES (183, 'EN_UK', 'Data Storage Subsystem');

-- UPorto 2nd year

INSERT INTO DegreeClasses(id, year, semester, ects , isOptional, degree) VALUES (12, 2, 1, 6, false, 1);
INSERT INTO DegreeClassTranslations(degreeClass, language, name, description) VALUES  (12, 'PT_PT', 'Teoria da Computação' , 'Preparar os estudantes em tópicos relacionados com teoria da computação, com um ênfase especial em tópicos relacionados com linguagens formais.\nCapacitar os estudantes para que estes sejam capazes de expressar problemas computacionais usando linguagens formais, autómatos e máquinas de Turing.');
INSERT INTO DegreeClassTopics(id, degreeClass, ordering) VALUES (184, 12, 1);
INSERT INTO DegreeClassTopics(id, degreeClass, ordering) VALUES (185, 12, 2);
INSERT INTO DegreeClassTopics(id, degreeClass, ordering) VALUES (186, 12, 3);
INSERT INTO DegreeClassTopics(id, degreeClass, ordering) VALUES (187, 12, 4);
INSERT INTO DegreeClassTopics(id, degreeClass, ordering) VALUES (188, 12, 5);
INSERT INTO DegreeClassTopics(id, degreeClass, ordering) VALUES (189, 12, 6);
INSERT INTO DegreeClassTopics(id, degreeClass, ordering) VALUES (190, 12, 7);
INSERT INTO DegreeClassTopics(id, degreeClass, ordering) VALUES (191, 12, 8);
INSERT INTO DegreeClassTopicTranslations(degreeClassTopic, language, description) VALUES (184, 'PT_PT', 'Teoria dos Autómatos');
INSERT INTO DegreeClassTopicTranslations(degreeClassTopic, language, description) VALUES (185, 'PT_PT', 'Autómatos Finitos');
INSERT INTO DegreeClassTopicTranslations(degreeClassTopic, language, description) VALUES (186, 'PT_PT', 'Expressões Regulares e Linguagens');
INSERT INTO DegreeClassTopicTranslations(degreeClassTopic, language, description) VALUES (187, 'PT_PT', 'Propriedades das Linguagens Regulares');
INSERT INTO DegreeClassTopicTranslations(degreeClassTopic, language, description) VALUES (188, 'PT_PT', 'Gramáticas e Linguagens Sem Contexto');
INSERT INTO DegreeClassTopicTranslations(degreeClassTopic, language, description) VALUES (189, 'PT_PT', 'Autómatos de Pilha');
INSERT INTO DegreeClassTopicTranslations(degreeClassTopic, language, description) VALUES (190, 'PT_PT', 'Propriedades das Linguagens Sem Contexto');
INSERT INTO DegreeClassTopicTranslations(degreeClassTopic, language, description) VALUES (191, 'PT_PT', 'Introdução às Máquinas de Turing');
INSERT INTO DegreeClassTopicTranslations(degreeClassTopic, language, description) VALUES (184, 'EN_UK', 'Theory of Automata');
INSERT INTO DegreeClassTopicTranslations(degreeClassTopic, language, description) VALUES (185, 'EN_UK', 'Finite Automata');
INSERT INTO DegreeClassTopicTranslations(degreeClassTopic, language, description) VALUES (186, 'EN_UK', 'Regular Expressions and Languages');
INSERT INTO DegreeClassTopicTranslations(degreeClassTopic, language, description) VALUES (187, 'EN_UK', 'Properties of Regular Languages');
INSERT INTO DegreeClassTopicTranslations(degreeClassTopic, language, description) VALUES (188, 'EN_UK', 'Grammars and Context-Free Languages');
INSERT INTO DegreeClassTopicTranslations(degreeClassTopic, language, description) VALUES (189, 'EN_UK', 'Pushdown Automata');
INSERT INTO DegreeClassTopicTranslations(degreeClassTopic, language, description) VALUES (190, 'EN_UK', 'Properties of Context-Free Languages');
INSERT INTO DegreeClassTopicTranslations(degreeClassTopic, language, description) VALUES (191, 'EN_UK', 'Introduction to Turing Machines');

INSERT INTO DegreeClasses(id, year, semester, ects , isOptional, degree) VALUES (13, 2, 1, 4.5, false, 1);
INSERT INTO DegreeClassTranslations(degreeClass, language, name, description) VALUES  (13, 'PT_PT', 'Métodos Numéricos' , 'A disciplina pretende em primeiro lugar fornecer aos estudantes competências sólidas no cálculo numérico. Será organizada por tópicos, cobrindo os problemas de representação numérica, a resolução de equações e sistemas de equações algébricas e diferenciais, a integração definida, a optimização não linear e o ajuste de curvas.');
INSERT INTO DegreeClassTopics(id, degreeClass, ordering) VALUES (192, 13, 1);
INSERT INTO DegreeClassTopics(id, degreeClass, ordering) VALUES (193, 13, 2);
INSERT INTO DegreeClassTopics(id, degreeClass, ordering) VALUES (194, 13, 3);
INSERT INTO DegreeClassTopics(id, degreeClass, ordering) VALUES (195, 13, 4);
INSERT INTO DegreeClassTopics(id, degreeClass, ordering) VALUES (196, 13, 5);
INSERT INTO DegreeClassTopics(id, degreeClass, ordering) VALUES (197, 13, 6);
INSERT INTO DegreeClassTopics(id, degreeClass, ordering) VALUES (198, 13, 7);
INSERT INTO DegreeClassTopics(id, degreeClass, ordering) VALUES (199, 13, 8);
INSERT INTO DegreeClassTopics(id, degreeClass, ordering) VALUES (200, 13, 9);
INSERT INTO DegreeClassTopicTranslations(degreeClassTopic, language, description) VALUES (192, 'PT_PT', 'Representação numérica de quantidades');
INSERT INTO DegreeClassTopicTranslations(degreeClassTopic, language, description) VALUES (193, 'PT_PT', 'O erro em métodos numéricos');
INSERT INTO DegreeClassTopicTranslations(degreeClassTopic, language, description) VALUES (194, 'PT_PT', 'Zeros de funções reais - Métodos: Bissecções, Falsa Posição, Falsa Posição Modificado, Picard-Peano, Newton');
INSERT INTO DegreeClassTopicTranslations(degreeClassTopic, language, description) VALUES (195, 'PT_PT', 'Sistemas de equações não-lineares - Métodos: Newton, Aproximações Sucessivas ou Picard-Peano, Seidel');
INSERT INTO DegreeClassTopicTranslations(degreeClassTopic, language, description) VALUES (196, 'PT_PT', 'Sistemas de equações lineares - Métodos Directos e Iterativos ( Gauss, Cholesky, Seidel)');
INSERT INTO DegreeClassTopicTranslations(degreeClassTopic, language, description) VALUES (197, 'PT_PT', 'Quadratura e Cubatura - Métodos: Trapézios, Simpson');
INSERT INTO DegreeClassTopicTranslations(degreeClassTopic, language, description) VALUES (198, 'PT_PT', 'Integração de equações diferenciais de 1ª e de 2ª ordem - Métodos: Euler, Euler Melhorado, Runge-Kutta de 2ª e de 4ª ordem');
INSERT INTO DegreeClassTopicTranslations(degreeClassTopic, language, description) VALUES (199, 'PT_PT', 'Optimização uni e multidimensional, não linear convexa - Métodos: Pesquisa, Secção áurea, Quádrica, Gradiente, Levenberg-Marquardt');
INSERT INTO DegreeClassTopicTranslations(degreeClassTopic, language, description) VALUES (200, 'PT_PT', 'Ajuste de curvas – método dos mínimos quadrados');
INSERT INTO DegreeClassTopicTranslations(degreeClassTopic, language, description) VALUES (192, 'EN_UK', 'Numerical Representation of Quantities');
INSERT INTO DegreeClassTopicTranslations(degreeClassTopic, language, description) VALUES (193, 'EN_UK', 'Error in Numerical Methods');
INSERT INTO DegreeClassTopicTranslations(degreeClassTopic, language, description) VALUES (194, 'EN_UK', 'Roots of Real Functions - Methods: Bisection, False Position, Modified False Position, Picard-Peano, Newton');
INSERT INTO DegreeClassTopicTranslations(degreeClassTopic, language, description) VALUES (195, 'EN_UK', 'Nonlinear Systems of Equations - Methods: Newton, Successive Approximations or Picard-Peano, Seidel');
INSERT INTO DegreeClassTopicTranslations(degreeClassTopic, language, description) VALUES (196, 'EN_UK', 'Linear Systems of Equations - Direct and Iterative Methods (Gauss, Cholesky, Seidel)');
INSERT INTO DegreeClassTopicTranslations(degreeClassTopic, language, description) VALUES (197, 'EN_UK', 'Quadrature and Cubature - Methods: Trapezoids, Simpson');
INSERT INTO DegreeClassTopicTranslations(degreeClassTopic, language, description) VALUES (198, 'EN_UK', 'Integration of 1st and 2nd Order Differential Equations - Methods: Euler, Improved Euler, 2nd and 4th Order Runge-Kutta');
INSERT INTO DegreeClassTopicTranslations(degreeClassTopic, language, description) VALUES (199, 'EN_UK', 'Uni and Multidimensional Optimization, Convex Nonlinear - Methods: Search, Golden Section, Quadratic, Gradient, Levenberg-Marquardt');
INSERT INTO DegreeClassTopicTranslations(degreeClassTopic, language, description) VALUES (200, 'EN_UK', 'Curve Fitting - Least Squares Method');

INSERT INTO DegreeClasses(id, year, semester, ects , isOptional, degree) VALUES (14, 2, 1, 6, false, 1);
INSERT INTO DegreeClassTranslations(degreeClass, language, name, description) VALUES  (14, 'PT_PT', 'Física II' , 'Esta unidade curricular visa dotar os estudantes com conhecimentos básicos de electromagnetismo e processamento de sinais. A abordagem é experimental, com recurso a experiências simples que os estudantes podem realizar durante as aulas teórico-práticas para consolidar os conhecimentos teóricos e adquirir experiência no uso dos instrumentos de medição. O Sistema de Computação Algébrica (CAS) usado na unidade curricular Física 1 é também aproveitado para facilitar a resolução de problemas e para visualizar campos eléctricos e magnéticos.');
INSERT INTO DegreeClassTopics(id, degreeClass, ordering) VALUES (201, 14, 1);
INSERT INTO DegreeClassTopics(id, degreeClass, ordering) VALUES (202, 14, 2);
INSERT INTO DegreeClassTopics(id, degreeClass, ordering) VALUES (203, 14, 3);
INSERT INTO DegreeClassTopics(id, degreeClass, ordering) VALUES (204, 14, 4);
INSERT INTO DegreeClassTopics(id, degreeClass, ordering) VALUES (205, 14, 5);
INSERT INTO DegreeClassTopics(id, degreeClass, ordering) VALUES (206, 14, 6);
INSERT INTO DegreeClassTopics(id, degreeClass, ordering) VALUES (207, 14, 7);
INSERT INTO DegreeClassTopics(id, degreeClass, ordering) VALUES (208, 14, 8);
INSERT INTO DegreeClassTopics(id, degreeClass, ordering) VALUES (209, 14, 9);
INSERT INTO DegreeClassTopics(id, degreeClass, ordering) VALUES (210, 14, 10);
INSERT INTO DegreeClassTopicTranslations(degreeClassTopic, language, description) VALUES (201, 'PT_PT', 'Electrostática. Estrutura atómica. Cargas e forças eléctricas. Condutores e isoladores.');
INSERT INTO DegreeClassTopicTranslations(degreeClassTopic, language, description) VALUES (202, 'PT_PT', 'Electricidade. Potencial electrostático. Fontes de força electromotriz. Condutores, semicondutores e diódos. Corrente eléctrica. Potência eléctrica. Lei de Ohm. Resistência. Supercondutividade. Associações de resistências');
INSERT INTO DegreeClassTopicTranslations(degreeClassTopic, language, description) VALUES (203, 'PT_PT', 'Capacidade eléctrica. Condutores isolados. Condensadores. Energia electrostática. Associações de condensadores.');
INSERT INTO DegreeClassTopicTranslations(degreeClassTopic, language, description) VALUES (204, 'PT_PT', 'Circuitos de corrente contínua. Diagramas de circuitos. Leis dos circuitos. Método das malhas. Estado estacionário de circuitos com condensadores.');
INSERT INTO DegreeClassTopicTranslations(degreeClassTopic, language, description) VALUES (205, 'PT_PT', 'Campo e potencial eléctricos. Campo e potencial produzidos por sistemas de sistemas de cargas pontuais. Linhas de campo e superfícies equipotenciais. Pontos críticos do campo eléctrico. Fluxo eléctrico. Lei de Gauss. Campo e potencial nos condutores');
INSERT INTO DegreeClassTopicTranslations(degreeClassTopic, language, description) VALUES (206, 'PT_PT', 'Campo magnético. Forças magnéticas. Torque e momento magnético. Lei de Ampère. Espiras e bobinas.');
INSERT INTO DegreeClassTopicTranslations(degreeClassTopic, language, description) VALUES (207, 'PT_PT', 'Indução electromagnética. Campo eléctrico induzido. Leis de Faraday e de Lenz. Geradores de corrente alternada. Indutância. Autoindução.');
INSERT INTO DegreeClassTopicTranslations(degreeClassTopic, language, description) VALUES (208, 'PT_PT', 'Processamento de sinais. Estado transitório dos circuitos. Equações diferenciais dos circuitos. Função de transferência. Constantes de tempo. Impedância generalizada. Associações de impedâncias.');
INSERT INTO DegreeClassTopicTranslations(degreeClassTopic, language, description) VALUES (209, 'PT_PT', 'Circuitos de corrente alternada. Funções sinusoidais. Fasores. Tensão alternada. Impedância complexa. Potência dissipada nos circuitos. Filtros de frequência. Função de resposta. Ressonância.');
INSERT INTO DegreeClassTopicTranslations(degreeClassTopic, language, description) VALUES (210, 'PT_PT', 'Ondas electromagnéticas e luz. Equações de Maxwell. Campos induzidos. Campo electromagnético no vácuo. Equação de onda. Ondas planas polarizadas. Ondas harmónicas. Espectro electromagnético. Teorias ondulatória e corpuscular da luz. Díodos emissores de luz (LED).');
INSERT INTO DegreeClassTopicTranslations(degreeClassTopic, language, description) VALUES (201, 'EN_UK', 'Electrostatics. Atomic structure. Electric charges and forces. Conductors and insulators.');
INSERT INTO DegreeClassTopicTranslations(degreeClassTopic, language, description) VALUES (202, 'EN_UK', 'Electricity. Electrostatic potential. Sources of electromotive force. Conductors, semiconductors and diodes. Electric current. Electric power. Ohm''s law. Resistance. Superconductivity. Resistor associations');
INSERT INTO DegreeClassTopicTranslations(degreeClassTopic, language, description) VALUES (203, 'EN_UK', 'Electric capacitance. Isolated conductors. Capacitors. Electrostatic energy. Capacitor associations.');
INSERT INTO DegreeClassTopicTranslations(degreeClassTopic, language, description) VALUES (204, 'EN_UK', 'DC circuits. Circuit diagrams. Circuit laws. Mesh method. Steady state of circuits with capacitors.');
INSERT INTO DegreeClassTopicTranslations(degreeClassTopic, language, description) VALUES (205, 'EN_UK', 'Electric field and potential. Field and potential produced by systems of point charges. Field lines and equipotential surfaces. Critical points of the electric field. Electric flux. Gauss''s law. Field and potential in conductors');
INSERT INTO DegreeClassTopicTranslations(degreeClassTopic, language, description) VALUES (206, 'EN_UK', 'Magnetic field. Magnetic forces. Torque and magnetic moment. Ampère''s law. Coils and solenoids.');
INSERT INTO DegreeClassTopicTranslations(degreeClassTopic, language, description) VALUES (207, 'EN_UK', 'Electromagnetic induction. Induced electric field. Faraday''s and Lenz''s laws. AC generators. Inductance. Self-inductance.');
INSERT INTO DegreeClassTopicTranslations(degreeClassTopic, language, description) VALUES (208, 'EN_UK', 'Signal processing. Transient state of circuits. Circuit differential equations. Transfer function. Time constants. Generalized impedance. Impedance associations.');
INSERT INTO DegreeClassTopicTranslations(degreeClassTopic, language, description) VALUES (209, 'EN_UK', 'AC circuits. Sinusoidal functions. Phasors. Alternating voltage. Complex impedance. Power dissipated in circuits. Frequency filters. Response function. Resonance.');
INSERT INTO DegreeClassTopicTranslations(degreeClassTopic, language, description) VALUES (210, 'EN_UK', 'Electromagnetic waves and light. Maxwell''s equations. Induced fields. Electromagnetic field in a vacuum. Wave equation. Plane polarized waves. Harmonic waves. Electromagnetic spectrum. Wave and corpuscular theories of light. Light-emitting diodes (LEDs).');

INSERT INTO DegreeClasses(id, year, semester, ects , isOptional, degree) VALUES (15, 2, 1, 7.5, false, 1);
INSERT INTO DegreeClassTranslations(degreeClass, language, name, description) VALUES  (15, 'PT_PT', 'Algoritmos e Estruturas de Dados' , 'Na sequência das unidades curriculares de Introdução à Programação, é objectivo desta unidade curricular: recorrer às noções de programação já estabelecidas e sistematizar o uso de estruturas de informação e de algoritmos para resolver categorias de problemas;  usar, como paradigma de suporte ao desenvolvimento de programas, a orientação por objectos; dar ênfase à organização dos programas em torno de tipos de dados abstractos. Serão realizados pequenos projectos usando a linguagem C++.');
INSERT INTO DegreeClassTopics(id, degreeClass, ordering) VALUES (211, 15, 1);
INSERT INTO DegreeClassTopics(id, degreeClass, ordering) VALUES (212, 15, 2);
INSERT INTO DegreeClassTopics(id, degreeClass, ordering) VALUES (213, 15, 3);
INSERT INTO DegreeClassTopics(id, degreeClass, ordering) VALUES (214, 15, 4);
INSERT INTO DegreeClassTopics(id, degreeClass, ordering) VALUES (215, 15, 5);
INSERT INTO DegreeClassTopics(id, degreeClass, ordering) VALUES (216, 15, 6);
INSERT INTO DegreeClassTopics(id, degreeClass, ordering) VALUES (217, 15, 7);
INSERT INTO DegreeClassTopics(id, degreeClass, ordering) VALUES (218, 15, 8);
INSERT INTO DegreeClassTopics(id, degreeClass, ordering) VALUES (219, 15, 9);
INSERT INTO DegreeClassTopics(id, degreeClass, ordering) VALUES (220, 15, 10);
INSERT INTO DegreeClassTopics(id, degreeClass, ordering) VALUES (221, 15, 11);
INSERT INTO DegreeClassTopics(id, degreeClass, ordering) VALUES (222, 15, 12);
INSERT INTO DegreeClassTopics(id, degreeClass, ordering) VALUES (223, 15, 13);
INSERT INTO DegreeClassTopicTranslations(degreeClassTopic, language, description) VALUES (211, 'PT_PT', 'Programação orientada por objectos');
INSERT INTO DegreeClassTopicTranslations(degreeClassTopic, language, description) VALUES (212, 'PT_PT', 'Herança e Polimorfismo');
INSERT INTO DegreeClassTopicTranslations(degreeClassTopic, language, description) VALUES (213, 'PT_PT', 'Aspectos básicos de UML');
INSERT INTO DegreeClassTopicTranslations(degreeClassTopic, language, description) VALUES (214, 'PT_PT', 'Análise de algoritmos: classes e complexidade');
INSERT INTO DegreeClassTopicTranslations(degreeClassTopic, language, description) VALUES (215, 'PT_PT', 'Algoritmos de pesquisa e ordenação');
INSERT INTO DegreeClassTopicTranslations(degreeClassTopic, language, description) VALUES (216, 'PT_PT', 'Tipos abstractos de dados');
INSERT INTO DegreeClassTopicTranslations(degreeClassTopic, language, description) VALUES (217, 'PT_PT', 'Iteradores');
INSERT INTO DegreeClassTopicTranslations(degreeClassTopic, language, description) VALUES (218, 'PT_PT', 'Estruturas de dados lineares e sua implementação: pilhas, filas e listas');
INSERT INTO DegreeClassTopicTranslations(degreeClassTopic, language, description) VALUES (219, 'PT_PT', 'Árvores binárias e algoritmos associados');
INSERT INTO DegreeClassTopicTranslations(degreeClassTopic, language, description) VALUES (220, 'PT_PT', 'Tabelas de dispersão e algoritmos de manipulação');
INSERT INTO DegreeClassTopicTranslations(degreeClassTopic, language, description) VALUES (221, 'PT_PT', 'Filas de prioridade');
INSERT INTO DegreeClassTopicTranslations(degreeClassTopic, language, description) VALUES (222, 'PT_PT', 'Árvores equilibradas');
INSERT INTO DegreeClassTopicTranslations(degreeClassTopic, language, description) VALUES (223, 'PT_PT', 'Árvores AVL e "Splay"');
INSERT INTO DegreeClassTopicTranslations(degreeClassTopic, language, description) VALUES (211, 'EN_UK', 'Object-Oriented Programming');
INSERT INTO DegreeClassTopicTranslations(degreeClassTopic, language, description) VALUES (212, 'EN_UK', 'Inheritance and Polymorphism');
INSERT INTO DegreeClassTopicTranslations(degreeClassTopic, language, description) VALUES (213, 'EN_UK', 'UML Basics');
INSERT INTO DegreeClassTopicTranslations(degreeClassTopic, language, description) VALUES (214, 'EN_UK', 'Algorithm Analysis: Classes and Complexity');
INSERT INTO DegreeClassTopicTranslations(degreeClassTopic, language, description) VALUES (215, 'EN_UK', 'Search and Sorting Algorithms');
INSERT INTO DegreeClassTopicTranslations(degreeClassTopic, language, description) VALUES (216, 'EN_UK', 'Abstract Data Types');
INSERT INTO DegreeClassTopicTranslations(degreeClassTopic, language, description) VALUES (217, 'EN_UK', 'Iterators');
INSERT INTO DegreeClassTopicTranslations(degreeClassTopic, language, description) VALUES (218, 'EN_UK', 'Linear Data Structures and their Implementation: Stacks, Queues and Lists');
INSERT INTO DegreeClassTopicTranslations(degreeClassTopic, language, description) VALUES (219, 'EN_UK', 'Binary Trees and Associated Algorithms');
INSERT INTO DegreeClassTopicTranslations(degreeClassTopic, language, description) VALUES (220, 'EN_UK', 'Hash Tables and Manipulation Algorithms');
INSERT INTO DegreeClassTopicTranslations(degreeClassTopic, language, description) VALUES (221, 'EN_UK', 'Priority Queues');
INSERT INTO DegreeClassTopicTranslations(degreeClassTopic, language, description) VALUES (222, 'EN_UK', 'Balanced Trees');
INSERT INTO DegreeClassTopicTranslations(degreeClassTopic, language, description) VALUES (223, 'EN_UK', 'AVL Trees and Splay Trees');

INSERT INTO DegreeClasses(id, year, semester, ects , isOptional, degree) VALUES (16, 2, 1, 6, false, 1);
INSERT INTO DegreeClassTranslations(degreeClass, language, name, description) VALUES  (16, 'PT_PT', 'Laboratório de Computadores' , 'Os objectivos da unidade curricular são dotar os estudantes com conhecimentos essenciais para serem capazes de:\n- utilizar a interface de "hardware" dos periféricos mais habituais de um PC;\n- desenvolver "software" de baixo nível e de "software" embebido para a plataforma PC;\n- usarem a linguagem de programação C de modo estruturado;\n- utilizarem várias ferramentas de desenvolvimento de software.');
INSERT INTO DegreeClassTopics(id, degreeClass, ordering) VALUES (224, 16, 1);
INSERT INTO DegreeClassTopics(id, degreeClass, ordering) VALUES (225, 16, 2);
INSERT INTO DegreeClassTopics(id, degreeClass, ordering) VALUES (226, 16, 3);
INSERT INTO DegreeClassTopics(id, degreeClass, ordering) VALUES (227, 16, 4);
INSERT INTO DegreeClassTopics(id, degreeClass, ordering) VALUES (228, 16, 5);
INSERT INTO DegreeClassTopics(id, degreeClass, ordering) VALUES (229, 16, 6);
INSERT INTO DegreeClassTopics(id, degreeClass, ordering) VALUES (230, 16, 7);
INSERT INTO DegreeClassTopics(id, degreeClass, ordering) VALUES (231, 16, 8);
INSERT INTO DegreeClassTopics(id, degreeClass, ordering) VALUES (232, 16, 9);
INSERT INTO DegreeClassTopics(id, degreeClass, ordering) VALUES (233, 16, 10);
INSERT INTO DegreeClassTopics(id, degreeClass, ordering) VALUES (234, 16, 11);
INSERT INTO DegreeClassTopics(id, degreeClass, ordering) VALUES (235, 16, 12);
INSERT INTO DegreeClassTopics(id, degreeClass, ordering) VALUES (236, 16, 13);
INSERT INTO DegreeClassTopicTranslations(degreeClassTopic, language, description) VALUES (224, 'PT_PT', 'Periféricos de entrada/saída e seus modos de funcionamento');
INSERT INTO DegreeClassTopicTranslations(degreeClassTopic, language, description) VALUES (225, 'PT_PT', 'Mapeamento directo no espaço de endereçamento de memória');
INSERT INTO DegreeClassTopicTranslations(degreeClassTopic, language, description) VALUES (226, 'PT_PT', 'Acesso a periféricos no modo \"polled\" e por interrupção');
INSERT INTO DegreeClassTopicTranslations(degreeClassTopic, language, description) VALUES (227, 'PT_PT', 'Interrupções nos processadores IA-32, o controlador de interrupções do PC, escrita de rotinas de interrupção em Assembly e em C');
INSERT INTO DegreeClassTopicTranslations(degreeClassTopic, language, description) VALUES (228, 'PT_PT', 'Periféricos típicos de um PC, como o teclado, o rato, a placa gráfica, o relógio de tempo real, o temporizador, o altifalante, a porta de série');
INSERT INTO DegreeClassTopicTranslations(degreeClassTopic, language, description) VALUES (229, 'PT_PT', 'Programação na linguagem C: principais diferenças em relação à linguagem C++, métodos para estruturação do código');
INSERT INTO DegreeClassTopicTranslations(degreeClassTopic, language, description) VALUES (230, 'PT_PT', 'Organização da memória em execução');
INSERT INTO DegreeClassTopicTranslations(degreeClassTopic, language, description) VALUES (231, 'PT_PT', 'Funções: mecanismo de chamada, passagem de parâmetros, armazenamento local e retorno de valores');
INSERT INTO DegreeClassTopicTranslations(degreeClassTopic, language, description) VALUES (232, 'PT_PT', 'Programação baseada em eventos');
INSERT INTO DegreeClassTopicTranslations(degreeClassTopic, language, description) VALUES (233, 'PT_PT', 'Programação combinada em C e "assembly" dos processadores IA-32');
INSERT INTO DegreeClassTopicTranslations(degreeClassTopic, language, description) VALUES (234, 'PT_PT', 'Criação e utilização de bibliotecas');
INSERT INTO DegreeClassTopicTranslations(degreeClassTopic, language, description) VALUES (235, 'PT_PT', 'Ligação estática de código objecto');
INSERT INTO DegreeClassTopicTranslations(degreeClassTopic, language, description) VALUES (236, 'PT_PT', 'Utilização de ferramentas de desenvolvimento de software: cc, make, db, ar, prof, diff, patch, SVN');
INSERT INTO DegreeClassTopicTranslations(degreeClassTopic, language, description) VALUES (224, 'EN_UK', 'Input/Output Peripherals and their Operating Modes');
INSERT INTO DegreeClassTopicTranslations(degreeClassTopic, language, description) VALUES (225, 'EN_UK', 'Direct Memory Addressing');
INSERT INTO DegreeClassTopicTranslations(degreeClassTopic, language, description) VALUES (226, 'EN_UK', 'Polled and Interrupt-Driven Peripheral Access');
INSERT INTO DegreeClassTopicTranslations(degreeClassTopic, language, description) VALUES (227, 'EN_UK', 'Interrupts in IA-32 Processors, PC Interrupt Controller, Writing Interrupt Routines in Assembly and C');
INSERT INTO DegreeClassTopicTranslations(degreeClassTopic, language, description) VALUES (228, 'EN_UK', 'Typical PC Peripherals, such as Keyboard, Mouse, Graphics Card, Real-Time Clock, Timer, Speaker, Serial Port');
INSERT INTO DegreeClassTopicTranslations(degreeClassTopic, language, description) VALUES (229, 'EN_UK', 'C Language Programming: Main Differences from C++, Code Structuring Methods');
INSERT INTO DegreeClassTopicTranslations(degreeClassTopic, language, description) VALUES (230, 'EN_UK', 'Runtime Memory Organization');
INSERT INTO DegreeClassTopicTranslations(degreeClassTopic, language, description) VALUES (231, 'EN_UK', 'Functions: Call Mechanism, Parameter Passing, Local Storage and Return Values');
INSERT INTO DegreeClassTopicTranslations(degreeClassTopic, language, description) VALUES (232, 'EN_UK', 'Event-Driven Programming');
INSERT INTO DegreeClassTopicTranslations(degreeClassTopic, language, description) VALUES (233, 'EN_UK', 'Combined C and IA-32 Assembly Programming');
INSERT INTO DegreeClassTopicTranslations(degreeClassTopic, language, description) VALUES (234, 'EN_UK', 'Creating and Using Libraries');
INSERT INTO DegreeClassTopicTranslations(degreeClassTopic, language, description) VALUES (235, 'EN_UK', 'Static Linking of Object Code');
INSERT INTO DegreeClassTopicTranslations(degreeClassTopic, language, description) VALUES (236, 'EN_UK', 'Using Software Development Tools: cc, make, db, ar, prof, diff, patch, SVN');

INSERT INTO DegreeClasses(id, year, semester, ects , isOptional, degree) VALUES (17, 2, 2, 6, false, 1);
INSERT INTO DegreeClassTranslations(degreeClass, language, name, description) VALUES  (17, 'PT_PT', 'Bases de Dados' , 'Este é um curso introdutório sobre bases de dados. Aborda o paradigma relacional. Abrange o desenho (modelo UML), construção (linguagem de definição de dados SQL), consulta (linguagem de manipulação de dados SQL) e gestão (optimização, controlo de acesso e políticas de concorrência) de bases de dados relacionais. Introduz, ainda, o conceito de bases de dados multi-dimensionais, bases de dados NoSQL e modelos de dados semi-estruturados.');
INSERT INTO DegreeClassTopics(id, degreeClass, ordering) VALUES (237, 17, 1);
INSERT INTO DegreeClassTopics(id, degreeClass, ordering) VALUES (238, 17, 2);
INSERT INTO DegreeClassTopics(id, degreeClass, ordering) VALUES (239, 17, 3);
INSERT INTO DegreeClassTopics(id, degreeClass, ordering) VALUES (240, 17, 4);
INSERT INTO DegreeClassTopics(id, degreeClass, ordering) VALUES (241, 17, 5);
INSERT INTO DegreeClassTopics(id, degreeClass, ordering) VALUES (242, 17, 6);
INSERT INTO DegreeClassTopics(id, degreeClass, ordering) VALUES (243, 17, 7);
INSERT INTO DegreeClassTopics(id, degreeClass, ordering) VALUES (244, 17, 8);
INSERT INTO DegreeClassTopics(id, degreeClass, ordering) VALUES (245, 17, 9);
INSERT INTO DegreeClassTopics(id, degreeClass, ordering) VALUES (246, 17, 10);
INSERT INTO DegreeClassTopics(id, degreeClass, ordering) VALUES (247, 17, 11);
INSERT INTO DegreeClassTopics(id, degreeClass, ordering) VALUES (248, 17, 12);
INSERT INTO DegreeClassTopicTranslations(degreeClassTopic, language, description) VALUES (237, 'PT_PT', 'Diagrama de classes UML');
INSERT INTO DegreeClassTopicTranslations(degreeClassTopic, language, description) VALUES (238, 'PT_PT', 'Modelo entidade-associação (E-R)');
INSERT INTO DegreeClassTopicTranslations(degreeClassTopic, language, description) VALUES (239, 'PT_PT', 'Modelo relacional, normalização e mapeamento de UML e E-R para relacional');
INSERT INTO DegreeClassTopicTranslations(degreeClassTopic, language, description) VALUES (240, 'PT_PT', 'Linguagem de definição de dados SQL e restricões de integridade');
INSERT INTO DegreeClassTopicTranslations(degreeClassTopic, language, description) VALUES (241, 'PT_PT', 'Álgebra relacional como linguagem de interrogação');
INSERT INTO DegreeClassTopicTranslations(degreeClassTopic, language, description) VALUES (242, 'PT_PT', 'Linguagem de manipulação de dados SQL');
INSERT INTO DegreeClassTopicTranslations(degreeClassTopic, language, description) VALUES (243, 'PT_PT', 'Vistas e índices');
INSERT INTO DegreeClassTopicTranslations(degreeClassTopic, language, description) VALUES (244, 'PT_PT', 'Desenho de interfaces');
INSERT INTO DegreeClassTopicTranslations(degreeClassTopic, language, description) VALUES (245, 'PT_PT', 'SQL na arquitectura cliente-servidor');
INSERT INTO DegreeClassTopicTranslations(degreeClassTopic, language, description) VALUES (246, 'PT_PT', 'Controlo de acessos');
INSERT INTO DegreeClassTopicTranslations(degreeClassTopic, language, description) VALUES (247, 'PT_PT', 'Transacções, controlo de concorrência e recuperação');
INSERT INTO DegreeClassTopicTranslations(degreeClassTopic, language, description) VALUES (248, 'PT_PT', 'Armazéns de dados');
INSERT INTO DegreeClassTopicTranslations(degreeClassTopic, language, description) VALUES (237, 'EN_UK', 'UML Class Diagram');
INSERT INTO DegreeClassTopicTranslations(degreeClassTopic, language, description) VALUES (238, 'EN_UK', 'Entity-Relationship (E-R) Model');
INSERT INTO DegreeClassTopicTranslations(degreeClassTopic, language, description) VALUES (239, 'EN_UK', 'Relational Model, Normalization and Mapping from UML and E-R to Relational');
INSERT INTO DegreeClassTopicTranslations(degreeClassTopic, language, description) VALUES (240, 'EN_UK', 'SQL Data Definition Language and Integrity Constraints');
INSERT INTO DegreeClassTopicTranslations(degreeClassTopic, language, description) VALUES (241, 'EN_UK', 'Relational Algebra as a Query Language');
INSERT INTO DegreeClassTopicTranslations(degreeClassTopic, language, description) VALUES (242, 'EN_UK', 'SQL Data Manipulation Language');
INSERT INTO DegreeClassTopicTranslations(degreeClassTopic, language, description) VALUES (243, 'EN_UK', 'Views and Indexes');
INSERT INTO DegreeClassTopicTranslations(degreeClassTopic, language, description) VALUES (244, 'EN_UK', 'Interface Design');
INSERT INTO DegreeClassTopicTranslations(degreeClassTopic, language, description) VALUES (245, 'EN_UK', 'SQL in Client-Server Architecture');
INSERT INTO DegreeClassTopicTranslations(degreeClassTopic, language, description) VALUES (246, 'EN_UK', 'Access Control');
INSERT INTO DegreeClassTopicTranslations(degreeClassTopic, language, description) VALUES (247, 'EN_UK', 'Transactions, Concurrency Control and Recovery');
INSERT INTO DegreeClassTopicTranslations(degreeClassTopic, language, description) VALUES (248, 'EN_UK', 'Data Warehouses');

INSERT INTO DegreeClasses(id, year, semester, ects , isOptional, degree) VALUES (18, 2, 2, 6, false, 1);
INSERT INTO DegreeClassTranslations(degreeClass, language, name, description) VALUES  (18, 'PT_PT', 'Concepção e Análise de Algoritmos' , 'Esta Unidade Curricular tem por objectivo complementar e aprofundar os conhecimentos assimilados nas disciplinas de "Programação" e de "Algoritmos e Estruturas de Dados", nomeadamente pela introdução de técnicas de concepção e implementação de algoritmos eficientes para a resolução de diferentes tipos de problemas, assim como a sua análise e avaliação.');
INSERT INTO DegreeClassTopics(id, degreeClass, ordering) VALUES (249, 18, 1);
INSERT INTO DegreeClassTopics(id, degreeClass, ordering) VALUES (250, 18, 2);
INSERT INTO DegreeClassTopics(id, degreeClass, ordering) VALUES (251, 18, 3);
INSERT INTO DegreeClassTopics(id, degreeClass, ordering) VALUES (252, 18, 4);
INSERT INTO DegreeClassTopics(id, degreeClass, ordering) VALUES (253, 18, 5);
INSERT INTO DegreeClassTopics(id, degreeClass, ordering) VALUES (254, 18, 6);
INSERT INTO DegreeClassTopics(id, degreeClass, ordering) VALUES (255, 18, 7);
INSERT INTO DegreeClassTopics(id, degreeClass, ordering) VALUES (256, 18, 8);
INSERT INTO DegreeClassTopics(id, degreeClass, ordering) VALUES (257, 18, 9);
INSERT INTO DegreeClassTopics(id, degreeClass, ordering) VALUES (258, 18, 10);
INSERT INTO DegreeClassTopics(id, degreeClass, ordering) VALUES (259, 18, 11);
INSERT INTO DegreeClassTopics(id, degreeClass, ordering) VALUES (260, 18, 12);
INSERT INTO DegreeClassTopics(id, degreeClass, ordering) VALUES (261, 18, 13);
INSERT INTO DegreeClassTopicTranslations(degreeClassTopic, language, description) VALUES (249, 'PT_PT', 'Técnicas de concepção de algoritmos: divisão e conquista');
INSERT INTO DegreeClassTopicTranslations(degreeClassTopic, language, description) VALUES (250, 'PT_PT', 'Técnicas de concepção de algoritmos: algoritmos gananciosos ("greedy")');
INSERT INTO DegreeClassTopicTranslations(degreeClassTopic, language, description) VALUES (251, 'PT_PT', 'Técnicas de concepção de algoritmos: programação dinâmica');
INSERT INTO DegreeClassTopicTranslations(degreeClassTopic, language, description) VALUES (252, 'PT_PT', 'Técnicas de concepção de algoritmos: algoritmos de retrocesso ("backtracking")');
INSERT INTO DegreeClassTopicTranslations(degreeClassTopic, language, description) VALUES (253, 'PT_PT', 'Técnicas de concepção de algoritmos: algoritmos probabilísticos');
INSERT INTO DegreeClassTopicTranslations(degreeClassTopic, language, description) VALUES (254, 'PT_PT', 'Representação e formalização de algoritmos');
INSERT INTO DegreeClassTopicTranslations(degreeClassTopic, language, description) VALUES (255, 'PT_PT', 'Análise da complexidade de algoritmos (temporal e espacial)');
INSERT INTO DegreeClassTopicTranslations(degreeClassTopic, language, description) VALUES (256, 'PT_PT', 'Verificação e correcção dos algoritmos');
INSERT INTO DegreeClassTopicTranslations(degreeClassTopic, language, description) VALUES (257, 'PT_PT', 'Estruturas de dados avançadas: filas de prioridade com alteração de prioridade');
INSERT INTO DegreeClassTopicTranslations(degreeClassTopic, language, description) VALUES (258, 'PT_PT', 'Estruturas de dados avançadas: conjuntos disjuntos');
INSERT INTO DegreeClassTopicTranslations(degreeClassTopic, language, description) VALUES (259, 'PT_PT', 'Algoritmos eficientes em grafos: visita em largura e em profundidade; ordenação topológica; componentes biconexos; componentes fortemente conexos; caminho mais curto; árvore de expansão mínima; fluxo máximo e fluxo máximo de custo mínimo em redes de transporte; circuito de Euler e problema do carteiro chinês; problemas de emparelhamento ("matching") e casamentos estáveis');
INSERT INTO DegreeClassTopicTranslations(degreeClassTopic, language, description) VALUES (260, 'PT_PT', 'Algoritmos em "strings": pesquisa exacta ("string matching"); pesquisa aproximada; "substring" comum mais comprida; compressão de texto');
INSERT INTO DegreeClassTopicTranslations(degreeClassTopic, language, description) VALUES (261, 'PT_PT', 'Problemas intratáveis: redução de problemas; teoria dos problemas NP-completos; exemplos de problemas intratáveis em grafos; algoritmos que fornecem soluções aproximadas em tempo polinomial para alguns problemas');
INSERT INTO DegreeClassTopicTranslations(degreeClassTopic, language, description) VALUES (249, 'EN_UK', 'Algorithm Design Techniques: Divide and Conquer');
INSERT INTO DegreeClassTopicTranslations(degreeClassTopic, language, description) VALUES (250, 'EN_UK', 'Algorithm Design Techniques: Greedy Algorithms');
INSERT INTO DegreeClassTopicTranslations(degreeClassTopic, language, description) VALUES (251, 'EN_UK', 'Algorithm Design Techniques: Dynamic Programming');
INSERT INTO DegreeClassTopicTranslations(degreeClassTopic, language, description) VALUES (252, 'EN_UK', 'Algorithm Design Techniques: Backtracking Algorithms');
INSERT INTO DegreeClassTopicTranslations(degreeClassTopic, language, description) VALUES (253, 'EN_UK', 'Algorithm Design Techniques: Probabilistic Algorithms');
INSERT INTO DegreeClassTopicTranslations(degreeClassTopic, language, description) VALUES (254, 'EN_UK', 'Algorithm Representation and Formalization');
INSERT INTO DegreeClassTopicTranslations(degreeClassTopic, language, description) VALUES (255, 'EN_UK', 'Algorithm Complexity Analysis (Time and Space)');
INSERT INTO DegreeClassTopicTranslations(degreeClassTopic, language, description) VALUES (256, 'EN_UK', 'Algorithm Verification and Correction');
INSERT INTO DegreeClassTopicTranslations(degreeClassTopic, language, description) VALUES (257, 'EN_UK', 'Advanced Data Structures: Priority Queues with Priority Change');
INSERT INTO DegreeClassTopicTranslations(degreeClassTopic, language, description) VALUES (258, 'EN_UK', 'Advanced Data Structures: Disjoint Sets');
INSERT INTO DegreeClassTopicTranslations(degreeClassTopic, language, description) VALUES (259, 'EN_UK', 'Efficient Graph Algorithms: Breadth-First and Depth-First Search; Topological Sorting; Biconnected Components; Strongly Connected Components; Shortest Path; Minimum Spanning Tree; Maximum Flow and Minimum Cost Maximum Flow in Transportation Networks; Eulerian Circuit and Chinese Postman Problem; Matching and Stable Marriage Problems');
INSERT INTO DegreeClassTopicTranslations(degreeClassTopic, language, description) VALUES (260, 'EN_UK', 'String Algorithms: Exact Search (String Matching); Approximate Search; Longest Common Substring; Text Compression');
INSERT INTO DegreeClassTopicTranslations(degreeClassTopic, language, description) VALUES (261, 'EN_UK', 'Intractable Problems: Problem Reduction; NP-Completeness Theory; Examples of Intractable Graph Problems; Algorithms that Provide Polynomial-Time Approximate Solutions for Some Problems');

INSERT INTO DegreeClasses(id, year, semester, ects , isOptional, degree) VALUES (19, 2, 2, 6, false, 1);
INSERT INTO DegreeClassTranslations(degreeClass, language, name, description) VALUES  (19, 'PT_PT', 'Computação Gráfica' , 'Transmitir o conhecimento de conceitos, técnicas, algoritmos, tecnologias e arquitecturas de Computação Gráfica.\n - Reforçar os conhecimentos teóricos com a sua aplicação prática, por meio da implementação, teste e avaliação de algoritmos abordados em teoria.');
INSERT INTO DegreeClassTopics(id, degreeClass, ordering) VALUES (262, 19, 1);
INSERT INTO DegreeClassTopics(id, degreeClass, ordering) VALUES (263, 19, 2);
INSERT INTO DegreeClassTopics(id, degreeClass, ordering) VALUES (264, 19, 3);
INSERT INTO DegreeClassTopics(id, degreeClass, ordering) VALUES (265, 19, 4);
INSERT INTO DegreeClassTopics(id, degreeClass, ordering) VALUES (266, 19, 5);
INSERT INTO DegreeClassTopics(id, degreeClass, ordering) VALUES (267, 19, 6);
INSERT INTO DegreeClassTopics(id, degreeClass, ordering) VALUES (268, 19, 7);
INSERT INTO DegreeClassTopics(id, degreeClass, ordering) VALUES (269, 19, 8);
INSERT INTO DegreeClassTopicTranslations(degreeClassTopic, language, description) VALUES (262, 'PT_PT', 'Panorâmica da Computação Gráfica e suas aplicações.');
INSERT INTO DegreeClassTopicTranslations(degreeClassTopic, language, description) VALUES (263, 'PT_PT', 'Síntese de Imagem de cenas 3D: iluminação local e iluminação global,cálculo de visibilidade');
INSERT INTO DegreeClassTopicTranslations(degreeClassTopic, language, description) VALUES (264, 'PT_PT', 'Representação de cor em Computação Gráfica');
INSERT INTO DegreeClassTopicTranslations(degreeClassTopic, language, description) VALUES (265, 'PT_PT', 'Transformações geométricas 2D/3D');
INSERT INTO DegreeClassTopicTranslations(degreeClassTopic, language, description) VALUES (266, 'PT_PT', 'Modelação: malhas poligonais 3D, curvas, superfícies e sólidos');
INSERT INTO DegreeClassTopicTranslations(degreeClassTopic, language, description) VALUES (267, 'PT_PT', 'Interacção');
INSERT INTO DegreeClassTopicTranslations(degreeClassTopic, language, description) VALUES (268, 'PT_PT', 'Conceitos para o desenvolvimento de interfaces gráficas');
INSERT INTO DegreeClassTopicTranslations(degreeClassTopic, language, description) VALUES (269, 'PT_PT', 'Computação Gráfica 2D: algoritmos de rasterização, transformações geométricas 2D e visualização 2D');
INSERT INTO DegreeClassTopicTranslations(degreeClassTopic, language, description) VALUES (262, 'EN_UK', 'Overview of Computer Graphics and its applications.');
INSERT INTO DegreeClassTopicTranslations(degreeClassTopic, language, description) VALUES (263, 'EN_UK', 'Image Synthesis of 3D scenes: local and global illumination, visibility calculation');
INSERT INTO DegreeClassTopicTranslations(degreeClassTopic, language, description) VALUES (264, 'EN_UK', 'Color Representation in Computer Graphics');
INSERT INTO DegreeClassTopicTranslations(degreeClassTopic, language, description) VALUES (265, 'EN_UK', '2D/3D Geometric Transformations');
INSERT INTO DegreeClassTopicTranslations(degreeClassTopic, language, description) VALUES (266, 'EN_UK', 'Modeling: 3D polygonal meshes, curves, surfaces and solids');
INSERT INTO DegreeClassTopicTranslations(degreeClassTopic, language, description) VALUES (267, 'EN_UK', 'Interaction');
INSERT INTO DegreeClassTopicTranslations(degreeClassTopic, language, description) VALUES (268, 'EN_UK', 'Concepts for the development of graphical interfaces');
INSERT INTO DegreeClassTopicTranslations(degreeClassTopic, language, description) VALUES (269, 'EN_UK', '2D Computer Graphics: rasterization algorithms, 2D geometric transformations and 2D visualization');

INSERT INTO DegreeClasses(id, year, semester, ects , isOptional, degree) VALUES (20, 2, 2, 6, false, 1);
INSERT INTO DegreeClassTranslations(degreeClass, language, name, description) VALUES  (20, 'PT_PT', 'Sistemas Operativos' , 'Os objectivos principais desta unidade curricular são fornecer os conhecimentos fundamentais sobre:\n- a estrutura e o funcionamento de um sistema operativo;\n- a utilização da interface de programação (API) de um sistema operativo real.');
INSERT INTO DegreeClassTopics(id, degreeClass, ordering) VALUES (270, 20, 1);
INSERT INTO DegreeClassTopics(id, degreeClass, ordering) VALUES (271, 20, 2);
INSERT INTO DegreeClassTopics(id, degreeClass, ordering) VALUES (272, 20, 3);
INSERT INTO DegreeClassTopics(id, degreeClass, ordering) VALUES (273, 20, 4);
INSERT INTO DegreeClassTopics(id, degreeClass, ordering) VALUES (274, 20, 5);
INSERT INTO DegreeClassTopics(id, degreeClass, ordering) VALUES (275, 20, 6);
INSERT INTO DegreeClassTopics(id, degreeClass, ordering) VALUES (276, 20, 7);
INSERT INTO DegreeClassTopics(id, degreeClass, ordering) VALUES (277, 20, 8);
INSERT INTO DegreeClassTopics(id, degreeClass, ordering) VALUES (278, 20, 9);
INSERT INTO DegreeClassTopics(id, degreeClass, ordering) VALUES (279, 20, 10);
INSERT INTO DegreeClassTopics(id, degreeClass, ordering) VALUES (280, 20, 11);
INSERT INTO DegreeClassTopics(id, degreeClass, ordering) VALUES (281, 20, 12);
INSERT INTO DegreeClassTopics(id, degreeClass, ordering) VALUES (282, 20, 13);
INSERT INTO DegreeClassTopics(id, degreeClass, ordering) VALUES (283, 20, 14);
INSERT INTO DegreeClassTopics(id, degreeClass, ordering) VALUES (284, 20, 15);
INSERT INTO DegreeClassTopics(id, degreeClass, ordering) VALUES (285, 20, 16);
INSERT INTO DegreeClassTopics(id, degreeClass, ordering) VALUES (286, 20, 17);
INSERT INTO DegreeClassTopics(id, degreeClass, ordering) VALUES (287, 20, 18);
INSERT INTO DegreeClassTopics(id, degreeClass, ordering) VALUES (288, 20, 19);
INSERT INTO DegreeClassTopics(id, degreeClass, ordering) VALUES (289, 20, 20);
INSERT INTO DegreeClassTopicTranslations(degreeClassTopic, language, description) VALUES (270, 'PT_PT', 'Objectivos e funções de um S.O. ');
INSERT INTO DegreeClassTopicTranslations(degreeClassTopic, language, description) VALUES (271, 'PT_PT', 'Evolução dos sistemas operativos e estrutura dos S.O. modernos');
INSERT INTO DegreeClassTopicTranslations(degreeClassTopic, language, description) VALUES (272, 'PT_PT', 'Abstrações suportadas por um S.O. e sua interface de programação ');
INSERT INTO DegreeClassTopicTranslations(degreeClassTopic, language, description) VALUES (273, 'PT_PT', 'Necessidades de suporte e de protecção de hardware');
INSERT INTO DegreeClassTopicTranslations(degreeClassTopic, language, description) VALUES (274, 'PT_PT', 'Processos e "threads", a sua descrição e estados de um processo ');
INSERT INTO DegreeClassTopicTranslations(degreeClassTopic, language, description) VALUES (275, 'PT_PT', 'Estratégias de escalonamento');
INSERT INTO DegreeClassTopicTranslations(degreeClassTopic, language, description) VALUES (276, 'PT_PT', 'Execução concorrente: problemas e soluções ');
INSERT INTO DegreeClassTopicTranslations(degreeClassTopic, language, description) VALUES (277, 'PT_PT', 'Mecanismos de sincronização entre processos ');
INSERT INTO DegreeClassTopicTranslations(degreeClassTopic, language, description) VALUES (278, 'PT_PT', 'Bloqueio mútuo ');
INSERT INTO DegreeClassTopicTranslations(degreeClassTopic, language, description) VALUES (279, 'PT_PT', 'Gestão básica de memória.');
INSERT INTO DegreeClassTopicTranslations(degreeClassTopic, language, description) VALUES (280, 'PT_PT', 'Sistemas de memória virtual: paginação e segmentação ');
INSERT INTO DegreeClassTopicTranslations(degreeClassTopic, language, description) VALUES (281, 'PT_PT', 'Implementação de memória virtual; estratégias de alocação/libertação de memória ');
INSERT INTO DegreeClassTopicTranslations(degreeClassTopic, language, description) VALUES (282, 'PT_PT', 'Hardware e software de entrada/saída ');
INSERT INTO DegreeClassTopicTranslations(degreeClassTopic, language, description) VALUES (283, 'PT_PT', 'Abstracção das diferenças entre dispositivos. ');
INSERT INTO DegreeClassTopicTranslations(degreeClassTopic, language, description) VALUES (284, 'PT_PT', 'Interface do sistema de ficheiros ');
INSERT INTO DegreeClassTopicTranslations(degreeClassTopic, language, description) VALUES (285, 'PT_PT', 'Implementação do sistema de ficheiros; gestão do disco');
INSERT INTO DegreeClassTopicTranslations(degreeClassTopic, language, description) VALUES (286, 'PT_PT', 'Linux: Manipulação de ficheiros e directórios');
INSERT INTO DegreeClassTopicTranslations(degreeClassTopic, language, description) VALUES (287, 'PT_PT', 'Linux: Criação e gestão de processos e "threads"');
INSERT INTO DegreeClassTopicTranslations(degreeClassTopic, language, description) VALUES (288, 'PT_PT', 'Linux: Intercomunicação entre processos: sinais, "pipes", FIFOs, e memória partilhada');
INSERT INTO DegreeClassTopicTranslations(degreeClassTopic, language, description) VALUES (289, 'PT_PT', 'Linux: Sincronização entre processos e "threads": semáforos, mutexes e variáveis de condição.');
INSERT INTO DegreeClassTopicTranslations(degreeClassTopic, language, description) VALUES (270, 'EN_UK', 'Objectives and functions of an OS');
INSERT INTO DegreeClassTopicTranslations(degreeClassTopic, language, description) VALUES (271, 'EN_UK', 'Evolution of operating systems and structure of modern OS');
INSERT INTO DegreeClassTopicTranslations(degreeClassTopic, language, description) VALUES (272, 'EN_UK', 'Abstractions supported by an OS and its programming interface');
INSERT INTO DegreeClassTopicTranslations(degreeClassTopic, language, description) VALUES (273, 'EN_UK', 'Hardware support and protection needs');
INSERT INTO DegreeClassTopicTranslations(degreeClassTopic, language, description) VALUES (274, 'EN_UK', 'Processes and threads, their description and process states');
INSERT INTO DegreeClassTopicTranslations(degreeClassTopic, language, description) VALUES (275, 'EN_UK', 'Scheduling strategies');
INSERT INTO DegreeClassTopicTranslations(degreeClassTopic, language, description) VALUES (276, 'EN_UK', 'Concurrent execution: problems and solutions');
INSERT INTO DegreeClassTopicTranslations(degreeClassTopic, language, description) VALUES (277, 'EN_UK', 'Inter-process synchronization mechanisms');
INSERT INTO DegreeClassTopicTranslations(degreeClassTopic, language, description) VALUES (278, 'EN_UK', 'Deadlock');
INSERT INTO DegreeClassTopicTranslations(degreeClassTopic, language, description) VALUES (279, 'EN_UK', 'Basic memory management.');
INSERT INTO DegreeClassTopicTranslations(degreeClassTopic, language, description) VALUES (280, 'EN_UK', 'Virtual memory systems: paging and segmentation');
INSERT INTO DegreeClassTopicTranslations(degreeClassTopic, language, description) VALUES (281, 'EN_UK', 'Virtual memory implementation; memory allocation/deallocation strategies');
INSERT INTO DegreeClassTopicTranslations(degreeClassTopic, language, description) VALUES (282, 'EN_UK', 'Input/output hardware and software');
INSERT INTO DegreeClassTopicTranslations(degreeClassTopic, language, description) VALUES (283, 'EN_UK', 'Abstraction of differences between devices.');
INSERT INTO DegreeClassTopicTranslations(degreeClassTopic, language, description) VALUES (284, 'EN_UK', 'File system interface');
INSERT INTO DegreeClassTopicTranslations(degreeClassTopic, language, description) VALUES (285, 'EN_UK', 'File system implementation; disk management');
INSERT INTO DegreeClassTopicTranslations(degreeClassTopic, language, description) VALUES (286, 'EN_UK', 'Linux: File and directory manipulation');
INSERT INTO DegreeClassTopicTranslations(degreeClassTopic, language, description) VALUES (287, 'EN_UK', 'Linux: Process and thread creation and management');
INSERT INTO DegreeClassTopicTranslations(degreeClassTopic, language, description) VALUES (288, 'EN_UK', 'Linux: Inter-process communication: signals, pipes, FIFOs, and shared memory');
INSERT INTO DegreeClassTopicTranslations(degreeClassTopic, language, description) VALUES (289, 'EN_UK', 'Linux: Process and thread synchronization: semaphores, mutexes, and condition variables.');

INSERT INTO DegreeClasses(id, year, semester, ects , isOptional, degree) VALUES (21, 2, 2, 6, false, 1);
INSERT INTO DegreeClassTranslations(degreeClass, language, name, description) VALUES  (21, 'PT_PT', 'Laboratório de Programação Orientada por Objectos' , 'Desenvolver e aprofundar as competências de programação orientada por objectos, numa linguagem orientada por objectos moderna (Java), representativa das linguagens utilizadas para desenvolvimento de software aplicacional.\nDesenvolver competências de desenho orientado por objectos, usando a linguagem UML e aplicando bons princípios e padrões de desenho.\nAprender a desenvolver aplicações com interface gráfica e a utilizar bibliotecas extensas.\nAdquirir o hábito de seguir boas práticas de desenvolvimento de software (desenvolvimento iterativo, testes unitários, "debugging", "refactoring", SCV, programação em pares, etc.).');
INSERT INTO DegreeClassTopics(id, degreeClass, ordering) VALUES (290, 21, 1);
INSERT INTO DegreeClassTopics(id, degreeClass, ordering) VALUES (291, 21, 2);
INSERT INTO DegreeClassTopics(id, degreeClass, ordering) VALUES (292, 21, 3);
INSERT INTO DegreeClassTopics(id, degreeClass, ordering) VALUES (293, 21, 4);
INSERT INTO DegreeClassTopics(id, degreeClass, ordering) VALUES (294, 21, 5);
INSERT INTO DegreeClassTopics(id, degreeClass, ordering) VALUES (295, 21, 6);
INSERT INTO DegreeClassTopics(id, degreeClass, ordering) VALUES (296, 21, 7);
INSERT INTO DegreeClassTopics(id, degreeClass, ordering) VALUES (297, 21, 8);
INSERT INTO DegreeClassTopics(id, degreeClass, ordering) VALUES (298, 21, 9);
INSERT INTO DegreeClassTopics(id, degreeClass, ordering) VALUES (299, 21, 10);
INSERT INTO DegreeClassTopics(id, degreeClass, ordering) VALUES (300, 21, 11);
INSERT INTO DegreeClassTopicTranslations(degreeClassTopic, language, description) VALUES (290, 'PT_PT', 'A linguagem Java: elementos da linguagem, diferenças em relação a C++ e novas características de Java 8 (expressões lambda, etc.).');
INSERT INTO DegreeClassTopicTranslations(degreeClassTopic, language, description) VALUES (291, 'PT_PT', 'Testes unitários e desenvolvimento guiado por testes ("test-driven development") com JUnit, ferramentas de análise de cobertura e ferramentas de teste de mutação.');
INSERT INTO DegreeClassTopicTranslations(degreeClassTopic, language, description) VALUES (292, 'PT_PT', 'Bibliotecas do Java (Java API): visão geral, colecções, interfaces gráficas e entrada/saída');
INSERT INTO DegreeClassTopicTranslations(degreeClassTopic, language, description) VALUES (293, 'PT_PT', 'Desenho orientado por objectos com UML: princípios de desenho orientado por objectos; diagramas de classes, sequência e estados');
INSERT INTO DegreeClassTopicTranslations(degreeClassTopic, language, description) VALUES (294, 'PT_PT', 'Desenvolvimento conduzido por modelos ("model-driven development")');
INSERT INTO DegreeClassTopicTranslations(degreeClassTopic, language, description) VALUES (295, 'PT_PT', 'Padrões de desenho ("design patterns")');
INSERT INTO DegreeClassTopicTranslations(degreeClassTopic, language, description) VALUES (296, 'PT_PT', 'Refabricação de código ("refactoring") e "code smells"');
INSERT INTO DegreeClassTopicTranslations(degreeClassTopic, language, description) VALUES (297, 'PT_PT', 'Introdução ao desenvolvimento de aplicações móveis para Android');
INSERT INTO DegreeClassTopicTranslations(degreeClassTopic, language, description) VALUES (298, 'PT_PT', 'Introdução a "multithreading", "remote method invocation" e animações em Java');
INSERT INTO DegreeClassTopicTranslations(degreeClassTopic, language, description) VALUES (299, 'PT_PT', 'Reflexão, informação dinâmica de tipos e metaprogramação');
INSERT INTO DegreeClassTopicTranslations(degreeClassTopic, language, description) VALUES (300, 'PT_PT', 'Ferramentas de análise dinâmica de programas ("debugging", "profiling")');
INSERT INTO DegreeClassTopicTranslations(degreeClassTopic, language, description) VALUES (290, 'EN_UK', 'The Java Language: language elements, differences from C++ and new features in Java 8 (lambda expressions, etc.).');
INSERT INTO DegreeClassTopicTranslations(degreeClassTopic, language, description) VALUES (291, 'EN_UK', 'Unit testing and test-driven development with JUnit, coverage analysis tools and mutation testing tools.');
INSERT INTO DegreeClassTopicTranslations(degreeClassTopic, language, description) VALUES (292, 'EN_UK', 'Java Libraries (Java API): overview, collections, graphical user interfaces and input/output');
INSERT INTO DegreeClassTopicTranslations(degreeClassTopic, language, description) VALUES (293, 'EN_UK', 'Object-oriented design with UML: object-oriented design principles; class, sequence and state diagrams');
INSERT INTO DegreeClassTopicTranslations(degreeClassTopic, language, description) VALUES (294, 'EN_UK', 'Model-driven development');
INSERT INTO DegreeClassTopicTranslations(degreeClassTopic, language, description) VALUES (295, 'EN_UK', 'Design patterns');
INSERT INTO DegreeClassTopicTranslations(degreeClassTopic, language, description) VALUES (296, 'EN_UK', 'Code refactoring and code smells');
INSERT INTO DegreeClassTopicTranslations(degreeClassTopic, language, description) VALUES (297, 'EN_UK', 'Introduction to Android mobile application development');
INSERT INTO DegreeClassTopicTranslations(degreeClassTopic, language, description) VALUES (298, 'EN_UK', 'Introduction to multithreading, remote method invocation and animations in Java');
INSERT INTO DegreeClassTopicTranslations(degreeClassTopic, language, description) VALUES (299, 'EN_UK', 'Reflection, dynamic type information and metaprogramming');
INSERT INTO DegreeClassTopicTranslations(degreeClassTopic, language, description) VALUES (300, 'EN_UK', 'Program dynamic analysis tools (debugging, profiling)');

-- UPorto 3rd year

INSERT INTO DegreeClasses(id, year, semester, ects , isOptional, degree) VALUES (22, 3, 1, 4.5, false, 1);
INSERT INTO DegreeClassTranslations(degreeClass, language, name, description) VALUES  (22, 'PT_PT', 'Programação em Lógica' , 'Adquirir familiaridade com os paradigmas da Programação em Lógica e da Programação com Restrições. Desenvolver as capacidades de raciocínio abstracto e de representação de problemas de forma declarativa.');
INSERT INTO DegreeClassTopics(id, degreeClass, ordering) VALUES (301, 22, 1);
INSERT INTO DegreeClassTopics(id, degreeClass, ordering) VALUES (302, 22, 2);
INSERT INTO DegreeClassTopics(id, degreeClass, ordering) VALUES (303, 22, 3);
INSERT INTO DegreeClassTopics(id, degreeClass, ordering) VALUES (304, 22, 4);
INSERT INTO DegreeClassTopics(id, degreeClass, ordering) VALUES (305, 22, 5);
INSERT INTO DegreeClassTopics(id, degreeClass, ordering) VALUES (306, 22, 6);
INSERT INTO DegreeClassTopics(id, degreeClass, ordering) VALUES (307, 22, 7);
INSERT INTO DegreeClassTopics(id, degreeClass, ordering) VALUES (308, 22, 8);
INSERT INTO DegreeClassTopics(id, degreeClass, ordering) VALUES (309, 22, 9);
INSERT INTO DegreeClassTopics(id, degreeClass, ordering) VALUES (310, 22, 10);
INSERT INTO DegreeClassTopicTranslations(degreeClassTopic, language, description) VALUES (301, 'PT_PT', 'Fundações da Programação em Lógica: Lógica proposicional. Lógica de predicados. Regras de inferência. Cláusulas de Horn. Unificação. Resolução. Forma normal conjuntiva.');
INSERT INTO DegreeClassTopicTranslations(degreeClassTopic, language, description) VALUES (302, 'PT_PT', 'Fundações da Programação em Lógica: Conceito de programação em lógica. Origens do Prolog.');
INSERT INTO DegreeClassTopicTranslations(degreeClassTopic, language, description) VALUES (303, 'PT_PT', 'Conceitos da Programação em Lógica: Cláusulas. Predicados. Factos. Perguntas. Regras. Variáveis lógicas. Instanciação.');
INSERT INTO DegreeClassTopicTranslations(degreeClassTopic, language, description) VALUES (304, 'PT_PT', 'Conceitos da Programação em Lógica: Programação em lógica e bases de dados. Recursividade. Listas. Árvores. Expressões simbólicas.');
INSERT INTO DegreeClassTopicTranslations(degreeClassTopic, language, description) VALUES (305, 'PT_PT', 'Conceitos da Programação em Lógica: Execução de um programa em lógica. Algoritmo da unificação. Interpretador abstracto. Traçados. Árvores de pesquisa. Negação.');
INSERT INTO DegreeClassTopicTranslations(degreeClassTopic, language, description) VALUES (306, 'PT_PT', 'A Linguagem Prolog: Modelo de execução. Backtracking. Ordem das regras e dos objectivos. Terminação.');
INSERT INTO DegreeClassTopicTranslations(degreeClassTopic, language, description) VALUES (307, 'PT_PT', 'A Linguagem Prolog: Aritmética. Iteração. Inspecção de estruturas. Predicados meta-lógicos. Controlo: cuts e negação. Predicados extra-lógicos.');
INSERT INTO DegreeClassTopicTranslations(degreeClassTopic, language, description) VALUES (308, 'PT_PT', 'Técnicas Avançadas de Programação em Prolog: Programação não determinística. Estruturas de dados incompletas. Meta-interpretadores. Técnicas de pesquisa.');
INSERT INTO DegreeClassTopicTranslations(degreeClassTopic, language, description) VALUES (309, 'PT_PT', 'Programação em Lógica com Restrições: Restrições. Satisfação de restrições. Restrições em domínios finitos.');
INSERT INTO DegreeClassTopicTranslations(degreeClassTopic, language, description) VALUES (310, 'PT_PT', 'Programação em Lógica com Restrições: Programação em lógica com restrições (PLR). Controlo da pesquisa. Ordenação de variáveis e valores. Modelização de problemas em PLR. Programação com restrições no SICStus Prolog.');
INSERT INTO DegreeClassTopicTranslations(degreeClassTopic, language, description) VALUES (301, 'EN_UK', 'Foundations of Logic Programming: Propositional logic. Predicate logic. Inference rules. Horn clauses. Unification. Resolution. Conjunctive normal form.');
INSERT INTO DegreeClassTopicTranslations(degreeClassTopic, language, description) VALUES (302, 'EN_UK', 'Foundations of Logic Programming: Concept of logic programming. Origins of Prolog.');
INSERT INTO DegreeClassTopicTranslations(degreeClassTopic, language, description) VALUES (303, 'EN_UK', 'Concepts of Logic Programming: Clauses. Predicates. Facts. Queries. Rules. Logical variables. Instantiation.');
INSERT INTO DegreeClassTopicTranslations(degreeClassTopic, language, description) VALUES (304, 'EN_UK', 'Concepts of Logic Programming: Logic programming and databases. Recursion. Lists. Trees. Symbolic expressions.');
INSERT INTO DegreeClassTopicTranslations(degreeClassTopic, language, description) VALUES (305, 'EN_UK', 'Concepts of Logic Programming: Execution of a logic program. Unification algorithm. Abstract interpreter. Traces. Search trees. Negation.');
INSERT INTO DegreeClassTopicTranslations(degreeClassTopic, language, description) VALUES (306, 'EN_UK', 'The Prolog Language: Execution model. Backtracking. Order of rules and goals. Termination.');
INSERT INTO DegreeClassTopicTranslations(degreeClassTopic, language, description) VALUES (307, 'EN_UK', 'The Prolog Language: Arithmetic. Iteration. Structure inspection. Meta-logical predicates. Control: cuts and negation. Extra-logical predicates.');
INSERT INTO DegreeClassTopicTranslations(degreeClassTopic, language, description) VALUES (308, 'EN_UK', 'Advanced Prolog Programming Techniques: Non-deterministic programming. Incomplete data structures. Meta-interpreters. Search techniques.');
INSERT INTO DegreeClassTopicTranslations(degreeClassTopic, language, description) VALUES (309, 'EN_UK', 'Constraint Logic Programming: Constraints. Constraint satisfaction. Constraints over finite domains.');
INSERT INTO DegreeClassTopicTranslations(degreeClassTopic, language, description) VALUES (310, 'EN_UK', 'Constraint Logic Programming: Constraint logic programming (CLP). Search control. Variable and value ordering. Modeling problems in CLP. Constraint programming in SICStus Prolog.');


INSERT INTO DegreeClasses(id, year, semester, ects , isOptional, degree) VALUES (23, 3, 1, 6, false, 1);
INSERT INTO DegreeClassTranslations(degreeClass, language, name, description) VALUES  (23, 'PT_PT', 'Laboratório de Aplicações com Interface Gráfica' , 'Esta unidade curricular tem por objectivo principal desenvolver um conjunto de competências práticas, algumas já tratadas em unidades curriculares anteriores num contexto mais teórico. Foca-se em trabalhos práticos de desenvolvimento, tendencialmente multidisciplinares, nomeadamente nas áreas de Computação Gráfica e Interfaces, de Programação em Lógica e de Sistemas Operativos.');

INSERT INTO DegreeClasses(id, year, semester, ects , isOptional, degree) VALUES (24, 3, 1, 6, false, 1);
INSERT INTO DegreeClassTranslations(degreeClass, language, name, description) VALUES  (24, 'PT_PT', 'Engenharia de Software' , 'No final da unidade curricular, os estudantes deverão ser capazes de:\n- descrever os princípios, conceitos e práticas da engenharia de software e do ciclo de vida do software;\n- conhecer e saber aplicar as técnicas e ferramentas necessárias para executar e gerir as várias actividades do processo de desenvolvimento de software de qualidade;\n- explicar os métodos e processos de construção de diferentes tipos de sistemas de software.');

INSERT INTO DegreeClasses(id, year, semester, ects , isOptional, degree) VALUES (25, 3, 1, 6, false, 1);
INSERT INTO DegreeClassTranslations(degreeClass, language, name, description) VALUES  (25, 'PT_PT', 'Redes de Computadores' , 'Redes de Computadores (RCOM) é a unidade curricular que introduz os estudantes no domínio de conhecimento das redes de comunicações. Os conceitos fundamentais endereçados em RCOM incluem os seguintes: canais de comunicação e controlo da ligação de dados, modelos de erro e atraso, comunicações multi-acesso, encaminhamento, controlo de fluxo e controlo de congestionamento. As principais tecnologias discutidas em RCOM são a Ethernet comutada, a Wireless LAN 802.11, a Internet e a pilha de comunicações TCP/IP. As implementações e projectos a desenvolver em RCOM incluem um protocolo de ligação de dados com controlo de fluxo, uma aplicação a funcionar em modo cliente, e a configuração e teste de redes Ethernet e IP.');

INSERT INTO DegreeClasses(id, year, semester, ects , isOptional, degree) VALUES (26, 3, 2, 7.5, false, 1);
INSERT INTO DegreeClassTranslations(degreeClass, language, name, description) VALUES  (26, 'PT_PT', 'Linguagens e Tecnologias Web' , 'Pretende-se, nesta disciplina, que os alunos desenvolvam competências nas linguagens e tecnologias WEB mais significativas, no contexto tecnológico actual, ou que foram determinantes no processo evolutivo da WEB.');

INSERT INTO DegreeClasses(id, year, semester, ects , isOptional, degree) VALUES (27, 3, 2, 6, false, 1);
INSERT INTO DegreeClassTranslations(degreeClass, language, name, description) VALUES  (27, 'PT_PT', 'Laboratório de Bases de Dados e Aplicações Web' , 'A unidade curricular de LBAW tem como objectivo sedimentar as matérias expostas nas unidades curriculares de bases de dados e linguagens e tecnologias web. Esta unidade curricular oferece uma perspectiva prática sobre duas áreas centrais da engenharia informática.\nNesta unidade curricular pretende-se dotar os estudantes da capacidade de projectar e desenvolver sistemas de informação acessíveis através da web e suportados por sistemas de gestão de bases de dados.');

INSERT INTO DegreeClasses(id, year, semester, ects , isOptional, degree) VALUES (28, 3, 2, 6, false, 1);
INSERT INTO DegreeClassTranslations(degreeClass, language, name, description) VALUES  (28, 'PT_PT', 'Inteligência Artificial' , 'Esta unidade curricular apresenta um conjunto de assuntos nucleares para a área dos Sistemas Inteligentes.\nOs seu objectivos são:\n- Saber o que caracteriza e distingue a IA e qual a sua aplicabilidade.\n- Saber como Representar, Adquirir, Manipular e Aplicar Conhecimento usando Sistemas Computacionais.\n- Desenvolver um pequeno projecto usando técnicas de IA.');

INSERT INTO DegreeClasses(id, year, semester, ects , isOptional, degree) VALUES (29, 3, 2, 6, false, 1);
INSERT INTO DegreeClassTranslations(degreeClass, language, name, description) VALUES  (29, 'PT_PT', 'Compiladores' , 'Fornecer os conceitos que permitam:\n- compreender as fases de compilação de linguagens, em especial das linguagens imperativas e orientada por objectos;\n- especificar a sintaxe e semântica de uma linguagem de programação;\n- compreender e utilizar as estruturas de dados e os algoritmos principais usados na implementação de compiladores.');

INSERT INTO DegreeClasses(id, year, semester, ects , isOptional, degree) VALUES (30, 3, 2, 6, false, 1);
INSERT INTO DegreeClassTranslations(degreeClass, language, name, description) VALUES  (30, 'PT_PT', 'Sistemas Distribuídos' , 'Esta unidade curricular tem dois objectivos fundamentais:\ndotar os estudantes com conhecimentos teóricos sobre sistemas distribuídos para que possam tomar decisões correctas quando confrontados com a necessidade de implementar um sistema desta natureza;\ndotar os estudantes com conhecimentos práticos para que possa desenvolver e tirar partido dos sistemas distribuídos.');

INSERT INTO DegreeClasses(id, year, semester, ects , isOptional, degree) VALUES (31, 3, 2, 4.5, false, 1);
INSERT INTO DegreeClassTranslations(degreeClass, language, name, description) VALUES  (31, 'PT_PT', 'Proficiência Pessoal e Interpessoal' , 'Identificar e adquirir os conhecimentos essenciais para saber como maximizar progressivamente as condições de êxito do desempenho pessoal e interpessoal.Ter consciência da importância de saber utilizar competências complementares (soft skills) e de realizar mudanças evolutivas de forma a desenvolver um perfil profissional que contribua para melhorar continuamente a futura atividade do engenheiro informático.');

-- UPorto 4th year

INSERT INTO DegreeClasses(id, year, semester, ects , isOptional, degree) VALUES (32, 4, 1, 4.5, false, 1);
INSERT INTO DegreeClassTranslations(degreeClass, language, name, description) VALUES  (32, 'PT_PT', 'Sistemas de Informação' , 'Interpretar, Classificar e Explicar:\n- Processo de vendas e Procurement gerido por um ERP;\n- a forma como o SI contribui para a Construção de Valor numa organização, com especial foco no ERP e em outros com o qual o ERP se integra (e.g.: sistema de execução fabril e gestão de armazém);\n- Tendências tecnológicas e o seu impacto nos sistemas de informação empresariais (Cloud Computing, Big Data, a nova Internet).');

INSERT INTO DegreeClasses(id, year, semester, ects , isOptional, degree) VALUES (33, 4, 1, 7.5, false, 1);
INSERT INTO DegreeClassTranslations(degreeClass, language, name, description) VALUES  (33, 'PT_PT', 'Laboratório de Desenvolvimento de Software' , 'Objectivos: dotar os alunos para serem capazes de definir e aplicar um processo de desenvolvimento de software, utilizando práticas ágeis, ferramentas tipicas de desenvolvimento de software, em equipa.');

INSERT INTO DegreeClasses(id, year, semester, ects , isOptional, degree) VALUES (34, 4, 1, 6, false, 1);
INSERT INTO DegreeClassTranslations(degreeClass, language, name, description) VALUES  (34, 'PT_PT', 'Gestão de Empresas' , 'A unidade curricular tem por objectivo desenvolver competências na área da Gestão, integrando uma sólida componente teórica, baseada na apresentação e discussão de conceitos e metodologias, com a sua aplicação à análise e à discussão de casos de estudo.');

INSERT INTO DegreeClasses(id, year, semester, ects , isOptional, degree) VALUES (35, 4, 1, 6, false, 1);
INSERT INTO DegreeClassTranslations(degreeClass, language, name, description) VALUES  (35, 'PT_PT', 'Agentes e Inteligência Artificial Distribuída' , 'A unidade curricular assume-se como de Engenharia (evidenciando apenas a teoria essencial para se entender as aplicações práticas) e proporciona uma perspectiva global das técnicas associadas à especificação e desenvolvimento de Agentes computacionais bem como realça a sua relevância prática apresentando exemplos de aplicação.');

INSERT INTO DegreeClasses(id, year, semester, ects , isOptional, degree) VALUES (36, 4, 1, 6, false, 1);
INSERT INTO DegreeClassTranslations(degreeClass, language, name, description) VALUES  (36, 'PT_PT', 'Métodos Formais em Engenharia de Software' , 'Desenvolver as capacidades de abstracção de forma a descrever o que o sistema deve fazer e não a maneira de o fazer. Estar familiarizados com os métodos formais e forma como eles podem contribuir para aumentar a qualidade dos sistemas de software.');

INSERT INTO DegreeClasses(id, year, semester, ects , isOptional, degree) VALUES (37, 4, 2, 4.5, false, 1);
INSERT INTO DegreeClassTranslations(degreeClass, language, name, description) VALUES  (37, 'PT_PT', 'Investigação Operacional' , 'Dotar os alunos com competências para:\n- identificar problemas de decisão;\n- aplicar as várias fases de resolução de um problema de decisão, em particular, a definição e estruturação de problemas, a construção de modelos e a utilização de métodos quatitativoas para a obtenção da solução;\n- analisar de forma crítica a solução obtida;\n- perceber a importância do papel de agente de mudança nas organizações.');

INSERT INTO DegreeClasses(id, year, semester, ects , isOptional, degree) VALUES (38, 4, 2, 7.5, false, 1);
INSERT INTO DegreeClassTranslations(degreeClass, language, name, description) VALUES  (38, 'PT_PT', 'Laboratório de Gestão de Projectos' , 'No final da Unidade Curricular os estudantes deverão ser capazes de:\n- Identificar a necessidade de recurso à gestão de projectos bem como a importância do seu enquadramento estratégico;\n- Identificar os diferentes referenciais normativos e metodologias para a gestão de projectos;\n- Identificar e definir as áreas de processo e variáveis da gestão de projectos;\n- Aplicar metodologias e ferramentas de gestão de projecto e trabalho em equipa;\n- Aplicar conceitos e ferramentas de gestão da qualidade a projectos;\n- Identificar e gerir os riscos inerentes a um projectco.');

INSERT INTO DegreeClasses(id, year, semester, ects , isOptional, degree) VALUES (39, 4, 2, 6, true, 1);
INSERT INTO DegreeClassTranslations(degreeClass, language, name, description) VALUES  (39, 'PT_PT', 'Arquitectura de Sistemas de Software' , 'A disciplina de Arquitecturas de Sistemas de Software tem como objectivo principal introduzir os conceitos de arquitecturas de software, padrões de desenho e tópicos directamente relacionados, tais como o de componentes de software.');

INSERT INTO DegreeClasses(id, year, semester, ects , isOptional, degree) VALUES (40, 4, 2, 6, true, 1);
INSERT INTO DegreeClassTranslations(degreeClass, language, name, description) VALUES  (40, 'PT_PT', 'Arquitectura e Gestão de Redes e Sistemas' , 'Esta unidade curricular tem como objectivo que os estudantes adquiriram competências no planeamento e gestão integrada de infra-estruturas de rede, sistemas e serviços.');

INSERT INTO DegreeClasses(id, year, semester, ects , isOptional, degree) VALUES (41, 4, 2, 6, true, 1);
INSERT INTO DegreeClassTranslations(degreeClass, language, name, description) VALUES  (41, 'PT_PT', 'Computação Paralela' , 'Aquisição de conhecimentos conducentes à utilização simultânea de várias unidades de processamento num sistema de computação. Construção de bases sólidas sobre arquitecturas paralelas, paralelização de algoritmos, modelos de programação, sincronização de processos e medidas de desempenho, através do desenvolvimento de programas.');

INSERT INTO DegreeClasses(id, year, semester, ects , isOptional, degree) VALUES (42, 4, 2, 6, true, 1);
INSERT INTO DegreeClassTranslations(degreeClass, language, name, description) VALUES  (42, 'PT_PT', 'Comunicações Móveis' , 'Nesta UC são discutidos os aspectos fundamentais do funcionamento de redes de comunicações móveis, as tecnologias de comunicações móveis mais importantes, e técnicas de engenharia e de projecto de redes de comunicações móveis.');

INSERT INTO DegreeClasses(id, year, semester, ects , isOptional, degree) VALUES (43, 4, 2, 6, true, 1);
INSERT INTO DegreeClassTranslations(degreeClass, language, name, description) VALUES  (43, 'PT_PT', 'Desenvolvimento de Jogos de Computador' , 'O objectivo desta unidade curricular é transmitir o conhecimento sobre o processo de desenvolvimento de jogos de computador, com ênfase particular nos aspectos relacionados com a programação dos diversos módulos que compõem um motor de jogo.');

INSERT INTO DegreeClasses(id, year, semester, ects , isOptional, degree) VALUES (44, 4, 2, 6, true, 1);
INSERT INTO DegreeClassTranslations(degreeClass, language, name, description) VALUES  (44, 'PT_PT', 'Engenharia de Requisitos de Sistemas de Software' , '');

INSERT INTO DegreeClasses(id, year, semester, ects , isOptional, degree) VALUES (45, 4, 2, 6, true, 1);
INSERT INTO DegreeClassTranslations(degreeClass, language, name, description) VALUES  (45, 'PT_PT', 'Gestão de Operações e Logística' , 'Dotar os alunos com competências para planear, gerir e levar a cabo um processo de análise e especificação de requisitos de um sistema de software.');

INSERT INTO DegreeClasses(id, year, semester, ects , isOptional, degree) VALUES (46, 4, 2, 6, true, 1);
INSERT INTO DegreeClassTranslations(degreeClass, language, name, description) VALUES  (46, 'PT_PT', 'Linguagens de Anotação e Processamento de Documentos' , 'Esta unidade curricular foca-se na obtenção de linguagens de anotação para um dado domínio e na realização de aplicações baseadas em linguagens de anotação e tem por objectivos:\n- Sensibilizar os estudantes para as múltiplas aplicações não triviais das linguagens de anotação;\n- Familiarizar os estudantes com as tecnologias de processamento e armazenamento de informação semi-estruturada;\n- Aplicar as tecnologias de anotação na definição de uma linguagem e na resolução de um problema com recurso ao desenvolvimento de uma aplicação.');

INSERT INTO DegreeClasses(id, year, semester, ects , isOptional, degree) VALUES (47, 4, 2, 6, true, 1);
INSERT INTO DegreeClassTranslations(degreeClass, language, name, description) VALUES  (47, 'PT_PT', 'Marketing' , 'A unidade curricular tem por objectivo desenvolver competências na área da Gestão de Marketing, integrando uma sólida componente teórica, baseada na apresentação e discussão de conceitos e metodologias, com a sua aplicação ao desenvolvimento de um plano de marketing e à discussão de casos de estudo.');

INSERT INTO DegreeClasses(id, year, semester, ects , isOptional, degree) VALUES (48, 4, 2, 6, true, 1);
INSERT INTO DegreeClassTranslations(degreeClass, language, name, description) VALUES  (48, 'PT_PT', 'Modelação e Simulação de Sistemas' , 'Os objectivos da disciplina são:\n- Apresentar os conceitos básicos de modelação e simulação (computacional) e as suas diversas áreas de aplicação;\n- Apresentar as principais fases do ciclo de vida de um projecto de simulação, desde a fase de modelação até a análise e aplicação dos resultados;\n- Apresentar os principais tipos de modelos e a sua adequação ao tratamento de diferentes problemas.');

INSERT INTO DegreeClasses(id, year, semester, ects , isOptional, degree) VALUES (49, 4, 2, 6, true, 1);
INSERT INTO DegreeClassTranslations(degreeClass, language, name, description) VALUES  (49, 'PT_PT', 'Multimédia e Novos Serviços' , 'São objectivos da unidade curricular:\na) apresentar os conceitos, os serviços e as aplicações multimédia e hipermédia;\nb) apresentar as técnicas de codificação e representação da informação multimédia;\nc) introduzir as ferramentas de desenvolvimento de aplicações; d) desenvolver aplicações.');

INSERT INTO DegreeClasses(id, year, semester, ects , isOptional, degree) VALUES (50, 4, 2, 6, true, 1);
INSERT INTO DegreeClassTranslations(degreeClass, language, name, description) VALUES  (50, 'PT_PT', 'Segurança em Sistemas Informáticos' , 'Esta Unidade Curricular tem por âmbito o estudo da problemática de segurança de sistemas Informáticos, de forma a fornecer aos estudantes um painel básico dos conceitos e das ameaças e defesas de uma utilização abusiva e destrutiva de tais sistemas.');

INSERT INTO DegreeClasses(id, year, semester, ects , isOptional, degree) VALUES (51, 4, 2, 6, true, 1);
INSERT INTO DegreeClassTranslations(degreeClass, language, name, description) VALUES  (51, 'PT_PT', 'Sistemas Embutidos e de Tempo Real' , 'Esta UC tem por objectivo dotar os alunos com capacidade de desenvolver sistemas embebidos com requisitos de tempo-real, recorrendo, se necessário, a sistemas operativos de tempo-real.');

INSERT INTO DegreeClasses(id, year, semester, ects , isOptional, degree) VALUES (52, 4, 2, 6, true, 1);
INSERT INTO DegreeClassTranslations(degreeClass, language, name, description) VALUES  (52, 'PT_PT', 'Tecnologias de Bases de Dados' , 'Esta UC tem por objectivo habilitar os alunos a desenvolver e administrar grandes bases de dados, nomeadamente a afinar o esquema físico, a optimizar interrogações SQL, a tirar partido das extensões à manipulação de objectos e à tecnologia XML e a recuperar e replicar dados.');

INSERT INTO DegreeClasses(id, year, semester, ects , isOptional, degree) VALUES (53, 4, 2, 6, true, 1);
INSERT INTO DegreeClassTranslations(degreeClass, language, name, description) VALUES  (53, 'PT_PT', 'Tecnologias de Distribuição e Integração' , 'Os objectivos principais da unidade curricular incluem:\n- a aquisição de conhecimento e prática dos conceitos essenciais do projecto e arquitectura de aplicaçãoes distribuídas empresariais;\n- aplicação dos principais padrões e tecnologias, consoante os requisitos e funcionalidades dos cenários finais;\n- conhecimaento detalhado de várias tecnologias, com vista à sua implementação fluente, e à sua interoperabilidade e integração.');

-- UPorto 5th year

INSERT INTO DegreeClasses(id, year, semester, ects , isOptional, degree) VALUES (54, 5, 1, 6, false, 1);
INSERT INTO DegreeClassTranslations(degreeClass, language, name, description) VALUES  (54, 'PT_PT', 'Preparação da Dissertação' , 'A unidade curricular \"Preparação de Dissertação\" acompanha o processo de organização e trabalho preliminar da dissertação do Mestrado Integrado em Engenharia Informática e Computação. Os estudantes completam PDIS antes do semestre em que a dissertação é realizada a tempo inteiro. O esforço da unidade é o equivalente a 6 ECTS (1/5 de semestre a tempo inteiro) e é ocupado com a escolha e familiarização com o tema da dissertação, com o estudo do estado da arte no domínio da dissertação e com a realização de trabalho preliminar que permita no semestre da dissertação um trabalho intenso, bem focado e com boa apresentação de resultados.');

INSERT INTO DegreeClasses(id, year, semester, ects , isOptional, degree) VALUES (55, 5, 1, 6, true, 1);
INSERT INTO DegreeClassTranslations(degreeClass, language, name, description) VALUES  (55, 'PT_PT', 'Análise de Projectos de Investimento' , 'O objectivo desta disciplina é dotar os alunos do conhecimento das metodologias-base para a análise da viabilidade económica e financeira de projectos de investimento.');

INSERT INTO DegreeClasses(id, year, semester, ects , isOptional, degree) VALUES (56, 5, 1, 6, true, 1);
INSERT INTO DegreeClassTranslations(degreeClass, language, name, description) VALUES  (56, 'PT_PT', 'Armazéns de Dados' , 'O objectvo da UC Armazém de Dadtos é dotar os alunos da capacidade de projectar, implementar e explorar armazéns de dados (data warehouses).');

INSERT INTO DegreeClasses(id, year, semester, ects , isOptional, degree) VALUES (57, 5, 1, 6, true, 1);
INSERT INTO DegreeClassTranslations(degreeClass, language, name, description) VALUES  (57, 'PT_PT', 'Computação Móvel' , 'Os objectivos principais desta unidade curricular visam a aquisição de conhecimento e prática dos conceitos essenciais do projecto, arquitectura e implementação de aplicações, principalmente empresariais, em dispositivos móveis, utilizando APIs de grande divulgação corrente.');

INSERT INTO DegreeClasses(id, year, semester, ects , isOptional, degree) VALUES (58, 5, 1, 6, true, 1);
INSERT INTO DegreeClassTranslations(degreeClass, language, name, description) VALUES  (58, 'PT_PT', 'Descrição, Armazenamento e Pesquisa de Informação' , 'A unidade curricular "Descrição, Armazenamento e Pesquisa de Informação" tem como objectivo:\n-Sensibilizar os estudantes para os problemas do armazenamento e organização de grandes coleções de dados;\n-Familiarizar os estudantes com os conceitos principais na pesquisa de documentos textuais e da sua aplicação em ferramentas;\n-Explorar os métodos e ferramentas para a descrição de recursos na web e para o uso da descrição em aplicações que fazem uso do significado dos dados.');

INSERT INTO DegreeClasses(id, year, semester, ects , isOptional, degree) VALUES (59, 5, 1, 6, true, 1);
INSERT INTO DegreeClassTranslations(degreeClass, language, name, description) VALUES  (59, 'PT_PT', 'Extracção de Conhecimento e Aprendizagem Computacional' , 'Os objectivos desta UC são:\n-Motivar para a utilização de técnicas de extração de conhecimento (EC) de dados, ou data mining, no apoio à decisão.\n-Desenvolver a capacidade de utilizar corretamente essas técnicas para análise automática de grandes quantidades de dados.');

INSERT INTO DegreeClasses(id, year, semester, ects , isOptional, degree) VALUES (60, 5, 1, 6, true, 1);
INSERT INTO DegreeClassTranslations(degreeClass, language, name, description) VALUES  (60, 'PT_PT', 'Interacção Pessoa-Computador' , 'O principal objectivo da disciplina é o de preparar os estudantes para analisarem e projectarem as componentes interactivas dos sistemas, em particular da interface com os utilizadores, de uma forma adequada às suas necessidades, considerando o curto, médio e longo prazo.');

INSERT INTO DegreeClasses(id, year, semester, ects , isOptional, degree) VALUES (61, 5, 1, 6, true, 1);
INSERT INTO DegreeClassTranslations(degreeClass, language, name, description) VALUES  (61, 'PT_PT', 'Metodologias Ágeis de Desenvolvimento de Software' , 'Os principais objectivos da unidade curricular é dotar os estudantes de conhecimentos e experiência concreta na definição, utilização e refinamento de processos ágeis para a especificidade de um projecto.');

INSERT INTO DegreeClasses(id, year, semester, ects , isOptional, degree) VALUES (62, 5, 1, 6, true, 1);
INSERT INTO DegreeClassTranslations(degreeClass, language, name, description) VALUES  (62, 'PT_PT', 'Realidade Virtual e Aumentada' , 'Realidade Aumentada é uma tecnologia através da qual se pretende melhorar ou aumentar a visão que um utilizador tem do mundo real com imagens virtuais, usando técnicas de Visão por Computador e de Computação Gráfica/Realidade Virtual. O principal objectivo desta disciplina é transmitir aos alunos um conjunto de conhecimentos básicos destas técnicas, que lhes permitam prosseguir estudos mais avançados na área emergente da Realidade Aumentada, e a capacidade de realizar pequenos trabalhos ilustrativos das metodologias estudadas.');

INSERT INTO DegreeClasses(id, year, semester, ects , isOptional, degree) VALUES (63, 5, 1, 6, true, 1);
INSERT INTO DegreeClassTranslations(degreeClass, language, name, description) VALUES  (63, 'PT_PT', 'Robótica' , 'Os principais objectivos da UC Robótica são:\n-Compreender os conceitos básicos de Robótica e o enquadramento da Inteligência Artificial na Robótica.\n-Estudar métodos de perceção e interpretação sensorial (com ênfase na visão por computador)\n-Estudar os fundamentos da robótica cooperativa e da construção de equipas de robôs\n-Analisar as principais competições robóticas nacionais e internacionais, os simuladores robóticos mais realistas e as plataformas robóticas mais avançadas disponíveis no mercado.');

INSERT INTO DegreeClasses(id, year, semester, ects , isOptional, degree) VALUES (64, 5, 1, 6, true, 1);
INSERT INTO DegreeClassTranslations(degreeClass, language, name, description) VALUES  (64, 'PT_PT', 'Segurança em Sistemas Informáticos' , 'Esta Unidade Curricular tem por âmbito o estudo da problemática de segurança de sistemas Informáticos, de forma a fornecer aos estudantes um painel básico dos conceitos e das ameaças e defesas de uma utilização abusiva e destrutiva de tais sistemas.');

INSERT INTO DegreeClasses(id, year, semester, ects , isOptional, degree) VALUES (65, 5, 1, 6, true, 1);
INSERT INTO DegreeClassTranslations(degreeClass, language, name, description) VALUES  (65, 'PT_PT', 'Seminário de Engenharia de Software e Sistemas de Informação' , 'O objectivo fundamental desta unidade curricular é aprender, discutir e desenhar soluções para as várias problemáticas que surgem pela influência da engenharia de software (e do uso do software em geral) pelas pessoas e pela sociedade como um todo.');

INSERT INTO DegreeClasses(id, year, semester, ects , isOptional, degree) VALUES (66, 5, 1, 6, true, 1);
INSERT INTO DegreeClassTranslations(degreeClass, language, name, description) VALUES  (66, 'PT_PT', 'Seminário de Sistemas Inteligentes, Interacção e Multimédia' , 'Este Seminário tem como objectivos principais:\n-Tomar conhecimento e discutir sobre trabalhos de investigação em curso nas áreas dos Sistemas Inteligentes.\n-Tomar contacto com diferentes investigadores em Sistemas Inteligentes e, através deles, com vários grupos de investigação activos nos tópicos apresentados.');

INSERT INTO DegreeClasses(id, year, semester, ects , isOptional, degree) VALUES (67, 5, 1, 6, true, 1);
INSERT INTO DegreeClassTranslations(degreeClass, language, name, description) VALUES  (67, 'PT_PT', 'Serviços de Rede e de Sistema' , '(Não disponível)');

INSERT INTO DegreeClasses(id, year, semester, ects , isOptional, degree) VALUES (68, 5, 1, 6, true, 1);
INSERT INTO DegreeClassTranslations(degreeClass, language, name, description) VALUES  (68, 'PT_PT', 'Teste, Verificação e Validação de Software' , 'O objectivo desta unidade curricular é o de dotar os alunos com conhecimentos consolidados na área das redes de computadores sob uma prespectiva de projectores e gestores de uma rede, nomedadamente, constituição de várias sub-redes para satisfazer requisitos específicos de organizações e utilizadores, atribuição de gamas de enderecos IP, gestão de serviços de encaminhamento de pacotes dentro de um domínio e entre domínios, identificação de servicos de redes necessários, sua instalação e configuração.');

INSERT INTO DegreeClasses(id, year, semester, ects , isOptional, degree) VALUES (69, 5, 1, 6, true, 1);
INSERT INTO DegreeClassTranslations(degreeClass, language, name, description) VALUES  (69, 'PT_PT', 'Visão por Computador' , 'A visão por computador é uma área da ciência da computação focada na extracção de "informação útil" de imagens e vídeos. O objectivo da visão por computador é "descobrir a partir de imagens o que está presente no mundo, onde estão localizadas as coisas, que acções estão a ser executadas" (Marr,1982).');

INSERT INTO DegreeClasses(id, year, semester, ects , isOptional, degree) VALUES (70, 5, 2, 6, false, 1);
INSERT INTO DegreeClassTranslations(degreeClass, language, name, description) VALUES  (70, 'PT_PT', 'Dissertação' , 'Trabalho individual de investigação e desenvolvimento, conducente à elaboração de uma dissertação de natureza científica sobre um tema da área de conhecimento do curso, ou visando a integração e aplicação à resolução de problemas complexos de engenharia de conhecimentos, competências e atitudes adquiridos ao longo do curso.');


-- Degree Classes
-- Universidade de Coimbra

-- UCoimbra 1st year

INSERT INTO DegreeClasses(id, year, semester, ects , isOptional, degree) VALUES (71, 1, 1, 6, false, 2);
INSERT INTO DegreeClassTranslations(degreeClass, language, name, description) VALUES  (71, 'PT_PT', 'Análise Matemática' , 'Dotar os alunos dos conhecimentos básicos de Cálculo Diferencial e Integral para funções reais de uma variável real. Saber resolver equações diferenciais e aplicar os conhecimentos obtidos na modelação e resolução de problemas.');

INSERT INTO DegreeClasses(id, year, semester, ects , isOptional, degree) VALUES (72, 1, 1, 6, false, 2);
INSERT INTO DegreeClassTranslations(degreeClass, language, name, description) VALUES  (72, 'PT_PT', 'Estruturas Discretas' , 'Um curso de matemática discreta tem vários objectivos. Os estudantes deverão aprender um conjunto de factos matemáticos e como aplicá-los; mas, mais importante, deverão aprender a pensar matematicamente. Para tal, é realçado o raciocínio matemático e as diferentes formas de abordar e resolver problemas.');

INSERT INTO DegreeClasses(id, year, semester, ects , isOptional, degree) VALUES (73, 1, 1, 6, false, 2);
INSERT INTO DegreeClassTranslations(degreeClass, language, name, description) VALUES  (73, 'PT_PT', 'Introdução à Programação e Resolução de Problemas' , 'Aprender os princípios básicos de programação e gestão de dados num contexto de resolução de problemas. São exploradas as vertentes algorítmica e de modelação e manipulação de dados, sendo ainda introduzido contexto sobre sistemas informáticos em geral.');

INSERT INTO DegreeClasses(id, year, semester, ects , isOptional, degree) VALUES (74, 1, 1, 6, false, 2);
INSERT INTO DegreeClassTranslations(degreeClass, language, name, description) VALUES  (74, 'PT_PT', 'Tecnologia dos Computadores' , 'Tem como objectivos dar uma perspectiva geral das diversas áreas da informática. A componente prática concentra-se na aplicação de conceitos de electrónica digital utilizados no desenho de computadores.');

INSERT INTO DegreeClasses(id, year, semester, ects , isOptional, degree) VALUES (75, 1, 1, 6, false, 2);
INSERT INTO DegreeClassTranslations(degreeClass, language, name, description) VALUES  (75, 'PT_PT', 'Álgebra Linear e Geometria Analítica' , 'Dotar os alunos dos conhecimentos básicos de Álgebra Linear e Geometria Analítica. Nomeadamente, solucionar sistemas de equações lineares; efectuar operações algébricas com matrizes, compreender e relacionar conceitos e resultados fundamentais de espaços vectoriais, determinar projecções ortogonais e compreender a sua importância no contexto da optimização matemática, compreender e manusear os conceitos de valor próprio e a decomposição espectral de uma matriz');

INSERT INTO DegreeClasses(id, year, semester, ects , isOptional, degree) VALUES (76, 1, 2, 6, false, 2);
INSERT INTO DegreeClassTranslations(degreeClass, language, name, description) VALUES  (76, 'PT_PT', 'Análise Matemática II' , 'O objectivo principal é dotar os alunos dos conhecimentos básicos de Cálculo Diferencial e Integral para funções de várias variáveis reais e de Análise Complexa. Saber resolver equações diferenciais lineares de coeficientes constantes (recorrendo às transformadas de Laplace) e equações de diferenças (recorrendo às transformadas de Z) e aplicar esses conhecimentos na modelação e resolução de problemas.');

INSERT INTO DegreeClasses(id, year, semester, ects , isOptional, degree) VALUES (77, 1, 2, 6, false, 2);
INSERT INTO DegreeClassTranslations(degreeClass, language, name, description) VALUES  (77, 'PT_PT', 'Arquitectura de Computadores' , 'Proporcionar ao aluno uma noção global do funcionamento de um sistema computacional, na perspectiva do programador e do projectista de sistemas digitais, com especial enfoque em: (i) conhecimentos sobre arquitecturas de computadores actuais e compromissos que devem ser tidos em consideração no desenvolvimento de um sistema computacional; (ii) programação em linguagem Assembly; (iii) compreensão da forma como o software interage com o hardware e consequente consolidação das competências de programação em linguagem C.');

INSERT INTO DegreeClasses(id, year, semester, ects , isOptional, degree) VALUES (78, 1, 2, 6, false, 2);
INSERT INTO DegreeClassTranslations(degreeClass, language, name, description) VALUES  (78, 'PT_PT', 'Estatística' , 'Introduzir conhecimentos básicos em modelação de comportamentos padrão de fenómenos aleatórios em contextos de Engenharia ou Ciência, contribuindo para uma formação capaz de descrever, analisar e interpretar situações reais através de modelos matemáticos não deterministas.');

INSERT INTO DegreeClasses(id, year, semester, ects , isOptional, degree) VALUES (79, 1, 2, 6, false, 2);
INSERT INTO DegreeClassTranslations(degreeClass, language, name, description) VALUES  (79, 'PT_PT', 'Princípios de Programação Procedimental' , 'Permitir ao aluno adquirir um conjunto de conhecimentos sólidos sobre programação procedimental utilizando a linguagem C, com particular destaque para apontadores e estruturas de dados dinâmicas simples.');

INSERT INTO DegreeClasses(id, year, semester, ects , isOptional, degree) VALUES (80, 1, 2, 6, false, 2);
INSERT INTO DegreeClassTranslations(degreeClass, language, name, description) VALUES  (80, 'PT_PT', 'Tópicos de Física Moderna' , 'Transmitir aos alunos conceitos básicos e ferramentas de trabalho que permitem explicar, compreender e prever fenómenos em Física Clássica e em Física Quântica e a sua relação com Computação Quântica');

INSERT INTO DegreeClasses(id, year, semester, ects , isOptional, degree) VALUES (81, 2, 1, 6, false, 2);
INSERT INTO DegreeClassTranslations(degreeClass, language, name, description) VALUES  (81, 'PT_PT', 'Introdução às Redes de Comunicação' , 'A disciplina de Redes de Comunicações pretende dotar os estudantes de um largo espectro de conhecimento nas áreas das comunicações e de capacidades para projectarem soluções técnicas de elevado potencial.');

INSERT INTO DegreeClasses(id, year, semester, ects , isOptional, degree) VALUES (82, 2, 1, 6, false, 2);
INSERT INTO DegreeClassTranslations(degreeClass, language, name, description) VALUES  (82, 'PT_PT', 'Programação Orientada aos Objectos' , 'O objectivo desta disciplina é dar ao aluno um conjunto de conhecimentos sólidos em Programação Orientada aos Objectos. Estes conhecimentos não se cingirão à sintaxe de uma linguagem de programação particular, mas incluirão aspectos relativos à modelação orientada aos objectos, assim como à sua representação gráfica.');

INSERT INTO DegreeClasses(id, year, semester, ects , isOptional, degree) VALUES (83, 2, 1, 6, false, 2);
INSERT INTO DegreeClassTranslations(degreeClass, language, name, description) VALUES  (83, 'PT_PT', 'Sistemas Operativos' , 'O objectivo desta disciplina é dar a conhecer aos estudantes o funcionamento dos SO modernos e ao mesmo tempo dotar os estudantes das devidas capacidades para desenvolverem aplicações de sistema que façam uso directo do interface de programação do sistema operativo e que explorem as capacidades de concorrência e multi-programa.');

INSERT INTO DegreeClasses(id, year, semester, ects , isOptional, degree) VALUES (84, 2, 1, 6, false, 2);
INSERT INTO DegreeClassTranslations(degreeClass, language, name, description) VALUES  (84, 'PT_PT', 'Teoria da Computação' , 'Estudar os diversos tipos de autómatos (finitos, de pilha, Máquinas de Turing) e de gramáticas formais (regulares, independentes e dependentes do contexto, recursivas) e as relações entre eles, bem como sua relação com linguagens de programação e compiladores.');

INSERT INTO DegreeClasses(id, year, semester, ects , isOptional, degree) VALUES (85, 2, 1, 6, false, 2);
INSERT INTO DegreeClassTranslations(degreeClass, language, name, description) VALUES  (85, 'PT_PT', 'Teoria da Informação' , 'Fornecer de uma forma sistemática as noções fundamentais da teoria da informação e a sua aplicação em contextos de aprendizagem computacional, análise de dados e, sobretudo, aos princípios da codificação nos contextos da codificação de fontes e de canal e na criptografia.');

INSERT INTO DegreeClasses(id, year, semester, ects , isOptional, degree) VALUES (86, 2, 2, 6, false, 2);
INSERT INTO DegreeClassTranslations(degreeClass, language, name, description) VALUES  (86, 'PT_PT', 'Algoritmos e Estruturas de Dados' , 'Após a conclusão da unidade curricular deve demonstrar conhecimento e capacidade de compreensão nos seguintes aspectos: análise de complexidade; técnicas gerais de projecto de algoritmos; estruturas de dados e algoritmos de ordenamento (características, memória ocupada, velocidade de execução).');

INSERT INTO DegreeClasses(id, year, semester, ects , isOptional, degree) VALUES (87, 2, 2, 6, false, 2);
INSERT INTO DegreeClassTranslations(degreeClass, language, name, description) VALUES  (87, 'PT_PT', 'Análise e Transformação de Dados' , 'A disciplina pretende desenvolver as seguintes competências:\n - Compreensão e interpretação de fenómenos e processos dinâmicos do mundo real e virtual\n - Capacidade de análise de dados suportada por ferramentas computacionais\n - Aprofundamento do raciocínio matemático para extracção de informação\n - Capacidade de resolução de problemas concretos no âmbito da análise e transformação de dados uni e multidimensionais no domínio do tempo, do espaço e da frequência');

INSERT INTO DegreeClasses(id, year, semester, ects , isOptional, degree) VALUES (88, 2, 2, 6, false, 2);
INSERT INTO DegreeClassTranslations(degreeClass, language, name, description) VALUES  (88, 'PT_PT', 'Multimédia' , 'Após a conclusão da unidade curricular, o estudante deve demonstrar ter adquirido, ter compreendido e saber aplicar os conhecimentos e competências em:\n i) projecto multimédia\n ii) fundamentos de multimédia\n Nomeadamente:\n - planeamento, design, desenvolvimento e gestão de projectos multimédia em equipa;\n - tópicos de usabilidade e sua aplicação em projectos multimédia;\n - imagem, áudio e vídeo digital, com enfoque nos aspectos fisiológicos e perceptuais envolvidos e na representação e compressão desses tipo de dados multimédia.');

INSERT INTO DegreeClasses(id, year, semester, ects , isOptional, degree) VALUES (89, 2, 2, 6, false, 2);
INSERT INTO DegreeClassTranslations(degreeClass, language, name, description) VALUES  (89, 'PT_PT', 'Protocolos de Comunicação' , 'Os objectivos centrais da disciplina são o estudo e compreensão dos aspectos protocolares dos modernos sistemas de comunicação, sendo dada especial ênfase ao ambiente protocolar da Internet, tendo em vista um conhecimento das principais questões que caracterizam e condicionam os serviços e aplicações.');

INSERT INTO DegreeClasses(id, year, semester, ects , isOptional, degree) VALUES (90, 2, 2, 6, false, 2);
INSERT INTO DegreeClassTranslations(degreeClass, language, name, description) VALUES  (90, 'PT_PT', 'Simulação e Computação Científica' , 'Esta é uma disciplina transversal, de vastíssimo campo de aplicação. Um dos objectivos fundamentais é a aquisição de um conjunto de conhecimentos e competências que permitam, perante uma situação específica, desenvolver um modelo de simulação, implementá-lo, validá-lo e utilizá-lo de forma correcta, tomando em consideração as vantagens e limitações do uso da simulação.');

INSERT INTO DegreeClasses(id, year, semester, ects , isOptional, degree) VALUES (91, 2, 2, 6, false, 2);
INSERT INTO DegreeClassTranslations(degreeClass, language, name, description) VALUES  (91, 'PT_PT', 'Bases de Dados' , 'Esta UC debrucça-se sobre of fundamentos das bases de dados relacionais, incluindo modelo relacional, normalização, operações relacionais, linguagem SQL, transacções e controlo de concorrência, indexação, etc, Para além disso, também pretende operacionalizar estes conceitos através da análise, concepção e construção prática de bases de dados relacionais em ambiente cliente-servidor.');

-- UCoimbra 2nd year

INSERT INTO DegreeClasses(id, year, semester, ects , isOptional, degree) VALUES (92, 3, 1, 6, false, 2);
INSERT INTO DegreeClassTranslations(degreeClass, language, name, description) VALUES  (92, 'PT_PT', 'Comunicação Técnica' , 'No final do semestre, os estudantes serão capazes de:\n(i) utilizar diferentes formas de comunicação em contextos académicos e profissionais (ex: redigir um relatório);\n(ii) argumentar, utilizando códigos distintos, em questões de natureza social associadas ao exercício da profissão (ex: apresentações formais);\n(iii) adequar as suas formas de comunicação aos públicos-alvo (ex: textos técnicos e de divulgação).');

INSERT INTO DegreeClasses(id, year, semester, ects , isOptional, degree) VALUES (93, 3, 1, 6, false, 2);
INSERT INTO DegreeClassTranslations(degreeClass, language, name, description) VALUES  (93, 'PT_PT', 'Engenharia de Software' , 'O aluno deverá ser capaz de perceber porque razão a complexidade do software exige uma abordagem de engenharia e as diversas formas de organizar as pessoas e actividades para o desenvolvimento de um produto de qualidade, nomeadamente abordagens lineares, iterativas e incrementais. Deverá ainda ser capaz de perceber as diferenças entre elas e escolher a(s) mais indicada(s) em função do contexto concreto do projecto. Deverá também ser capaz de usar técnicas e artefactos genéricos de gestão de projecto (diagramas Gantt e PERT/CPM, análise de riscos,etc.). Finalmente, deverá ser capaz de descrever o artefacto de software a desenvolver usado a linguagem UML.');

INSERT INTO DegreeClasses(id, year, semester, ects , isOptional, degree) VALUES (94, 3, 1, 6, false, 2);
INSERT INTO DegreeClassTranslations(degreeClass, language, name, description) VALUES  (94, 'PT_PT', 'Processos de Gestão e de Inovação' , 'Nesta disciplina, os estudantes serão sensibilizados para a importância de mdeterminados conceitos, princípios e práticas da gestão da inovação, ao mesmo tempo que se irão familiarizar com algumas metodologias e ferramentas que permitam a sua operacionalização e implementação no terreno.');

INSERT INTO DegreeClasses(id, year, semester, ects , isOptional, degree) VALUES (95, 3, 1, 6, false, 2);
INSERT INTO DegreeClassTranslations(degreeClass, language, name, description) VALUES  (95, 'PT_PT', 'Sistemas Distribuídos' , 'Os alunos deverão adquirir competências no desenvolvimento de aplicações distribuídas usando várias tecnologias e deverão ser capazes de perceber e interligar conhecimentos sobre técnicas fundamentais para o desenho de aplicações distribuídas em ambiente empresarial e para a Internet.');

INSERT INTO DegreeClasses(id, year, semester, ects , isOptional, degree) VALUES (96, 3, 2, 6, false, 2);
INSERT INTO DegreeClassTranslations(degreeClass, language, name, description) VALUES  (96, 'PT_PT', 'Compiladores' , 'O estudante deverá passar a compreender: os objectivos e a arquitectura de um compilador; os princípios das análises lexical, sintática e semântica e saber implementar essas fases de um compilador, quer de raíz, quer usando ferramentas adequadas; alguns princípios de geração do código final.');

INSERT INTO DegreeClasses(id, year, semester, ects , isOptional, degree) VALUES (97, 3, 2, 6, false, 2);
INSERT INTO DegreeClassTranslations(degreeClass, language, name, description) VALUES  (97, 'PT_PT', 'Computação Gráfica' , 'Nesta unidade curricular pretende-se que o aluno adquira conhecimentos sobre temas centrais à Computação Gráfica, tanto a nível de fundamentos como a nível de utilização de ferramentas gráficas.');

INSERT INTO DegreeClasses(id, year, semester, ects , isOptional, degree) VALUES (98, 3, 2, 6, false, 2);
INSERT INTO DegreeClassTranslations(degreeClass, language, name, description) VALUES  (98, 'PT_PT', 'Introdução à Inteligência Artificial' , 'Pretende-se que o aluno adquira conhecimentos de base sólidos sobre a área da inteligência artificial ao nível dos fundamentos, técnicas e aplicação prática. Para o efeito é adoptado o conceito integrador de Agente. Estuda-se o desenvolvimento de agentes de complexidade e capacidade crescente seguindo três metáforas: Simbólica, Conexionista e Biológica.');

INSERT INTO DegreeClasses(id, year, semester, ects , isOptional, degree) VALUES (99, 3, 2, 6, false, 2);
INSERT INTO DegreeClassTranslations(degreeClass, language, name, description) VALUES  (99, 'PT_PT', 'Laboratórios de Programação Avançada' , 'Resolução de problemas avançados típicos de programação. Aula maioritariamente prática.');

INSERT INTO DegreeClasses(id, year, semester, ects , isOptional, degree) VALUES (100, 3, 2, 6, false, 2);
INSERT INTO DegreeClassTranslations(degreeClass, language, name, description) VALUES  (100, 'PT_PT', 'Sistemas de Informação' , 'Esta uc proporciona aos alunos as competências e ferramentas que permitem discutir o projecto e evolução de sistemas de informação (SI) com responsáveis de negócio. Ao completar o curso, os alunos compreenderão as diferentes e frequentemente contraditórias perspectivas dos responsáveis de negócio e dos informáticos, tornando-se assim interlocutores privilegiados para ajudar ambas as partes a planear o SI da organização.');

-- UCoimbra 3rd year

INSERT INTO DegreeClasses(id, year, semester, ects , isOptional, degree) VALUES (101, 4, 1, 4, false, 2);
INSERT INTO DegreeClassTranslations(degreeClass, language, name, description) VALUES  (101, 'PT_PT', 'Empreendedorismo e Gestão de Empresas' , 'São objectivos desta disciplina estimular a criação de competências de empreendedorismo e espírito inovador e familiarizar os futuros profissionais com a realidade do tecido empresarial e os fundamentos teóricos da criação e gestão de pequenas empresas e negócios numa óptica de criação de valor.');

INSERT INTO DegreeClasses(id, year, semester, ects , isOptional, degree) VALUES (102, 4, 1, 4, false, 2);
INSERT INTO DegreeClassTranslations(degreeClass, language, name, description) VALUES  (102, 'PT_PT', 'Interacção Humano-Computador' , 'Através desta unidade curricular os estudantes ficarão a conhecer os conceitos fundamentais para compreender a interação entre humanos e sistemas computacionais. O estudante deverá:\n - compreender o papel dos factores humanos na interação e interface;\n - compreender e aplicar técnicas de prototipagem para investigação e ensaio de proposta de design;\n - desenvolver a capacidade para conceber propostas de design de interação e interface para contextos de uso específicos tendo em vista a optimização da experiência de interação, com base em abordagens contextuais e participativas;\n - desenvolver a capacidade de avaliação da usabilidade com domínio de técnicas variadas e sua adequação ao contexto de projecto;\n - desenvolver a capacidade de construção de interfaces inovadoras e coerentes com o propósito;\n - desenvolver a capacidade de combinar as técnicas de uma forma sistemática numa abordagem empírica ao design de interação;\n - desenvolver a capacidade de aprendizagem autónoma no domínio de HCI.');

INSERT INTO DegreeClasses(id, year, semester, ects , isOptional, degree) VALUES (103, 4, 1, 4, false, 2);
INSERT INTO DegreeClassTranslations(degreeClass, language, name, description) VALUES  (103, 'PT_PT', 'Metodologias Experimentais em Informática' , 'Fornecer os métodos experimentais necessários para efetuar avaliação empírica de desempenho de sistemas computacionais que surgem nas várias áreas da informática, de redes de comunicação a algoritmos e inteligência artificial. Aquisição de competências ao nível da análise e síntese, organização e planeamento.');

INSERT INTO DegreeClasses(id, year, semester, ects , isOptional, degree) VALUES (104, 4, 1, 6, false, 2);
INSERT INTO DegreeClassTranslations(degreeClass, language, name, description) VALUES  (104, 'PT_PT', 'Modelação e Análise de Sistemas' , 'Esta disciplina foca-se em modelos para a análise de sistemas, com ênfase em problemas de optimização e sistemas de eventos discretos, com aplicações às quatro opções temáticas do curso. Pretende-se que os estudantes venham a ser capazes de:\n 1) formular problemas de optimização, categorizando-os em função das suas características e formalizando-os de modo a poderem ser resolvidos pelos métodos mais adequados\n 2) modelar e analisar sistemas simples de tráfego, de produção, computacionais (hardware e software) e de comunicação enquanto sistemas de eventos discretos\n Os estudantes deverão ainda desenvolver competências em análise e síntese, resolução de problemas, raciocínio crítico, aprendizagem autónoma, e a capacidade de aplicar o conhecimento teórico adquirido a situações práticas concretas.');

INSERT INTO DegreeClasses(id, year, semester, ects , isOptional, degree) VALUES (105, 4, 1, 6, true, 2);
INSERT INTO DegreeClassTranslations(degreeClass, language, name, description) VALUES  (105, 'PT_PT', 'Fundamentos de Sistemas de Comunicação' , 'Os objectivos principais desta UC são o estudo dos fundamentos dos sistemas de transmissão e de comutação. Os tópicos incluem: modulação e transmissão de sinais, sistemas de transmissão e de comutação, aspectos de sinalização em sistemas digitais. Esta UC trata dos aspectos dos sistemas relacionados com redes fixas ou móveis e satélites, e com a transmissão de sinais de voz e vídeo. A UC também cobre os fundamentos dos protocolos de comunicação relacionados com controlo de erros, controlo de fluxo e especificação de protocolos.');

INSERT INTO DegreeClasses(id, year, semester, ects , isOptional, degree) VALUES (106, 4, 1, 6, true, 2);
INSERT INTO DegreeClassTranslations(degreeClass, language, name, description) VALUES  (106, 'PT_PT', 'Sistemas de Comunicação Móvel' , 'Objectivos centrais da UC são, por um lado, a abordagem e estudo, teórico e prático, dos principais aspectos relacionados com a mobilidade de sistemas e redes e, por outro, a exploração de protocolos, tecnologias e aplicações de redes de sensores.');

INSERT INTO DegreeClasses(id, year, semester, ects , isOptional, degree) VALUES (107, 4, 1, 6, true, 2);
INSERT INTO DegreeClassTranslations(degreeClass, language, name, description) VALUES  (107, 'PT_PT', 'Engenharia de Requisitos' , 'Nesta unidade curricular os estudantes irão estudar diversos métodos para compreender o problema com que se deparam, os factores que condicionam a gama de soluções possíveis, e as abordagens para decidirem entre essas alternativas.');

INSERT INTO DegreeClasses(id, year, semester, ects , isOptional, degree) VALUES (108, 4, 1, 6, true, 2);
INSERT INTO DegreeClassTranslations(degreeClass, language, name, description) VALUES  (108, 'PT_PT', 'Integração de Sistemas' , 'Nesta disciplina abordamos múltiplas formas estruturadas de integrar aplicações, não só ao nível de uma organização, mas para além dela. É dada uma forte ênfase à integração utilizando middleware, em particular, utilizando abordagens como SOA (Service Oriented Architecture) e ESB (Enterprise Service Bus).');

INSERT INTO DegreeClasses(id, year, semester, ects , isOptional, degree) VALUES (109, 4, 1, 6, true, 2);
INSERT INTO DegreeClassTranslations(degreeClass, language, name, description) VALUES  (109, 'PT_PT', 'Aprendizagem Computacional' , 'Estudar  as principais técnicas de aprendizagem computacional no contexto da multiplicidade de tipos de dados disponíveis nas aplicações relevantes nomeadamente desenvolvimento e interpretação de árvores de decisão , configuração e treino de redes neuronais artificiais, de lógica difusa, sistemas difusos e neuro-difusos, e configuração e treino de máquinas de vectores de suporte. Desenvolver as competências para conceber sistemas de classificação de grandes conjuntos de dados, de diagnóstico em contextos industriais e médicos, de controlo inteligente, de análise sistémica dos problemas complexos e de avaliação crítico dos resultados.');

INSERT INTO DegreeClasses(id, year, semester, ects , isOptional, degree) VALUES (110, 4, 1, 6, true, 2);
INSERT INTO DegreeClassTranslations(degreeClass, language, name, description) VALUES  (110, 'PT_PT', 'Inteligência Artificial' , 'Fornecer aos estudantes conceitos, princípios e teorias avançadas necessárias para o desenvolvimento de aplicações reais envolvendo agentes ou sistemas com capacidades de raciocínio, comportamento e interação com os seus ambientes de forma inteligente.');

INSERT INTO DegreeClasses(id, year, semester, ects , isOptional, degree) VALUES (111, 4, 1, 6, true, 2);
INSERT INTO DegreeClassTranslations(degreeClass, language, name, description) VALUES  (111, 'PT_PT', 'Arquitectura de Empresas' , 'Uma arquitectura de empresa tenta descrever e controlar a estrutura de uma organização, processos, aplicações e sistemas de forma integrada. A especificação não ambígua dos componentes e das suas relações numa arquitectura requer uma linguagem de modelação coerente. Tal linguagem deve permitir a modelação integrada de vários domínios da arquitectura e deve ser analisada por pessoas de TI e por pessoas com um background empresarial. Nesta unidade curricular, apresentamos uma linguagem de modelação de empresas que capta a complexidade dos domínios de uma arquitectura, as suas relações e permite a construção de modelos integrados. A linguagem fornece aos arquitectos instrumentos concretos para que possam melhorar as suas práticas arquitectónicas.');

INSERT INTO DegreeClasses(id, year, semester, ects , isOptional, degree) VALUES (112, 4, 1, 6, true, 2);
INSERT INTO DegreeClassTranslations(degreeClass, language, name, description) VALUES  (112, 'PT_PT', 'Gestão de Sistemas de Informação' , 'Esta unidade curricular explica aos alunos os principais conceitos, princípios e metodologias necessárias para gerir SI em organizações. A unidade também fornece competências necessárias em síntese, comunicação escrita, resolução de problemas, raciocínio crítico e aplicação prática de conhecimento em áreas como governação de IT, governação de Big Data, e metodologias de gestão, tais como o ITIL e o COBIT.');

INSERT INTO DegreeClasses(id, year, semester, ects , isOptional, degree) VALUES (113, 4, 2, 6, false, 2);
INSERT INTO DegreeClassTranslations(degreeClass, language, name, description) VALUES  (113, 'PT_PT', 'Segurança em Tecnologias da Informação' , 'Esta UC pretende dotar os alunos das capacidades técnicas para administração da segurança em TI. Aspectos de sistemas de comunicação, redes informáticas, sistemas de informação organizacionais e sistemas distribuídos. Compreender o conjunto de métodos e ferramentas para a realização das tarefas associadas a um especialista em Segurança em TI.');

INSERT INTO DegreeClasses(id, year, semester, ects , isOptional, degree) VALUES (114, 4, 2, 6, true, 2);
INSERT INTO DegreeClassTranslations(degreeClass, language, name, description) VALUES  (114, 'PT_PT', 'Gestão de Infra-estruturas e Serviços na Internet' , 'Os objectivos centrais da disciplina são a abordagem teórica e prática à temática de gestão de infra-estruturas informáticas, incluindo o planeamento e gestão dos serviços de rede que integram e/ou dão suporte a essas infra-estruturas, o suporte ás operações e manutenção dessas infra-estruturas (planeamento, monitorização, gestão de falhas, gestão de níveis de serviço, AAA, etc.), os protocolos de suporte à gestão de redes e serviços informáticos, e a administração de serviços e infra-estruturas informáticas em ambientes virtualizados e/ou instalados em ambientes cloud.');

INSERT INTO DegreeClasses(id, year, semester, ects , isOptional, degree) VALUES (115, 4, 2, 6, true, 2);
INSERT INTO DegreeClassTranslations(degreeClass, language, name, description) VALUES  (115, 'PT_PT', 'Modelação e Desempenho de Redes' , 'O objectivo principal da disciplina é o estudo de metodologias para a modelação e avaliação do desempenho de redes de comunicação. A disciplina aborda os fundamentos da teoria das probabilidades e dos processos estocásticos na perspectiva da modelação e análise de desempenho das redes de comunicação. De forma complementar, a disciplina aborda metodologias de simulação para avaliação de desempenho de sistemas de comunicação.');

INSERT INTO DegreeClasses(id, year, semester, ects , isOptional, degree) VALUES (116, 4, 2, 6, true, 2);
INSERT INTO DegreeClassTranslations(degreeClass, language, name, description) VALUES  (116, 'PT_PT', 'Arquitectura de Software' , 'Após a conclusão desta unidade curricular, os alunos deverão:\n - ser capazes de descrever uma arquitectura com precisão;\n - reconhecer os principais estilos arquitecturais existentes em sistemas de software;\n - propor alternativas de arquitectura para um problema, e escolher entre eles;\n - ter as competências necessárias para a construção de um sistema de software de dimensão média que satisfaça uma especificação de arquitectura;\n - usar as ferramentas de desenvolvimento correctas para acelerar essas tarefas;\n - compreender a definição formal de uma arquitectura e ser capaz de raciocinar sobre as suas propriedades;\n - usar o conhecimento de domínio para especializar uma arquitectura para uma determinada família de aplicações.');

INSERT INTO DegreeClasses(id, year, semester, ects , isOptional, degree) VALUES (117, 4, 2, 6, true, 2);
INSERT INTO DegreeClassTranslations(degreeClass, language, name, description) VALUES  (117, 'PT_PT', 'Qualidade e Confiabilidade de Software' , 'Esta unidade curricular aborda com profundidade as áreas da engenharia de software relacionadas com a verificação, validação e certificação. O objectivo é dotar os alunos com conhecimento abrangente sobre qualidade de software e as actividades técnicas levadas a cabo para assegurar a qualidade e a confiabilidade do software, incluindo análise estática e dinâmica, modelos de desenvolvimento e standards, e certificação de software.');

INSERT INTO DegreeClasses(id, year, semester, ects , isOptional, degree) VALUES (118, 4, 2, 6, true, 2);
INSERT INTO DegreeClassTranslations(degreeClass, language, name, description) VALUES  (118, 'PT_PT', 'Computação Evolucionária' , 'Apresentar, discutir e desenvolver soluções de engenharia de inspiração natural (i.e., biológica, social, física) para problemas de elevada complexidade que, ou não têm solução analítica, ou são computacionalmente intratáveis. Aprender a avaliar de modo rigoroso, i.e., por recurso à estatística, soluções alternativas para os problemas.');

INSERT INTO DegreeClasses(id, year, semester, ects , isOptional, degree) VALUES (119, 4, 2, 6, true, 2);
INSERT INTO DegreeClassTranslations(degreeClass, language, name, description) VALUES  (119, 'PT_PT', 'Reconhecimento de Padrões' , 'O Reconhecimento de Padrões (RP) estuda a concepção, desenvolvimento e implementação de sistemas capazes de reconhecer padrões nos dados. Esta UC ministra os algoritmos que permitem explorar aplicações de RP, formalizando-as, com modelos analíticos de uso alargado nos mais diversos domínios. Conceitos básicos, modelos e ferramentas para a compreensão e desenho de um SRP.');

INSERT INTO DegreeClasses(id, year, semester, ects , isOptional, degree) VALUES (120, 4, 2, 6, true, 2);
INSERT INTO DegreeClassTranslations(degreeClass, language, name, description) VALUES  (120, 'PT_PT', 'Engenharia de Serviços' , 'A engenharia de serviços fornece um contributo importante para a definição, desenho, modelação, execução e análise de serviços. A unidade curricular apresenta linguagens de modelação, métodos, metodologias, aplicações e casos de estudo com resultados accionáveis, ilustrando as técnicas que podem ser utilizadas em larga escala com recurso a exemplos do mundo real para projectar serviços.');

INSERT INTO DegreeClasses(id, year, semester, ects , isOptional, degree) VALUES (121, 4, 2, 6, true, 2);
INSERT INTO DegreeClassTranslations(degreeClass, language, name, description) VALUES  (121, 'PT_PT', 'Gestão de Processos de Negócio' , 'A unidade curricular de Gestão de Processos de Negócio introduz conceitos e abordagens de gestão e melhoria de processos de negócio. Foca-se na compreensão, desenho e optimização de processos.\n Os estudantes aprenderão a identificar, desenhar, documentar, modelar, avaliar e melhorar processos de negócio,  apercebendo-se dos desafios inerentes. Perceberão a forma como as tecnologias de informação podem ser usadas para automatizar, gerir, transformar e melhorar processos de negócio, ganhando competências na utilização de algumas ferramentas. Compreenderão desafios, vantagens e riscos envolvidos em processos inter-organizacionais e em outsourcing de processos de negócio.');

INSERT INTO DegreeClasses(id, year, semester, ects , isOptional, degree) VALUES (122, 4, 2, 6, true, 2);
INSERT INTO DegreeClassTranslations(degreeClass, language, name, description) VALUES  (122, 'PT_PT', 'Sistemas Complexos' , 'Esta cadeira tem por objectivo principal o estudo de sistemas complexos, sejam eles físicos (e.g., o clima), biológicos (e.g. redes de regulação genética), cognitivos (e.g. a mente) ou sociais (e.g., os mercados financeiros). Focaremos os conceitos, os modelos e as ferramentas necessários à compreensão destes sistemas.');

INSERT INTO DegreeClasses(id, year, semester, ects , isOptional, degree) VALUES (123, 4, 2, 6, true, 2);
INSERT INTO DegreeClassTranslations(degreeClass, language, name, description) VALUES  (123, 'PT_PT', 'Sistemas Ubíquos' , 'Nesta disciplina são adquiridos os conhecimentos necessários à concepção e desenvolvimento de sistemas ubíquos e à sua integração com os sistemas de informação existentes. É dada especial atenção às metodologias de posicionamento, representação de lugares e percepção de contexto, privacidade e segurança e avaliação de sistemas ubíquos.');

INSERT INTO DegreeClasses(id, year, semester, ects , isOptional, degree) VALUES (124, 4, 2, 6, true, 2);
INSERT INTO DegreeClassTranslations(degreeClass, language, name, description) VALUES  (124, 'PT_PT', 'Sistemas de Gestão de Dados' , 'Aborda-se conceitos de sistemas de gestão de bases de dados (SGBD) convencionais, sistemas de gestão para bigdata, escalabilidade e performance. Aborda-se também sistemas de gestão de dados em outros ambientes. Os conceitos básicos incluem hardware, organização física, índices, processamento e optimização de pesquisas, transacções, backups e recuperação, bem como aspectos relacionados com o desenvolvimento de aplicações. Para além destes, a unidade curricular focará colocação e gestão de dados em ambientes paralelos, distribuídos e móveis, questões de replicação, consistência, transacções e disponibilidade nesses ambientes. São abordados temas actuais (e que podem evoluir ao longo dos anos), tais como Map-Reduce e Hive, bases de dados verticais, sistemas NoSQL.');

INSERT INTO DegreeClasses(id, year, semester, ects , isOptional, degree) VALUES (125, 4, 2, 6, true, 2);
INSERT INTO DegreeClassTranslations(degreeClass, language, name, description) VALUES  (125, 'PT_PT', 'Visão por Computador' , 'Perceber os aspectos relativos à formação geométrica e radiométrica das imagens. Aprender métodos para estimar elementos na imagem e relacioná-los com as estruturas 3D. Aprender métodos para a reconstrução 3D e para a estimação de movimento 3D.');

INSERT INTO DegreeClasses(id, year, semester, ects , isOptional, degree) VALUES (126, 4, 2, 6, true, 2);
INSERT INTO DegreeClassTranslations(degreeClass, language, name, description) VALUES  (126, 'PT_PT', 'Business Intelligence' , 'Esta disciplina tem por objectivos estudar as principais metodologias de desenvolvimento de soluções de Business Intelligence e mostrar como as técnicas de Data Warehouses(DW), de OLAP e de Data Mining(DM) podem ser conjugadas na construção de soluções informáticas de apoio à decisão.');

-- UCoimbra 5th year

INSERT INTO DegreeClasses(id, year, semester, ects , isOptional, degree) VALUES (127, 5, 1, 6, false, 2);
INSERT INTO DegreeClassTranslations(degreeClass, language, name, description) VALUES  (127, 'PT_PT', 'Gestão de Projectos' , 'A natureza da actividade de um engenheiro informático é de tal forma única, que requer o conhecimento de técnicas de gestão de projectos, nomeadamente a nível da gestão de recursos, quer humanos quer computacionais, análise de riscos, planeamento, acompanhamento, etc. Nesta disciplina pretende-se abordar as principais técnicas de gestão de projecto enquanto actividade de engenharia, i.e. com custos e prazos finitos, incluindo aspectos de relacionamento pessoal e organizacional, como resultado da necessidade de trabalhar no seio de equipas de razoável dimensão (8 a 12 pessoas), em projectos reais com clientes reais.');

INSERT INTO DegreeClasses(id, year, semester, ects , isOptional, degree) VALUES (128, 5, 1, 6, false, 2);
INSERT INTO DegreeClassTranslations(degreeClass, language, name, description) VALUES  (128, 'PT_PT', 'Dissertação/Estágio' , 'Os objectivos principais do estágio são os seguintes:\n - Técnicas de projecto e desenvolvimento de software e sistemas de informação e comunicação\n - Realização de projectos de desenvolvimento tecnológico\n - Contacto com a elaboração de projectos em ambiente empresarial\n - Iniciação a actividades de investigação de base e aplicada\n - Integração no mercado laboral\n Realização de um documento com a proposta de estágio / dissertação incluindo os seguintes aspectos:\n - Análise do estado da arte\n - Escolha justificada das ferramentas e metodologias a utilizar\n - Análise de requisitos relativamente ao tema a desenvolver\n - Especificação de alto nível do sistema a desenvolver / trabalho a realizar incluindo objectivos concretos e calendarização para o segundo semestre.');

INSERT INTO DegreeClasses(id, year, semester, ects , isOptional, degree) VALUES (129, 5, 1, 6, true, 2);
INSERT INTO DegreeClassTranslations(degreeClass, language, name, description) VALUES  (129, 'PT_PT', 'Informática Médica' , 'Fornecer de uma forma sistemática as tecnologias e os fundamentos para a integração e desenvolvimento de sistemas de informação e de apoio à decisão em aplicações clínicas. Em particular, é objectivo exporem-se os protocolos e abordagens mais significativas em sistemas de informação clínicos, as arquitecturas e tecnologias utilizadas para a construção de sistemas tele-médicos (nomeadamente de sistemas pHealth), e ainda algoritmos de análise de informação clínica para apoio ao diagnóstico.');

INSERT INTO DegreeClasses(id, year, semester, ects , isOptional, degree) VALUES (130, 5, 1, 6, true, 2);
INSERT INTO DegreeClassTranslations(degreeClass, language, name, description) VALUES  (130, 'PT_PT', 'Robótica' , 'Pretende-se fornecer conhecimento (in-depth) em Robótica para aquisição de competências a todos:\n 1. aqueles que pretendam operar e/ou desenvolver aplicações que usem robots ou sistemas robóticos;\n 2. aqueles que pretendam desenvolver/projectar sistemas robóticos.');

INSERT INTO DegreeClasses(id, year, semester, ects , isOptional, degree) VALUES (131, 5, 1, 6, true, 2);
INSERT INTO DegreeClassTranslations(degreeClass, language, name, description) VALUES  (131, 'PT_PT', 'Serviços Emergentes da Internet' , 'Os objectivos da disciplina são o conhecimento de fundamentos de aplicações telemáticas, aplicações para a Internet e de serviços emergentes na Internet. Serão também abordados os paradigmas, tecnologias e protocolos para o suporte de aplicações multimédia na Internet. Os alunos deverão desenvolver competências de análise crítica e exposição das soluções actuais e dos desafios futuros nas áreas das aplicações telemáticas.');

INSERT INTO DegreeClasses(id, year, semester, ects , isOptional, degree) VALUES (132, 5, 1, 6, true, 2);
INSERT INTO DegreeClassTranslations(degreeClass, language, name, description) VALUES  (132, 'PT_PT', 'Serviços e Infra-estruturas de Alto Desempenho' , 'Os objectivos centrais da disciplina são a abordagem teórica e prática à temática de gestão de serviços e infra-estruturas informáticas de alto desempenho, incluindo o planeamento e administração dessas infra-estruturas (especificação e desenho de centros de dados, operações e manutenção, gestão de recursos, aspectos de eficiência energética), o planeamento e administração desses serviços e das comunicações que lhe dão suporte (resiliência, qualidade de serviço, gestão de acordos de nível de serviço, eficiência energética).');

INSERT INTO DegreeClasses(id, year, semester, ects , isOptional, degree) VALUES (133, 5, 1, 6, true, 2);
INSERT INTO DegreeClassTranslations(degreeClass, language, name, description) VALUES  (133, 'PT_PT', 'Web Semântica' , 'O objectivo principal da cadeira de Web Semântica é que o aluno adquira um conjunto de competências: - Capacidade de construção e gestão de ontologias\n - Capacidade de representar uma ontologia numa linguagem da Web Semântica (RDF, RDFa, RDFs e OWL)\n - Capacidade para utilizar triple stores, SPARQL, Pesquisa Semântica e os mecanismos de raciocínio\n - Capacidade de aplicação e uso de ontologias representadas através de linguagens da Web Semântica, em aplicações para a Internet ou Intranets\n - Capacidade de especificação, design e desenvolvimento de sistemas/aplicações para a Web Semântica\n - Capacidade de reutilização de ontologias disponibilizadas na Internet');

-- Degree Classes
-- Instituto Superior Técnico

-- IST 1st year
INSERT INTO DegreeClasses(id, year, semester, ects , isOptional, degree) VALUES (134, 1, 1, 6, false, 3);
INSERT INTO DegreeClassTranslations(degreeClass, language, name, description) VALUES  (134, 'PT_PT', 'Álgebra Linear' , 'Formação básica em Álgebra Linear. Domínio das seguintes matérias: espaços vectoriais, transformações lineares, espaços euclideanos, valores e vectores próprios.');

INSERT INTO DegreeClasses(id, year, semester, ects , isOptional, degree) VALUES (135, 1, 1, 6, false, 3);
INSERT INTO DegreeClassTranslations(degreeClass, language, name, description) VALUES  (135, 'PT_PT', 'Cálculo Diferencial e Integral I' , 'Formação básica em Análise Matemática. Domínio das seguintes matérias: sucessões, cálculo diferencial e integral de funções reais de uma variável real. Introdução às séries numéricas.');

INSERT INTO DegreeClasses(id, year, semester, ects , isOptional, degree) VALUES (136, 1, 1, 7.5, false, 3);
INSERT INTO DegreeClassTranslations(degreeClass, language, name, description) VALUES  (136, 'PT_PT', 'Fundamentos da Programação' , 'Fornecer conhecimentos sobre conceitos fundamentais relativos à actividade de programação, nomeadamente, algoritmo, abstracção procedimental e abstracção de dados, a programação como construção de abstracções, paradigmas de programação. Após a frequência da cadeira, os alunos deverão dominar os conceitos apresentados e serem capazes de desenvolver programas numa linguagem de programação de alto nível, o Python.');

INSERT INTO DegreeClasses(id, year, semester, ects , isOptional, degree) VALUES (137, 1, 1, 7.5, false, 3);
INSERT INTO DegreeClassTranslations(degreeClass, language, name, description) VALUES  (137, 'PT_PT', 'Introdução à Arquitectura de Computadores' , 'Os alunos deverão dominar os conceitos básicos e o funcionamento geral de um computador, a estrutura material que permite a execução de programas. Deverão conseguir descrever o funcionamento dos elementos básicos, processador, sistema de memória e sistema de entradas e saídas, e sua interacção. Em particular, devem ser capazes de compreender a estrutura interna de um processador e o processo de execução das instruções.');

INSERT INTO DegreeClasses(id, year, semester, ects , isOptional, degree) VALUES (138, 1, 1, 3, false, 3);
INSERT INTO DegreeClassTranslations(degreeClass, language, name, description) VALUES  (138, 'PT_PT', 'Introdução à Engenharia Informática' , 'Esta UC tem como objectivo principal dar aos alunos uma visão da engenharia informática na sociedade, nas empresas, na inovação e na investigação.');

INSERT INTO DegreeClasses(id, year, semester, ects , isOptional, degree) VALUES (139, 1, 2, 7.5, false, 3);
INSERT INTO DegreeClassTranslations(degreeClass, language, name, description) VALUES  (139, 'PT_PT', 'Cálculo Diferencial e Integral II' , 'Esta UC providencia os alunos com o domínio do cálculo diferencial e integral de funções de mais de uma variável real, incluindo os teoremas fundamentais do cálculo. Aplicações à Física.');

INSERT INTO DegreeClasses(id, year, semester, ects , isOptional, degree) VALUES (140, 1, 2, 7.5, false, 3);
INSERT INTO DegreeClassTranslations(degreeClass, language, name, description) VALUES  (140, 'PT_PT', 'Introdução aos Algoritmos e Estruturas de Dados' , 'Ganhar conhecimentos de programação numa linguagem imperativa. Adquirir conhecimentos sobre algoritmos básicos de ordenação e procura. Saber seleccionar, criar e utilizar estruturas de dados elementares. Saber projectar algoritmos iterativos e recursivos, para a resolução de problemas. Saber analisar a complexidade dos algoritmos utilizados para resolver um dado problema por forma a poder escolher aqueles que sejam mais eficientes.');

INSERT INTO DegreeClasses(id, year, semester, ects , isOptional, degree) VALUES (141, 1, 2, 7.5, false, 3);
INSERT INTO DegreeClassTranslations(degreeClass, language, name, description) VALUES  (141, 'PT_PT', 'Lógica para Programação' , 'Com a frequência da disciplina pretende-se que os alunos tenham conhecimento sobre os componentes de uma lógica, sejam capazes de desenvolver provas no sistema dedutivo, sejam capazes de utilizar o formalismo semântico, sejam capazes de relacionar o sistema dedutivo e o sistema semântico e provar propriedades sobre estas relações. Deverão obter noções sobre o raciocínio automático e ser capazes de desenvolver programas utilizando o paradigma da programação em lógica.');

INSERT INTO DegreeClasses(id, year, semester, ects , isOptional, degree) VALUES (143, 1, 2, 7.5, false, 3);
INSERT INTO DegreeClassTranslations(degreeClass, language, name, description) VALUES  (143, 'PT_PT', 'Matemática Discreta' , 'Desenvolver o raciocínio matemático rigoroso. Dominar os conceitos e instrumentos matemáticos necessários para a análise de procedimentos e algoritmos, quer quanto à sua correcção, quer quanto à sua eficiência.');

-- IST 2nd year

INSERT INTO DegreeClasses(id, year, semester, ects , isOptional, degree) VALUES (394, 2, 1, 7.5, false, 3);
INSERT INTO DegreeClassTranslations(degreeClass, language, name, description) VALUES  (394, 'PT_PT', 'Análise Complexa e Equações Diferenciais' , 'Formação básica em: funções de uma variável complexa, equações diferenciais ordinárias, métodos de análise de Fourier com aplicação à resolução de equações diferenciais parciais.');

INSERT INTO DegreeClasses(id, year, semester, ects , isOptional, degree) VALUES (144, 2, 1, 4.5, false, 3);
INSERT INTO DegreeClassTranslations(degreeClass, language, name, description) VALUES  (144, 'PT_PT', 'Gestão' , 'Pretende-se que os alunos fiquem habilitados com a introdução às competências profissionais fundamentais para o funcionamento das organizações tais como: Enquadramento Microeconómico, Gestão Estratégica, Marketing, Gestão de Recursos Humanos, Contabilidade e Avaliação de Projectos.');

INSERT INTO DegreeClasses(id, year, semester, ects , isOptional, degree) VALUES (145, 2, 1, 6, false, 3);
INSERT INTO DegreeClassTranslations(degreeClass, language, name, description) VALUES  (145, 'PT_PT', 'Mecânica e Ondas' , 'Esta disciplina apresenta os conceitos e princípios básicos da mecânica clássica, dos fenómenos ondulatórios, e da relatividade restrita, reforçando a compreensão desses conceitos através de aplicações ao mundo real. Os alunos deverão ter a capacidade de manipular esses conceitos e saber aplica-los à resolução de problemas. Os estudantes serão motivados por exemplos de aplicação dos princípios da física noutras áreas do conhecimento científico e tecnológico.');

INSERT INTO DegreeClasses(id, year, semester, ects , isOptional, degree) VALUES (146, 2, 1, 6, false, 3);
INSERT INTO DegreeClassTranslations(degreeClass, language, name, description) VALUES  (146, 'PT_PT', 'Programação com Objectos' , 'Conhecer: o paradigma de programação com objectos, as suas vantagens, inconvenientes e limitações;o paradigma dos padrões de desenho, tanto no desenvolvimento, como na refactorização de aplicações. Competências a adquirir: domínio do paradigma da programação com objectos, nomeadamente dos conceitos de encapsulamento, abstracção, herança e polimorfismo; capacidade de mutilizar uma linguagem de programação baseada em objectos; capacidade de utilização de padrões de desenho; e domínio da escrita de testes de avaliação.');

INSERT INTO DegreeClasses(id, year, semester, ects , isOptional, degree) VALUES (147, 2, 2, 6, false, 3);
INSERT INTO DegreeClassTranslations(degreeClass, language, name, description) VALUES  (147, 'PT_PT', 'Sistemas Operativos' , 'Conhecer os conceitos fundamentais subjacentes aos sistemas operativos, com ênfase nos seus mecanismos e algoritmos, assim como a estrutura interna dos sistemas operativos mais relevantes. Programar, ao nível sistema, usando todas as funcionalidades dos sistemas operativos tendo em conta os modelos de programação sequencial e concorrente.');

INSERT INTO DegreeClasses(id, year, semester, ects , isOptional, degree) VALUES (148, 2, 2, 6, false, 3);
INSERT INTO DegreeClassTranslations(degreeClass, language, name, description) VALUES  (148, 'PT_PT', 'Análise e Síntese de Algoritmos' , 'Formação de nível intermédio em algoritmia e complexidade, familiarizando os alunos com técnicas de análise e síntese de algoritmos e estruturas de dados. Conhecimento dos fundamentos da análise e síntese de algoritmos. Análise da realização prática de algoritmos e estruturas de dados. Perspectiva abrangente das aplicações dos algoritmos em Engenharia Informática.');

INSERT INTO DegreeClasses(id, year, semester, ects , isOptional, degree) VALUES (149, 2, 2, 6, false, 3);
INSERT INTO DegreeClassTranslations(degreeClass, language, name, description) VALUES  (149, 'PT_PT', 'Electromagnetismo e Óptica' , 'Esta disciplina apresenta os conceitos e princípios básicos do electromagnetismo e da óptica física reforçando a compreensão desses conceitos através de aplicações ao mundo real. Os alunos deverão ter a capacidade de manipular esses conceitos e saber aplica-los à resolução de problemas. Os estudantes serão motivados por exemplos de aplicação dos princípios da física noutras áreas do conhecimento científico e tecnológico.');

INSERT INTO DegreeClasses(id, year, semester, ects , isOptional, degree) VALUES (150, 2, 2, 7.5, false, 3);
INSERT INTO DegreeClassTranslations(degreeClass, language, name, description) VALUES  (150, 'PT_PT', 'Interfaces Pessoa Máquina' , 'Aprender os princípios e regras fundamentais para a concepção e desenvolvimento de Interfaces Utilizador usáveis. Identificar os utilizadores e as tarefas que estes desejam realizar com o sistema interactivo a ser desenvolvido. Saber avaliar as interfaces em diferentes fases do seu desenvolvimento, aplicando as técnicas de avaliação que mais se adequam. Identificar os factores críticos no desenho de interfaces. Compreender e adoptar compromissos entre as várias restrições a que está sujeito o desenho da interface. Enquadrar o desenho de interfaces no projecto de engenharia informática.');

INSERT INTO DegreeClasses(id, year, semester, ects , isOptional, degree) VALUES (151, 2, 2, 6, false, 3);
INSERT INTO DegreeClassTranslations(degreeClass, language, name, description) VALUES  (151, 'PT_PT', 'Probabilidades e Estatística' , 'Iniciação ao estudo da teoria das probabilidades e inferência estatística, tendo em vista a compreensão e aplicação dos seus principais conceitos e métodos.');

INSERT INTO DegreeClasses(id, year, semester, ects , isOptional, degree) VALUES (152, 2, 4.5, 6, false, 3);
INSERT INTO DegreeClassTranslations(degreeClass, language, name, description) VALUES  (152, 'PT_PT', 'Teoria da Computação' , 'Entender e saber utilizar os conceitos de máquina de Turing, computação e recurso computacional. Compreender e aprofundar os conceitos de "tarefa" algorítmica e de "tarefa" não algorítmica. Conhecer os limites para "tarefas" algorítmicas. Entender a computação como conceito físico-matemático e não como conceito puramente matemático. Experimentar conceitos e técnicas em ambientes computacionais interactivos.');

-- IST 3rd year

INSERT INTO DegreeClasses(id, year, semester, ects , isOptional, degree) VALUES (153, 3, 1, 6, false, 3);
INSERT INTO DegreeClassTranslations(degreeClass, language, name, description) VALUES  (153, 'PT_PT', 'Bases de Dados' , 'A disciplina faz uma introdução à concepção e análise de bases de dados. O curso foca no modelo relacional, cobrindo o desenho lógico das bases de dados (desenho do esquema) e sua implementação, bem como os sistemas de gestão de transações. Alguns aspectos dos sistemas de bases de dados paralelas e distribuídas, gestão de informação não estruturada e semiestruturada serão também abordados. A disciplina tem como objectivo expor os alunos aos conceitos básicos necessários no desenho e concepção de um sistema de gestão de base de dados, assim como questões práticas da sua realização no âmbito de um projecto em equipa.');

INSERT INTO DegreeClasses(id, year, semester, ects , isOptional, degree) VALUES (154, 3, 1, 4.5, false, 3);
INSERT INTO DegreeClassTranslations(degreeClass, language, name, description) VALUES  (154, 'PT_PT', 'Computação Gráfica' , 'Esta unidade curricular pretende fornecer conhecimentos básicos sobre computação gráfica interactiva. São leccionados os fundamentos da representação e criação de imagens sintéticas a partir de cenas tri-dimensionais. Neste âmbito os alunos verão dominar as transformações geométricas elementarese compreender o funcionamento do pipeline de visualização 3D e dos seus andares principais. No final, os alunos estarão preparados para desenhar e desenvolver aplicações gráficas interactivas.');

INSERT INTO DegreeClasses(id, year, semester, ects , isOptional, degree) VALUES (155, 3, 1, 7.5, false, 3);
INSERT INTO DegreeClassTranslations(degreeClass, language, name, description) VALUES  (155, 'PT_PT', 'Inteligência Artificial' , 'Introduzir o tema de Inteligência Artificial ao aluno, de forma a que adquira os conhecimentos básicos desta área da informática e o motive a seguir a área da Inteligência Artificial. Servir de base a cadeiras mais avançadas de Inteligência Artificial.');

INSERT INTO DegreeClasses(id, year, semester, ects , isOptional, degree) VALUES (156, 3, 1, 6, false, 3);
INSERT INTO DegreeClassTranslations(degreeClass, language, name, description) VALUES  (156, 'PT_PT', 'Organização de Computadores' , 'Os alunos deverão adquirir uma visão abrangente e actual das arquitecturas de computadores ao nível dos seus diversos componentes: processadores, sistema de memória e de entradas e saídas. Os alunos deverão ainda ser capazes de compreender as condicionantes para a evolução dos sistemas computacionais e de avaliar estratégias para optimização de programas tendo em atenção a arquitectura computacional subjacente, baseadas em métricas de desempenho.');

INSERT INTO DegreeClasses(id, year, semester, ects , isOptional, degree) VALUES (157, 3, 1, 6, false, 3);
INSERT INTO DegreeClassTranslations(degreeClass, language, name, description) VALUES  (157, 'PT_PT', 'Redes de Computadores' , 'Saber analisar de forma crítica as várias opções tomadas na concepção de redes de computadores, suas arquitecturas e protocolos. Conhecer os protocolos principais da Internet. Saber programar aplicações de rede usando a interface de sockets.');

INSERT INTO DegreeClasses(id, year, semester, ects , isOptional, degree) VALUES (158, 3, 2, 6, false, 3);
INSERT INTO DegreeClassTranslations(degreeClass, language, name, description) VALUES  (158, 'PT_PT', 'Análise e Modelação de Sistemas' , 'Dotar os alunos com as competências fundamentais para a análise de problemas de engenharia em que a solução se pode conceptualizar como um sistema, recorrendo a técnicas de engenharia de requisitos e desenvolvimento de modelos conceptuais (especialmente em UML, SysML e BPMN)');

INSERT INTO DegreeClasses(id, year, semester, ects , isOptional, degree) VALUES (159, 3, 2, 6, false, 3);
INSERT INTO DegreeClassTranslations(degreeClass, language, name, description) VALUES  (159, 'PT_PT', 'Compiladores' , 'Aquisição de conceitos sobre a definição de linguagens de programação. Obtenção de conhecimentos sobre os métodos de análise (front-end) e síntese (back-end) mais usados pelos compiladores. Especificação lexical e sintáctica, bem como a análise semântica das linguagens de computação, com especial ênfase nas linguagens de programação. Desenvolver um compilador para uma linguagem de programação simples que gere código máquina executável.');

INSERT INTO DegreeClasses(id, year, semester, ects , isOptional, degree) VALUES (160, 3, 2, 3, false, 3);
INSERT INTO DegreeClassTranslations(degreeClass, language, name, description) VALUES  (160, 'PT_PT', 'Computação e Sociedade' , 'Transmitir aos futuros engenheiros informáticos a noção do enorme impacto social que os aspectos éticos têm no desenvolvimento e utilização de produtos e serviços baseados em tecnologias de informação. Ensinar os fundamentos necessários para que possam fazer as escolhas acertadas quando confrontados com situações concretas envolvendo o desenvolvimento, operação e utilização de sistemas de informação.');

INSERT INTO DegreeClasses(id, year, semester, ects , isOptional, degree) VALUES (161, 3, 2, 7.5, false, 3);
INSERT INTO DegreeClassTranslations(degreeClass, language, name, description) VALUES  (161, 'PT_PT', 'Engenharia de Software' , 'Transmitir um roteiro do desenvolvimento de software, desde o levantamento de requisitos até à manutenção de programas. Integrar os conhecimentos adquiridos noutras disciplinas no contexto mais alargado do processo de desenvolvimento. Motivar para o desenvolvimento de software como uma engenharia, que integra os aspectos tecnológicas da computação com os factores sociais e humanos da construção de produtos.');

INSERT INTO DegreeClasses(id, year, semester, ects , isOptional, degree) VALUES (162, 3, 2, 7.5, false, 3);
INSERT INTO DegreeClassTranslations(degreeClass, language, name, description) VALUES  (162, 'PT_PT', 'Sistemas Distribuídos' , 'Analisar as arquitecturas e as tecnologias que permitem desenvolver aplicações distribuídas que possam garantir requisitos não funcionais como a reconfigurabilidade, a segurança, a tolerância a faltas e a escalabilidade. Aquisição de conhecimentos que permitam desenvolver uma aplicação com uma arquitectura distribuída. Programar aplicações distribuídas. Interpretar requisitos de segurança formulando políticas e concretizando mecanismos seguros no código da aplicação. Análise de requisitos de fiabilidade e disponibilidade e introdução de mecanismos de tolerância a faltas.');

-- IST 4th year

INSERT INTO DegreeClasses(id, year, semester, ects , isOptional, degree) VALUES (163, 4, 1, 7.5, true, 3);
INSERT INTO DegreeClassTranslations(degreeClass, language, name, description) VALUES  (163, 'PT_PT', 'Arquitecturas de Software' , 'Formar nos métodos, técnicas e linguagens do desenho de software de qualidade utilizando as abordagens de arquitecturas de software e padrões de desenho. Estudar os métodos e as técnicas da passagem do espaço do problema para o espaço da solução de modo a garantir a rastreabilidade entre os requisitos do sistema e o seu desenho. Ler, avaliar e escrever arquitecturas de software.');

INSERT INTO DegreeClasses(id, year, semester, ects , isOptional, degree) VALUES (164, 4, 1, 7.5, true, 3);
INSERT INTO DegreeClassTranslations(degreeClass, language, name, description) VALUES  (164, 'PT_PT', 'Especificação de Software' , 'Aprender técnicas formais para especificação de requisitos e desenvolvimento de software. Entender a importância e aprender métodos para a verificação da correcção de programas. Utilização de ferramentas automáticas para verificação programas.');

INSERT INTO DegreeClasses(id, year, semester, ects , isOptional, degree) VALUES (165, 4, 1, 7.5, true, 3);
INSERT INTO DegreeClassTranslations(degreeClass, language, name, description) VALUES  (165, 'PT_PT', 'Gestão de Projectos Informáticos' , '>Os objectivos de aprendizagem de Gestão de Projectos Informáticos são alinhados com  os da disciplina “IS 2010.4 IS Project Management” do currículo “ACM/AIS IS 2010 Curriculum Guidelines”');

INSERT INTO DegreeClasses(id, year, semester, ects , isOptional, degree) VALUES (166, 4, 1, 7.5, TRUE, 3);
INSERT INTO DegreeClassTranslations(degreeClass, language, name, description) VALUES  (166, 'PT_PT', 'Administração e Gestão de Infra-estruturas de IT','Os estudantes devem ser capazes de:
        1.	Compreender as diferenças e semelhanças entre os componentes fundamentais de uma solução de infra-estrutura informática
        2.	Compreender a forma como os componentes de uma infra-estrutura informática devem estar organizados em diferentes ambientes organizacionais
        3.	Compreender os princípios subjacentes à virtualização de serviços informáticos
        4.	Configurar uma solução de infra-estrutura informática de pequena dimensão, incluindo servidores, armazenamento de dados, rede, dispositivos de segurança e clientes
        5.	Compreender a arquitectura e compromissos envolvidos no desenho e gestão de uma solução de infra-estrutura informática em ambientes organizacionais de larga escala
        6.	Compreender o papel de ambientes de gestão e controlo de serviços na gestão de infra-estruturas informáticas de grande escala
        7.	Compreender as oportunidades que as infra-estruturas de aprovisionamento dinâmico, como as plataformas de computação em nuvem, criam para as organizações
        8.  Analisar e avaliar as implicações para o desenho de infra-estruturas informáticas das soluções existentes de segurança e de continuidade de negócio
        9.	Minimizar o impacte das soluções de infra-estruturas informáticas no ambiente e no consumo de recursos');
        
INSERT INTO DegreeClasses(id, year, semester, ects , isOptional, degree) VALUES (167, 4, 1, 7.5, TRUE, 3);
INSERT INTO DegreeClassTranslations(degreeClass, language, name, description) VALUES  (167, 'PT_PT', 'Engenharia e Tecnologia de Processos de Negócio','A disciplina de Engenharia e Tecnologia de Processos de Negócio tem como objectivo
        introduzir conceitos, técnicas e ferramentas associados à gestão de processos de negócio (Business Process Management, BPM).
        Será dada enfâse ao ciclo de vida do BPM e à sua gestão no plano da engenharia. Os temas incluem a identificação, documentação,
        modelação, verificação e melhoria dos processos de negócio de uma organização através de técnicas de análise, desenho e
        automação de processos.');

INSERT INTO DegreeClasses(id, year, semester, ects , isOptional, degree) VALUES (168, 4, 1, 7.5, TRUE, 3);
INSERT INTO DegreeClassTranslations(degreeClass, language, name, description) VALUES  (168, 'PT_PT', 'Fundamentos de Sistemas de Informação','Os objectivos de aprendizagem de Fundamentos dos Sistemas de Informação são os da disciplina
        “IS 2010.1 Foundations of Information Systems” do currículo “ACM/AIS IS 2010 Curriculum Guidelines”:
        1.	Fornecer uma abordagem sociotécnica aos sistemas de informação organizacionais; entender como e porquê os sistemas de informação são hoje usados nas organizações
        2.	Explicar a relações entre os componentes de tecnologia, de pessoas e organizacionais dos sistemas de informação empresariais
        3.	Conhecer os principais componentes de tecnologia dos sistemas de informação
        4.	Entender como as empresas utilizam os sistemas de informação para suportar as suas actividades e criar vantagens competitivas
        5.	Entender como os sistemas de informação permitem criar novas formas de comércio entre indivíduos, organizações e governos
        6.	Conhecer as novas tecnologias que permitem novas formas de comunicação, colaboração e parcerias
        7.	Entender como os sistemas de informação permitem criar relações com clientes e fornecedores, e como são utilizados para reforçar as estruturas organizacionais e os processos de negócio
        8.	Entender como os sistemas de informação podem suportar a tomada de decisão nos diferentes níveis e funções das organizações
        9.	Compreender como as organizações desenvolvem e adquirem tecnologias e sistemas de informação
        10.	Compreender o valor dos investimentos em sistemas de informação, bem como aprender a preparar um plano de negócios para um novo sistema de informação, incluindo a estimativa de custos e benefícios
        11.	Mitigar os riscos, bem como planear e recuperar de desastres
        12.	Entender como garantir a segurança dos sistemas de informação, tendo em conta tanto aspetos tecnológicos como humanos
        13.	Avaliar as questões éticas dos sistemas de informação, e o impacto dos sistemas de informação na fraude e no crime');
        
        
INSERT INTO DegreeClasses(id, year, semester, ects , isOptional, degree) VALUES (169, 4, 1, 7.5, TRUE, 3);
INSERT INTO DegreeClassTranslations(degreeClass, language, name, description) VALUES  (169, 'PT_PT', 'Desenvolvimento de Aplicações Distribuídas','Perceber os problemas de nível sistema subjacentes à concepção e
        desenvolvimento de aplicações em redes de grandes escala (ex.: na Internet). Conhecer as soluções existentes no
        âmbito das plataformas de suporte à execução das aplicações antes referidas com ênfase na arquitectura,
        modelos de comunicação, escalabilidade, desempenho e segurança. Especificar, conceber, analisar e implementar
        aplicações distribuídas em redes de grande escala assim como as respectivas plataformas de suporte à sua execução.');  
        
INSERT INTO DegreeClasses(id, year, semester, ects , isOptional, degree) VALUES (170, 4, 1, 7.5, TRUE, 3);
INSERT INTO DegreeClassTranslations(degreeClass, language, name, description) VALUES  (170, 'PT_PT', 'Segurança Informática em Redes e Sistemas','O objectivo desta cadeira é fornecer ao aluno um conjunto de conceitos,
        metodologias e ferramentas de segurança informática que lhe permita abordar o tema face a um conjunto de tecnologias
        alargado, tais como: redes locais, redes pessoais, redes globais, desenvolvimento de código seguro, sistemas operativos,
        sistemas distribuídos e protocolos de comunicação.');
        
INSERT INTO DegreeClasses(id, year, semester, ects , isOptional, degree) VALUES (171, 4, 1, 7.5, TRUE, 3);
INSERT INTO DegreeClassTranslations(degreeClass, language, name, description) VALUES  (171, 'PT_PT', 'Animação e Visualização Tridimensional','Esta UC introduz e discute o estado de arte das técnicas de
        concepção e desenvolvimento de aplicações gráficas 3D, com preocupações ao nível do tempo-real, da interactividade
        e do realismo, através da utilização das APIs gráficas OpenGL e WebGL. Inclui o desenvolvimento de uma aplicação
        gráfica 3D imersiva num dispositivo móvel recorrendo a um par de óculos de Realidade Virtual de baixo-custo,
        os Google Carboard. A cadeira também aborda os avanços mais recentes na tecnologia de GPU e suas
        aplicações à simulação e jogos de computador. Após a frequência desta disciplina, os alunos devem saber
        descrever e justificar métodos, procedimentos e técnicas elementares utilizados em sistemas de Ambientes
        Virtuais Interactivos e Tempo-Real, identificando os termos, conceitos e princípios básicos subjacentes.');
        
INSERT INTO DegreeClasses(id, year, semester, ects , isOptional, degree) VALUES (172, 4, 1, 7.5, TRUE, 3);
INSERT INTO DegreeClassTranslations(degreeClass, language, name, description) VALUES  (172, 'PT_PT', 'Concepção Centrada no Utilizador','Apreender os princípios norteantes e as metodologias da
        concepção centrada no utilizador de sistemas interactivos. Apreender a necessidade do conhecimento dos
        utilizadores e suas necessidades e seu envolvimento na construção de sistemas interactivos. Adaptar
        estes conhecimentos a metodologias de desenvolvimento centrado no utilizador. Aplicar modelos de
        avaliação de acordo com a fase de projecto. Realizar um projecto de um sistema interactivo com base
        nos conhecimentos adquiridos e com envolvimento dos utilizadores a vários níveis.');
        
INSERT INTO DegreeClasses(id, year, semester, ects , isOptional, degree) VALUES (173, 4, 1, 7.5, TRUE, 3);
INSERT INTO DegreeClassTranslations(degreeClass, language, name, description) VALUES  (173, 'PT_PT', 'Visualização de Informação','O objectivo é dar aos alunos os conhecimentos da área
        de visualização de dados e informação que lhes permitam conceber e executar visualizações de grande impacto
        como veículo privilegiado para transmitir informação quantitativa e qualitativa. Será introduzida a área
        de Visualização de Informação após o que será ensinada uma metodologia para a análise de domínio e concepção
        de visualizações eficazes. Conhecida esta, serão discutidos os vários tipos de variáveis (contínuas,
        nominais, rácio, etc.), dados (tabulares, redes, texto, etc.) e padrões a visualizar. Em seguida serão
        descritos os vários factores fisiologicos e psicológicos (memória, processamento visual, etc.) relevantes
        para a criação de uma boa visualização. Estudaremos os tipos de visualização de informação mais comuns e
        adequados para vários tipos de informação (grafos, séries temporais, etc.) e as técnicas de interacção
        possíveis (focus+context, overview+detail, panning+zoom, brushing). Uma vez introduzida a área, as
        tarefas nela desempenhadas, e os problemas encontrados, veremos quais as abordagens mais correctas para
        avaliar aplicações de Visualização de Informação.');

INSERT INTO DegreeClasses(id, year, semester, ects , isOptional, degree) VALUES (174, 4, 1, 7.5, TRUE, 3);
INSERT INTO DegreeClassTranslations(degreeClass, language, name, description) VALUES  (174, 'PT_PT', 'Língua Natural','Conhecer os conceitos básicos, principais formalismos, técnicas e algoritmos,
        bases de conhecimento e corpora envolvidos na área do Processamento da Língua Natural.
        Perceber quais são as grandes tarefas envolvidas no processamento de uma frase, parágrafo ou texto e entender
        as dificuldades de cada uma destas tarefas. Conhecer as principais aplicações da área e ser capaz de identificar
        a tecnologia envolvida. Compreender as tarefas que são realizáveis com as tecnologias actuais.');

INSERT INTO DegreeClasses(id, year, semester, ects , isOptional, degree) VALUES (175, 4, 1, 7.5, TRUE, 3);
INSERT INTO DegreeClassTranslations(degreeClass, language, name, description) VALUES  (175, 'PT_PT', 'Procura e Planeamento','Aprofundar os temas da procura de soluções para problemas complexos e do planeamento de acções.
        Reconhecer os diferentes tipos de problemas a resolver.
        Dominar as principais metodologias e estratégias de procura.
        Perceber que metodologia e estratégia aplicar para cada tipo de problema.
        Ser capaz de resolver problemas razoavelmente complexos.
        Compreender a especificidade do problema do planeamento de acções e porque necessita de uma abordagem mais potente.
        Estudar os fundamentos e abordagens do planeamento de acções e ser capaz de resolver problemas simples de planeamento.');

INSERT INTO DegreeClasses(id, year, semester, ects , isOptional, degree) VALUES (176, 4, 1, 7.5, TRUE, 3);
INSERT INTO DegreeClassTranslations(degreeClass, language, name, description) VALUES  (176, 'PT_PT', 'Sistemas de Apoio à Decisão','Introduzir os conceitos fundamentais da descoberta de informação a partir de grandes
        quantidades de dados Tornar os alunos hábeis na criação de sistemas capazes de descobrir informação escondida através
        da aplicação de técnicas de data mining. Tornar os alunos hábeis na avaliação da informação descoberta, em particular
        na comparação dos diferentes modelos descobertos.');

INSERT INTO DegreeClasses(id, year, semester, ects , isOptional, degree) VALUES (177, 4, 1, 7.5, TRUE, 3);
INSERT INTO DegreeClassTranslations(degreeClass, language, name, description) VALUES  (177, 'PT_PT', 'Algoritmos para Lógica Computacional','A Lógica é um dos pilares da Ciência da Computação (Computer Science, CS),
        encontrando aplicação em todas as áreas de CS. Exemplos concretos incluem as bases de dados, os sistemas de informação inteligentes,
        a inteligência artificial, mas também a especificação, validação e verificação de software, hardware e redes. O objectivo
        desta unidade curricular é proporcionar formacão avançada em abordagens para resolver problemas computacionais relacionados
        com Lógica. Os estudantes ficam capacitados para analisar, modelar e resolver problemas computacionalmente difíceis usando
        Lógica. Adicionalmente, obtém formação nos aspectos de engenharia essenciais na construção de software para problemas de
        Lógica: funcionamento e implementação de um sistema dedutivo e técnicas algorítmicas e estruturas de dados fundamentais
        para a implementação de ferramentas baseadas em Lógica.');

INSERT INTO DegreeClasses(id, year, semester, ects , isOptional, degree) VALUES (178, 4, 1, 7.5, TRUE, 3);
INSERT INTO DegreeClassTranslations(degreeClass, language, name, description) VALUES  (178, 'PT_PT', 'Computabilidade e Complexidade','Caracterizar classes computacionais, identificar conjuntos completos, distinguir complexidade uniforme de não uniforme e executar reduções; estudar problemas em aberto em complexidade computacional.');

INSERT INTO DegreeClasses(id, year, semester, ects , isOptional, degree) VALUES (179, 4, 1, 7.5, TRUE, 3);
INSERT INTO DegreeClassTranslations(degreeClass, language, name, description) VALUES  (179, 'PT_PT', 'Redes Complexas','Esta disciplina tem como objecto de estudo as redes complexas,
        com foco nos algoritmos, modelos e aplicações quer para redes artificiais quer para redes reais, tais como redes
        sociais, redes de informação, a Internet, e redes biológicas. Os grafos inerentes a estas redes partilham algumas
        características recorrentes: grande dimensão; esparsos; scale-free; small-world and clustering effect;
        comunidades; etc. Neste contexto, interessa tanto o desenvolvimento de algoritmos e estruturas de dados
        escaláveis para que seja possível um análise efectiva destas redes complexas, como a elaboração de modelos
        teóricos capazes de descrever os padrões encontrados empiricamente. As aplicações são inúmeras, indo desde
        motores de pesquisa, difusão de informação na internet, nas redes sociais, nos blogs, ao marketing viral,
        tolerância das redes a eventos destrutivos, fenómenos epidemiológicos em redes, biologia computacional,
        com ligações às ciências sociais, à física e à economia.');

INSERT INTO DegreeClasses(id, year, semester, ects , isOptional, degree) VALUES (180, 4, 1, 7.5, TRUE, 3);
INSERT INTO DegreeClassTranslations(degreeClass, language, name, description) VALUES  (180, 'PT_PT', 'Análise e Integração de Dados','A disciplina de Análise e Integração de Dados pretende ensinar aos alunos
        os conceitos mais importantes de integração de dados sobre duas perspectivas diferentes: virtual, onde as fontes de dados
        podem ser consultadas através de uma arquitectura de mediação; e wharehoused, onde um repositório de dados materializado
        (denominado armazém de dados ou data warehouse) é preenchido com dados provenientes das fontes. Adicionalmente, a disciplina
        ensinará as técnicas que podem ser utilizadas para explorar a informação: OLAP e reporting numa arquitectura wharehoused,
        e sistemas de mash-up numa arquitectura virtual.');

INSERT INTO DegreeClasses(id, year, semester, ects , isOptional, degree) VALUES (181, 4, 1, 7.5, TRUE, 3);
INSERT INTO DegreeClassTranslations(degreeClass, language, name, description) VALUES  (181, 'PT_PT', 'Processamento e Recuperação de Informação','A disciplina de Processamento e Recuperação de Informação visa proporcionar
        uma introdução completa e actualizada aos conceitos-chave, tecnologias, e mecanismos de processamento de dados utilizados
        nas áreas da Recuperação de Informação (IR), Filtragem de Informação (IF), e Extração de Informação (IE).
        Os alunos da disciplina aprenderão os conceitos teóricos fundamentais nestas áreas, adquirindo as competências
        teóricas e práticas necessárias para: Projectar soluções modernas para o processamento, gestão e interrogação
        de grandes volumes de informação não estruturada ou semi-estruturada;
        Classificar e agrupar automaticamente conjuntos de recursos (e.g., grandes conjuntos de documentos de texto)
        através de características descritivas;Conceber sistemas para a recuperação e filtragem da informação
        relevante existem em grandes colecções, com base em termos chave, com base em exemplos, ou com base em perfis dos
        utilizadores; Conceber sistemas para a extração de informação desde documentos de texto, ou desde a Web;
        Avaliar comparativamente diferentes sistemas para a extracção, filtragem e recuperação de informação relevante.');

INSERT INTO DegreeClasses(id, year, semester, ects , isOptional, degree) VALUES (182, 4, 1, 7.5, TRUE, 3);
INSERT INTO DegreeClassTranslations(degreeClass, language, name, description) VALUES  (182, 'PT_PT', 'Segurança em Software','Compreender os problemas de segurança em software mais comuns e as suas causas fundamentais.
        Conhecer orientações, técnicas e ferramentas para a sua prevenção ou detecção, e os melhores princípios que estão por detrás destas técnicas.');

INSERT INTO DegreeClasses(id, year, semester, ects , isOptional, degree) VALUES (183, 4, 1, 7.5, TRUE, 3);
INSERT INTO DegreeClassTranslations(degreeClass, language, name, description) VALUES  (183, 'PT_PT', 'Ciber Segurança Forense','O objectivo do curso é o estudo das técnicas e metodologias forenses
        aplicadas às evidencias digitais. Durante o cursos os alunos apreenderão as diferentes fases da metodologia forense bem
        como a sua aplicação à recolha e tratamento de evidências digitais em diferentes meios, nomeadamente evidências recolhidas
        da rede, da memória volátil e persistente dos sistema de informação e dos sistemas activos de gestão da rede e ainda
        da memória de dispositivos móveis. Serão ainda abordados alguns aspectos legais relevantes para o processo de recolha
        e tratamento de dados de forma a permitir a produção prova em tribunal.');
        
INSERT INTO DegreeClasses(id, year, semester, ects , isOptional, degree) VALUES (184, 4, 1, 7.5, TRUE, 3);
INSERT INTO DegreeClassTranslations(degreeClass, language, name, description) VALUES  (184, 'PT_PT', 'Computação Gráfica para Jogos','Computação gráfica para jogos cobre aspectos teóricos e práticos
        do desenvolvimento de motores gráficos para videojogos (game engines). Aborda os diferentes subsistemas presentes
        num motor de jogo, incluindo, entre outros, subsistemas de rasterização, animação de personagens, e físicos, e
        discute a articulação necessária entre os vários subsistemas para suportar o desenvolvimento de jogabilidade.
        Após a frequência desta disciplina, os alunos deverão compreender como funciona um motor gráfico moderno e
        serem capazes de desenvolver os seus próprios motores gráficos para jogos.');

INSERT INTO DegreeClasses(id, year, semester, ects , isOptional, degree) VALUES (185, 4, 1, 7.5, TRUE, 3);
INSERT INTO DegreeClassTranslations(degreeClass, language, name, description) VALUES  (185, 'PT_PT', 'Design de Jogos','Esta disciplina permite ao aluno adquirir capacidades para concepção
        de uma experiência de jogo e desenvolvimento de protótipos que realizem essa experiência. As capacidades são
        desenvolvidas fomentando a discussão sobre o que é um jogo, quais são os seus constituintes e qual a relação
        do jogo com os seus jogadores (tendo em conta as suas diferenças). O aluno desenvolve o seu trabalho com base
        em documentos de design e construção de protótipos.');

INSERT INTO DegreeClasses(id, year, semester, ects , isOptional, degree) VALUES (186, 4, 1, 7.5, TRUE, 3);
INSERT INTO DegreeClassTranslations(degreeClass, language, name, description) VALUES  (186, 'PT_PT', 'Inteligência Artificial para Jogos','Reconhecer as diferenças entre a IA tradicional e aplicação de técnicas de IA ao
        desenvolvimento de Jogos de Computador, onde outros factores como a jogabilidade são mais importantes que a inteligência do adversário.
        Conhecer os problemas práticos do desenvolvimento de IA para Jogos de Computador, bem como as diferentes vertentes das
        técnicas aplicadas em Jogos de Computador comerciais.Saber desenhar e construir um sistema de IA para um jogo de
        computador, qualquer que seja o seu estilo: acção, desporto, estratégia, narrativa, etc.');

INSERT INTO DegreeClasses(id, year, semester, ects , isOptional, degree) VALUES (187, 4, 1, 7.5, TRUE, 3);
INSERT INTO DegreeClassTranslations(degreeClass, language, name, description) VALUES  (187, 'PT_PT', 'Bioinformática','A Bioinformática desenvolve métodos computacionais e algoritmos para o
        processamento de dados biológicos e utiliza modelação matemática e estatística para definir hipóteses testáveis sobre
        entidades e processos biológicos. Esta disciplina introdutória pretende familiarizar os alunos com as metodologias
        computacionais e matemáticas que estão na base de muitas das abordagens que suportam os novos desenvolvimentos
        desta área. Adicionalmente, pretende-se desenvolver o espírito crítico através da leitura e análise de publicações
        cientificas relevantes à disciplina. A componente prática da disciplina pretende dotar os alunos da capacidade
        de desenvolvimento de ferramentas de software para o tratamento e integração de dados biológicos e clínicos.');

INSERT INTO DegreeClasses(id, year, semester, ects , isOptional, degree) VALUES (188, 4, 1, 7.5, TRUE, 3);
INSERT INTO DegreeClassTranslations(degreeClass, language, name, description) VALUES  (188, 'PT_PT', 'Aplicações para Sistemas Embebidos','Dotar os alunos de conhecimentos sobre sistemas embebidos e sistemas de
        tempo real com ênfase na concepção, desenvolvimento e teste de aplicações. Abordar a especificidade dos sistemas
        embebidos no que se refere às arquitecturas hardware, barramentos, redes de comunicação e interfaces ciber-físicas.
        Estudar arquitecturas de software, sistemas operativos multitarefa e políticas de escalonamento de tempo-real.
        Analisar formas de optimização de programas por forma a melhorar o desempenho, o consumo e o custo dos sistemas.
        Introduzir metodologias de desenho de sistemas e de análise de requisitos. Estudo de casos e domínios aplicacionais:
        identificação e acesso a serviços baseados em meios electrónicos (smart cards) e biométricos, sensores
        em dispositivos pessoais (smartphones).');

INSERT INTO DegreeClasses(id, year, semester, ects , isOptional, degree) VALUES (189, 4, 1, 6, TRUE, 3);
INSERT INTO DegreeClassTranslations(degreeClass, language, name, description) VALUES  (189, 'PT_PT', 'Projecto de Sistemas Digitais','Fornecer aos alunos as competências para: Projectar de modo estruturado sistemas electrónicos
        digitais de complexidade média. Compreender e aplicar as técnicas fundamentais de síntese e optimização a nível arquitectural.
        Simular e sintetizar sistemas digitais utilizando linguagens de especificação de hardware. Compreender e utilizar as funcionalidades
        das ferramentas de projecto assistido por computador. Implementar sistemas digitais utilizando dispositivos lógicos programáveis (FPGAs e PLDs).');

INSERT INTO DegreeClasses(id, year, semester, ects , isOptional, degree) VALUES (190, 4, 1, 7.5, TRUE, 3);
INSERT INTO DegreeClassTranslations(degreeClass, language, name, description) VALUES  (190, 'PT_PT', 'Controlo e Decisão Inteligente','Fornecer uma perspectiva moderna do controlo de sistemas de alto nível,
        especialmente o controlo e decisão baseados em técnicas inteligentes (soft computing). Dotar os alunos de conhecimentos
        da teoria, projecto e aplicação de técnicas de soft computing, dando especial ênfase a sistemas fuzzy, redes neuronais,
        e a algoritmos de optimização genéticos e inspirados em agentes biológicos. As técnicas utilizadas deverão ser aplicadas
        sinergeticamente em problemas de modelação, controlo, classificação, decisão e optimização, em sistemas complexos de
        grande escala.');

INSERT INTO DegreeClasses(id, year, semester, ects , isOptional, degree) VALUES (191, 4, 1, 6, TRUE, 3);
INSERT INTO DegreeClassTranslations(degreeClass, language, name, description) VALUES  (191, 'PT_PT', 'Processamento de Imagem e Visão','Este curso introduz métodos de análise de imagem e de percepção do mundo
        através de câmaras. O curso inclui: filtragem, segmentação, reconhecimento de objectos, detecção e seguimento,
        autolocalização da câmara, reconstrução de cenas 3D.');

INSERT INTO DegreeClasses(id, year, semester, ects , isOptional, degree) VALUES (192, 4, 1, 7.5, TRUE, 3);
INSERT INTO DegreeClassTranslations(degreeClass, language, name, description) VALUES  (192, 'PT_PT', 'Robôs Sociais e Interacção Pessoa-Robô','Desenvolver mecanismos de inteligência artificial em robôs que forneçam a
        plataformas robóticas a capacidade de interagir com humanos de uma forma social. Ser capaz de integrar e avaliar aspectos
        como intencionalidade, credibilidade, emoções e colaboração na interacção entre humanos e robôs.');

INSERT INTO DegreeClasses(id, year, semester, ects , isOptional, degree) VALUES (193, 4, 1, 6, TRUE, 3);
INSERT INTO DegreeClassTranslations(degreeClass, language, name, description) VALUES  (193, 'PT_PT', 'Sistemas Autónomos','Abordam-se os conceitos fundamentais envolvidos em sistemas compostos
        por diversos agentes físicos com diversos graus de autonomia (sensores, processadores, actuadores, robots)
        distribuídos espacialmente. Descrevem-se métodos de mapeamento e representação de mapas. Introduzem-se os conceitos
        e métodos fundamentais de auto-localização na presença de incertezas na observação e no modelo do movimento.
        Apresentam-se métodos de integração da informação proveniente de vários sensores, para posicionamento e
        representação do mapa do mundo onde os sensores estão situados, bem como métodos para a resolução de problemas
        em sistemas cooperativos, incluindo a percepção cooperativa e a atribuição, planeamento e coordenação de tarefas.
        Termina-se com uma perspectiva integradora dos vários módulos ensinados.');      
              
INSERT INTO DegreeClasses(id, year, semester, ects , isOptional, degree) VALUES (194, 4, 2, 7.5, TRUE, 3);
INSERT INTO DegreeClassTranslations(degreeClass, language, name, description) VALUES  (194, 'PT_PT', 'Programação Avançada' , 'Dominar técnicas avançadas de programação e os problemas mais adequados
        para a sua aplicação. Compreender as limitações das actuais linguagens de programação e saber colmatar essas limitações.
        Ser capaz de antecipar o impacto da utilização de técnicas avançadas no funcionamento, facilidade de desenvolvimento e
        facilidade de manutenção de um programa. Compreender a capacidade de reflexão das linguagens de programação nas vertentes
        de introspecção e intercessão e nos tempos de compilação, carregamento, e execução. Compreender a diferença entre
        programação e meta-programação e a utilidade de modelos de código. Compreender meta-classes, protocolos de meta-objecto,
        e as suas capacidades de intercessão. Compreender a programação orientada a aspectos e a sua aplicação a requisitos
        transversais. Compreender a abstracção linguística, os avaliadores, e os avaliadores meta-circulares. Ser capaz de dotar
        avaliadores de mecanismos de meta-programação, de avaliação atrasada, e de avaliação não-determinística.');
        
INSERT INTO DegreeClasses(id, year, semester, ects , isOptional, degree) VALUES (195, 4, 2, 7.5, TRUE, 3);
INSERT INTO DegreeClassTranslations(degreeClass, language, name, description) VALUES  (195, 'PT_PT', 'Teste e Validação de Software','O tamanho e a complexidade de programas de software tem vindo a crescer,
        sendo por isso cada vez mais importante conseguir validar a correcção dos programas. Um dos custos principais no
        desenvolvimento de software é a sua validação. Existem várias técnicas de validação, sendo a técnica de teste de
        software uma das técnicas mais utilizadas. A UC de Teste e Validação de Software (TVS) oferece formação avançada nas
        técnicas de teste de software, incluindo técnicas manuais, semi-automáticas e automáticas. A UC de TVS oferece também
        formação sobre técnicas adicionais de validação de software, incluindo a análise estática e a verificação de modelos.
        A UC proporciona também contacto com ferramentas académicas e industriais de validação de software.');

INSERT INTO DegreeClasses(id, year, semester, ects , isOptional, degree) VALUES (196, 4, 2, 7.5, TRUE, 3);
INSERT INTO DegreeClassTranslations(degreeClass, language, name, description) VALUES  (196, 'PT_PT', 'Arquitectura Empresarial','1. Compreender o ciclo de vida da engenharia empresarial, incluindo a governação e os processos de transformação organizacionais.
        2. Compreender as teorias fundamentais subjacentes engenharia empresarial.
        3. Compreender e aplicar os princípios de arquitectura empresarial.
        4. Compreender e usar as linguagens de modelação de arquitectura empresarial, nomeadamente o ArchiMate e o DEMO.
        5. Compreender e utilizar modelos e molduras de referência das organizações por indústria.
        6. Compreender e aplicar as técnicas de alinhamento empresarial
        7. Analisar casos de estudos de organizações reais.');

INSERT INTO DegreeClasses(id, year, semester, ects , isOptional, degree) VALUES (197, 4, 2, 7.5, TRUE, 3);
INSERT INTO DegreeClassTranslations(degreeClass, language, name, description) VALUES  (197, 'PT_PT', 'Organização e Gestão da Função Informática','Os objectivos de aprendizagem estão alinhados com:
        1. Compreender as diversas funções e atividades na área de sistemas de informação (SI) incluindo
        o papel da gestão da informática e do director de SI, a estrutura da gestão dos SI dentro de uma
        organização, e a gestão dos profissionais de SI.
        2. Ver uma organização pelo ponto de vista da administração de topo para decidir como os SI devem
        suportar os processos de negócio, quer os principais, quer os de suporte, quer os de gestão
        de clientes e fornecedores.
        3. Compreender os conceitos de economia da informação ao nível da organização.
        4. Perceber como os SI representam uma importante fonte de vantagem competitiva para as organizações.
        5. Estruturar as actividades relacionadas com os SI para maximizar o valor dos SI dentro e
        fora das organizações.
        6. Compreender as tecnologias de informação existentes e emergentes, as funções dos SI, e o
        seu impacto sobre as operações da organização.
        7. Avaliar as questões e os desafios associados com a incorporação dos SI numa organização.
        8. Entender como as decisões estratégicas são feitas sobre a aquisição de SI, incluindo a capacidade
        de avaliar as diferentes opções de fornecimento.
        9. Aplicar informação às necessidades de diferentes indústrias e áreas. 10. Compreender o papel
        do controlo e as frameworks de gestão de serviços de informática pela perspectiva da gestão
        dos SI numa organização.');

INSERT INTO DegreeClasses(id, year, semester, ects , isOptional, degree) VALUES (198, 4, 2, 7.5, TRUE, 3);
INSERT INTO DegreeClassTranslations(degreeClass, language, name, description) VALUES  (198, 'PT_PT', 'Administração de Dados e Sistemas de Informação','A unidade curricular de Administração de Dados em Sistemas de Informação
        tem como objectivo dar aos alunos as competências necessárias para gerir, optimizar e usar eficazmente sistemas
        modernos para a gestão de grandes volumes de dados. Os alunos devem ser capazes de:\n
        1. compreender os mecanismos internos de um Sistema de Gestão de Bases de Dados (SGBD) relacional, nomeadamente a
        gestão de armazenamento, a indexação, o processamento e optimização de interrogações, a gestão de transacções,
        do controlo de concorrência e gestão de recuperação\n
        2. compreender as tarefas envolvidas na administração de bases de dados\n
        3. optimizar o acesso à informação em bases de dados que armazenam grandes quantidades de dados\n
        4. adquirir conhecimento básico sobre as várias arquitecturas de bases de dados paralelas e distribuídas,
        incluindo sistemas convencionais (SQL) e não convencionais (NoSQL).');        

INSERT INTO DegreeClasses(id, year, semester, ects , isOptional, degree) VALUES (199, 4, 2, 7.5, TRUE, 3);
INSERT INTO DegreeClassTranslations(degreeClass, language, name, description) VALUES  (199, 'PT_PT', 'Computação em Nuvem e Virtualização','Deter uma perspectiva integradora da computação em nuvem e da virtualização,
        e da sua conjugação e síntese, no desenho dos sistemas modernos na computação distribuída em larga escala, com as suas tecnologias,
        mecanismos e algoritmos subjacentes. Compreender uma abordagem vertical às diversas tecnologias de virtualização e da computação
        em nuvem, que oferecem às aplicações e serviços maior flexibilidade, melhor utilização de recursos e eficiência económica,
        e maior escalabilidade e adaptabilidade. Ser capaz de desenvolver aplicações e sistemas, escaláveis e fiáveis, para
        computação em nuvem, sobre as infra-estruturas e plataformas de virtualização, e modelos aplicacionais adoptados.
        Ser capaz de avaliar escolhas, soluções, e compromissos envolvidos no desenvolvimento, uso e gestão de infra-estruturas
        de virtualização para computação em nuvem.');
        
INSERT INTO DegreeClasses(id, year, semester, ects , isOptional, degree) VALUES (200, 4, 2, 7.5, TRUE, 3);
INSERT INTO DegreeClassTranslations(degreeClass, language, name, description) VALUES  (200, 'PT_PT', 'Integração Empresarial','A disciplina de Integração de Sistemas Empresariais tem por objectivo
        fornecer uma visão abrangente dos conceitos, metodologias e tecnologias de integração, compreendendo desde a integração de
        aplicações e serviços até à integração de processos inter-organizacionais. A temática da disciplina está posicionada na
        interface crítica entre as infra-estruturas tecnológicas e os processos de negócio, visando fazer compreender a ligação
        e as dependências entre ambos. Permitirá ainda transmitir uma visão de como é possível desenvolver uma infra-estrutura
        aplicacional distribuída e integrada.');
       
INSERT INTO DegreeClasses(id, year, semester, ects , isOptional, degree) VALUES (201, 4, 2, 7.5, TRUE, 3);
INSERT INTO DegreeClassTranslations(degreeClass, language, name, description) VALUES  (201, 'PT_PT', 'Computação Móvel e Ubíqua','Perceber os desafios e problemas subjacentes à concepção e
        desenvolvimento de software de suporte (middleware e sistema operativo) a aplicações em ambientes com entidades
        móveis e ubíquas (pessoas, hardware, software). Especificar, conceber, analisar e implementar sistemas
        (middleware móvel/ubíquo e sistema operativo) de suporte à mobilidade/ubiquidade de hardware e software
        assim como dos seus utilizadores.');        
 
INSERT INTO DegreeClasses(id, year, semester, ects , isOptional, degree) VALUES (202, 4, 2, 7.5, TRUE, 3);
INSERT INTO DegreeClassTranslations(degreeClass, language, name, description) VALUES  (202, 'PT_PT', 'Sistemas de Elevada Confiabilidade','Fornecer uma perspectiva integrada dos aspectos de confiança no funcionamento no sentido lato, cobrindo não só falhas acidentais, mas também falhas maliciosas e intrusões, combinando as facetas de tolerância a faltas e de segurança no desenvolvimento de sistemas.');

INSERT INTO DegreeClasses(id, year, semester, ects , isOptional, degree) VALUES (203, 4, 2, 7.5, TRUE, 3);
INSERT INTO DegreeClassTranslations(degreeClass, language, name, description) VALUES  (203, 'PT_PT', 'Comunicação Visual Interactiva','O objectivo é dar aos alunos os conhecimentos e competências
        necessários para a comunicação eficaz de conceitos, tendências e informação com base em aplicações gráficas interactivas.
        Serão descritas as especificidades dos vários tipos de dados que podem ser usados para comunicar, e a melhor forma de
        os usar e combinar para esse fim. Posteriormente, serão ensinadas técnicas de extracção de metadados e descritores
        relevantes dos vários media, com ênfase em imagens, permitindo assim a sua mais eficiente manipulação e utilização.
        A indexação e recuperação dos media com base nesses metadados e descritores será o objecto de estudo seguinte.
        Já na posse dos dados num formato fácil de manipular, os alunos adquirirão competências relacionadas com a sua
        representação visual, e a sua exploração em ferramentas interactivas. Finalmente, será abordada a questão de qual
        a melhor forma de apresentar os conceitos, tendências e informação revelados na aplicação interactiva com a
        criação de apresentações multimédia públicas, maximizando o seu impacto e a quantidade de informação transmitida
        e retida pela audiência.');
        
INSERT INTO DegreeClasses(id, year, semester, ects , isOptional, degree) VALUES (204, 4, 2, 7.5, TRUE, 3);
INSERT INTO DegreeClassTranslations(degreeClass, language, name, description) VALUES  (204, 'PT_PT', 'Programação 3D','Esta unidade curricular introduz e discute a aplicação das leis da
        Física na geração de imagens 3D de Alta Fidelidade (Fotorealismo), com especial enfoque na simulação do processo
        físico de Transporte de Luz e a correspondente interacção com a matéria. Para além das técnicas baseadas em Ray-Tracing,
        a cadeira inclui ainda o desenvolvimento de uma aplicação gráfica 3D interactiva com efeitos fotorealistas,
        baseada no motor de jogo Unity 3D, através do uso das suas bibliotecas de Assets e de shaders.');

INSERT INTO DegreeClasses(id, year, semester, ects , isOptional, degree) VALUES (205, 4, 2, 7.5, TRUE, 3);
INSERT INTO DegreeClassTranslations(degreeClass, language, name, description) VALUES  (205, 'PT_PT', 'Produção de Conteúdos Multimédia','Conhecer os vários tipos de informação multimédia e como os manipular
        para a produção de conteúdos. Reconhecer as características de um processo de Produção de Conteúdos Multimédia. Entender os
        constrangimentos tecnológicos que se colocam na Produção, nomeadamente nos aspectos de captura, codificação, processamento
        e visualização dos vários media. Conhecer os vários tipos de ferramentas de autoria disponíveis. Produzir conteúdos
        Multimédia; Conhecer os vários contextos em que o multimédia por ser consumido, com ênfase em aspectos de rede (requisitos
        de largura de banda, tempo de latência, sincronização, etc.) e dispositivos móveis. Introduzir algumas formas avançadas
        de utilização de multimédia como a modelação procedimental, arte generativa e realidade aumentada. Aplicar métodos
        eficientes de pesquisa de informação multimédia baseada no conteúdo.');
        
INSERT INTO DegreeClasses(id, year, semester, ects , isOptional, degree) VALUES (206, 4, 2, 7.5, TRUE, 3);
INSERT INTO DegreeClassTranslations(degreeClass, language, name, description) VALUES  (206, 'PT_PT', 'Agentes Autónomos e Sistemas Multi-Agente','Adquirir noções gerais de agentes e sistemas multi-agente; saber identificar e
        classificar agentes e ambientes, de acordo com diferentes propriedades. Saber desenvolver sistemas complexos e
        de diferentes áreas de aplicação, usando uma metodologia orientada a agentes. Saber especificar uma sociedade de
        agentes para a resolução de um problema concreto. Ter a capacidade de conceber agentes com arquitecturas reactivas,
        deliberativas e híbridas. Ter a capacidade de criar sociedades de agentes que comunicam, de uma forma prática,
        usando linguagens e plataformas adequadas.');

INSERT INTO DegreeClasses(id, year, semester, ects , isOptional, degree) VALUES (207, 4, 2, 7.5, TRUE, 3);
INSERT INTO DegreeClassTranslations(degreeClass, language, name, description) VALUES  (207, 'PT_PT', 'Aprendizagem e Decisão Inteligente','Reconhecer os principais desafios envolvidos no desenvolvimento de sistemas
        inteligentes em cenários com incerteza e/ou adversariais. Conhecer e aplicar as principais técnicas de
        planeamento e aprendizagem neste tipo de cenários');        
        
INSERT INTO DegreeClasses(id, year, semester, ects , isOptional, degree) VALUES (208, 4, 2, 7.5, TRUE, 3);
INSERT INTO DegreeClassTranslations(degreeClass, language, name, description) VALUES  (208, 'PT_PT', 'Representação do Conhecimento e Raciocínio','Conhecer as várias famílias de representação de conhecimento e de raciocínio avançadas
        (para além da Lógica Clássica de Primeira Ordem).Compreender como representar conhecimento em cada uma dessas famílias e
        as formas de raciocínio sobre o mesmo oferecidas por cada uma. Conhecer as vantagens, limitações e fragilidades de cada
        uma dessas famílias tanto do ponto de vista da representação como do raciocínio. Ser capaz de efectuar as escolhas adequadas
        de sistema dado um problema concreto de representação e raciocínio. Ser capaz de construir bases de conhecimento segundo
        cada uma das famílias. Ser capaz de representar e resolver problemas razoavelmente complexos de representação e raciocínio.
        Ser capaz de representar grandes quantidades de conhecimento e conseguir a sua partilha entre vários sistemas.');

INSERT INTO DegreeClasses(id, year, semester, ects , isOptional, degree) VALUES (209, 4, 2, 7.5, TRUE, 3);
INSERT INTO DegreeClassTranslations(degreeClass, language, name, description) VALUES  (209, 'PT_PT', 'Algoritmos Avançados','Compreender os modelos, técnicas, e formas de programação de algoritmos paralelos.
        Analisar e conceber algoritmos paralelos. Compreender os fundamentos da computação distribuída.');
        
INSERT INTO DegreeClasses(id, year, semester, ects , isOptional, degree) VALUES (210, 4, 2, 7.5, TRUE, 3);
INSERT INTO DegreeClassTranslations(degreeClass, language, name, description) VALUES  (210, 'PT_PT', 'Computação Paralela e Distribuída','O objectivo desta unidade curricular é portanto a formação
        avançada em técnicas de desenvolvimento e análise de algoritmos com particular foco em estruturas de dados avançadas
        para indexação e compressão, algoritmos randomizados, algoritmos de aproximação, algoritmos para processamento
        online e em tempo real, e estruturas de dados e algoritmos distribuídos e com acesso a memória externa.
        Esta unidade curricular seguirá uma abordagem baseda na resolução de problemas em que as técnicas de desenho
        e análise das estruturas de dados e algoritmos serão motivadas e exploradas de forma intuitiva e construtiva.');

INSERT INTO DegreeClasses(id, year, semester, ects , isOptional, degree) VALUES (211, 4, 2, 7.5, TRUE, 3);
INSERT INTO DegreeClassTranslations(degreeClass, language, name, description) VALUES  (211, 'PT_PT', 'Linguagens de Programação','Compreensão da história e evolução das linguagens e paradigmas de programação.
        Domínio das conceitos fundamentais de ligação, âmbito, duração, tipo, fluxo de controle, abstracção de dados, abstracção de controle,
        e excepções. Avaliação das semelhanças e diferenças entre as várias linguagens de programação. Compreensão das alternativas no
        desenho e implementação de linguagens, por exemplo, execução por compilação vs interpretação, âmbito léxico vs dinâmico,
        tipificação estática vs dinâmica, modelo de referências vs modelo de valores, memória gerida manualmente vs automaticamente,
        etc. Compreensão das diferenças entre os paradigmas imperativo, funcional, lógico e orientado a objectos.');

INSERT INTO DegreeClasses(id, year, semester, ects , isOptional, degree) VALUES (212, 4, 2, 7.5, TRUE, 3);
INSERT INTO DegreeClassTranslations(degreeClass, language, name, description) VALUES  (212, 'PT_PT', 'Criptografia e Protocolos de Segurança','Conhecer os sistemas e protocolos criptográficos em uso, desenvolver protocolos para resolução de problemas específicos e perspectivar desenvolvimentos futuros.');

INSERT INTO DegreeClasses(id, year, semester, ects , isOptional, degree) VALUES (213, 4, 2, 7.5, TRUE, 3);
INSERT INTO DegreeClassTranslations(degreeClass, language, name, description) VALUES  (213, 'PT_PT', 'Metodologia de Desenvolvimento de Jogos','Dar ao alunos uma visão geral das diferentes metodologias e tecnologias envolvida
        no desenvolvimento de videojogos discutindo as principais questões de cada uma delas. Dotar os alunos de ferramentas e técnicas
        para desenvolver interfaces de videojogos tendo especial atenção aos modos de controlo usados. Dotar os alunos de capacidade
        de reflecção sobre a jogabilidade e a experiência do jogador seguindo uma perspectiva de modelação conceptual juntamente
        com uma perspectiva empírica de realização de testes com jogadores. Salientar processos de exploração da experiência
        na perspectiva do jogador.');

INSERT INTO DegreeClasses(id, year, semester, ects , isOptional, degree) VALUES (214, 4, 2, 6, TRUE, 3);
INSERT INTO DegreeClassTranslations(degreeClass, language, name, description) VALUES  (214, 'PT_PT', 'Processamento da Fala','Pretende-se que os alunos dominem os princípios e técnicas básicas da codificação, síntese e reconhecimento de fala.');

INSERT INTO DegreeClasses(id, year, semester, ects , isOptional, degree) VALUES (215, 4, 2, 7.5, TRUE, 3);
INSERT INTO DegreeClassTranslations(degreeClass, language, name, description) VALUES  (215, 'PT_PT', 'Tecnologias de Informação em Saúde','O objectivo geral da disciplina é o de dotar os alunos com os
        princípios e conceitos fundamentais relativos à utilização das tecnologias de informação em saúde. Os alunos adquirem
        competências essenciais e familiarizar-se-ão com as potencialidades do uso das tecnologias de informação na
        investigação em biomedicina e no papel crucial que hoje representam nas várias vertentes da prestação de cuidados de saúde.');

INSERT INTO DegreeClasses(id, year, semester, ects , isOptional, degree) VALUES (216, 4, 2, 7.5, TRUE, 3);
INSERT INTO DegreeClassTranslations(degreeClass, language, name, description) VALUES  (216, 'PT_PT', 'Ambientes Inteligentes','Compreenderão o conceito de “Ambiente Inteligente” e terão noção das múltiplas áreas em
        que pode ser aplicado; reconhecerão a importância de dispor de ambientes sensíveis e reactivos que reagem adequadamente à presença
        de pessoas e das suas preferências; terão sido introduzidos a diferentes tecnologias que podem ser aplicadas neste domínio e
        estarão cientes dos principais desafios que se colocam relativamente ao consumo de energia, comunicação, segurança, fiabilidade,
        interface com sensores e actuadores e interacção com as pessoas; terão adquirido conhecimentos sobre três áreas aplicacionais
        específicas: casas inteligentes/domótica e edifícios inteligentes, redes de sensores e actuadores sem fios, e sistemas
        inteligentes de mobilidade; conhecerão diferentes estratégias de gestão da energia, no domínio da automação de
        habitações e de edifícios, sendo dada ênfase aos requisitos dos utilizadores e às suas preferências; terão a
        capacidade de definir os requisitos e abordar a implementação de um sistema que monitoriza um ambiente e
        reage a diferentes ocorrências, em conformidade com o perfil das pessoas presentes.');

INSERT INTO DegreeClasses(id, year, semester, ects , isOptional, degree) VALUES (217, 4, 2, 6, TRUE, 3);
INSERT INTO DegreeClassTranslations(degreeClass, language, name, description) VALUES  (217, 'PT_PT', 'Arquitecturas Avançadas de Computadores','O objectivo principal da disciplina de Arquitecturas Avançadas de Computadores
        é criar competências para analisar e desenvolver sistemas de computadores. A análise envolve os modernos processadores
        de uso geral com estruturas super-escalares, e os sistemas hierárquicos de memória com suporte para memória
        virtual gerida pelos sistemas operativos. Na componente de desenvolvimento, o objectivo da disciplina é
        fornecer ferramentas de projecto e teste de processadores RISC associados aos sistemas de memória.');

INSERT INTO DegreeClasses(id, year, semester, ects , isOptional, degree) VALUES (218, 4, 2, 6, TRUE, 3);
INSERT INTO DegreeClassTranslations(degreeClass, language, name, description) VALUES  (218, 'PT_PT', 'Co-Projecto Hardware/Software','Compreender os conceitos e as técnicas de projecto a nível de sistema de
        sistemas embebidos com componentes de hardware e software. Modelar, simular e sintetizar sistemas digitais usando
        métodos e ferramentas a nível de sistema. Descrever exemplos de aplicações e sistemas desenvolvidos usando uma
        abordagem de co-projecto. Projectar e implementar sistemas hardware / software de média complexidade utilizando FPGAs.');

INSERT INTO DegreeClasses(id, year, semester, ects , isOptional, degree) VALUES (219, 4, 2, 6, TRUE, 3);
INSERT INTO DegreeClassTranslations(degreeClass, language, name, description) VALUES  (219, 'PT_PT', 'Processamento Digital de Sinais','O principal objectivo desta disciplina é o de fornecer aos alunos
        os principais conceitos e as ferramentas fundamentais para o processamento de sinais em tempo discreto. A disciplina
        de Processamento Digital de Sinais tem uma forte componente prática, apresentando exemplos ilustrativos dos conceitos
        teóricos e a sua aplicação em situações reais.');

INSERT INTO DegreeClasses(id, year, semester, ects , isOptional, degree) VALUES (220, 4, 2, 6, TRUE, 3);
INSERT INTO DegreeClassTranslations(degreeClass, language, name, description) VALUES  (220, 'PT_PT', 'Sistemas Embebidos em Rede','Analisar, especificar, conceber e realizar redes de sensores e
        actuadores nos seus aspectos fundamentais: Transdução, Computação e Comunicações.');

INSERT INTO DegreeClasses(id, year, semester, ects , isOptional, degree) VALUES (221, 4, 2, 6, TRUE, 3);
INSERT INTO DegreeClassTranslations(degreeClass, language, name, description) VALUES  (221, 'PT_PT', 'Robótica','Introduzir os conceitos fundamentais de robots manipuladores e robots móveis:
        cinemática, dinâmica, cinemática diferencial, planeamento de caminhos e trajectórias, controlo. Apresentação de
        diversos tipos de sensores úteis em robótica, seu princípio de funcionamento e modelo de observação. Noções de
        controlo de formações. Linguagens de programação e interfaces de operação de robots.');

INSERT INTO DegreeClasses(id, year, semester, ects , isOptional, degree) VALUES (222, 4, 2, 7.5, TRUE, 3);
INSERT INTO DegreeClassTranslations(degreeClass, language, name, description) VALUES  (222, 'PT_PT', 'Robótica Avançada para Ambientes Industriais','Introdução dos conceitos fundamentais relacionados com robótica
        avançada em ambientes industriais, incorporada em sistemas de produção, através de uma combinação teórica e
        laboratorial. Os conceitos teóricos fornecidos são aplicados a uma Célula Flexível de Produção. Pretende-se
        assim estudar métodos de modelação e análise de sistemas robóticos de produção, técnicas de simulação para
        este tipo de sistemas e metodologias de planeamento de tarefas (operações), bem como alocação de recursos
        e tarefas');
 
-- IST 5th year

INSERT INTO DegreeClasses(id, year, semester, ects , isOptional, degree) VALUES (223, 5, 1, 12, FALSE, 3);
INSERT INTO DegreeClassTranslations(degreeClass, language, name, description) VALUES  (223, 'PT_PT', 'Projecto de Mestrado em Engenharia Informática e de Computadores','Desenvolvimento de um trabalho de projecto de natureza integradora, na área da engenharia informática.');

INSERT INTO DegreeClasses(id, year, semester, ects , isOptional, degree) VALUES (224, 5, 1, 1.5, FALSE, 3);
INSERT INTO DegreeClassTranslations(degreeClass, language, name, description) VALUES  (224, 'PT_PT', 'Portfolio Pessoal 1','Desenvolver nos estudantes competências comportamentais de trabalho em equipa,
        de capacidade de expressão oral e escrita, de línguas e experiências internacionais e de experiência da realidade das empresas e
        do mundo do trabalho, através da prática de actividades extra-curriculares.');

INSERT INTO DegreeClasses(id, year, semester, ects , isOptional, degree) VALUES (225, 5, 2, 1.5, FALSE, 3);
INSERT INTO DegreeClassTranslations(degreeClass, language, name, description) VALUES  (225, 'PT_PT', 'Portfolio Pessoal 2','Desenvolver nos estudantes competências comportamentais de trabalho em equipa,
        de capacidade de expressão oral e escrita, de línguas e experiências internacionais e de experiência da realidade das empresas e
        do mundo do trabalho, através da prática de actividades extra-curriculares.');

INSERT INTO DegreeClasses(id, year, semester, ects , isOptional, degree) VALUES (226, 5, 2, 30, FALSE, 3);
INSERT INTO DegreeClassTranslations(degreeClass, language, name, description) VALUES  (226, 'PT_PT', 'Dissertação - Mestrado em Engenharia Informática e de Computadores','Escrita de uma tese de Mestrado na área da Engenharia Informática');
        
-- Degree Classes
-- Universidade de Aveiro

-- Aveiro 1st year

INSERT INTO DegreeClasses(id, year, semester, ects , isOptional, degree) VALUES (227, 1, 1, 6, FALSE, 4);
INSERT INTO DegreeClassTranslations(degreeClass, language, name, description) VALUES  (227, 'PT_PT', 'Álgebra Linear e Geometria Analítica','Nesta unidade curricular comum a diversos cursos de engenharias,
        leccionam-se alguns tópicos de álgebra linear e de geometria analítica que fornecem o quadro teórico conceptual
        e os instrumentos de cálculo necessários à compreensão e desenvolvimento de variadas e importantes aplicações
        da matemática a outras ciências e engenharias. Entre as competências fundamentais a desenvolver pelos estudantes
        destacam-se a capacidade de cálculo formal algébrico e bem como a de formulação e resolução explícita de
        problemas algébricos, incluindo questões de geometria analítica; a capacidade de utilizar técnicas vectoriais
        e matriciais em diversas aplicações; a resolução de problemas recorrendo a subespaços e transformações
        lineares; a identificação e manipulação algébrica de cónicas e quádricas.');

INSERT INTO DegreeClasses(id, year, semester, ects , isOptional, degree) VALUES (228, 1, 1, 6, FALSE, 4);
INSERT INTO DegreeClassTranslations(degreeClass, language, name, description) VALUES  (228, 'PT_PT', 'Elementos de Física','A disciplina de Elementos de Física aborda diversos fenómenos e conceitos
        físicos indispensáveis para a compreensão do progresso científico e tecnológico moderno, enquadrando a Física no
        contexto de outras Ciências e Engenharias. Será dada ênfase especial aos desenvolvimentos do século XX,
        apresentando, ainda que duma forma qualitativa, os modelos físicos e seus limites. Por outro lado,
        pretende-se desenvolver competências no domínio da experimentação e capacidade de raciocínio crítico.');

INSERT INTO DegreeClasses(id, year, semester, ects , isOptional, degree) VALUES (229, 1, 1, 6, FALSE, 4);
INSERT INTO DegreeClassTranslations(degreeClass, language, name, description) VALUES  (229, 'PT_PT', 'Cálculo I','Aquisição de conhecimentos e competências em cálculo com uma
        variável incluindo o estudo de funções de uma variável e a integração.');

INSERT INTO DegreeClasses(id, year, semester, ects , isOptional, degree) VALUES (230, 1, 1, 6, FALSE, 4);
INSERT INTO DegreeClassTranslations(degreeClass, language, name, description) VALUES  (230, 'PT_PT', 'Introdução às Tecnologias Web','Esta unidade curricular tem como objectivo fornecer as primeiras noções de
        utilização de ferramentas e de programação web. Será dado um enfoque particular na criação das páginas, quer em
        modo autónomo quer através da sua integração em ferramentas e ainda na programação do lado do cliente. No final
        da unidade curricular, os alunos deverão ser capazes de desenvolver páginas web de pequena e média complexidade,
        que modelem situações concretas e que forneçam resposta às questões por elas levantadas. Os alunos aprenderão
        a conceber programas que manipulam quer objectos de interface web quer estruturas de dados.');

INSERT INTO DegreeClasses(id, year, semester, ects , isOptional, degree) VALUES (231, 1, 1, 6, FALSE, 4);
INSERT INTO DegreeClassTranslations(degreeClass, language, name, description) VALUES  (231, 'PT_PT', 'Fundamentos de Programação','Pretende-se dotar os alunos da capacidade para resolver problemas de pequena e
        média dimensão recorrendo a uma linguagem de programação multi-paradigma (Python)');

INSERT INTO DegreeClasses(id, year, semester, ects , isOptional, degree) VALUES (232, 1, 2, 6, FALSE, 4);
INSERT INTO DegreeClassTranslations(degreeClass, language, name, description) VALUES  (232, 'PT_PT', 'Modelação e Análise de Sistemas','O objectivo da unidade curricular é fornecer uma compreensão geral dos
        conceitos da análise por objectos, das metodologias  de desenvolvimento de software, e da linguagem UML
        para construção de modelos.');

INSERT INTO DegreeClasses(id, year, semester, ects , isOptional, degree) VALUES (233, 1, 2, 6, FALSE, 4);
INSERT INTO DegreeClassTranslations(degreeClass, language, name, description) VALUES  (233, 'PT_PT', 'Cálculo II','Estender a formação de cálculo em uma variável ao estudo das séries e das
        equações diferenciais. Estudo dos extremos d funções de várias variáveis.');

INSERT INTO DegreeClasses(id, year, semester, ects , isOptional, degree) VALUES (234, 1, 2, 6, FALSE, 4);
INSERT INTO DegreeClassTranslations(degreeClass, language, name, description) VALUES  (234, 'PT_PT', 'Matemática Discreta','Formação em matemática discreta que permita a compreensão de modelos
        matemáticos de natureza combinatória, muito comuns em computação, telecomunicações, indústria de processadores,
        desenho de circuitos integrados, criptografia e segurança na transmissão de comunicações, sistemas de tráfego, etc.');

INSERT INTO DegreeClasses(id, year, semester, ects , isOptional, degree) VALUES (235, 1, 2, 6, FALSE, 4);
INSERT INTO DegreeClassTranslations(degreeClass, language, name, description) VALUES  (235, 'PT_PT', 'Introdução à Arquitectura de Computadores','Conhecer as formas de representação da informação nos computadores digitais,
        com relevo para a representação da informação numérica e as operações aritméticas básicas.\n
- Conhecer as operações lógicas e as componentes eletrónicas que as realizam.\n
- Compreender o funcionamento dos sistemas com memória e o funcionamento dos principais dispositivos de armazenamento de informação\n
- Compreender a organização interna dos computadores digitais\n
- Compreender os mecanismos de comunicação do computador com o exterior\n
- Adquirir familiariedade com a arquitectura de processadores através da programação em assembly.');

INSERT INTO DegreeClasses(id, year, semester, ects , isOptional, degree) VALUES (236, 1, 2, 6, FALSE, 4);
INSERT INTO DegreeClassTranslations(degreeClass, language, name, description) VALUES  (236, 'PT_PT', 'Programação Orientada a Objectos','Este curso é uma introdução à programação orientada a objectos (OOP), usando a linguagem Java.
        O objectivo é abordar temas como encapsulamento,herança, polimorfismo, estruturas de dados, de modo que os
        alunos sejam capazes de decompor e construir uma solução de acordo com princípios de OOP.');


-- Aveiro 2nd year

INSERT INTO DegreeClasses(id, year, semester, ects , isOptional, degree) VALUES (237, 2, 1, 6, FALSE, 4);
INSERT INTO DegreeClassTranslations(degreeClass, language, name, description) VALUES  (237, 'PT_PT', 'Algoritmos e Estruturas de Dados','No final desta unidade curricular os alunos deverão estar habilitados a:\n
        - Desenvolver estratégias algorítmicas fundamentais envolvendo iteração e recursividade\n
        - Saber analisar o desempenho de algoritmos iterativos e recursivos em termos da sua complexidade algorítmica\n
        - Saber aplicar estratégias sistemáticas de depuração, gestão de falhas e implementação de algoritmos e estruturas de dados com correcção e robustez.');

INSERT INTO DegreeClasses(id, year, semester, ects , isOptional, degree) VALUES (238, 2, 1, 6, FALSE, 4);
INSERT INTO DegreeClassTranslations(degreeClass, language, name, description) VALUES  (238, 'PT_PT', 'Métodos Probabilísticos para Engenharia Informática','Justificar a necessidade da modelação probabilística no contexto da Eng. Informática.
        Fornecer as ferramentas matemáticas que permitam caracterizar esta modelação nos seus diferentes aspectos
        (probabilidades, estatística e processos estocásticos). Explorar as possibilidades de experimentação abertas pela
        disponibilidade dos actuais meios computacionais. Ensinar as técnicas de simulação de eventos discretos.');

INSERT INTO DegreeClasses(id, year, semester, ects , isOptional, degree) VALUES (239, 2, 1, 6, FALSE, 4);
INSERT INTO DegreeClassTranslations(degreeClass, language, name, description) VALUES  (239, 'PT_PT', 'Redes e Serviços','Esta UC tem como objectivo Fornecer uma visão detalhada das redes de comunicações,
        abrangendo as tecnologias e serviços mais relevantes usados nas redes de acesso e de núcleo.');

INSERT INTO DegreeClasses(id, year, semester, ects , isOptional, degree) VALUES (240, 2, 1, 6, FALSE, 4);
INSERT INTO DegreeClassTranslations(degreeClass, language, name, description) VALUES  (240, 'PT_PT', 'Sistemas Multimédia','Entender a relevância dos sistemas multimédia.
        Entender a necessidade do uso de técnicas para a representação eficiente de informação multimédia.
        Conhecer as principais tecnologias e normas para a representação eficiente e processamento de informação multimédia.
        Conhecer os principais factores relacionados com o desempenho dos sistemas multimédia.');

INSERT INTO DegreeClasses(id, year, semester, ects , isOptional, degree) VALUES (241, 2, 1, 6, FALSE, 4);
INSERT INTO DegreeClassTranslations(degreeClass, language, name, description) VALUES  (241, 'PT_PT', 'Sistemas Operativos','Apresentar os conceitos mais importantes sobre a organização dos sistemas de operação actuais numa perspectiva funcional;
        Introduzir o ambiente de interacção com o sistema computacional baseado no processamento de linha de comandos;
        Apresentar o sistema de operação como uma abstracção que fornece ao programador de aplicações um modelo de máquina virtual baseado em chamadas ao sistema;
        Introduzir a programação concorrente e os mecanismos principais de comunicação e de sincronização entre processos;
        Familiarizar os alunos com o interface de interacção fornecido pelo Unix.');

INSERT INTO DegreeClasses(id, year, semester, ects , isOptional, degree) VALUES (242, 2, 2, 6, FALSE, 4);
INSERT INTO DegreeClassTranslations(degreeClass, language, name, description) VALUES  (242, 'PT_PT', 'Compiladores','A unidade curricular aborda teoria das linguagens, tendo como objectivo dotar o estudante com a capacidade de projectar
        e implementar tradutores dirigidos pela sintaxe, com foco na construção de compiladores. Pretende-se que o aluno adquira:\n
        - Capacidade de trabalhar com linguagens regulares, incluindo a manipulação de modelos computacionais usados para as descrever
        e reconhecer, nomeadamente as expressões regulares, autómatos finitos e gramáticas regulares.\n
        - Capacidade de trabalhar linguagens independentes do contexto, quer na sua interpretação, quer no projecto.\n
        - Capacidade de distinguir análise lexical e análise sintática.\n
        - Capacidade de projectar e implementar tradutores dirigidos pela sintaxe, incluindo compiladores.');

INSERT INTO DegreeClasses(id, year, semester, ects , isOptional, degree) VALUES (243, 2, 2, 6, FALSE, 4);
INSERT INTO DegreeClassTranslations(degreeClass, language, name, description) VALUES  (243, 'PT_PT', 'Computação Distribuída','Introduzir os alunos aos princípios e à prática subjacente ao projecto de
        sistemas distribuídos, apresentando os conceitos mais importantes relativos à sua implementação.
        São particularmente explorados diferentes paradigmas de comunicação e de sincronização.
        Pretende-se especificamente promover: a compreensão dos problemas principais que envolvem o
        projecto de sistemas distribuídos; a capacidade de desenvolvimento de aplicações distribuídas simples.');

INSERT INTO DegreeClasses(id, year, semester, ects , isOptional, degree) VALUES (244, 2, 2, 6, FALSE, 4);
INSERT INTO DegreeClassTranslations(degreeClass, language, name, description) VALUES  (244, 'PT_PT', 'Padrões e Desenho de Software','Este curso aborda um conjunto de princípios e padrões de desenho de software
        orientado a objectos. O objectivo é consolidar conceitos de OOP, como proceder a refactoring de código,
        aprender a identificar e usar padrões de software.');

INSERT INTO DegreeClasses(id, year, semester, ects , isOptional, degree) VALUES (245, 2, 2, 6, FALSE, 4);
INSERT INTO DegreeClassTranslations(degreeClass, language, name, description) VALUES  (245, 'PT_PT', 'Interacção Humano-Computador','Trata-se de uma disciplina introdutória à área da Interacção Humano-Computador que
        tem como objectivos específicos:\n
        - promover a compreensão da importância da interface de utilizador num sistema interactivo;
        - fazer uma introdução à bibliografia da área científica interacção humano-computador
        - introduzir os conceitos, técnicas e ferramentas de projecto, implementação e avaliação de uma interface de utilizador;
        - desenvolver capacidades mais genéricas como raciocínio crítico, capacidade de trabalhar em grupo e capacidade de comunicação oral e escrita.');

INSERT INTO DegreeClasses(id, year, semester, ects , isOptional, degree) VALUES (246, 2, 2, 6, FALSE, 4);
INSERT INTO DegreeClassTranslations(degreeClass, language, name, description) VALUES  (246, 'PT_PT', 'Bases de Dados','No final desta disciplina os alunos deverão ter conhecimentos ao nível dos conceitos,
        métodos e técnicas fundamentais no domínio das bases de dados, que lhes permitam:\n
        Construir um modelo de dados relacional adequado aos requisitos de um sistema de informação,
        recorrendo às técnicas de desenho conceptual e lógico de uma base de dados;\n
        Explorar as potencialidades de um sistema de gestão de bases de dados (SGBD),
        incluindo a especificação da estrutura da base de dados com SQL DDL, a manipulação
        de dados com SQL DML, as facilidades de programação SQL (stored procedures,
        triggers e functions) e os mecanismos de segurança;\n
        Compreender as diferentes possibilidades de interacção com uma base de dados
        e desenvolver aplicações para acesso aos dados;\n
        Compreender o papel das bases de dados no âmbito geral do ciclo de
        modelação e desenvolvimento de um sistema de software.');

-- Aveiro 3rd year

INSERT INTO DegreeClasses(id, year, semester, ects , isOptional, degree) VALUES (247, 3, 1, 6, FALSE, 4);
INSERT INTO DegreeClassTranslations(degreeClass, language, name, description) VALUES  (247, 'PT_PT', 'Segurança Informática e Nas Organizações','Pretende-se que esta disciplina ofereça uma visão geral da área da Segurança
        Informática, com ênfase particular para os problemas de segurança que se colocam ao nível das organizações.
        Estes serão realçados em termos de segurança da informação e segurança das infra-estrututuras (máquinas e redes).
        Nesta cadeira serão focados os aspectos base da segurança informática, a definição de políticas de
        segurança e a sua implantação usando diversos mecanismos de segurança.Complementarmente, serão focadas
        questões éticas, legais e sociais da segurança nas organizações.');

INSERT INTO DegreeClasses(id, year, semester, ects , isOptional, degree) VALUES (248, 3, 1, 6, FALSE, 4);
INSERT INTO DegreeClassTranslations(degreeClass, language, name, description) VALUES  (248, 'PT_PT', 'Arquitectura e Gestão de Redes','Consolidar os conhecimentos fundamentais dos atuais sistemas de rede e simultaneamente
        fornecer aos alunos competências no planeamento, monitorização e gestão de redes.');

INSERT INTO DegreeClasses(id, year, semester, ects , isOptional, degree) VALUES (249, 3, 1, 6, FALSE, 4);
INSERT INTO DegreeClassTranslations(degreeClass, language, name, description) VALUES  (249, 'PT_PT', 'Gestão de Empresas','O objectivo geral desta unidade curricular é fornecer aos alunos os conceitos
        fundamentais de gestão nas suas diversas funções para que sejam capazes de os conhecer, interpretar e aplicar. Pretende-se
        sensibilizar os alunos para a importância de modelo de negócio no processo de criação de valor e promover a familiarização
        com as metologias e as ferramentas de apoio à implementação de ideias de negócio.');

INSERT INTO DegreeClasses(id, year, semester, ects , isOptional, degree) VALUES (250, 3, 1, 6, FALSE, 4);
INSERT INTO DegreeClassTranslations(degreeClass, language, name, description) VALUES  (250, 'PT_PT', 'Complementos de Bases de Dados','Enquanto a disciplina de Bases de Dados se foca apenas na representação
        e gestão de dados estruturados recorrendo ao modelo relacional, esta unidade curricular aborda bases de dados NoSQL,
        bases de dados NewSQL, bases de dados distribuídas e processamento distribuído. Adicionalmente, é também abordada
        a problemática do controlo de acesso.');

INSERT INTO DegreeClasses(id, year, semester, ects , isOptional, degree) VALUES (251, 3, 1, 6, FALSE, 4);
INSERT INTO DegreeClassTranslations(degreeClass, language, name, description) VALUES  (251, 'PT_PT', 'Inteligência Artificial','A disciplina de Inteligência Artificial fornece alguns dos conceitos nucleares na
        área de Inteligência Artificial, desde a noção de agente até técnicas de pesquisa e planeamento. Esta disciplina
        serve também o objectivo de familiarizar os alunos com aspectos da programação ao estilo funcional, com ênfase
        no processamento de listas, recursividade e funções de ordem superior.');

INSERT INTO DegreeClasses(id, year, semester, ects , isOptional, degree) VALUES (252, 3, 1, 6, FALSE, 4);
INSERT INTO DegreeClassTranslations(degreeClass, language, name, description) VALUES  (252, 'PT_PT', 'Introdução à Engenharia de Software','Desenvolver um sistema de software em equipa, com recurso a frameworks
        de classe empresarial. Para cimentar estes objectivo, os alunos irão assumir vários papéis inerentes a uma
        equipa de desenvolvimento e construir um sistema ao longo do semestre utilizando de uma arquitectura/plataforma
        de referência (e.g. J2EE, .NET, Android), integrando serviços externos (e.g. google, sapo).');

INSERT INTO DegreeClasses(id, year, semester, ects , isOptional, degree) VALUES (253, 3, 2, 6, FALSE, 4);
INSERT INTO DegreeClassTranslations(degreeClass, language, name, description) VALUES  (253, 'PT_PT', 'Investigação Operacional','Dar a conhecer o papel da Investigação Operacional (IO) na resolução de
        problemas de decisão e apresentar algumas das técnicas de uso mais generalizado, nomeadamente:\n
        - fornecer uma abordagem científica e estruturada na tomada de decisões, para a resolução de problemas
        complexos nas operações (actividades) de uma organização, habitualmente em situação de recursos escassos;\n
        -representar sistemas do mundo real, usando modelos matemáticos e algoritmos numa perspectiva de optimização;\n
        -servir como processo social, em que os actores (clientes, gestores, decisores e utilizadores),
        investigadores e um problema interactuam, com o principal objectivo de obter algum apoio,
        para melhorar a qualidade das acções dos actores.');

INSERT INTO DegreeClasses(id, year, semester, ects , isOptional, degree) VALUES (254, 3, 2, 12, FALSE, 4);
INSERT INTO DegreeClassTranslations(degreeClass, language, name, description) VALUES  (254, 'PT_PT', 'Projecto em Informática','Os objectivos desta UC são:
        Familiarização com a metodologia de projecto em engenharia informática, aplicando e
        integrando competências desenvolvidas ao longo do 1º ciclo de estudos.\n
        Fomentar competências inerentes ao trabalho em equipa.\n
        Contactar com problemas do mundo real através de seminários dados por profissionais do sector.\n
        Reforçar capacidades de documentação, comunicação e demonstração de aplicações (protótipos)');

INSERT INTO DegreeClasses(id, year, semester, ects , isOptional, degree) VALUES (255, 3, 2, 6, FALSE, 4);
INSERT INTO DegreeClassTranslations(degreeClass, language, name, description) VALUES  (255, 'PT_PT', 'Aspectos Profissionais e Sociais da Engenharia Informática','Pretende-se com esta disciplina dar uma panorâmica geral acerca da
        profissão de engenheiro informático e do seu posicionamento perante a sociedade.');

INSERT INTO DegreeClasses(id, year, semester, ects , isOptional, degree) VALUES (256, 3, 2, 6, FALSE, 4);
INSERT INTO DegreeClassTranslations(degreeClass, language, name, description) VALUES  (256, 'PT_PT', 'Teste e Qualidade de Software','O objectivo geral da unidade curricular é fornecer aos alunos um conjunto
        de princípios teóricos e de ferramentas que lhes permita compreender e aplicar um processo de garantia de
        qualidade de software que seja sistemático, orientado aos testes e, tanto quanto possível, automatizado.');

-- Aveiro 4th year        

INSERT INTO DegreeClasses(id, year, semester, ects , isOptional, degree) VALUES (257, 4, 1, 6, FALSE, 4);
INSERT INTO DegreeClassTranslations(degreeClass, language, name, description) VALUES  (257, 'PT_PT', 'Algoritmos Avançados','A compreensão das características e do funcionamento de algoritmos de
        diferentes tipos, e o conhecimento quanto às possíveis estratégias de abordagem para determinados problemas,
        são componentes fundamentais da formação em Engenharia Informática. Pretende-se fornecer formação adicional à
        adquirida no 1º ciclo (licenciatura) em algoritmia, tendo como ponto principal reconhecer que estrutura de
        dados e algoritmo padrão são mais apropriados para resolver um determinado problema.');        
    
INSERT INTO DegreeClasses(id, year, semester, ects , isOptional, degree) VALUES (258, 4, 1, 6, FALSE, 4);
INSERT INTO DegreeClassTranslations(degreeClass, language, name, description) VALUES  (258, 'PT_PT', 'Teoria Algoritmica da Informação','Nesta unidade curricular pretende-se que os alunos:\n
        - Entendam os conceitos básicos de teoria da informação\n
        - Entendam a necessidade da existência de algoritmos de compressão de dados\n
        - Fiquem a conhecer e percebam o funcionamento dos algoritmos principais de compressão de dados\n
        - Entendam a relação entre a compressão de dados, a teoria algorítmica da informação, e a sua aplicação à análise e exploração de dados.</string>
    <string name="uav_class_info_theory_topic1">Conceitos básicos de teoria da informação.');    

INSERT INTO DegreeClasses(id, year, semester, ects , isOptional, degree) VALUES (259, 4, 1, 6, FALSE, 4);
INSERT INTO DegreeClassTranslations(degreeClass, language, name, description) VALUES  (259, 'PT_PT', 'Recuperação de Informação','O objectivo desta disciplina é estudar as técnicas e algoritmos
        utilizados na recuperação e extracção de informação baseada em texto (IR e IE). Após o estudo deste curso o
        aluno deverá ser capaz de:\n
        1) compreender conceitos fundamentais de recuperação e extracção de informação\n
        2) implementar algoritmos e usar estratégias baseadas em dicionários e em aprendizagem automática e\n
        3) avaliar o desempenho de solução de IR e IE.');    

INSERT INTO DegreeClasses(id, year, semester, ects , isOptional, degree) VALUES (260, 4, 1, 6, FALSE, 4);
INSERT INTO DegreeClassTranslations(degreeClass, language, name, description) VALUES  (260, 'PT_PT', 'Visualização de Informação','A utilização de métodos e ferramentas de Visualização de Informação
        faz parte integrante do desenvolvimento de alguns tipos de Sistemas de Informação, e é reconhecida como essencial
        para uma decisão informada por parte dos utilizadores.\n
        A compreensão dos métodos e das características principais de ferramentas da Computação Gráfica e da
        Visualização  são componentes fundamentais da formação em Sistemas de Informação.\n
        Pretende-se fornecer formação básica em Computação Gráfica e Visualização de Dados e de Informação.
        E utilizar uma ferramenta standard: "The Visualization Toolkit".');    

INSERT INTO DegreeClasses(id, year, semester, ects , isOptional, degree) VALUES (261, 4, 1, 6, FALSE, 4);
INSERT INTO DegreeClassTranslations(degreeClass, language, name, description) VALUES  (261, 'PT_PT', 'Exploração de Dados','Esta unidade curricular foca o desenvolvimento de sistemas de apoio à
        decisão usando técnicas de data warehousing e data mining.\n
        O data warehousing designa um conjunto de técnicas de bases de dados para a criar repositórios centralizados
        que integram dados provenientes de fontes heterogéneas. Tipicamente, armazenam dados atuais e dados históricos,
        e são usados para análise de dados, análise de tendências e criação de relatórios em sistemas de apoio à decisão.\n
        O data mining é uma área interdisciplinar orientada para o processo de procura de padrões em grandes volumes de dados.
        Estes objectivos são alcançados utilizando técnicas de pré-processamento que visam a normalização e muitas vezes a
        redução de dimensão, algoritmos que extraem a informação relevante e, finalmente a apresentação da informação de
        maneira a poder ser interpretada.');    

INSERT INTO DegreeClasses(id, year, semester, ects , isOptional, degree) VALUES (262, 4, 2, 6, FALSE, 4);
INSERT INTO DegreeClassTranslations(degreeClass, language, name, description) VALUES  (262, 'PT_PT', 'Computação em Larga Escala','Esta disciplina pretende dotar os alunos com os conhecimentos relacionados com os
        princípios e a utilização de computação em Cloud, computação paralela e em GPU. Os objectivos principais são:\n
        - aprender os fundamentos de várias estratégias para resolver problemas que necessitam de computação em larga escala;\n
        - adquirir competências para perceber os conceitos mais gerais relacionados com a Cloud, como a Virtualização;\n
        - contacto com tecnologias actuais de computação na Cloud de modo a poderem desenvolver pequenos projectos;\n
        - familiarização com os conceitos fundamentais de Passagem de Passagens e Memória Partilhada;\n
        - utilização das tecnologias mais usadas em computação paralela;\n
        - adquirir competências para perceber o modelo de programação e melhorias de desempenho que se podem obter
        através da utilização de GPUs para computação geral e para o desenvolvimento de programas simples de utilização de CUDA.');    

INSERT INTO DegreeClasses(id, year, semester, ects , isOptional, degree) VALUES (263, 4, 2, 6, FALSE, 4);
INSERT INTO DegreeClassTranslations(degreeClass, language, name, description) VALUES  (263, 'PT_PT', 'Arquitecturas de Software','A AS é o culminar de um processo de definição de uma solução que
        deve obedecer a um conjunto vasto de requisitos técnicos, operacionais, de qualidade e de custo. Pode ser analisada
        a 2 níveis distintos: distribuição e composição. Ao nível da distribuição podemos ter diversas arquitectura, entre
        as quais centralizadas, cliente-servidor e distribuídas. Ao nível da composição podemos ter diversas arquitectura,
        entre as quais baseadas componentes e baseadas em MicroServices.\n
        A UC aborda alguns dos aspectos mais relevantes que estão subjacentes à definição de uma arquitectura de software
        quer seja ao nível da distribuição quer seja ao nível da composição. Os obj. definidos são os seguintes:\n
        – Conhecer arquitecturas de software relevantes quer em termos de distribuição quer em termos de composição\n
        – Conhecer factores com impacto em cada uma das arquitecturas\n
        – Saber escolher para caso concreto qual ou quais as melhores arquitecturas a utilizar\n
        – Conceber arquitecturas para casos concretos');  

INSERT INTO DegreeClasses(id, year, semester, ects , isOptional, degree) VALUES (264, 4, 2, 6, TRUE, 4);
INSERT INTO DegreeClassTranslations(degreeClass, language, name, description) VALUES  (264, 'PT_PT', 'Engenharia de Software','O principal objectivo deste curso é implementar uma aplicação de nível empresarial
        (J2EE) que FUNCIONE desenvolvido no seio de uma equipa seguindo metodologia de desenvolvimento baseada em testes. Ao longo
        cursos os conceitos principais relacionados com testes e qualidade de software serão apresentados e aplicados nos projectos.');  

INSERT INTO DegreeClasses(id, year, semester, ects , isOptional, degree) VALUES (265, 4, 2, 6, TRUE, 4);
INSERT INTO DegreeClassTranslations(degreeClass, language, name, description) VALUES  (265, 'PT_PT', 'Gestão de Infra-estruturas de Computação','Conhecer o contexto e requisitos de operação de plataformas de computação.
        Conhecer as arquitecturas principais e métodos de planeamento de uma plataforma de computação.
        Conhecer os modelos, mecanismos e ferramentas para a gestão de recursos em plataformas de computação
        Conhecer a interdependência de sistemas numa plataforma de computação');    

INSERT INTO DegreeClasses(id, year, semester, ects , isOptional, degree) VALUES (266, 4, 2, 6, TRUE, 4);
INSERT INTO DegreeClassTranslations(degreeClass, language, name, description) VALUES  (266, 'PT_PT', 'Simulação e Optimização','Com esta UC espera-se que os alunos adquiram:\n
        - compreensão dos conceitos básicos associados à modelação e simulação computacional\n
        - capacidade de manipulação das ferramentas e das metodologias indispensáveis à elaboração de projectos de simulação,
        desde a manipulação dos dados primitivos até à análise dos resultados\n
        - compreensão das fases do ciclo de vida de um projecto de simulação, desde a análise de domínio e especificação do modelo ao teste e validação\n
        - compreensão das várias abordagens e técnicas de simulação\n
        - capacidade de identificar problemas que possam ser tratados através de simulação e de construir o sistema de simulação correspondente\n
        - compreensão dos conceitos básicos da formulação de problemas de optimização\n
        - conhecimento dos tipos de técnicas de optimização mais adequados aos vários tipos de problemas\n
        - capacidade de aplicação prática de optimizadores baseados em programação linear, programação inteira e
        metaheurísticas para a resolução de problemas.\n');    

INSERT INTO DegreeClasses(id, year, semester, ects , isOptional, degree) VALUES (267, 4, 2, 6, TRUE, 4);
INSERT INTO DegreeClassTranslations(degreeClass, language, name, description) VALUES  (267, 'PT_PT', 'Sistemas de Informação Nas Organizações','- Adquirir uma visão alargada acerca dos vários contextos de utilização dos
        sistemas de informação nas organizações:Funcionais: CRM, ERP, KMS, etc. \n
        Operacionais: front office, back office.\n
        Sectoriais: áreas de utilização, cadeias de valor, actores, etc.\n
        - Compreender as tecnologias e estruturas básicas dos modernos sistemas de informação (incluindo as tecnologias de virtualização e clouding).\n
        - Desenhar e projectar a arquitectura básica de um sistema de informação e ser capaz de fazer a respectiva integração e colocação em serviço.\n
        - Ter sensibilidade para os aspectos de natureza ética, legal e social dos sistemas de informação.');    

INSERT INTO DegreeClasses(id, year, semester, ects , isOptional, degree) VALUES (268, 4, 2, 6, TRUE, 4);
INSERT INTO DegreeClassTranslations(degreeClass, language, name, description) VALUES  (268, 'PT_PT', 'Sistemas Distribuídos','O seu objectivo principal é introduzir os alunos aos princípios e à prática subjacente
        ao projecto de sistemas distribuídos, apresentando os conceitos mais importantes relativos à sua implementação.
        São particularmente explorados diferentes paradigmas de comunicação e de sincronização.\n
        Pretende-se especificamente promover\n
        - compreensão dos problemas principais que envolvem o projecto de sistemas distribuídos;\n
        - capacidade de desenvolvimento de aplicações distribuídas simples;\n
        - familiarização com o ambiente de programação distribuída em Java.');    

INSERT INTO DegreeClasses(id, year, semester, ects , isOptional, degree) VALUES (269, 4, 2, 6, TRUE, 4);
INSERT INTO DegreeClassTranslations(degreeClass, language, name, description) VALUES  (269, 'PT_PT', 'Sistemas Inteligentes','Partindo de conhecimentos de base em Inteligência Artificial,
        tipicamente adquiridos no 1º ciclo, aunidade curricular de Sistemas Inteligentes introduz conceitos avançados
        nessa área, dando uma perspectiva integrada orientada ao sistema. Em particular, pretende-se que os alunos
        fiquem a conhecer os conceitos básicos e a saber utilizar as principais técnicas nas seguintes áreas:\n
        - Técnicas avançadas de representação do conhecimento e raciocínio\n
        - Aprendizagem automática\n
        - Sistemas multi-agente');    

INSERT INTO DegreeClasses(id, year, semester, ects , isOptional, degree) VALUES (270, 4, 2, 6, TRUE, 4);
INSERT INTO DegreeClassTranslations(degreeClass, language, name, description) VALUES  (270, 'PT_PT', 'Web Semântica','Unidade curricular centrada na formação avançada nos domínios das tecnologias
        e gestão de conhecimento em ambientes Web, complementando a formação, nos mesmos domínios, obtida na licenciatura e
        em disciplinas do primeiro semestre do mestrado.');    
   
-- Aveiro 5th year 

INSERT INTO DegreeClasses(id, year, semester, ects , isOptional, degree) VALUES (271, 5, 1, 6, FALSE, 4);
INSERT INTO DegreeClassTranslations(degreeClass, language, name, description) VALUES  (271, 'PT_PT', 'Seminário','A cadeira de seminário pretende familiarizar o aluno com o ambiente
        de investigação e desenvolvimento em geral, e com os mais recentes avanços na área de especialização quer
        ao nível de I and D quer ao nível das empresas, assim como abordar competências transversais ao nível da
        organização da investigação e escrita de artigos e teses, técnicas bibliográficas, apresentação e
        comunicação, ética e deontologia profissional, empreendedorismo, etc.');

INSERT INTO DegreeClasses(id, year, semester, ects , isOptional, degree) VALUES (272, 5, 1, 6, TRUE, 4);
INSERT INTO DegreeClassTranslations(degreeClass, language, name, description) VALUES  (272, 'PT_PT', 'Avaliação e Gestão de Projectos','A gestão de projectos é uma ciência bem desenvolvida e aceite tanto no meio
        profissional como académico. Inúmeros métodos, técnicas e ferramentas têm sido desenvolvidos, para cobrir todos os
        aspectos da gestão de projectos, nomeadamente, a avaliação da mesma.\n
        No entanto, a Avaliação e Gestão de Projectos continua a ser uma área problemática, ou seja, não tem sido vista como
        um processo organizacional, a despeito de existir a visão de que todas as Organizações necessitariam de realizar
        projectos internamente para assegurarem e/ou minimizarem o risco nas suas actividades principais, e por tal,
        criar competências internas para executar os seus projectos.\n
        Esta disciplina visa fornecer conhecimentos teóricos necessários à gestão de projectos ao nível Organizacional
        e os conhecimentos práticos das ferramentas de planeamento, avaliação e controlo de custos, prazos,
        recursos materiais, humanos e financeiros.\n
        A metodologia permitirá a implementação de um conjunto de boas práticas de Avaliação e Gestão de
        Projectos nas suas diferentes fases.');

INSERT INTO DegreeClasses(id, year, semester, ects , isOptional, degree) VALUES (273, 5, 1, 6, TRUE, 4);
INSERT INTO DegreeClassTranslations(degreeClass, language, name, description) VALUES  (273, 'PT_PT', 'Computação Móvel, Ubiqua e Pervasiva','Fornecer uma visão global dos aspectos fundamentais que norteiam o
        desenvolvimento de soluções e aplicações moveis, ubíquas e pervasivas. Apresentar os conceitos e tecnologias que
        norteiam o estado da arte. Deve ser capaz de compreender e discutir, protocolos e tecnologias de rede apropriadas
        à utilização em ambientes de computação ubíqua e pervasivo. Ser capaz de projectar e desenvolver aplicações e
        serviços ubíquos e pervasivos.');

INSERT INTO DegreeClasses(id, year, semester, ects , isOptional, degree) VALUES (274, 5, 1, 6, TRUE, 4);
INSERT INTO DegreeClassTranslations(degreeClass, language, name, description) VALUES  (274, 'PT_PT', 'Computação Quântica','A Computação Quântica é uma área recente em franco desenvolvimento,
        visando na sua componente prática a construção de computadores quânticos.
        Neste curso introdutório, os alunos poderão adquirir os fundamentos matemáticos básicos subjacentes ao
        modelo de computação quântica, a par com a compreensão global dos mais proeminentes algoritmos desenvolvidos
        até ao momento e suas implicações');

INSERT INTO DegreeClasses(id, year, semester, ects , isOptional, degree) VALUES (275, 5, 1, 6, TRUE, 4);
INSERT INTO DegreeClassTranslations(degreeClass, language, name, description) VALUES  (275, 'PT_PT', 'Computação Visual','A disciplina de Computação Visual visa dotar os alunos com conhecimentos
        fundamentais associados aos algoritmos e operações nucleares dos processos de Síntese e de Análise de Imagens,
        através uma selecção apropriada de tópicos das áreas de Computação Gráfica e Processamento de Imagem.');

INSERT INTO DegreeClasses(id, year, semester, ects , isOptional, degree) VALUES (276, 5, 2, 6, TRUE, 4);
INSERT INTO DegreeClassTranslations(degreeClass, language, name, description) VALUES  (276, 'PT_PT', 'Empreendedorismo','Objectivos para esta UC:\n
        - Apresentar a evolução histórica, as teorias e o processo do empreendedorismo no Mundo e, em particular, o empreendedorismo em Portugal;\n
        - Fornecer um conjunto de técnicas utilizadas para formular, implementar e gerir uma ideia de negócio;\n
        - Proporcionar meios e caminhos para as análises teóricas e práticas dos ambientes interno e externos às organizações;\n
        - Estimular a atitude empreendedora do aluno e no aluno;\n
        - Incentivar a compreensão do processo de detecção e de análise das oportunidades de negócios;\n
        - Fornecer ferramentas para as análises da plausibilidade e da viabilidade económica e financeira de um negócio.');

INSERT INTO DegreeClasses(id, year, semester, ects , isOptional, degree) VALUES (277, 5, 2, 6, TRUE, 4);
INSERT INTO DegreeClassTranslations(degreeClass, language, name, description) VALUES  (277, 'PT_PT', 'Engenharia de Serviços','Fornecer uma visão global dos aspectos fundamentais que norteiam o desenvolvimento de
        arquitecturas de serviço em telecomunicações. Apresentar arquitecturas de desenvolvimento de software e serviços em redes avançadas.');

INSERT INTO DegreeClasses(id, year, semester, ects , isOptional, degree) VALUES (278, 5, 1, 6, TRUE, 4);
INSERT INTO DegreeClassTranslations(degreeClass, language, name, description) VALUES  (278, 'PT_PT', 'Estratégia e Competitividade','Os objectivos da unidade curricular são:\n
        - Fornecer aos discentes um conjunto de elementos que lhes permitam, utilizando uma lógica de raciocínio própria
        das ciências empresariais, compreender e interpretar o funcionamento das organizações, sejam públicas,
        privadas ou para-públicas, numa óptica estratégica;\n
        - Proporcionar aos discentes uma perspectiva técnica e científica da estratégia e competitividade,
        tanto a nível de planeamento como a nível de implementação;\n
        - Adquirir um corpo básico de conhecimentos, de forma a permitir a sua aplicação no contexto
        empresarial no que concerne a tomadas de decisões estratégicas;\n
        - Desenvolver competências de pesquisa bibliográfica e de campo, de trabalho em grupo e de
        apresentação oral e escrita científica.\n
        - Reconhecer a necessidade de adaptação contínua ao meio em que a empresa se insere,
        nomeadamente tendo em consideração o relacionamento bi-direccional empresa-meio ambiente.');

INSERT INTO DegreeClasses(id, year, semester, ects , isOptional, degree) VALUES (279, 5, 1, 6, TRUE, 4);
INSERT INTO DegreeClassTranslations(degreeClass, language, name, description) VALUES  (279, 'PT_PT', 'Geometria Computacional','O objectivo desta disciplina é desenvolver algoritmos e estruturas de dados
        eficientes que serão aplicados na resolução de problemas de optimização em termos de objectos geométricos elementares.');

INSERT INTO DegreeClasses(id, year, semester, ects , isOptional, degree) VALUES (280, 5, 1, 6, TRUE, 4);
INSERT INTO DegreeClassTranslations(degreeClass, language, name, description) VALUES  (280, 'PT_PT', 'Gestão da Qualidade em Serviços','Os objectivos específicos da unidade curricular são os seguintes:
        - Desenvolver os elementos fundamentais da gestão de qualidade em serviços;\n
        - Abordar diferentes modelos de avaliação da qualidade dos serviços;\n
        - Aprofundar o papel do cliente na definição de requisitos dos serviços;\n
        - Discutir metodologias de projecto e definição dos padrões dos serviços;\n
        - Detalhar estratégias e ferramentas para a prestação de serviços de qualidade;\n
        - Examinar os mecanismos de gestão das promessas de serviço.');

INSERT INTO DegreeClasses(id, year, semester, ects , isOptional, degree) VALUES (281, 5, 1, 6, TRUE, 4);
INSERT INTO DegreeClassTranslations(degreeClass, language, name, description) VALUES  (281, 'PT_PT', 'Gestão de Dados e de Informação','Estudar conceitos essenciais relativos aos dados semi-estruturados e tipos de dados complexos.
        Estudar as mais recentes tecnologias e normas relacionadas com este tipo de dados.
        Aplicar os conceitos estudados a cenários reais e utilizar as tecnologias e normas no desenvolvimento de soluções
        informáticas que facilitem a criação, manipulação, pesquisa e recuperação no âmbito deste tipo de dados e informação.');

INSERT INTO DegreeClasses(id, year, semester, ects , isOptional, degree) VALUES (282, 5, 1, 6, TRUE, 4);
INSERT INTO DegreeClassTranslations(degreeClass, language, name, description) VALUES  (282, 'PT_PT', 'Modelos e Processos de Negócio Nas Organizações','Os objectivos desta UC são:
        estudar modelos e processos de negócio, do planeamento e desenho à implementação e controlo,que permitam à organização uma posição sustentada no mercado;\n
        introduzir metodologias e ferramentas que permitam arquitectar e desenhar o modelo de negócio e inventariar, analisar, representar e automatizar os processos;\n
        estudar e desenvolver novas formas de negócio implementadas com recurso à Internet;\n
        estudar e desenvolver formas de integração intra e interorganizacional, recorrendo a perspectivas, ferramentas e competências multidisciplinares.');

INSERT INTO DegreeClasses(id, year, semester, ects , isOptional, degree) VALUES (283, 5, 1, 6, TRUE, 4);
INSERT INTO DegreeClassTranslations(degreeClass, language, name, description) VALUES  (283, 'PT_PT', 'Programação Concorrente Orientada por Objectos','Domínio de métodos e técnicas avançadas de programação concorrente no
        contexto da programação orientada por objectos em Java');

INSERT INTO DegreeClasses(id, year, semester, ects , isOptional, degree) VALUES (284, 5, 1, 6, TRUE, 4);
INSERT INTO DegreeClassTranslations(degreeClass, language, name, description) VALUES  (284, 'PT_PT', 'Programação Web Avançada','Objectivos da unidade curricular e conhecimentos, capacidades e competências a adquirir:\n
        - Aprender as diferenças entre CMS, ERP e CRM.\n
        - Compreender os diferentes requisitos associados a cada sistema, sabendo avaliar de forma cabal a necessidade,
        validade e exequibilidade destes no decurso de exigências associadas a determinados processos de negócio.\n
        - Aprender a analisar componentes integráveis nos diversos CMSs.\n
        - Aprender a especificar, implementar e testar componentes integráveis num CMS.');

INSERT INTO DegreeClasses(id, year, semester, ects , isOptional, degree) VALUES (285, 5, 1, 6, TRUE, 4);
INSERT INTO DegreeClassTranslations(degreeClass, language, name, description) VALUES  (285, 'PT_PT', 'Realidade Virtual e Aumentada','Esta é uma disciplina introdutória às áreas da Realidade Virtual e Aumentada em que se pretende introduzir
        conceitos básicos, métodos e ferramentas que permitam aos alunos projectar, avaliar e desenvolver aplicações simples.\n
        Os objectivos principais são:\n
        - Definir e dar uma panorâmica das aplicações da Realidade Virtual e Aumentada;\n
        - Introduzir ideias, métodos e ferramentas para o projecto, implementação e avaliação de sistemas de Realidade Virtual e Aumentada.\n
        - Pretende-se também promover capacidades gerais importantes, como o pensamento crítico, capacidade de trabalho em
        grupo e capacidades de comunicação oral e por escrito.');

INSERT INTO DegreeClasses(id, year, semester, ects , isOptional, degree) VALUES (286, 5, 1, 6, TRUE, 4);
INSERT INTO DegreeClassTranslations(degreeClass, language, name, description) VALUES  (286, 'PT_PT', 'Redes e Serviços em Imagiologia','Introduzir o conceito genérico de PACS\n
        Abordar do ponto de vista sistémico as principais modalidades de imagem médica\n
        Estudar as principais estratégias de arquivo de transmissão de imagem\n
        Abordar questões de gestão e controlo de qualidade em ambientes RIS/PACS\n
        Envolver os alunos em pequenos projectos de desenvolvimento relacionado com o universo PACS/DICOM');

INSERT INTO DegreeClasses(id, year, semester, ects , isOptional, degree) VALUES (287, 5, 1, 6, TRUE, 4);
INSERT INTO DegreeClassTranslations(degreeClass, language, name, description) VALUES  (287, 'PT_PT', 'Robótica Móvel e Inteligente','Pretende-se nesta disciplina fornecer aos alunos uma formação abrangente
        na área da robótica móvel inteligente, focando temas essenciais no desenvolvimento de um robô autónomo e móvel.');

INSERT INTO DegreeClasses(id, year, semester, ects , isOptional, degree) VALUES (288, 5, 1, 6, TRUE, 4);
INSERT INTO DegreeClassTranslations(degreeClass, language, name, description) VALUES  (288, 'PT_PT', 'Segurança','O objectivo geral desta disciplina é apresentar e descrever os principais conceitos
        fundamentais da segurança em sistemas computacionais. Como muitas das soluções de segurança recorrem à aplicação de técnicas
        criptográficas, nesta cadeira faz-se também uma introdução à criptografia e à criptanálise. A segurança é abordada em diversos
        contextos, como o dos programas, dos sistemas operativos, das máquinas virtuais e das bases de dados.');

INSERT INTO DegreeClasses(id, year, semester, ects , isOptional, degree) VALUES (289, 5, 1, 6, TRUE, 4);
INSERT INTO DegreeClassTranslations(degreeClass, language, name, description) VALUES  (289, 'PT_PT', 'Segurança e Gestão de Risco','Aprender a projectar e orientar o desenvolvimento de uma política de segurança na organização\n
        Aprender a determinar estratégias adequadas para assegurar confidencialidade, integridade e disponibilidade da informação\n
        Aprender a aplicar técnicas de gestão de risco de modo a melhor gerir riscos, reduzir vulnerabilidades, ameaças e aplicar garantias/controlos adequados.');

INSERT INTO DegreeClasses(id, year, semester, ects , isOptional, degree) VALUES (290, 5, 2, 42, FALSE, 4);
INSERT INTO DegreeClassTranslations(degreeClass, language, name, description) VALUES  (290, 'PT_PT', 'Dissertação/Projecto/Estágio','Esta é uma unidade curricular integradora onde os alunos devem demonstrar que têm as
        competências e os conhecimentos necessários para obter o grau de Mestre em Engenharia Informática. Os objectivos são os seguintes:\n
        - Aprofundar as capacidades de organização, planificação e gestão do tempo.
        - Ser capaz de trabalhar de forma autónoma, agir com iniciativa e tomar decisões tendo em vista a
        concretização dos objectivos definidos no plano de trabalhos.
        - Ser capaz de aplicar conhecimentos técnicos e metodológicos adquiridos no curso, e de resolver problemas
        em situações novas e não familiares, bem como em contextos alargados e multidisciplinares.
        - Ser capaz de apresentar resultados de forma concisa, estruturada e com rigor académico e científico.
        - Promover o raciocínio crítico e o desenvolvimento da autocrítica.');
       
-- UMinho 1st year

INSERT INTO DegreeClasses(id, year, semester, ects , isOptional, degree) VALUES (291, 1, 1, 5, FALSE, 5);
INSERT INTO DegreeClassTranslations(degreeClass, language, name, description) VALUES  (291, 'PT_PT', 'Álgebra Linear','Pretende-se que o estudante adquira:\n
        - conhecimentos básicos de Álgebra Linear;\n
        - capacidade de aplicar os conhecimentos adquiridos em diversos contextos;\n
        - aptidões de cálculo e raciocínio matemáticos de modo a construir argumentos rigorosos;\n
        - capacidade de comunicar, por escrito e oralmente, em linguagem matemática;\n
        - capacidade de trabalhar em grupo;\n
        - capacidade de aprender de modo autónomo.');

INSERT INTO DegreeClasses(id, year, semester, ects , isOptional, degree) VALUES (292, 1, 1, 5, FALSE, 5);
INSERT INTO DegreeClassTranslations(degreeClass, language, name, description) VALUES  (292, 'PT_PT', 'Cálculo','No final do semestre os alunos deverão ser capazes de:\n
        - aplicar resultados de continuidade e diferenciabilidade ao estudo das propriedades e ao esboço dos
        gráficos de funções reais de variável real;\n
        - calcular primitivas de funções aplicando as técnicas apresentadas;\n
        - aplicar o conceito de integral ao áreas e de comprimento de curvas. Reconhecer e calcular
        integrais impróprios;\n
        - interpretar e aplicar critérios de convergência de séries numéricas;\n
        - analisar em que condições uma série de potências define uma função e estabelecer algumas das suas
        propriedades.');

INSERT INTO DegreeClasses(id, year, semester, ects , isOptional, degree) VALUES (293, 1, 1, 5, FALSE, 5);
INSERT INTO DegreeClassTranslations(degreeClass, language, name, description) VALUES  (293, 'PT_PT', 'Tópicos de Matemática Discreta','Transmissão de conhecimentos específicos: cálculo proposicional, indução nos naturais, teoria de
        conjuntos, relações binárias, conjuntos finitos e infinitos.
        Contribuição para a aquisição de um conjunto de competências:\n
        - capacidade de assimilar informação e de a comunicar;\n
        - capacidade de construir argumentos rigorosos, recorrendo ao raciocínio matemático;\n
        - capacidade de expressão escrita e oral;\n
        - capacidade de aprendizagem independente.');

INSERT INTO DegreeClasses(id, year, semester, ects , isOptional, degree) VALUES (294, 1, 1, 5, FALSE, 5);
INSERT INTO DegreeClassTranslations(degreeClass, language, name, description) VALUES  (294, 'PT_PT', 'Programação Funcional','No final desta unidade curricular o aluno deverá ser
        capaz de programar dentro do paradigma funcional, tendo por base a linguagem Haskell. Nomeadamente:\n
        - Escrever programas em Haskell.\n
        - Definir tipos indutivos e codificar funções recursivas.\n
        - Definir tipos algébricos para modelar problemas, e programar com esses tipos.\n
        - Compreender a noção de tipo principal e de polimorfismo.\n
        - Usar funções de ordem superior.');

INSERT INTO DegreeClasses(id, year, semester, ects , isOptional, degree) VALUES (295, 1, 1, 5, FALSE, 5);
INSERT INTO DegreeClassTranslations(degreeClass, language, name, description) VALUES  (295, 'PT_PT', 'Elementos de Engenharia de Sistemas','O principal objectivo desta UC é introduzir a área a
        Engenharia de Sistemas através da sua caracterização, metodologia e ferramentas representativas.
        Dentro destas últimas são abordados modelos de simulação, de filas de espera e de optimização de
        sistemas em rede. Os resultados de aprendizagem são:\n
        - Identificar sistemas onde modelos de simulação, filas de espera e de optimização,
        podem ser utilizados na definição da sua configuração ou no melhoramento do seu desempenho.\n
        - Obter e interpretar as principais medidas de desempenho de um sistema de filas de espera
        de Markov dadas as taxas de chegada e de serviço.\n
        - Utilizar modelos de rede para representar e optimizar problemas reais.\n
        - Obter soluções óptimas através da utilização de software em modelos referidos
        no ponto anterior.\n
        - Obter soluções aproximadas através da aplicação manual de algoritmos adequados
        em problemas de redes de pequena dimensão.');

INSERT INTO DegreeClasses(id, year, semester, ects , isOptional, degree) VALUES (296, 1, 1, 5, FALSE, 5);
INSERT INTO DegreeClassTranslations(degreeClass, language, name, description) VALUES  (296, 'PT_PT', 'Laboratórios de Informática I','Aprendizagem prática de conceitos básicos de programação.
        Ciclo edição/compilação/teste. Programação na shell de um sistema operativo. Contacto com um sistema
        para produção de documentação de qualidade. Prática em desenvolvimento de projectos de software em grupo.');

INSERT INTO DegreeClasses(id, year, semester, ects , isOptional, degree) VALUES (297, 1, 2, 5, FALSE, 5);
INSERT INTO DegreeClassTranslations(degreeClass, language, name, description) VALUES  (297, 'PT_PT', 'Sistemas de Computação','Ao completar com sucesso a UC cada estudante deverá demonstrar que
        adquiriu os seguintes conhecimentos, capacidades e aptidões:\n
        - reconhecer e discutir a organização e arquitectura dum computador e sua evolução;\n
        - reconhecer e interpretar as principais características da arquitectura de um instraction set;\n
        - examinar e modificar a funcionalidade de programas imperativos (tipo C), com recurso ao assembly e
        linguagem máquina;\n
        - aplicar e experimentar técnicas com impacto no desempenho na execução de código;\n
        - utilizar e analisar ferramentas de compilação de programas, e análise e teste de
        baixo nível de código (em Unix/Linux);\n
        - aptidões transversais, nomeadamente a capacidade de raciocínio na resolução de problemas
        e a capacidade de comunicação escrita e oral.');

INSERT INTO DegreeClasses(id, year, semester, ects , isOptional, degree) VALUES (298, 1, 2, 5, FALSE, 5);
INSERT INTO DegreeClassTranslations(degreeClass, language, name, description) VALUES  (298, 'PT_PT', 'Análise','No final do semestre os alunos deverão ser capazes de:\n
        - interpretar as noções de continuidade, de derivabilidade direcional e global;\n
        - determinar e classificar extremos livres e condicionados de funções reais de várias variáveis reais;\n
        - interpretar a noção de integrabilidade de uma função real sobre um subconjunto de R^n;\n
        - calcular e interpretar integrais múltiplos, de linha e de superfície.');

INSERT INTO DegreeClasses(id, year, semester, ects , isOptional, degree) VALUES (299, 1, 2, 5, FALSE, 5);
INSERT INTO DegreeClassTranslations(degreeClass, language, name, description) VALUES  (299, 'PT_PT', 'Tópicos de Física Moderna','Conhecer a relatividade de Einstein aplicando-a a problemas concretos.
        Descrever matematicamente ondas mecânicas e ondas eletromagnéticas e aplicar os conceitos de reflexão,
        refracção, polarização, interferência e difracção da radiação electromagnética.
        Reconhecer a natureza corpuscular da radiação e a existência de níveis de energia discretos na matéria.
        Conhecer e aplicar os diversos modelos atómicos.
        Reconhecer o dualismo onda-corpúsculo quer para a radiação quer para as partículas.
        Interpretar o princípio de incerteza de Heisenberg e os fundamentos da Física Quântica interpretando a
        equação de Schrodinger.
        Compreender os fundamentos da estrutura atómica e molecular à luz da Mecânica Quântica.
        Conhecer a estrutura nuclear e aplicar os conceitos associados à radioactividade.
        Compreender os efeitos nocivos da radiação ionizante.
        Adquirir conhecimentos básicos sobre as partículas elementares e as interações fundamentais na
        natureza. Interpretar o modelo padrão.');

INSERT INTO DegreeClasses(id, year, semester, ects , isOptional, degree) VALUES (300, 1, 2, 5, FALSE, 5);
INSERT INTO DegreeClassTranslations(degreeClass, language, name, description) VALUES  (300, 'PT_PT', 'Lógica','No final do semestre o aluno deve ter capacidade para:\n
        1) definir funções por recursão estrutural e fazer demonstrações por indução estrutural;\n
        2) manipular a sintaxe formal do Cálculo Proposicional e do Predicados de 1ª Ordem da Lógica Clássica;\n
        3) usar fórmulas da Lógica de 1ª Ordem para representar frases em linguagem natural;\n
        4) dar significado a fórmulas e decidir o seu valor lógico, no contexto de uma interpretação;\n
        5) compreender e construir demonstrações formais em dedução natural;\n
        6) conhecer algumas das consequências dos Teoremas da Correcção e da Completude.');

INSERT INTO DegreeClasses(id, year, semester, ects , isOptional, degree) VALUES (301, 1, 2, 5, FALSE, 5);
INSERT INTO DegreeClassTranslations(degreeClass, language, name, description) VALUES  (301, 'PT_PT', 'Programação Imperativa','No fim da disciplina, o aluno deverá ser capaz de: \n
        - bresolver problemas decompondo-os em problemas mais pequenos e especificando algoritmos para cada um destes;\n
        - resolver problemas envolvendo cálculo numérico, manipulação de strings, manipulação de ficheiros,
        armazenamento de informação e processamento de estruturas de dados (listas e árvores binárias);\n
        - codificar qualquer algoritmo na linguagem de programação C.');

INSERT INTO DegreeClasses(id, year, semester, ects , isOptional, degree) VALUES (302, 1, 2, 5, FALSE, 5);
INSERT INTO DegreeClassTranslations(degreeClass, language, name, description) VALUES  (302, 'PT_PT', 'Laboratórios de Informática II','O conhecimento e a capacidade de codificar algoritmos e estruturas de
        dados numa linguagem de programação imperativa:\n
        - a capacidade de gerar, executar e testar programas codificados em C, usando um conjunto adequado de utilitários\n
        - o conhecimento e a capacidade de analisar a execução de programas numa dada arquitectura, e as aptidões de
        desenvolver e aplicar testes de conformidade em situações de fronteira\n
        - a aptidão para analisar código em assembly e utilizar ferramentas de depuração de programas\n
        - as capacidades e aptidões para descrever, aplicar e avaliar técnicas de optimização de desempenho\n
        - a capacidade trabalhar em equipa e de desenvolver algoritmos para resolver problemas.');

-- UMinho 2nd year

INSERT INTO DegreeClasses(id, year, semester, ects , isOptional, degree) VALUES (303, 2, 1, 5, FALSE, 5);
INSERT INTO DegreeClassTranslations(degreeClass, language, name, description) VALUES  (303, 'PT_PT', 'Introdução aos Sistemas Dinâmicos','1. Descrever técnicas de integração e exemplificar aplicações de equações diferenciais ordinárias.\n
        2. Analisar qualitativamente sistemas de EDOs não-lineares.\n
        3. Aplicar ferramentas computacionais no contexto da unidade curricular.\n
        4. Descrever técnicas de integração e aplicações de equações diferenciais de derivadas parciais.</string>
    <string name="um_class_dynamic_sys_topic1">Equações diferenciais ordinárias');

INSERT INTO DegreeClasses(id, year, semester, ects , isOptional, degree) VALUES (304, 2, 1, 5, FALSE, 5);
INSERT INTO DegreeClassTranslations(degreeClass, language, name, description) VALUES  (304, 'PT_PT', 'Estatística Aplicada','Aprendizagem de metodologia associada à recolha e análise de dados em estatística. Os objectivos
        expressos em resultados de aprendizagem podem ser descritos da seguinte forma:\n
        - Resumir e descrever conjuntos de dados.\n
        - Seleccionar uma amostra representativa.\n
        - Interpretar dados de natureza qualitativa e quantitativa.\n
        - Calcular probabilidades e determinar funções de probabilidade.\n
        - Formular e testar hipóteses.\n
        - Usar software específico (SPSS).');

INSERT INTO DegreeClasses(id, year, semester, ects , isOptional, degree) VALUES (305, 2, 1, 5, FALSE, 5);
INSERT INTO DegreeClassTranslations(degreeClass, language, name, description) VALUES  (305, 'PT_PT', 'Engenharia Económica','O objectivo principal desta UC é proporcionar aos alunos
        conhecimentos essenciais de economia e gestão que lhes permitam uma correta tomada de decisão em ambiente empresarial. Os resultados esperados de
        aprendizagem são os seguintes:\n
        - Compreender o funcionamento de uma economia \n
        - Caracterizar as funções gerais de gestão de uma empresa\n
        - Explicar os comportamentos dos agentes económicos e suas inter-relações nos mercados\n
        - Explicar o funcionamento de diferentes estruturas de mercado \n
        - Avaliar aspectos económicos na perspectiva da decisão\n
        - Adquirir conhecimentos básicos de natureza financeira \n
        - Aplicar conhecimentos matemáticos e de natureza financeira para descrever e analisar projectos de investimento.\n
        - Aplicar ferramentas de análise económica.');

INSERT INTO DegreeClasses(id, year, semester, ects , isOptional, degree) VALUES (306, 2, 1, 5, FALSE, 5);
INSERT INTO DegreeClassTranslations(degreeClass, language, name, description) VALUES  (306, 'PT_PT', 'Arquitectura de Computadores','Identificar e caracterizar as métricas relativas ao
        desempenho da execução de programas e a sua relação com a codificação de programas em linguagens de alto nível\n
        Identificar o impacto da hierarquia de memória no desempenho de programas escritos em linguagens de alto nível \n
        Caracterizar limitações inerentes ao encadeamento de instruções (dependências) e conceber potenciais soluções\n
        Analisar e justificar o impacto de múltiplas unidades funcionais no desempenho da máquina\n
        Descrever, aplicar e avaliar técnicas de optimização do desempenho\n
        Identificar as oportunidades de exploração de processamento paralelo e caracterizar as limitações inerentes ao processamento paralelo');

INSERT INTO DegreeClasses(id, year, semester, ects , isOptional, degree) VALUES (307, 2, 1, 5, FALSE, 5);
INSERT INTO DegreeClassTranslations(degreeClass, language, name, description) VALUES  (307, 'PT_PT', 'Comunicação de Dados','Definir, discutir e relacionar os conceitos teóricos básicos
        relacionados com os processos de comunicação de dados e tecnologias de telecomunicações;\n
        Explicar os componentes fundamentais dum sistema de comunicações digital ou analógico; \n
        Compreender e relacionar diversos conceitos da área da Teoria da Informação
        no contexto dos processos de codificação e comunicação de dados; \n
        Listar e discutir as principais limitações dos sistemas de transmissão;\n
        Compreender os mecanismos básicos de multiplexagem subjacentes aos sistemas de telecomunicações/transmissão actuais; \n
        Capacidade de compreender e analisar a representação no domínio das frequências
        (espectro) de sinais analógicos e digitais; \n
        Compreender os conceitos subjacentes aos principais algoritmos,técnicas e ferramentas
        relacionadas com a digitalização e processamento de sinais multimédia; \n
        Compreender as técnicas e a teorias de suporte que permitem a detecção e correcção
        de erros nas comunicações digitais.');

INSERT INTO DegreeClasses(id, year, semester, ects , isOptional, degree) VALUES (308, 2, 1, 5, FALSE, 5);
INSERT INTO DegreeClassTranslations(degreeClass, language, name, description) VALUES  (308, 'PT_PT', 'Algoritmos e Complexidade','O objectivo principal da UC de Algoritmos e Complexidade é
        a introdução de técnicas para o desenho e análise de algoritmos.Resultados de aprendizagem:\n
        1. Avaliar a correcção de um algoritmo\n
        2. Determinar a complexidade assimptótica de um algoritmo iterativo ou recursivo.\n
        3. Reconhecer e utilizar estratégias algorítmicas fundamentais.\n
        4. Utilizar estruturas de dados fundamentais (em particular implementações de funções finitas e grafos), e
        utilizar algoritmos sobre elas.\n
        5. Reconhecer problemas NP-completos e alguns algoritmos aproximados para a sua resolução.');

INSERT INTO DegreeClasses(id, year, semester, ects , isOptional, degree) VALUES (309, 2, 2, 5, FALSE, 5);
INSERT INTO DegreeClassTranslations(degreeClass, language, name, description) VALUES  (309, 'PT_PT', 'Sistemas Operativos','Num sentido lato, o objectivo da unidade curricular é ajudar a ter uma visão coerente e integrada de como
        funcionam os sistemas informáticos: o que é, em termos físicos, uma aplicação informática, que recursos
        necessita, como interage com outras e com o sistema operativo, que políticas de gestão são mais
        adequadas a cada tipo de carga e respectivos custos de implementação, razões para o sistema estar lento,
        que atitudes tomar, etc.');

INSERT INTO DegreeClasses(id, year, semester, ects , isOptional, degree) VALUES (310, 2, 2, 5, FALSE, 5);
INSERT INTO DegreeClassTranslations(degreeClass, language, name, description) VALUES  (310, 'PT_PT', 'Programação Orientada aos Objectos','Compreender os conceitos fundamentais da PPO (Objectos, Classes, Herança e Polimorfismo;\n
        - analisar e ilustrar a estruturação de um domínio em classes;\n
        - construir hierarquias de classes utilizando as noções de classe abstracta, tipo abstracto de dados e polimorfismo;\n
        - compreender a importância das classes abstractas e herança na concepção de um sistema em POO;\n
        - utilizar linguagens de programação por objectos para construção de programas de média escala, seguros, robustos e extensíveis.');

INSERT INTO DegreeClasses(id, year, semester, ects , isOptional, degree) VALUES (311, 2, 2, 5, FALSE, 5);
INSERT INTO DegreeClassTranslations(degreeClass, language, name, description) VALUES  (311, 'PT_PT', 'Electromagnetismo','1. Calcular o campo eléctrico para distribuições discretas e contínuas de carga.\n
        Usar a lei de Gauss para o cálculo do campo eléctricos.\n
        2. Aplicar o conceito de potencial eléctrico a distribuições discretas e contínuas de carga.\n
        3. Compreender e usar o conceito de capacidade e de força electromotriz\n
        4.) Descrever o movimento de cargas eléctricas na presença de campos magnéticos\n
        5.) Conhecer as fontes de campo magnético. Calcular o campo magnético de alguns sistemas simples\n
        6.) Conhecer e aplicar o conceito de indução magnética e de indutância.');

INSERT INTO DegreeClasses(id, year, semester, ects , isOptional, degree) VALUES (312, 2, 2, 5, FALSE, 5);
INSERT INTO DegreeClassTranslations(degreeClass, language, name, description) VALUES  (312, 'PT_PT', 'Opcional','A Opção UMinho será escolhida pelos alunos entre um conjunto de UCs que todos os anos será disponibilizado ao nível da Universidade');

INSERT INTO DegreeClasses(id, year, semester, ects , isOptional, degree) VALUES (313, 2, 2, 5, FALSE, 5);
INSERT INTO DegreeClassTranslations(degreeClass, language, name, description) VALUES  (313, 'PT_PT', 'Programas','(i) Construção de programas: escrever programas funcionais de forma
        composicional, com recurso a combinadores algébricos.\n
        (ii) Transformação de programas: recurso à algebra da programação para se obterem programas mais
        eficientes sem comprometer as sua correcção.\n
        (iii) Análise e compreensão de programas: recurso à factorização em pares "fold" + "unfold" (hilomorfismos)
        como forma de se perceber a arquitectura dos algoritmos e sua catalogação.\n
        (iv) Síntese de programas: ciclos-for a partir de definições indutivas.\n
        (v) Programação funcional avançada: construir e raciocinar sobre programas funcionais com efeitos sob a forma de mónades.');

INSERT INTO DegreeClasses(id, year, semester, ects , isOptional, degree) VALUES (314, 2, 2, 5, FALSE, 5);
INSERT INTO DegreeClassTranslations(degreeClass, language, name, description) VALUES  (314, 'PT_PT', 'Laboratórios de Informática III','Conhecer os princípios fundamentais da Engenharia de Software, designadamente modularidade,
        reutilização, encapsulamento e abstracção de dados, e saber implementá-los em diferentes linguagens de
        implementação (C - 1º projecto e Java 2º projecto);\n
        - Complementar experimentalmente os conhecimentos adquiridos nas Unidades Curriculares de
        Algoritmos e Complexidade e Programação Orientada aos Objectos;\n
        - Desenhar e codificar dois projectos de média dimensão, a serem entregues e avaliados em várias fases. 1º
        projecto Linguagem C Conceitos envolvidos: modularidade, reutilização, grafos, árvores, manipulação de
        ficheiros.
        2º projecto Linguagem Java Conceitos envolvidos: manipulação de colecções Java, medição de
        tempos de operações sobre colecções, construção de interfaces com utilizador (padrão MVC), exploração
        dos componentes Swing.');

-- UMinho 3rd year

INSERT INTO DegreeClasses(id, year, semester, ects , isOptional, degree) VALUES (315, 3, 1, 5, FALSE, 5);
INSERT INTO DegreeClassTranslations(degreeClass, language, name, description) VALUES  (315, 'PT_PT', 'Bases de Dados','1) Distinguir dados, informação e conhecimento.\n
        2) Compreender e aplicar as formas normais e definir conceptualmente o modelo de dados para um
        problema específico.\n
        3) Escrever interrogações de bases de dados relacionais usando a álgebra relacional\n
        4) Utilizar a linguagem SQL para administrar, manter e interrogar bases de dados relacionais.\n
        5) Desenvolver aplicações informáticas que operem sobre bases de dados, incluindo aplicações baseadas
        na Web.');

INSERT INTO DegreeClasses(id, year, semester, ects , isOptional, degree) VALUES (316, 3, 1, 5, FALSE, 5);
INSERT INTO DegreeClassTranslations(degreeClass, language, name, description) VALUES  (316, 'PT_PT', 'Desenvolvimento de Sistemas Software','Os alunos deverão ser capazes de:\n
        - Reconhecer os diferentes tipos de diagramas da UML ;\n
        - Compreender modelos (de requisitos/estruturais/comportamentais) descritos em UML;\n
        - Conceber sistemas de software utilizando UML;\n
        - Implementar sistemas de software a partir de modelos UML.');

INSERT INTO DegreeClasses(id, year, semester, ects , isOptional, degree) VALUES (317, 3, 1, 5, FALSE, 5);
INSERT INTO DegreeClassTranslations(degreeClass, language, name, description) VALUES  (317, 'PT_PT', 'Modelos Determinísticos de Investigação Operacional','Desenvolver a capacidade de resolução de problemas (modelos determinísticos), com ênfase em
        problemas de engenharia de sistemas.\n
        - Conhecer as técnicas e os métodos de Investigação Operacional apresentados na Unidade Curricular, e
        ser capaz de os aplicar na resolução de instâncias de problemas de pequena dimensão.\n
        -  Desenvolver a capacidade de analisar sistemas complexos, de criar modelos para os descrever, de obter
        soluções para esses modelos utilizando programas computacionais adequados, de validar os modelos
        obtidos, de interpretar as soluções obtidas, e de elaborar recomendações para o sistema em análise.\n
        - Compreender a importância da avaliação das soluções, e ser capaz de realizar análises de sensibilidade.');

INSERT INTO DegreeClasses(id, year, semester, ects , isOptional, degree) VALUES (318, 3, 1, 5, FALSE, 5);
INSERT INTO DegreeClassTranslations(degreeClass, language, name, description) VALUES  (318, 'PT_PT', 'Sistemas Distribuídos','a) Conhecer as características, virtudes, limitações e aplicabilidade do modelo de memória partilhada;\n
        b) conhecer e saber analisar os vários problemas decorrentes da programação com processos concorrentes;\n
        c) conhecer e saber aplicar vários tipos de primitivas de controlo de concorrência em sistemas de memória partilhada;\n
        d) Conhecer as características, virtudes, limitações e aplicabilidade dos modelos e arquitecturas de sistemas distribuídos;\n
        f) saber resolver problemas clássicos de coordenação em sistemas distribuídos.');

INSERT INTO DegreeClasses(id, year, semester, ects , isOptional, degree) VALUES (319, 3, 1, 5, FALSE, 5);
INSERT INTO DegreeClassTranslations(degreeClass, language, name, description) VALUES  (319, 'PT_PT', 'Redes de Computadores','Como resultado da aprendizagem, espera-se que os alunos devam ser capazes de:\n
        - Discutir os conceitos fundamentais sobre comunicação de dados, protocolos de comunicação, famílias
        de protocolos e sua arquitectura, incluindo os elementos protocolares mais comuns;\n
        - Analisar e instanciar esses conceitos, em especial, no nível de ligação de dados;\n
        - Ter uma visão global e crítica sobre as redes locais de computadores e do seu funcionamento;\n
        - Explicar em detalhe as principais funções do protocolo IP;\n
        - Saber implementar soluções concretas do estabelecimento de uma rede local IP, planeando também o
        seu esquema de endereçamento e encaminhamento.');

INSERT INTO DegreeClasses(id, year, semester, ects , isOptional, degree) VALUES (325, 3, 1, 5, FALSE, 5);
INSERT INTO DegreeClassTranslations(degreeClass, language, name, description) VALUES  (325, 'PT_PT', 'Métodos Numéricos e Optimização Não Linear','Compreender e utilizar métodos de resolução de equações e sistemas não lineares;\n
        Resolver sistemas de equações lineares por métodos diretos com pivotagem parcial;\n
        Compreender e aplicar estratégias de aproximação de funções;\n
        Descrever e aplicar métodos de integração numérica;\n
        Compreender, escolher e utilizar o método de optimização mais adequado a um problema específico;\n
        Utilizar os métodos numéricos em problemas de Engenharia Informática;\n
        Utilizar software específico (MATLAB) na resolução de problemas.');

INSERT INTO DegreeClasses(id, year, semester, ects , isOptional, degree) VALUES (326, 3, 2, 5, FALSE, 5);
INSERT INTO DegreeClassTranslations(degreeClass, language, name, description) VALUES  (326, 'PT_PT', 'Sistemas de Representação de Conhecimento e Raciocínio','As matérias que são objecto de tratamento na unidade curricular emanam da área de conhecimento que,
        em larga medida, se situa na intersecção das áreas científicas da Inteligência Artificial, das Bases de
        Dados e da Lógica Computacional.\n
        (i) É objectivo desta unidade curricular a introdução dos discentes aos paradigmas da representação do
        conhecimento e de raciocínio lógico, e sua aplicação na concepção e implementação de sistemas
        inteligentes ou de apoio à decisão, em que a qualidade da informação e o grau de confiança que é
        depositado na conjugação dos atributos de um predicado ou função lógica é fulcral.\n
        (ii) Compreender a relação entre a complexidade de um modelo representação de conhecimento e as
        formas de raciocínio a ele associadas e o seu desempenho, utilizando esta informação na definição de
        uma estratégia para a sua optimização.');

INSERT INTO DegreeClasses(id, year, semester, ects , isOptional, degree) VALUES (327, 3, 2, 5, FALSE, 5);
INSERT INTO DegreeClassTranslations(degreeClass, language, name, description) VALUES  (327, 'PT_PT', 'Modelos Estocásticos de Investigação Operacional','a) Conhecer as técnicas e os métodos de Investigação Operacional apresentados na UC, e ser capaz de os
        aplicar na resolução de instâncias de problemas de pequena dimensão.\n
        b) Desenvolver a capacidade de resolução de problemas (modelos estocásticos), com ênfase em
        problemas de engenharia de sistemas.\n
        c) Desenvolver a capacidade de analisar sistemas complexos, de criar modelos para os descrever, de
        obter soluções para esses modelos utilizando programas computacionais adequados, de validar os
        modelos obtidos, de interpretar as soluções obtidas, e de elaborar recomendações para o sistema em
        análise.\n
        d) Compreender a importância da avaliação das soluções, e ser capaz de realizar análises de sensibilidade.');

INSERT INTO DegreeClasses(id, year, semester, ects , isOptional, degree) VALUES (328, 3, 2, 5, FALSE, 5);
INSERT INTO DegreeClassTranslations(degreeClass, language, name, description) VALUES  (328, 'PT_PT', 'Computação Gráfica','Os formandos devem desenvolver as seguintes competências com a frequência deste módulo:\n
        - Caracterizar as transformações geométricas e os referencias utilizados na computação gráfica;\n
        - Aplicar transformações para construção de modelos geométricos complexos e posicionamento da câmara;\n
        - Algoritmos de iluminação local e global: Gouraud, Phong, Ray-tracing, Radiosity and Virtual Point Lights;\n
        - Aplicar texturas e definir coordenadas de textura;\n
        - Analisar soluções do ponto de vista do desempenho recorrento a profilers.\n
        - Utilizar apropriadamente soluções de eliminação de geometria, recorrendo a partição espacial.\n
        - Aplicar a Analisar algoritmos para geração de sombras');

INSERT INTO DegreeClasses(id, year, semester, ects , isOptional, degree) VALUES (329, 3, 2, 5, FALSE, 5);
INSERT INTO DegreeClassTranslations(degreeClass, language, name, description) VALUES  (329, 'PT_PT', 'Comunicações por Computador','- Descrever e aplicar os diferentes algoritmos de rotas (LS e DV)\n
        - Discutir diferentes protocolos de encaminhamento unicast\n
        - Planear e implementar solução de interligação intra e inter domínios\n
        - Distinguir os diferentes serviços de transporte\n
        - Configurar soluções de segurança para os níveis de rede e de transporte\n
        - Identificar, classificar e configurar serviços básicos de rede e soluções de gestão de redes\n
        - Descrever o funcionamento das principais aplicações\n
        - Classificar as diferentes aplicações em função dos seus requisitos de QoS');

INSERT INTO DegreeClasses(id, year, semester, ects , isOptional, degree) VALUES (330, 3, 2, 5, FALSE, 5);
INSERT INTO DegreeClassTranslations(degreeClass, language, name, description) VALUES  (330, 'PT_PT', 'Processamento de Linguagens','Competências Genéricas:
        a capacidade de comunicação escrita e oral na apresentação e discussão dos processos usados e
        resultados obtidos;\n
        a capacidade de utilização de ferramentas genéricas de informática em ambiente Linux e de elaboração de
        documentos.');

INSERT INTO DegreeClasses(id, year, semester, ects , isOptional, degree) VALUES (331, 3, 2, 5, FALSE, 5);
INSERT INTO DegreeClassTranslations(degreeClass, language, name, description) VALUES  (331, 'PT_PT', 'Laboratórios de Informática IV','- Fundamentar, projectar e gerir o desenvolvimento de um sistema de software.\n
        - Analisar e especificar de forma completa todos os requisitos operacionais e funcionais de um sistema de software.\n
        - Desenvolver, testar, documentar e instalar sistemas de software.');

-- UMinho 4th year

INSERT INTO DegreeClasses(id, year, semester, ects , isOptional, degree) VALUES (332, 4, 1, 5, TRUE, 5);
INSERT INTO DegreeClassTranslations(degreeClass, language, name, description) VALUES  (332, 'PT_PT', 'Algoritmos para Análise de Sequências Biológicas','O objectivo desta unidade curricular é o de dotar os alunos das capacidades de perceber,
        utilizar e desenvolver algoritmos de processamento e análise de sequências biológicas, utilizando uma linguagem de programação para a sua implementação.');

INSERT INTO DegreeClasses(id, year, semester, ects , isOptional, degree) VALUES (333, 4, 1, 5, TRUE, 5);
INSERT INTO DegreeClassTranslations(degreeClass, language, name, description) VALUES  (333, 'PT_PT', 'Laboratórios de Bioinformática','- Dotar os alunos dos conhecimentos biológicos básicos para
        compreensão dos problemas e ferramentas da Bioinformática\n
        - Promover o conhecimento das principais bases de dados e ferramentas disponíveis na área da Bioinformática\n
        - Promover o desenvolvimento de competências ao nível da utilização avançada de repositórios de software livre
        na área da Bioinformática para construção de pequenos programas para tarafas específicas');

INSERT INTO DegreeClasses(id, year, semester, ects , isOptional, degree) VALUES (334, 4, 2, 5, TRUE, 5);
INSERT INTO DegreeClassTranslations(degreeClass, language, name, description) VALUES  (334, 'PT_PT', 'Algoritmos Avançados de Bioinformática','Promover a aquisição de competências avançadas ao nível da compreensão
        e implementação dos principais algoritmos na área da Bioinformática, incluindo métodos de
        optimização e sua utilização para resolução de problemas biológicos');

INSERT INTO DegreeClasses(id, year, semester, ects , isOptional, degree) VALUES (335, 4, 2, 5, TRUE, 5);
INSERT INTO DegreeClassTranslations(degreeClass, language, name, description) VALUES  (335, 'PT_PT', 'Extracção de Conhecimento de Bases de Dados Biológicas','Promover a aquisição de conhecimentos e competências básicas sobre os processos e
        ferramentas de análise de dados multivariada, mineração de dados  e aprendizagem máquina e suas aplicações na Bioinformática');

INSERT INTO DegreeClasses(id, year, semester, ects , isOptional, degree) VALUES (336, 4, 1, 5, TRUE, 5);
INSERT INTO DegreeClassTranslations(degreeClass, language, name, description) VALUES  (336, 'PT_PT', 'Visualização e Iluminação I','Os formandos devem desenvolver as seguintes competências com a frequência deste módulo:\m
        Caracterizar o pipeline gráfico e o fluxo de dados. Identificar as componentes programáveis e as suas
        potencialidades;\n
        Produzir programas a correr no GPU para obter efeitos gráficos ou processamento de dados ;\n
        Projectar, implementar, e avaliar soluções recorrendo à programação em GPU para problemas na área da
        computação gráfica;\n
        Analisar algoritmos de iluminação local, e efeitos gráficos do ponto de vista da sua adequabilidade à
        utilização de GPUs, e desempenho final.\n
        Adicionalmente, pretende-se desenvolver a seguinte competência transversal:\n
        Exibir uma capacidade de comunicação escrita e oral adequada, promovendo a linguagem como ferramenta
        de expressão e construção de pensamentos, ideias e argumentos próprios, alicerçados no espírito crítico.');

INSERT INTO DegreeClasses(id, year, semester, ects , isOptional, degree) VALUES (337, 4, 1, 5, TRUE, 5);
INSERT INTO DegreeClassTranslations(degreeClass, language, name, description) VALUES  (337, 'PT_PT', 'Visão por computador','Introduzir o estado da arte na tecnologia da imagem médica, fornecendo uma visão global sobre as normas,
        técnicas, equipamentos e aplicações. Promover a análise de casos práticos e simulação de situações de
        ambientes clínicos reais.\n
        Competências:\n
        - Reconhecer e argumentar a importância da utilização de computadores no processamento de informação
        pictórica no contexto médico.\n
        - Evidenciar conhecimento acerca dos conceitos associados aos sistemas de imagem, processamento de
        imagem, visão e modelação por computador em imagem médica.\n
        - Executar as tarefas de desenvolvimento de novos componentes funcionais utilizando as aplicações ImageJ e OsiriX.');

INSERT INTO DegreeClasses(id, year, semester, ects , isOptional, degree) VALUES (338, 4, 2, 5, TRUE, 5);
INSERT INTO DegreeClassTranslations(degreeClass, language, name, description) VALUES  (338, 'PT_PT', 'Visualização e Iluminação II','Os formandos devem desenvolver as seguintes competências com a frequência deste módulo:\n
        - Caracterizar a iluminação global e descrever os vários estágios do processo de síntese e visualização de
        imagens;\n
        - Explicar a equação de rendering e discutir o significado de cada um dos seus factores;\n
        - Relacionar os vários métodos de iluminação global com o modelo geral sustentado pela equação de
        rendering, inferindo quais os fenómenos de iluminação modelados;\n
        - Projectar, implementar e avaliar soluções para novos problemas de iluminação por recombinação de
        soluções conhecidas;\n
        -Reconhecer as limitações funcionais e/ou de desempenho associadas a cada algoritmo de iluminação global.
        Adicionalmente, pretende-se desenvolver a seguinte competência transversal:\n
        - Exibir uma capacidade de comunicação escrita e oral adequada, promovendo a linguagem como ferramenta
        de expressão e construção de pensamentos, ideias e argumentos próprios, alicerçados no espírito crítico.');

INSERT INTO DegreeClasses(id, year, semester, ects , isOptional, degree) VALUES (339, 4, 2, 5, TRUE, 5);
INSERT INTO DegreeClassTranslations(degreeClass, language, name, description) VALUES  (339, 'PT_PT', 'Tecnologias e Aplicações','Este módulo pretende expor os alunos a técnicas avançadas no domínio da
        computação gráfica confrontado-os com aplicações práticas. Pretende-se que os formandos desenvolvam as seguintes competências:\n
        Analisar soluções associadas aos sistemas de imagem, processamento de imagem, visão e modelação por computador em imagem médica,
        nomeadamente utilizando técnicas de aprendizagem profunda;\n
        Criar aplicações de processamento de imagem baseadas em casos concretos, como por exemplo reconhecimento de sinais de trânsito;
        Proectar, implementar e avaliar soluções para geração de imagens baseadas na física do transporte de luz;\n
        Projectar, implementar e avaliar soluções para geração de imagens de alta qualidade em tempo real recorrendo a técnicas como Voxelização.');

INSERT INTO DegreeClasses(id, year, semester, ects , isOptional, degree) VALUES (340, 4, 1, 5, TRUE, 5);
INSERT INTO DegreeClassTranslations(degreeClass, language, name, description) VALUES  (340, 'PT_PT', 'Arquitecturas Avançadas','Um estudante que complete com sucesso a UC deverá ser capaz de demonstrar que adquiriu as seguintes
        competências:\n
        - caracterizar e avaliar qualitativa e quantitativamente a arquitectura de sistemas de computação
        paralelos/distribuídos\n
        - analisar, medir e avaliar o desempenho de sistemas de computação na execução de aplicações\n
        - desenvolver e/ou modificar aplicações computacionais com vista a optimizar o seu desempenho e
        escalabilidade');

INSERT INTO DegreeClasses(id, year, semester, ects , isOptional, degree) VALUES (341, 4, 2, 5, TRUE, 5);
INSERT INTO DegreeClassTranslations(degreeClass, language, name, description) VALUES  (341, 'PT_PT', 'Algoritmos Paralelos','Um estudante que complete com sucesso esta UC deverá ser capaz de demonstrar que adquiriu as seguintes
        competências:\n
        Apreender os fundamentos teóricos para suporte aos algoritmos analisados\n
        Identificar, a diferentes níveis (complexidade, robustez, eficiência, escalabilidade, etc.) pontos fortes e fracos
        dos algoritmos analisados\n
        Desenvolver implementações sequenciais e paralelas e discutir os resultados de desempenho e eficiência
        obtidos com os algoritmos analisados\n
        Identificar, nos algoritmos paralelos, eventuais problemas de balanceamento de carga e/ou elevados custos
        de comunicação entre os elementos de computação');

INSERT INTO DegreeClasses(id, year, semester, ects , isOptional, degree) VALUES (342, 4, 2, 5, TRUE, 5);
INSERT INTO DegreeClassTranslations(degreeClass, language, name, description) VALUES  (342, 'PT_PT', 'Engenharia dos Sistemas de Computação','Identificar os diferentes tipos de sistemas de computação, incluindo máquinas SMP, clusters e grids e
        discutir as respectivas vantagens e limitações\n
        Analisar e avaliar os requisitos de hardware e software com vista ao planeamento e instalação do
        equipamento\n
        Identificar os requisitos dos utilizadores necessários para selecionar o software a instalar e a manter\n
        Identificar e caracterizar políticas de gestão e escalonamento de trabalhos e avaliar os resultados da sua
        aplicação\n
        Discutir e avaliar o desempenho efetivo de programas sequenciais e paralelos nas plataformas estudadas\n
        Identificar os pontos de estrangulamento do ambiente de execução (run-time) face a uma determinada carga
        computacional.\n
        Usar as ferramentas existentes, ao nível do ambiente de execução, para estudar estratégias de optimização
        dos recurso partilhados nas diferentes plataformas com vista a minimizar uma determinada função de custo
        (por exemplo tempo de execução)');

INSERT INTO DegreeClasses(id, year, semester, ects , isOptional, degree) VALUES (343, 4, 1, 5, TRUE, 5);
INSERT INTO DegreeClassTranslations(degreeClass, language, name, description) VALUES  (343, 'PT_PT', 'Paradigmas de Computação Paralela','Um estudante que complete com sucesso esta UC deverá ser capaz de demonstrar que adquiriu as seguintes
        competências:
        - Desenvolver aplicações paralelas capazes de executar numa gama alargada de arquitecturas
        - Implementar aplicações utilizando os tipos mais comuns de algoritmos paralelos
        - Medir e optimizar o desempenho de aplicações em sistemas de memória distribuída
        - Implementar técnicas de gestão de recursos ao nível da aplicação.');

INSERT INTO DegreeClasses(id, year, semester, ects , isOptional, degree) VALUES (344, 4, 1, 5, TRUE, 5);
INSERT INTO DegreeClassTranslations(degreeClass, language, name, description) VALUES  (344, 'PT_PT', 'Tecnologia Criptográfica','(Não disponível)');

INSERT INTO DegreeClasses(id, year, semester, ects , isOptional, degree) VALUES (345, 4, 1, 5, TRUE, 5);
INSERT INTO DegreeClassTranslations(degreeClass, language, name, description) VALUES  (345, 'PT_PT', 'Tecnologia da Segurança','(Não disponível)');

INSERT INTO DegreeClasses(id, year, semester, ects , isOptional, degree) VALUES (346, 4, 2, 5, TRUE, 5);
INSERT INTO DegreeClassTranslations(degreeClass, language, name, description) VALUES  (346, 'PT_PT', 'Estruturas Criptográficas','(Não disponível)');

INSERT INTO DegreeClasses(id, year, semester, ects , isOptional, degree) VALUES (347, 4, 2, 5, TRUE, 5);
INSERT INTO DegreeClassTranslations(degreeClass, language, name, description) VALUES  (347, 'PT_PT', 'Engenharia de Segurança','(Não disponível)');

INSERT INTO DegreeClasses(id, year, semester, ects , isOptional, degree) VALUES (348, 4, 1, 5, TRUE, 5);
INSERT INTO DegreeClassTranslations(degreeClass, language, name, description) VALUES  (348, 'PT_PT', 'Arquitecturas Aplicacionais','Analisar e conhecer os principais patterns estruturais e de comportamento utilizados para o
        desenvolvimento de sistemas de software complexo e de grande escala, tendo em conta as especificidades
        arquitecturais das aplicações multi-camada.\n
        Saber desenvolver camadas computacionais que permitam evolução controlada e independente das
        camadas de apresentação e dados e que permitam a disponibilização de serviços como mecanismo de
        integração.\n
        Identificar as principais características dos servidores aplicacionais por forma a escolher o modelo de
        programação pretendido e saber utilizar tecnologia orientada a serviços como mecanismo de criação de
        arquitecturas de software parametrizáveis.');

INSERT INTO DegreeClasses(id, year, semester, ects , isOptional, degree) VALUES (349, 4, 1, 5, TRUE, 5);
INSERT INTO DegreeClassTranslations(degreeClass, language, name, description) VALUES  (349, 'PT_PT', 'Administração de Bases de Dados','Reconhecer e explicar os principais desafios de desempenho, fiabilidade e escala na gestão de dados.
        Conhecer e descrever os mecanismos disponiveis para o processamento de interrogações e a manutenção de
        garantias transaccionais.
        Planear e executar soluções de gestão de dados, combinando, compondo e configurando os mecanismos
        disponíveis.
        Estimar a medir o comportamento de sistemas de gestão de dados.');

INSERT INTO DegreeClasses(id, year, semester, ects , isOptional, degree) VALUES (350, 4, 2, 5, TRUE, 5);
INSERT INTO DegreeClassTranslations(degreeClass, language, name, description) VALUES  (350, 'PT_PT', 'Infra-estruturas de Centro de Dados','Compreender e explicar os compromissos entre custo, desempenho, e confiabilidade na concepção de
        centros de dados e a sua tradução em tecnologias concretas.\n
        Aplicar mecanismos de redundância, virtualização e administração centralizada no desenvolvimento e
        operação de centros de dados.\n
        Desenhar, planear e concretizar infra-estruturas de armazenamento de dados escaláveis e de elevado
        desempenho\n
        Compreender e estabelecer os limites das infra-estruturas definindo os thresholds para a sua revisão e
        actualização\n
        Ter uma visão global das infra-estruturas e capacidade para identificar os pontos críticos das mesmas');

INSERT INTO DegreeClasses(id, year, semester, ects , isOptional, degree) VALUES (351, 4, 2, 5, TRUE, 5);
INSERT INTO DegreeClassTranslations(degreeClass, language, name, description) VALUES  (351, 'PT_PT', 'Sistemas Interactivos','Conceber interfaces com o utilizador com consideração por aspectos de usabilidade\n
        - Saber avaliar as interfaces concebidas recorrendo às técnicas mais apropriadas\n
        - Compreender e explorar diferentes técnicas de desenvolvimento de camadas interactivas\n
        - Saber desenvolver camadas de apresentação que permitam evolução controlada e independente das
        camadas de lógica e de dados.');

INSERT INTO DegreeClasses(id, year, semester, ects , isOptional, degree) VALUES (352, 4, 1, 5, TRUE, 5);
INSERT INTO DegreeClassTranslations(degreeClass, language, name, description) VALUES  (352, 'PT_PT', 'Arquitecturas de Software','Conhecer e compreender, tendo por base o RUP, as várias etapas do processo de conceção e
        desenvolvimento de um sistema de software complexo e de grande escala e usar a linguagem UML como
        ferramenta de base para a sua modelação;\n
        - Conhecer e ser capaz de aplicar princípios avançados de engenharia de software (ES), designadamente IOC
        (Inversion of Control), DI (Dependency Injection) e de separação de camadas (cf. modelo MVC - model, view e
        controller), bem como aplicar padrões usuais (“design patterns”);\n
        - Saber usar tecnologias Java para desenvolvimento de aplicações Web, designadamente, Servlets, Java
        Server Pages (ou Java Server Faces ou Structs) e Beans (bem como tecnologias de persistência), e usá-las
        segundo os princípios do modelo MVC;\n
        - Saber modelar em Alloy pequenos subsistemas de um dado sistema de software e realizar a verificação
        formal da satisfação de propriedades que fazem parte dos requisitos funcionais de tais subsistemas');

INSERT INTO DegreeClasses(id, year, semester, ects , isOptional, degree) VALUES (353, 4, 1, 5, TRUE, 5);
INSERT INTO DegreeClassTranslations(degreeClass, language, name, description) VALUES  (353, 'PT_PT', 'Engenharia de Requisitos','Definir, no âmbito de todo o processo de engenharia de software, a intervenção da equipa de engenharia de
        requisitos e o envolvimento formal dos stakeholders\n
        Escolher a forma como devem ser capturados os requisitos, em particular decidir quais as técnicas a usar
        para levantar os requisitos junto das fontes identificadas\n
        Detectar, negociar e resolver conflitos entre os requisitos capturados\n
        Estruturar o documento de requisitos a dois níveis (os requisitos do utilizador e os requisitos de sistema) e
        assegurar a sua qualidade e verificabilidade\n
        Examinar o documento de requisitos, garantindo que descreve o sistema pretendido, através de revisões
        formais, de inspecções ou de criação de protótipos\n
        Gerir a alteração dos requisitos, através de técnicas de rastreabilidade e de análise de impacto');

INSERT INTO DegreeClasses(id, year, semester, ects , isOptional, degree) VALUES (354, 4, 2, 5, TRUE, 5);
INSERT INTO DegreeClassTranslations(degreeClass, language, name, description) VALUES  (354, 'PT_PT', 'Engenharia Web','Conceber, desenvolver, instalar e manter aplicações web\n
        Identificar as questões de âmbito legal, profissional, social e ético envolvidas no desenvolvimento de
        aplicações web usáveis e acessíveis\n
        Adaptar uma aplicação web a outros contextos de utilização, em função dos requisitos capturados\n
        Descrever e discutir as técnicas, os métodos e as abordagens usados no desenvolvimento web');

INSERT INTO DegreeClasses(id, year, semester, ects , isOptional, degree) VALUES (355, 4, 2, 5, TRUE, 5);
INSERT INTO DegreeClassTranslations(degreeClass, language, name, description) VALUES  (355, 'PT_PT', 'Gestão do Processo de Software','Os estudantes que completarem esta UC com sucesso, deverão ser capazes de:\n
        1. Discutir alternativas de aplicação das técnicas do PMBoK em projectos de software;\n
        2. Elaborar o plano de um projecto de desenvolvimento de sistemas de informação, seguindo as orientações do PMBoK;\n
        3. Compreender e aplicar os métodos adequados para registar o progresso de um projecto (Execução do Projecto);\n
        4. Aplicar as técnicas propostas pelo PMBoK para monitorizar o progresso de um projecto (EVM - Earned Value Management);\n
        5. Compreender os princípios, temas e processos propostos pelo método PRINCE2.');

INSERT INTO DegreeClasses(id, year, semester, ects , isOptional, degree) VALUES (356, 4, 1, 5, TRUE, 5);
INSERT INTO DegreeClassTranslations(degreeClass, language, name, description) VALUES  (356, 'PT_PT', 'Tecnologias e Protocolos Internet','Pretende-se com esta UC desenvolver as capacidades dos alunos nas vertentes de conhecimentos
        teóricos e experimentais centrados em temas relevantes da área das tecnologias de acesso e core,
        bem como das soluções protocolares de internetworking IPv4 e IPv6.');

INSERT INTO DegreeClasses(id, year, semester, ects , isOptional, degree) VALUES (357, 4, 1, 5, TRUE, 5);
INSERT INTO DegreeClassTranslations(degreeClass, language, name, description) VALUES  (357, 'PT_PT', 'Redes Móveis','Enquadra-se na vertente de formação especializada do curso,
        leccionada no 1º ano, e destina-se a introduzir os fundamentos e as tecnologias associados às redes de
        comunicações móveis. Aborda a emissão, propagação e recepção de sinais de rádio, e introduz as tecnologias
        associadas às redes móveis celulares e às redes de área local sem fios.');

INSERT INTO DegreeClasses(id, year, semester, ects , isOptional, degree) VALUES (358, 4, 2, 5, TRUE, 5);
INSERT INTO DegreeClassTranslations(degreeClass, language, name, description) VALUES  (358, 'PT_PT', 'Qualidade de Serviço na Internet','A presente unidade curricular (UC) visa promover o estudo e o
        conhecimento de soluções actuais e emergentes que possibilitam a integração de Aplicações e Serviços
        com requisitos de Qualidade de Serviço (QoS) distintos na rede Internet.');

INSERT INTO DegreeClasses(id, year, semester, ects , isOptional, degree) VALUES (359, 4, 2, 5, TRUE, 5);
INSERT INTO DegreeClassTranslations(degreeClass, language, name, description) VALUES  (359, 'PT_PT', 'Aplicações Multimedia e Ubíquas','Compreender os princípios, técnicas e algoritmos usados para
        representação, compressão, recuperação e processamento de conteúdos multimédia;
        Conhecer e diferenciar as diferentes tecnologias e sistemas e aplicações multimédia em rede.
        Tem ainda como objectivo complementar a formação em Tecnologia da Informação e Comunicações com
        competências avançadas na concepção, realização e avaliação de soluções informáticas para
        sistemas caracterizados pela forte mobilidade dos seus utilizadores e pela ubiquidade
        dos serviços de computação e comunicações.');

INSERT INTO DegreeClasses(id, year, semester, ects , isOptional, degree) VALUES (360, 4, 1, 5, TRUE, 5);
INSERT INTO DegreeClassTranslations(degreeClass, language, name, description) VALUES  (360, 'PT_PT', 'Administração e Exploração de Bases de Dados','É objectivo desta unidade curricular a introdução aos sistemas de bases de dados,
        em particular no que diz respeito à sua administração e exploração.');

INSERT INTO DegreeClasses(id, year, semester, ects , isOptional, degree) VALUES (361, 4, 1, 5, TRUE, 5);
INSERT INTO DegreeClassTranslations(degreeClass, language, name, description) VALUES  (361, 'PT_PT', 'Análise de Dados','É objectivo desta unidade curricular a introdução à análise de dados e a sua
        aplicação na concepção e implementação de sistemas de business inteligence ou de apoio à decisão.');

INSERT INTO DegreeClasses(id, year, semester, ects , isOptional, degree) VALUES (362, 4, 2, 5, TRUE, 5);
INSERT INTO DegreeClassTranslations(degreeClass, language, name, description) VALUES  (362, 'PT_PT', 'Interoperabilidade Semântica','O objectivo desta unidade curricular a introdução ao conceito de interoperabilidade semântica.
        Pretende-se alcançar os seguintes resultados de aprendizagem:\n
        - Identificar, descrever e definir os principais conceitos relacionados com a interopersbilidade semântica.\n
        - Compreender e identificar os níveis de interoperabilidade e as normas internacionais associadas a esta área temática.\n
        - Compreender e identificar protocolos e formatos de comunicação.\n
        - Estudar, implementar e avaliar arquétipos, terminologias e ontologias.\n
        - Desenvolver ferramentas de software para a sincronização e integração semântica de dados.</');

INSERT INTO DegreeClasses(id, year, semester, ects , isOptional, degree) VALUES (363, 4, 2, 5, TRUE, 5);
INSERT INTO DegreeClassTranslations(degreeClass, language, name, description) VALUES  (363, 'PT_PT', 'Descoberta de Conhecimento','É objectivo desta unidade curricular a introdução ao conceito de descoberta do conhecimento.
        Pretende-se alcançar os seguintes resultados de aprendizagem:\n
        - Identificar, descrever e definir os principais conceitos relacionados com a descoberta do conhecimento.\n
        - Seleccionar as metodologias apropriadas e aplicar software disponível mais recomendado na resolução de problemas reais de descoberta de conhecimento.\n
        - Introduzir o conceito de visão por computador.\n
        - Analisar os resultados de ferramentas de descoberta de conhecimento.\n
        - Conhecer e ser capaz de implementar e avaliar cenários.');

INSERT INTO DegreeClasses(id, year, semester, ects , isOptional, degree) VALUES (364, 4, 1, 5, TRUE, 5);
INSERT INTO DegreeClassTranslations(degreeClass, language, name, description) VALUES  (364, 'PT_PT', 'Gestão de Redes','Esta UC visa introduzir uma formação genérica na área da gestão
        de redes e de sistemas de comunicações por computador. Abordando temáticas iminentemente práticas, apesar da
        intenção em garantir uma importante componente formativa sobre os principais conceitos teóricos definidos nas
        normas actuais, as aulas teóricas são complementadas, na parte prática, com pequenos projectos de desenvolvimento
        ou de investigação, individuais ou em pequenos grupos, que sirvam para experimentação das ferramentas mais
        importantes neste domínio e que ajudem os alunos a compreender e resolver os problemas mais comuns da gestão
        de redes de computadores, serviços, sistemas de comunicações ou aplicações distribuídas.');

INSERT INTO DegreeClasses(id, year, semester, ects , isOptional, degree) VALUES (365, 4, 1, 5, TRUE, 5);
INSERT INTO DegreeClassTranslations(degreeClass, language, name, description) VALUES  (365, 'PT_PT', 'Segurança em Redes','As competências a adquirir são as seguintes:\n
        Reconhecer a importância de uma cultura de segurança relativamente à utilização das redes de computadores\n
        Conhecer os aspectos técnicos das redes de computadores e que mais as expõem a riscos de segurança\n
        Reconhecer as principais ameaças e a forma típica como os ataques são efectuados\n
        Analisar vulnerabilidades em sistemas interligados em rede\n
        Implementar e controlar processos de gestão, contínuos, definidos no contexto de uma política de segurança para rede de computadores\n
        Discutir a evolução do fenómeno de Segurança dos Sistemas de Informação, não só no aspecto das tecnologias de segurança, mas também das ameaças.');

INSERT INTO DegreeClasses(id, year, semester, ects , isOptional, degree) VALUES (366, 4, 2, 5, TRUE, 5);
INSERT INTO DegreeClassTranslations(degreeClass, language, name, description) VALUES  (366, 'PT_PT', 'Virtualização de Redes','Explorar e compreender as definições, protocolos e normas para as Redes
        Definidas por Software (SDN). Perceber o funcionamento e a interligação dos componentes que são necessários para construir
        redes que usam software para comunição bi-direcional comunicação entre as aplicações e a infra-estrutura de rede subjacente.
        Será tambem necessário a compreensão de vários caso de uso das SDNs nomeadamente escalonamento e manipulação da
        largura de banda, tráfego de entrada e acções desencadeadas, tal como casos interessantes à volta de big data,
        redes de overlay em centros de dados e virtualização de funções de rede (NFVs). É necessário avaliar como as
        empresas e fornecedores de serviço estão a tirar partido das SDNs e as NFVs para concretizar e fazer evoluir
        os seus serviços e negócios.');

INSERT INTO DegreeClasses(id, year, semester, ects , isOptional, degree) VALUES (367, 4, 2, 5, TRUE, 5);
INSERT INTO DegreeClassTranslations(degreeClass, language, name, description) VALUES  (367, 'PT_PT', 'Arquitecturas Emergentes de Rede','Nesta UC o objectivo é tomar contacto com arquitecturas emergentes de rede.
        Começa-se por identificar as principais debilidades da arquitectura da Internet actual, abordando a partir delas novas
        arquitecturas que melhor colmatam essas debilidades. Para as dificuldades em lidar com a mobilidade, surgem as redes
        Ad-Hoc as redes Veiculares e as redes tolerantes a atrasos. Para as questões relacionadas com o desempenho as novas
        arquitecturas centradas nos conteúdos (CDN, Peer-to-Peer e NDN). No último item abordam-se as questões relacionadas
        com a escala levantadas pela Internet das Coisas.');

INSERT INTO DegreeClasses(id, year, semester, ects , isOptional, degree) VALUES (368, 4, 1, 5, TRUE, 5);
INSERT INTO DegreeClassTranslations(degreeClass, language, name, description) VALUES  (368, 'PT_PT', 'Especificação e Modelação','Abstrair os detalhes de um componente de software por forma a obter um modelo adequado à verificação
        formal; \n
        Modelar o estado de um componente de software usando o conceito unificador de relação matemática;\n
        Especificar invariantes e pré- e pós-condições de operações usando lógica relacional; \n
        Especificar sistemas reactivos usando lógica temporal;\n
        Utilizar ferramentas de verificação automática para estabelecer a validade
        de uma propriedade de software.');

INSERT INTO DegreeClasses(id, year, semester, ects , isOptional, degree) VALUES (369, 4, 1, 5, TRUE, 5);
INSERT INTO DegreeClassTranslations(degreeClass, language, name, description) VALUES  (369, 'PT_PT', 'Cálculo de Sistemas de Informação','(Não disponível)');

INSERT INTO DegreeClasses(id, year, semester, ects , isOptional, degree) VALUES (370, 4, 2, 5, TRUE, 5);
INSERT INTO DegreeClassTranslations(degreeClass, language, name, description) VALUES  (370, 'PT_PT', 'Arquitectura e Cálculo','Esta Unidade Curricular, que é parte integrante do perfil em Métodos Formais em Engenharia de Software, tem
        por objectivo proporcionar formação em Arquitectura de Software numa perspectiva formal e com ênfase nos sistemas reactivos.');

INSERT INTO DegreeClasses(id, year, semester, ects , isOptional, degree) VALUES (371, 4, 2, 5, TRUE, 5);
INSERT INTO DegreeClassTranslations(degreeClass, language, name, description) VALUES  (371, 'PT_PT', 'Verificação Formal','Explicar o funcionamento das técnicas mais importantes em verificação de software.\n
        Especificar o comportamento de programas através de contratos.\n
        Utilizar ferramentas para a verificação de programas anotados com contratos.\n
        Explicar as diferentes abordagens que têm sido utilizadas para mitigar o problema de explosão do espaço de
        estados no model checking.\n
        Utilizar uma ferramenta de model checking simbólico.\n
        Utilizar ferramentas de verificação automática de software baseadas em model checking.');

INSERT INTO DegreeClasses(id, year, semester, ects , isOptional, degree) VALUES (372, 4, 1, 5, TRUE, 5);
INSERT INTO DegreeClassTranslations(degreeClass, language, name, description) VALUES  (372, 'PT_PT', 'Gramáticas na Compreensão de Software','No fim, os alunos deverão ter: capacidade para desenvolver especificações da sintaxe/semântica de
        linguagens e problemas em geral com gramáticas;\n
        capacidade para gerar programas (protótipos) usando ferramentas automáticas baseadas em gramáticas;\n
        capacidade de construir front-ends poderosos para a análise de linguagens de programação;\n
        capacidade para conceber e implementar estruturas de dados complexas para representação intermédia da
        informação extraída da análise do código;\n
        capacidade para criar representações visuais adequadas à compreensão clara do conhecimento complexo detido;\n
        capacidade para desenvolver software como uma tarefa de transformação de programas e/ou especificações em
        implementações eficientes;\n
        capacidade para utilizar técnicas de transformação de programas para optimizar
        programas (e.g. cálculo parcial, detecção de código morto), efetuar debugging de programase melhorar a estrutura dos programas;\n
        capacidade de desenvolver ferramentas para ajuda à compreensão de código.');

INSERT INTO DegreeClasses(id, year, semester, ects , isOptional, degree) VALUES (373, 4, 2, 5, TRUE, 5);
INSERT INTO DegreeClassTranslations(degreeClass, language, name, description) VALUES  (373, 'PT_PT', 'Processamento e Representação de Conhecimento','No fim, os alunos deverão: ser capazes de especificar formalmente conhecimento usando várias
        metodologias: taxonomias, thesaurus e ontologias; ser capazes de adicionar semântica descritiva a objectos
        digitais; ser capazes de especificar taxonomias em SKOS; ser capazes de espeficicar ontologias em OWL; ser
        capazes de processar ontologias; ser capazes de adicionar semântica a sítios web usando as normas RDFa e
        "Open Linked Data".');

INSERT INTO DegreeClasses(id, year, semester, ects , isOptional, degree) VALUES (374, 4, 1, 5, TRUE, 5);
INSERT INTO DegreeClassTranslations(degreeClass, language, name, description) VALUES  (374, 'PT_PT', 'Processamento e Representação de Informação','No fim, os alunos deverão: conhecer o ciclo de vida documental, saber identificar as várias fases e as
        tecnologias a utilizar em cada uma; ser capazes de especificar uma linguagem de anotação para um conjunto
        de requisitos; ser capazes de implementar transformações de documentos para diversos fins: extracção de
        conhecimento, publicação na Web, intercâmbio de informação; conhecer e utilizar soluções de
        armazenamento para documentos anotados; ser capazes de definir as camadas necessárias para integrar e
        realizar o intercâmbio de informação entre sistemas de informação distintos; ser capazes de implementar um
        projecto de publicação electrónica recorrendo a normas internacionais abertas: XML, XSLFO e XSL; ser capazes
        de programar a geração automática de sítios Web a partir de um repositório de documentos XML; ser capazes
        de utilizar linguagens de anotação e respectivas ferramentas desenvolvidas por outrém.');

INSERT INTO DegreeClasses(id, year, semester, ects , isOptional, degree) VALUES (375, 4, 2, 5, TRUE, 5);
INSERT INTO DegreeClassTranslations(degreeClass, language, name, description) VALUES  (375, 'PT_PT', 'Scripting no Processamento de Linguagem Natural','No fim, os alunos deverão: ser capazes de escrever scripts para automatização de uma variedade de tarefas e
        transformações; ser capazes de resolver problemas usando transformações via expressões regulares;
        compreender as vantagens e o funcionamento de sistemas guiados por regras de produção (condição-reacção);
        ter a capacidade para construir DSLs concretas; ter a capacidade de construir e usar corpora; ter a capacidade
        de extrair informação diversa a partir de corpora; ter a capacidade de construir dicionários electrónicos; ter a
        capacidade de construir pequenos protótipos para modelar linguagem natural.');

INSERT INTO DegreeClasses(id, year, semester, ects , isOptional, degree) VALUES (376, 4, 1, 5, TRUE, 5);
INSERT INTO DegreeClassTranslations(degreeClass, language, name, description) VALUES  (376, 'PT_PT', 'Paradigmas de Sistemas Distribuídos','No seguimento da programação de sistemas (de Sistemas Operativos) e das
        noções essenciais de programação concorrente e sistemas distribuídos (de Sistemas Distribuídos), esta UC aborda
        diferentes paradigmas que podem ser utilizados no desenvolvimento de aplicações distribuídas sofisticadas.');

INSERT INTO DegreeClasses(id, year, semester, ects , isOptional, degree) VALUES (377, 4, 1, 5, TRUE, 5);
INSERT INTO DegreeClassTranslations(degreeClass, language, name, description) VALUES  (377, 'PT_PT', 'Fundamentos de Sistemas Distribuídos','Na sequência das noções básicas de programação de sistemas distribuídos e em
        paralelo com a aprendizagem de paradigmas de programação que tornam possível a construção de sistemas cada vez mais complexos,
        esta unidade curricular tem como objectivo focar o raciocínio no sistema distribuído como um todo, compreendendo as noções
        de correcção do sistema e os algoritmos principais para a atingir baseados em relógios lógicos e transacções distribuídas.');

INSERT INTO DegreeClasses(id, year, semester, ects , isOptional, degree) VALUES (378, 4, 2, 5, TRUE, 5);
INSERT INTO DegreeClassTranslations(degreeClass, language, name, description) VALUES  (378, 'PT_PT', 'Tolerância a Faltas','Desenvolver e aprofundar a formação na área de sistemas distribuídos
        dando continuidade ao desenvolvimento das técnicas estudadas na unidade curricular de Sistemas Distribuídos.
        Pretende-se complementar a formação anterior e conferir capacidade de desenvolver sistemas distribuídos
        confiáveis com recurso a técnicas de replicação por software para coerência forte.');

INSERT INTO DegreeClasses(id, year, semester, ects , isOptional, degree) VALUES (379, 4, 2, 5, TRUE, 5);
INSERT INTO DegreeClassTranslations(degreeClass, language, name, description) VALUES  (379, 'PT_PT', 'Sistemas Distribuídos em Larga Escala','Esta unidade dá continuidade aos temas desenvolvidos em Sistemas Operativos e Sistemas Distribuídos,
        e aborda um conjunto de matérias que suportam a criação de soluções robustas para sistemas distribuídos em larga escala.
        Entende-se aqui larga escala por elevados números de componentes, potencialmente distribuídos numa escala
        geográfica com distâncias físicas significativas.');

INSERT INTO DegreeClasses(id, year, semester, ects , isOptional, degree) VALUES (380, 4, 1, 5, TRUE, 5);
INSERT INTO DegreeClassTranslations(degreeClass, language, name, description) VALUES  (380, 'PT_PT', 'Agentes Inteligentes','- Compreender as noções gerais de agente e sistemas multiagente, enumerando
        e classificando diferentes propriedades de agentes e de ambientes;\n
        - Criar agentes com uma dada arquitectura;\n
        - Desenhar uma sociedade de agentes e utilizá-la na resolução de um problema; \n
        - Desenvolver soluções, nas mais diversas áreas de aplicação, usando uma metodologia de resolução de problemas orientada ao agente;\n
        - Criar, de uma forma prática, uma sociedade de agentes que comunicam usando uma linguagem de agentes, e usando diferentes plataformas.');

INSERT INTO DegreeClasses(id, year, semester, ects , isOptional, degree) VALUES (381, 4, 1, 5, TRUE, 5);
INSERT INTO DegreeClassTranslations(degreeClass, language, name, description) VALUES  (381, 'PT_PT', 'Aprendizagem e Extracção de Conhecimento','- Identificar, descrever e definir os principais conceitos relacionados com os sistemas de dados,
        processamento analítico, mineração, extracção de conhecimento e aprendizagem máquina.\n
        - Utilizar, classificar e avaliar as aplicações existentes ou a desenvolver.\n
        - Seleccionar as metodologias apropriadas e aplicar software disponível na resolução de problemas reais, ao
        nível da análise de dados, mineração de dados, extração de conhecimento e tomada de decisão.\n
        - Conhecer e ser capaz de implementar os principais algoritmos relacionados com as técnicas de mineração
        de dados, extracção de conhecimento e formas de aprendizagem.');

INSERT INTO DegreeClasses(id, year, semester, ects , isOptional, degree) VALUES (382, 4, 2, 5, TRUE, 5);
INSERT INTO DegreeClassTranslations(degreeClass, language, name, description) VALUES  (382, 'PT_PT', 'Computação Natural','- Identificar, descrever e definir os principais conceitos relacionados
        com Computação Evolutiva (e.g., Intelectos Virtuais), Inteligência de Grupo (e.g. “Particle Swarm”)
        e Computação Natural (e.g. Redes Neuronais Artificias, Programação Genética e Evolucionária).\n
        - Seleccionar as metodologias de resolução de problemas, assim como os paradigmas computacionais que melhor se lhes adequam.');

INSERT INTO DegreeClasses(id, year, semester, ects , isOptional, degree) VALUES (383, 4, 2, 5, TRUE, 5);
INSERT INTO DegreeClassTranslations(degreeClass, language, name, description) VALUES  (383, 'PT_PT', 'Sistemas Autónomos','- Identificar, descrever e definir os principais conceitos relacionados com Sistemas Autónomos e Agentes Robóticos.\n
        - Realizar Sistemas Autónomos pela utilização do conceito de Agentes Inteligentes.\n
        - Conhecer e saber utilizar o conhecimento proveniente de sensores.\n
        - Conhecer e saber utilizar os actuadores que potenciam a mobilidade e a navegação.\n
        - Estudar e desenvolver métodos de coordenação e interacção com o meio.\n
        - Utilizar a prototipagem e a análise de complexidade para a sua aplicação na resolução de problemas.');

INSERT INTO DegreeClasses(id, year, semester, ects , isOptional, degree) VALUES (384, 4, 1, 5, TRUE, 5);
INSERT INTO DegreeClassTranslations(degreeClass, language, name, description) VALUES  (384, 'PT_PT', 'Mineração de Dados','Sensibilizar os alunos para o valor acrescentado que se pode retirar
        dos dados acumulados resultantes de actividades empresariais, públicas ou científicas;\n
        Dotar os alunos do conhecimento adequado para que possam utilizar, ou gerir a utilização,
        com rigor de ferramentas computacionais no apoio à decisão baseado em dados;\n
        Dotar os alunos de conhecimentos suficientes, a nível conceptual, para que possam
        desenvolver e avaliar novas ferramentas de mineração de dados;');

INSERT INTO DegreeClasses(id, year, semester, ects , isOptional, degree) VALUES (385, 4, 1, 5, TRUE, 5);
INSERT INTO DegreeClassTranslations(degreeClass, language, name, description) VALUES  (385, 'PT_PT', 'Computação Paralela','Um estudante que complete com sucesso a UC deverá ser capaz de demonstrar que adquiriu as seguintes competências:\n
        caracterizar e avaliar qualitativa e quantitativamente os sistemas de computação;\n
        analisar, medir e avaliar o desempenho de sistemas de computação na execução de aplicações;\n
        desenvolver aplicações paralelas capazes de executar numa gama alargada de arquitecturas;\n
        implementar aplicações utilizando os tipos mais comuns de algoritmos paralelos;\n
        medir e optimizar o desempenho de aplicações computacionais com vista a optimizar o seu desempenho e escalabilidade;');

INSERT INTO DegreeClasses(id, year, semester, ects , isOptional, degree) VALUES (386, 4, 1, 5, TRUE, 5);
INSERT INTO DegreeClassTranslations(degreeClass, language, name, description) VALUES  (386, 'PT_PT', 'Segurança de Sistemas Informáticos','O objectivo desta unidade curricular é o de dotar os alunos de capacidade de:
        - compreender conceitos, estratégias, técnicas e ferramentas essenciais para o domínio da Segurança de Sistemas Informáticos;\n
        - identificar e relacionar os principais problemas relacionados com ameaças e vulnerabilidades técnicas e não-técnicas no domínio das Tecnologias da Informação;\n
        - compreender e aplicar as normas e melhores práticas no âmbito da segurança, tanto ao nível do desenvolvimento do software como da operação de infra-estruturas;\n
        - desenhar, implementar e manter mecanismos de protecção de infra-estruturas informáticas;\n
        - desenhar, implementar e manter mecanismos de mitigação de riscos de segurança, detectar e conter intrusões, e conter o impacto na organização;\n
        - auditar infra-estruturas existentes, identificar vulnerabilidades, eventuais métodos de exploração e ferramentas relevantes;');

INSERT INTO DegreeClasses(id, year, semester, ects , isOptional, degree) VALUES (387, 4, 1, 5, TRUE, 5);
INSERT INTO DegreeClassTranslations(degreeClass, language, name, description) VALUES  (387, 'PT_PT', 'Processamento de Dados com Streams de Java','Estudo, compreensão e aplicação das construções de Java que possibilitam realizar
        Programação Funcional: Lambdas, Interfaces Funcionais, Funções, Composição Funcional e Currying;\n
        Estudo, compreensão e aplicação de construções, técnicas e métodos de Metaprogramação e de
        Refactoring em Java: Reflexão, MetaClasses, Factory Methods, Annotations e Inversão de Controlo (IoC);\n
        Processamento massivo de dados usando pipelines. Estudo das Streams de Java. Operações com streams.
        Processamento sequencial versus processamento paralelo. Análise e testes de performance;');

INSERT INTO DegreeClasses(id, year, semester, ects , isOptional, degree) VALUES (388, 4, 1, 5, TRUE, 5);
INSERT INTO DegreeClassTranslations(degreeClass, language, name, description) VALUES  (388, 'PT_PT', 'Análise e Teste de Software','Explicar as técnicas genéricas para análise de código de software;\n
        Desenvolver ferramentas para analisar programas e sistemas de software;\n
        Perceber o conceito de qualidade de software e modelos de qualidade de software;\n
        Desenvolver analisadores de qualidadade de software baseado em métricas;\n
        Construir ferramentas de software para a transformação, refactoring e evolução de programas.\n
        Implementar algoritmos fundamentais de análise estática de programas;');

INSERT INTO DegreeClasses(id, year, semester, ects , isOptional, degree) VALUES (389, 4, 1, 5, TRUE, 5);
INSERT INTO DegreeClassTranslations(degreeClass, language, name, description) VALUES  (389, 'PT_PT', 'Entrega de Sistemas e Benchmarking','A UC tem como objectivo a aprendizagem do processo de análise de
        requisitos de operação de aplicações informáticas, seguida da operacionalização e avaliação de todo o
        sistema de suporte à entrega do serviço.
        A UC é de cariz fortemente tecnológico, fazendo acompanhar a formação conceptual dos vários
        tópicos do programa com a apresentação e experimentação detalhada de tecnologia representante do estado da arte.
        O conteúdo programático da UC está particularmente alinhado com os perfis de Sistemas
        Distribuídos e Engenharia de Aplicações. O seu teor prático é complementar e de manifesto
        interesse tanto para estes como para vários perfis orientados à construção de software.');

INSERT INTO DegreeClasses(id, year, semester, ects , isOptional, degree) VALUES (390, 4, 1, 5, TRUE, 5);
INSERT INTO DegreeClassTranslations(degreeClass, language, name, description) VALUES  (390, 'PT_PT', 'Inteligência Ambiente: Tecnologias e Aplicações','Com a unidade curricular de Inteligência Ambiente pretende-se dar formação na área
        científica da Inteligência Ambiente. Os tópicos que a compõem garantem que o aluno possuirá conhecimentos sobre as
        potencialidades da Inteligência Ambiente, sua caracterização, bem como das tecnologias e metodologias de
        resolução problemas, mais comuns nesta área, sendo capaz de as contextualizar, aplicar e analisar.');

INSERT INTO DegreeClasses(id, year, semester, ects , isOptional, degree) VALUES (391, 4, 2, 10, FALSE, 5);
INSERT INTO DegreeClassTranslations(degreeClass, language, name, description) VALUES  (391, 'PT_PT', 'Laboratório de Engenharia Informática','Aprendizagem prática de conceitos de desenvolvimento de projecto, associado a um perfil de especialização.');

-- UMinho 5th year

INSERT INTO DegreeClasses(id, year, semester, ects , isOptional, degree) VALUES (392, 5, 1, 15, FALSE, 5);
INSERT INTO DegreeClassTranslations(degreeClass, language, name, description) VALUES  (392, 'PT_PT', 'Projecto de Engenharia Informática','Desenhar e implementar um projecto de software em grupo');

INSERT INTO DegreeClasses(id, year, semester, ects , isOptional, degree) VALUES (393, 5, 1, 45, FALSE, 5);
INSERT INTO DegreeClassTranslations(degreeClass, language, name, description) VALUES  (393, 'PT_PT', 'Dissertação em Engenharia Informática em Engenharia Informáticaação','A dissertação implica necessariamente o envolvimento do estudante num projecto de
        investigação e desenvolvimento de média/grande dimensão. Este projecto insere-se regra geral num projecto
        maior, associado a um centro de investigação e/ou a uma empresa');
